{
"type": "FeatureCollection",
"name": "africa",
"crs": { "type": "name", "properties": { "name": "urn:ogc:def:crs:OGC:1.3:CRS84" } },
"features": [
{ "type": "Feature", "properties": { "id": null, "Zone": "области высотной поясности" }, "geometry": { "type": "MultiPolygon", "coordinates": [ [ [ [ 10.764237959682157, 6.636936070537264 ], [ 11.20288562720761, 6.979629560791524 ], [ 11.839308709366803, 7.397042344589437 ], [ 11.901980347326301, 7.582770103639022 ], [ 11.922541956741558, 7.733555239350897 ], [ 11.949957435961897, 7.891194244867856 ], [ 12.011642264207666, 8.035125510774645 ], [ 12.218872104550599, 8.305824082874324 ], [ 12.218872104550599, 8.305824082874324 ], [ 12.381751233682266, 8.364111261418735 ], [ 12.532536369394141, 8.322988042588223 ], [ 12.697029244716186, 8.295572563367884 ], [ 12.806691161597549, 8.240741604927202 ], [ 12.888937599258572, 8.158495167266178 ], [ 13.039722734970447, 8.035125510774645 ], [ 13.135676912241639, 8.021417771164476 ], [ 13.272754308343343, 8.035125510774645 ], [ 13.49207814210607, 8.117371948435668 ], [ 13.560616840156921, 8.185910646486519 ], [ 13.683986496648455, 8.240741604927202 ], [ 13.889602590801012, 8.19961838609669 ], [ 13.985556768072204, 8.117371948435668 ], [ 13.985556768072204, 7.980294552333964 ], [ 13.944433549241692, 7.82950941662209 ], [ 13.917018070021353, 7.665016541300044 ], [ 13.930725809631522, 7.459400447147488 ], [ 13.999264507682375, 7.336030790655954 ], [ 14.16375738300442, 7.336030790655954 ], [ 14.451619914817998, 7.377154009486466 ], [ 14.588697310919702, 7.431984967927147 ], [ 14.86285210312311, 7.637601062079703 ], [ 14.999929499224814, 7.747262978961067 ], [ 15.123299155716348, 7.8706326354526 ], [ 15.301499770648563, 7.884340375062771 ], [ 15.507115864801118, 7.84321715623226 ], [ 15.589362302462142, 7.802093937401748 ], [ 15.657901000512993, 7.678724280910215 ], [ 15.657901000512993, 7.52793914519834 ], [ 15.575654562851971, 7.322323051045784 ], [ 15.520823604411289, 7.17153791533391 ], [ 15.274084291428222, 6.911090862740672 ], [ 15.137006895326518, 6.801428945859309 ], [ 14.86285210312311, 6.650643810147434 ], [ 14.698359227801065, 6.582105112096582 ], [ 14.396788956377316, 6.49985867443556 ], [ 14.136341903784079, 6.472443195215218 ], [ 13.821063892750159, 6.49985867443556 ], [ 13.629155538207772, 6.540981893266071 ], [ 13.368708485614535, 6.705474768588116 ], [ 13.16309239146198, 6.84255216468982 ], [ 12.998599516139935, 6.869967643910161 ], [ 12.779275682377207, 6.801428945859309 ], [ 12.628490546665333, 6.705474768588116 ], [ 12.463997671343289, 6.540981893266071 ], [ 12.326920275241584, 6.349073538723685 ], [ 11.984226784987325, 6.047503267299936 ], [ 11.764902951224599, 5.691102037435505 ], [ 11.614117815512724, 5.389531766011756 ], [ 11.367378502529656, 5.142792453028689 ], [ 11.052100491495736, 4.84122218160494 ], [ 10.750530220071987, 4.621898347842214 ], [ 10.353005771377045, 4.416282253689658 ], [ 9.955481322682104, 4.402574514079487 ], [ 9.749865228529547, 4.567067389401532 ], [ 9.653911051258355, 4.772683483554088 ], [ 9.653911051258355, 5.142792453028689 ], [ 9.832111666190571, 5.540316901723631 ], [ 9.900650364241422, 5.732225256266017 ], [ 10.010312281122786, 6.102334225740618 ], [ 9.982896801902445, 6.376489017944026 ], [ 9.989750671707533, 6.506712544240692 ], [ 10.024020020732955, 6.650643810147434 ], [ 10.133681937614321, 6.808282815664439 ], [ 10.215928375275341, 6.82884442507965 ], [ 10.325590292156704, 6.760305727028797 ], [ 10.421544469427896, 6.678059289367775 ], [ 10.599745084360112, 6.595812851706752 ], [ 10.764237959682157, 6.636936070537264 ] ] ] ] } },
{ "type": "Feature", "properties": { "id": null, "Zone": "области высотной поясности" }, "geometry": { "type": "MultiPolygon", "coordinates": [ [ [ [ 5.91855200748692, 25.745525087114807 ], [ 5.850013309436068, 26.047095358538556 ], [ 5.90484426787675, 26.362373369572474 ], [ 5.959675226317432, 26.526866244894521 ], [ 6.178999060080159, 26.746190078657246 ], [ 6.343491935402203, 26.801021037097929 ], [ 6.741016384097145, 26.814728776708101 ], [ 7.083709874351405, 26.773605557877588 ], [ 7.275618228893792, 26.609112682555544 ], [ 7.330449187334473, 26.526866244894521 ], [ 7.59089623992771, 26.307542411131795 ], [ 7.90617425096163, 26.307542411131795 ], [ 8.385945137317595, 26.389788848792815 ], [ 8.57785349185998, 26.513158505284352 ], [ 8.701223148351513, 26.705066859826736 ], [ 8.947962461334582, 26.691359120216564 ], [ 9.180994034707478, 26.636528161775885 ], [ 9.386610128860035, 26.362373369572474 ], [ 9.523687524961739, 26.143049535809748 ], [ 9.729303619114294, 25.923725702047022 ], [ 9.948627452877021, 25.759232826724979 ], [ 10.071997109368555, 25.594739951402932 ], [ 10.318736422351622, 25.334292898809696 ], [ 10.455813818453326, 25.156092283877481 ], [ 10.771363559622927, 24.562532050061751 ], [ 11.560669386449005, 24.097909247325518 ], [ 11.999505649471613, 23.47166840259645 ], [ 11.93624969635173, 23.099931342351919 ], [ 11.703218122978834, 22.962853946250213 ], [ 11.497602028826277, 22.962853946250213 ], [ 11.168616278182187, 23.031392644301064 ], [ 10.812215048317757, 23.12734682157226 ], [ 10.469521558063496, 23.319255176114645 ], [ 10.277613203521112, 23.524871270267202 ], [ 9.976042932097362, 23.785318322860441 ], [ 9.647057181453272, 24.361043386487594 ], [ 9.468856566521056, 24.648905918301175 ], [ 9.112455336656627, 24.785983314402877 ], [ 8.947962461334582, 24.758567835182539 ], [ 8.797177325622707, 24.607782699470661 ], [ 8.797177325622707, 24.292504688436743 ], [ 8.90683924250407, 24.045765375453676 ], [ 9.043916638605774, 23.689364145589245 ], [ 9.112455336656627, 23.415209353385837 ], [ 9.071332117826115, 23.045100383911237 ], [ 8.975377940554923, 22.743530112487488 ], [ 8.728638627571854, 22.620160455995954 ], [ 8.152913563944697, 22.592744976775613 ], [ 7.851343292520949, 22.75723785209766 ], [ 7.5497730210972, 22.908022987809531 ], [ 6.878093780198849, 22.716114633267146 ], [ 6.439446112673396, 22.263759226131523 ], [ 6.000798445147943, 22.071850871589138 ], [ 5.754059132164876, 22.250051486521354 ], [ 5.712935913334364, 22.579037237165444 ], [ 5.781474611385216, 22.83948428975868 ], [ 5.808890090605558, 23.099931342351919 ], [ 5.808890090605558, 23.401501613775668 ], [ 5.712935913334364, 23.703071885199417 ], [ 5.56215077762249, 23.867564760521461 ], [ 5.397657902300445, 24.073180854674018 ], [ 5.411365641910615, 24.265089209216402 ], [ 5.466196600351298, 24.4981207825893 ], [ 5.56215077762249, 24.676321397521516 ], [ 5.795182350995387, 24.881937491674073 ], [ 5.987090705537772, 25.101261325436798 ], [ 6.000798445147943, 25.375416117640206 ], [ 5.987090705537772, 25.526201253352081 ], [ 5.91855200748692, 25.745525087114807 ] ] ] ] } },
{ "type": "Feature", "properties": { "id": null, "Zone": "области высотной поясности" }, "geometry": { "type": "MultiPolygon", "coordinates": [ [ [ [ -6.226505287124063, 32.133331745454221 ], [ -5.815273098818946, 32.297824620776275 ], [ -5.664487963107072, 32.40748653765764 ], [ -5.2806712540223, 32.818718725962754 ], [ -5.184717076751108, 33.06545803894582 ], [ -5.020224201429063, 33.380736049979738 ], [ -4.608992013123951, 33.65489084218315 ], [ -4.005851470276452, 33.956461113606899 ], [ -3.731696678073044, 34.011292072047581 ], [ -3.498665104700147, 34.285446864250986 ], [ -3.567203802750999, 34.491062958403546 ], [ -4.019559209886623, 34.724094531776437 ], [ -3.896189553395089, 34.998249323979849 ], [ -3.635742500801851, 34.998249323979849 ], [ -3.183387093666227, 34.929710625928998 ], [ -2.621369769649241, 34.833756448657802 ], [ -2.525415592378049, 34.559601656454397 ], [ -2.470584633937366, 34.148369468149284 ], [ -2.114183404072936, 34.134661728539115 ], [ -1.730366694988165, 34.175784947369621 ], [ -0.387008213191464, 34.326570083081499 ], [ 0.599949038740805, 34.504770698013715 ], [ 1.285336019249325, 34.724094531776437 ], [ 1.737691426384947, 34.98454158436968 ], [ 1.957015260147673, 35.176449938912064 ], [ 2.587571282215512, 35.025664803200186 ], [ 2.86172607441892, 34.888587407098484 ], [ 3.314081481554544, 35.053080282420531 ], [ 3.84868332635119, 35.368358293454449 ], [ 4.259915514656302, 35.601389866827347 ], [ 4.479239348419028, 35.683636304488367 ], [ 4.698563182181755, 35.683636304488367 ], [ 5.123503110097038, 35.573974387607009 ], [ 5.658104954893684, 35.546558908386665 ], [ 6.041921663978456, 35.711051783708712 ], [ 6.206414539300501, 35.793298221369731 ], [ 6.754724123707317, 35.793298221369731 ], [ 7.19337179123277, 35.72475952331888 ], [ 7.933589730181972, 35.519143429166327 ], [ 8.376367628623768, 35.479876003555944 ], [ 9.002793419775264, 35.656220825268029 ], [ 9.729303619114296, 35.889252398640927 ], [ 10.030873890538045, 35.916667877861265 ], [ 10.167951286639749, 35.820713700590076 ], [ 10.19536676586009, 35.697344044098543 ], [ 10.099412588588896, 35.258696376573084 ], [ 9.88008875482617, 34.98454158436968 ], [ 9.578518483402421, 34.737802271386613 ], [ 8.838300544453219, 34.463647479183201 ], [ 8.399652876927766, 34.353985562301837 ], [ 7.782804594470098, 34.408816520742519 ], [ 7.303033708114133, 34.449939739573033 ], [ 6.576523508775101, 34.518478437623884 ], [ 6.19270679969033, 34.47735521879337 ], [ 5.767766871775048, 34.340277822691668 ], [ 4.890471536724141, 34.162077207759452 ], [ 3.972052982842724, 33.929045634386554 ], [ 3.601944013368122, 33.764552759064514 ], [ 3.327789221164714, 33.572644404522123 ], [ 2.998803470520624, 33.312197351928887 ], [ 2.395662927673127, 33.312197351928887 ], [ 2.162631354300229, 33.421859268810252 ], [ 1.586906290673072, 33.476690227250934 ], [ 1.079719925096768, 33.257366393488205 ], [ 0.641072257571315, 32.996919340894969 ], [ 0.408040684198417, 32.873549684403436 ], [ -0.016899243716866, 32.77759550713224 ], [ -0.537793348903341, 32.818718725962754 ], [ -1.099810672920328, 32.887257424013605 ], [ -1.716658955377996, 32.709056809081389 ], [ -2.278676279394984, 32.35265557921695 ], [ -2.868109082632312, 31.73580729675928 ], [ -3.416418667039128, 31.475360244166041 ], [ -3.923605032615434, 31.283451889623656 ], [ -4.211467564429013, 31.201205451962636 ], [ -4.677530711174807, 31.02300483703042 ], [ -4.924270024157874, 30.899635180538887 ], [ -5.609657004666394, 30.598064909115138 ], [ -6.14425884946304, 30.337617856521899 ], [ -6.47324460010713, 30.186832720810024 ], [ -6.788522611141049, 30.049755324708322 ], [ -7.062677403344457, 29.830431490945593 ], [ -7.556156029310592, 29.3643683441998 ], [ -7.939972738395364, 28.925720676674345 ], [ -8.392328145530987, 28.678981363691278 ], [ -8.926929990327633, 28.678981363691278 ], [ -9.1736693033107, 28.816058759792984 ], [ -9.283331220192064, 29.172459989657412 ], [ -9.283331220192064, 29.446614781860823 ], [ -9.201084782531041, 29.885262449386275 ], [ -8.954345469547974, 30.214248200030365 ], [ -8.543113281242862, 30.433572033793091 ], [ -7.679525685802126, 30.625480388335475 ], [ -7.556156029310592, 30.858511961708373 ], [ -7.748064383852978, 30.927050659759225 ], [ -8.378620405920817, 30.927050659759225 ], [ -8.803560333836099, 30.927050659759225 ], [ -9.146253824090358, 31.06412805586093 ], [ -9.159961563700531, 31.187497712352464 ], [ -9.050299646819166, 31.351990587674507 ], [ -8.543113281242862, 31.598729900657577 ], [ -8.433451364361499, 31.69468407792877 ], [ -7.80289534229366, 31.927715651301668 ], [ -7.473909591649569, 32.051085307793201 ], [ -6.47324460010713, 32.133331745454221 ], [ -6.226505287124063, 32.133331745454221 ] ] ] ] } },
{ "type": "Feature", "properties": { "id": null, "Zone": "области высотной поясности" }, "geometry": { "type": "MultiPolygon", "coordinates": [ [ [ [ 31.552025078505576, -25.274681741939421 ], [ 31.373824463573364, -25.960068722447957 ], [ 30.935176796047909, -27.371965902295511 ], [ 30.537652347352967, -28.564539248380335 ], [ 29.852265366844449, -29.729697115244811 ], [ 29.194293865556268, -30.538453752244862 ], [ 28.714522979200307, -31.018224638600827 ], [ 27.960597300640934, -31.799565796380541 ], [ 26.89139361104764, -32.69056887104162 ], [ 26.534992381183212, -32.923600444414518 ], [ 25.493204170810259, -33.22517071583826 ], [ 25.177926159776341, -33.005846882075538 ], [ 24.944894586403443, -32.868769485973836 ], [ 24.619335770661912, -32.803657722825541 ], [ 24.273215345505093, -32.813938527533153 ], [ 23.724905761098277, -32.896184965194173 ], [ 23.512435797140661, -32.927027379317082 ], [ 23.327381312403336, -32.896184965194173 ], [ 23.183450046496571, -32.803657722825548 ], [ 23.10805747864061, -32.69056887104162 ], [ 23.327381312403336, -32.210797984685655 ], [ 23.711198021488109, -31.539118743787302 ], [ 24.122430209793219, -30.990809159380486 ], [ 24.495966114170376, -30.819462414253366 ], [ 24.835232669522082, -30.798900804838102 ], [ 25.548035129250941, -30.81260854444827 ], [ 26.397914985081506, -30.826316284058443 ], [ 27.179256142861217, -30.511038273024518 ], [ 27.700150248047692, -30.305422178871964 ], [ 27.809812164929085, -30.134075433744869 ], [ 27.809812164929085, -29.955874818812653 ], [ 27.741273466878205, -29.825651292516 ], [ 27.556218982140933, -29.770820334075353 ], [ 27.371164497403601, -29.825651292516 ], [ 26.593250274526458, -30.182052522380463 ], [ 26.277972263492536, -30.20261413179572 ], [ 26.031232950509473, -30.130648498842319 ], [ 25.866740075187426, -30.031267386668588 ], [ 25.781066702623836, -29.880482250956682 ], [ 25.72280880928064, -29.722843245439751 ], [ 25.712528004573009, -29.537788760702451 ], [ 25.712528004572981, -29.318464926939694 ], [ 25.808482181844177, -28.82498630097356 ], [ 25.767358963013663, -28.591954727600662 ], [ 25.712528004572981, -28.262968976956572 ], [ 25.808482181844177, -27.975106445142991 ], [ 26.110052453267926, -27.700951652939587 ], [ 26.507576901962867, -27.413089121126006 ], [ 26.726900735725593, -27.152642068532771 ], [ 26.617238818844228, -26.9059027555497 ], [ 26.411622724691675, -26.522086046464928 ], [ 26.411622724691675, -26.289054473092033 ], [ 26.713192996115424, -25.973776462058112 ], [ 26.987347788318829, -25.809283586736068 ], [ 27.508241893505307, -25.521421054922492 ], [ 28.083966957132464, -25.302097221159762 ], [ 28.604861062318939, -25.082773387397037 ], [ 28.947554552573198, -24.83603407441397 ], [ 29.084631948674904, -24.479632844549538 ], [ 29.04350872984439, -24.315139969227495 ], [ 29.26283256360712, -23.711999426379997 ], [ 29.797434408403763, -23.492675592617271 ], [ 30.153835638268195, -23.50638333222744 ], [ 30.661022003844501, -23.684583947159656 ], [ 31.099669671369952, -24.013569697803746 ], [ 31.456070901234384, -24.479632844549538 ], [ 31.510901859675066, -24.822326334803797 ], [ 31.552025078505576, -25.274681741939421 ] ] ] ] } },
{ "type": "Feature", "properties": { "id": null, "Zone": "области высотной поясности" }, "geometry": { "type": "MultiPolygon", "coordinates": [ [ [ [ 33.758971155743026, -17.461270164142288 ], [ 33.992002729115917, -17.831379133616888 ], [ 34.088813640112761, -18.055843369733459 ], [ 34.171060077773788, -18.347132836449582 ], [ 34.184767817383957, -18.689826326703844 ], [ 34.112802184430564, -18.847465332220807 ], [ 33.974868054603199, -18.982829260871267 ], [ 33.896048551844729, -19.092491177752567 ], [ 33.824082918891328, -19.503723366057741 ], [ 33.728128741620132, -19.668216241379785 ], [ 33.594478280420979, -19.805293637481427 ], [ 33.155830612895528, -20.326187742667905 ], [ 32.991337737573474, -20.480399813282379 ], [ 32.847406471666687, -20.696296712142562 ], [ 32.758306164200576, -20.833374108244264 ], [ 32.672632791637014, -20.891632001587489 ], [ 32.538982330437847, -20.915620545905288 ], [ 32.401904934336152, -20.901912806295062 ], [ 32.320515230400765, -20.871927125897869 ], [ 32.257973668429358, -20.771689279998498 ], [ 32.237412059014105, -20.614050274481482 ], [ 32.223704319403936, -20.422141919939097 ], [ 32.278535277844618, -20.079448429684838 ], [ 32.456735892776834, -19.613385282939042 ], [ 32.607521028488705, -18.969121521261034 ], [ 32.608377762214339, -18.778926634169977 ], [ 32.553546803773656, -18.511625711771654 ], [ 32.484151371997172, -18.283734540752512 ], [ 32.43017714728213, -17.795396317140224 ], [ 32.43017714728213, -17.534949264546984 ], [ 32.519277454748241, -17.288209951563914 ], [ 32.676059726539563, -17.050037975837174 ], [ 32.754879229298041, -16.87869123071011 ], [ 32.857687276374314, -16.810152532659259 ], [ 32.987910802670939, -16.762175444023661 ], [ 33.22094237604383, -16.762175444023661 ], [ 33.443693144709101, -16.885545100515131 ], [ 33.66301697847183, -17.173407632328708 ], [ 33.758971155743026, -17.461270164142288 ] ] ] ] } },
{ "type": "Feature", "properties": { "id": null, "Zone": "области высотной поясности" }, "geometry": { "type": "MultiPolygon", "coordinates": [ [ [ [ 18.118440260538595, 21.739438186042506 ], [ 18.406302792352175, 21.753145925652674 ], [ 18.714726933581009, 21.93134654058489 ], [ 18.906635288123393, 22.130108764932363 ], [ 19.132812991691203, 22.335724859084916 ], [ 19.324721346233591, 22.507071604212047 ], [ 19.516629700775976, 22.664710609729006 ], [ 19.777076753369215, 22.733249307779857 ], [ 20.023816066352275, 22.688699154046844 ], [ 20.119770243623474, 22.575610302262898 ], [ 20.106062504013295, 22.250051486521389 ], [ 20.051231545572616, 21.866234777436617 ], [ 19.84926, 21.49509 ], [ 19.701684185513272, 21.019781856508569 ], [ 19.667414836487843, 20.79703108784333 ], [ 19.770222883564131, 20.396079704245807 ], [ 19.777076753369215, 20.039678474381375 ], [ 19.681122576098023, 19.703838853932204 ], [ 19.502921961165807, 19.491368889974563 ], [ 19.386406174479351, 19.395414712703385 ], [ 19.249328778377652, 19.361145363677942 ], [ 19.071128163445433, 19.381706973093216 ], [ 18.865512069292883, 19.450245671144049 ], [ 18.282933135860642, 19.936870427305099 ], [ 17.885408687165693, 20.221306024216169 ], [ 17.666084853402968, 20.622257407813631 ], [ 17.481030368665667, 20.985512507483147 ], [ 17.165752357631746, 21.335059867542491 ], [ 16.740812429716467, 21.629776269161155 ], [ 16.439242158292718, 21.986177499025587 ], [ 16.329580241411353, 22.322017119474758 ], [ 16.322726371606265, 22.661283674826503 ], [ 16.524915530856287, 22.945719271737502 ], [ 16.737385494813928, 23.000550230178185 ], [ 17.032101896432593, 22.870326703881563 ], [ 17.121202203898697, 22.507071604212051 ], [ 17.237717990585146, 22.26033229122898 ], [ 17.385076191394479, 22.051289262173885 ], [ 17.714061942038569, 21.842246233118782 ], [ 18.118440260538595, 21.739438186042506 ] ] ] ] } },
{ "type": "Feature", "properties": { "id": null, "Zone": "переменно-влажных (в том числе муссонных) лесов" }, "geometry": { "type": "MultiPolygon", "coordinates": [ [ [ [ 1.060121697604927, 5.928837388528876 ], [ -0.507637905265938, 5.343472601742675 ], [ -1.063624640294194, 5.000547797053812 ], [ -1.964706590167594, 4.710462144383371 ], [ -2.856125047202397, 4.994475816259509 ], [ -3.311084357100071, 4.984295559098015 ], [ -4.008819545904942, 5.179813340674315 ], [ -4.649917364917911, 5.168263658057086 ], [ -5.834496222344526, 4.993700669775137 ], [ -6.528769090185847, 4.705087795425015 ], [ -7.518941209330436, 4.338288479017308 ], [ -7.71215938966975, 4.364565944837722 ], [ -7.974107224957251, 4.355755113131963 ], [ -9.004793667018674, 4.8324185245922 ], [ -9.913420376006684, 5.593560695819207 ], [ -10.765383876986645, 6.140710760925558 ], [ -11.438779466182055, 6.785916856305747 ], [ -11.70819454593574, 6.860098374860726 ], [ -12.428098924193819, 7.26294200279203 ], [ -12.949049038128194, 7.798645738145738 ], [ -13.124025437868482, 8.163946438016978 ], [ -13.246550258832515, 8.903048610871508 ], [ -13.685153977909792, 9.49474376061346 ], [ -14.074044969122282, 9.886166897008252 ], [ -13.162621529870284, 9.858254878927339 ], [ -12.425928514037565, 9.835834051955956 ], [ -11.627354693531197, 9.57039234711376 ], [ -10.955675452632848, 9.296237554910352 ], [ -10.503320045497224, 9.076913721147626 ], [ -9.845348544209045, 8.789051189334048 ], [ -9.502655053954784, 8.610850574401832 ], [ -8.940637729937798, 8.281864823757742 ], [ -8.625359718903878, 8.089956469215355 ], [ -8.104465613717402, 7.747262978961096 ], [ -7.569863768920756, 7.500523665978029 ], [ -6.692568433869852, 7.349738530266156 ], [ -6.089427891022353, 7.1441224361136 ], [ -5.499995087785026, 6.911090862740703 ], [ -4.828315846886676, 6.719182508198317 ], [ -4.074390168327303, 6.760305727028829 ], [ -3.663157980022191, 6.80142894585934 ], [ -3.306756750157761, 6.924798602350873 ], [ -2.676200728089921, 7.240076613384793 ], [ -2.182722102123787, 7.390861749096667 ], [ -1.634412517716971, 7.431984967927178 ], [ -1.442504163174585, 7.418277228317008 ], [ -0.715993963835554, 6.979629560791555 ], [ -0.496670130072827, 6.664351549757635 ], [ -0.23622307747959, 6.390196757554227 ], [ 0.312086506927228, 6.061211006910137 ], [ 1.060121697604927, 5.928837388528876 ] ] ] ] } },
{ "type": "Feature", "properties": { "id": null, "Zone": "влажных экваториальных лесов" }, "geometry": { "type": "MultiPolygon", "coordinates": [ [ [ [ 9.048419630579588, -0.459351494960217 ], [ 9.291350538783689, 0.268666083167687 ], [ 9.492888624721985, 1.010119533691494 ], [ 9.305613234096256, 1.160911363119183 ], [ 9.649158155972628, 2.283866075037736 ], [ 9.795195753629457, 3.073404445809117 ], [ 9.404366896206, 3.734526882335203 ], [ 8.948115675501072, 3.904128933117136 ], [ 8.744923943729418, 4.35221527751996 ], [ 8.48881554529089, 4.495617377129918 ], [ 8.500287713259695, 4.771982937026849 ], [ 7.462108188515941, 4.412108262546241 ], [ 7.082596469764439, 4.464689032403228 ], [ 6.6980721370806, 4.240594183769517 ], [ 5.898172641634687, 4.262453314628985 ], [ 5.362804803090881, 4.887970689305959 ], [ 5.033574252959369, 5.611802476418234 ], [ 4.725978661402095, 5.924133610808446 ], [ 5.219457287368232, 5.965256829638958 ], [ 6.041921663978457, 6.102334225740662 ], [ 7.028878915910727, 6.143457444571172 ], [ 7.549773021097203, 5.992672308859298 ], [ 8.358529658097257, 5.458070464062653 ], [ 8.961670200944756, 5.156500192638903 ], [ 9.653911051258355, 5.142792453028689 ], [ 9.653911051258355, 4.772683483554088 ], [ 9.749865228529547, 4.567067389401532 ], [ 9.955481322682104, 4.402574514079487 ], [ 10.353005771377045, 4.416282253689658 ], [ 10.750530220071987, 4.621898347842214 ], [ 11.052100491495736, 4.84122218160494 ], [ 11.367378502529656, 5.142792453028689 ], [ 11.614117815512724, 5.389531766011756 ], [ 12.416020582707702, 5.512901422503335 ], [ 13.567470709962016, 5.307285328350779 ], [ 14.97936788980957, 4.813806702384644 ], [ 15.870370964470647, 4.580775129011746 ], [ 17.076652050165642, 4.649313827062597 ], [ 18.173271218979274, 5.129084713418562 ], [ 18.940904637148815, 5.334700807571118 ], [ 19.406967783894611, 5.512901422503333 ], [ 19.914154149470917, 5.608855599774526 ], [ 20.297970858555686, 5.663686558215208 ], [ 20.928526880623526, 5.636271078994867 ], [ 21.422005506589663, 5.554024641333845 ], [ 21.956607351386307, 5.320993067960948 ], [ 23.08064199942028, 4.827514441994813 ], [ 24.177261168233912, 4.498528691350723 ], [ 25.931851838335731, 4.484820951740552 ], [ 27.521949633115501, 4.38886677446936 ], [ 29.180586125946121, 4.183250680316803 ], [ 29.989342762946173, 3.922803627723566 ], [ 30.833852421715427, 3.509171604222463 ], [ 31.003715494098763, 3.141462469943852 ], [ 31.075681127052178, 2.901577026765841 ], [ 31.099669671369952, 2.41495227060482 ], [ 30.948884535658081, 1.606195633604766 ], [ 30.784391660336034, 1.277209882960676 ], [ 30.619898785013987, 1.05788604919795 ], [ 30.126420159047854, 0.701484819333519 ], [ 29.71518797074274, 0.208006193367384 ], [ 29.605526053861379, -0.216933734547898 ], [ 29.441033178539335, -0.724120100124205 ], [ 29.317663522047802, -0.984567152717442 ], [ 29.098339688285076, -1.217598726090339 ], [ 28.769353937640986, -1.478045778683577 ], [ 28.440368186996899, -1.861862487768349 ], [ 28.481491405827406, -2.204555978022609 ], [ 28.632276541539284, -2.465003030615847 ], [ 29.024926385216787, -2.839257907730158 ], [ 29.070924209064735, -3.23263644878539 ], [ 28.988677771403715, -3.451960282548116 ], [ 28.824184896081668, -3.684991855921013 ], [ 28.700815239590135, -3.945438908514251 ], [ 28.604861062318939, -4.301840138378681 ], [ 28.467783666217237, -4.562287190971919 ], [ 28.179921134403656, -4.630825889022771 ], [ 27.22037936169173, -4.370378836429533 ], [ 26.452745943522189, -3.91802342929391 ], [ 25.123095201335659, -3.657576376700672 ], [ 24.547370137708501, -3.657576376700672 ], [ 23.286258093572823, -4.068808565005784 ], [ 22.175931185149018, -4.123639523446466 ], [ 21.627621600742209, -3.931731168904079 ], [ 20.558417911148918, -3.164097750734536 ], [ 19.29730586701324, -2.451295291005675 ], [ 17.268560404708019, -1.793323789717496 ], [ 16.089694798233364, -1.190183246869998 ], [ 15.020491108640073, -1.025690371547952 ], [ 13.8964564606061, -1.354676122192043 ], [ 13.567470709962009, -1.382091601412384 ], [ 12.25152770738565, -1.409507080632723 ], [ 11.264570455453381, -1.272429684531019 ], [ 9.048419630579588, -0.459351494960217 ] ] ] ] } },
{ "type": "Feature", "properties": { "id": null, "Zone": "переменно-влажных (в том числе муссонных) лесов" }, "geometry": { "type": "MultiPolygon", "coordinates": [ [ [ [ 2.327124229622269, 6.198288403011857 ], [ 2.587571282215507, 6.787721206249186 ], [ 3.03992668935113, 7.25378435299498 ], [ 3.711605930249481, 7.514231405588218 ], [ 4.451823869198684, 7.445692707537366 ], [ 6.028213924368282, 6.979629560791571 ], [ 7.138540832792085, 6.540981893266117 ], [ 8.043251647063332, 6.403904497164413 ], [ 9.030208898995603, 6.431319976384755 ], [ 9.989750671707533, 6.506712544240692 ], [ 9.982896801902445, 6.376489017944026 ], [ 10.010312281122786, 6.102334225740618 ], [ 9.900650364241422, 5.732225256266017 ], [ 9.832111666190571, 5.540316901723631 ], [ 9.653911051258355, 5.142792453028689 ], [ 8.961670200944756, 5.156500192638903 ], [ 8.689524152242905, 5.292573216989829 ], [ 8.358529658097257, 5.458070464062653 ], [ 7.549773021097203, 5.992672308859298 ], [ 7.028878915910727, 6.143457444571172 ], [ 6.041921663978457, 6.102334225740662 ], [ 5.219457287368232, 5.965256829638958 ], [ 4.725978661402095, 5.924133610808446 ], [ 4.725978661402095, 5.924133610808446 ], [ 4.325607130560684, 6.270651149923467 ], [ 3.574180128604553, 6.258300482605719 ], [ 2.691701694356254, 6.258817246928629 ], [ 2.327124229622269, 6.198288403011857 ] ] ] ] } },
{ "type": "Feature", "properties": { "id": null, "Zone": "области высотной поясности" }, "geometry": { "type": "MultiPolygon", "coordinates": [ [ [ [ 28.467783666217237, -4.562287190971919 ], [ 28.604861062318939, -4.301840138378681 ], [ 28.700815239590135, -3.945438908514251 ], [ 28.824184896081668, -3.684991855921013 ], [ 28.988677771403715, -3.451960282548116 ], [ 29.070924209064735, -3.23263644878539 ], [ 29.024926385216787, -2.839257907730158 ], [ 28.632276541539284, -2.465003030615847 ], [ 28.481491405827406, -2.204555978022609 ], [ 28.440368186996899, -1.861862487768349 ], [ 28.769353937640986, -1.478045778683577 ], [ 29.098339688285076, -1.217598726090339 ], [ 29.317663522047802, -0.984567152717442 ], [ 29.441033178539335, -0.724120100124205 ], [ 29.605526053861379, -0.216933734547898 ], [ 29.71518797074274, 0.208006193367384 ], [ 29.860724381345612, 0.382649886090832 ], [ 30.126420159047854, 0.701484819333519 ], [ 30.619898785013987, 1.05788604919795 ], [ 30.784391660336034, 1.277209882960676 ], [ 30.948884535658081, 1.606195633604766 ], [ 31.030935665844709, 2.046288059151236 ], [ 31.067165470864737, 2.240611558804107 ], [ 31.099669671369952, 2.41495227060482 ], [ 31.075681127052178, 2.901577026765841 ], [ 31.164781434518286, 2.983823464426863 ], [ 31.329274309840347, 3.004385073842118 ], [ 31.473205575747137, 2.915284766376011 ], [ 31.576013622823414, 2.771353500469222 ], [ 31.665113930289522, 2.54517579690141 ], [ 31.71309101892512, 2.175066827426809 ], [ 31.644552320874269, 1.48967984691829 ], [ 31.761068107560718, 0.98934735114707 ], [ 31.809045196196312, 0.715192558943663 ], [ 31.740506498145461, 0.331375849858891 ], [ 31.521182664382735, 0.057221057655483 ], [ 31.315566570230178, -0.06614859883605 ], [ 30.739841506603021, -0.23749534396318 ], [ 30.609617980306403, -0.340303391039458 ], [ 30.650741199136917, -0.772097188759826 ], [ 30.643887329331829, -0.957151673497126 ], [ 30.534225412450468, -1.382091601412408 ], [ 30.314901578687738, -1.738492831276839 ], [ 30.15726257317078, -2.094894061141269 ], [ 30.205239661806377, -2.526687858861636 ], [ 30.273778359857229, -2.773427171844704 ], [ 30.362878667323336, -3.129828401709134 ], [ 30.21894740141655, -3.883754080268506 ], [ 30.081870005314844, -4.473186883505834 ], [ 30.027039046874165, -5.007788728302479 ], [ 30.033892916679225, -5.49441348446353 ], [ 30.07501613550976, -5.933061151988982 ], [ 30.198385792001293, -6.262046902633072 ], [ 30.294339969272485, -6.467662996785627 ], [ 30.390294146543681, -6.673279090938184 ], [ 30.739841506603025, -7.022826450997529 ], [ 31.205904653348821, -7.571136035404344 ], [ 31.438936226721719, -8.359331062989142 ], [ 31.829606805611576, -8.797978730514593 ], [ 32.191864861791942, -8.930358981973257 ], [ 32.384770259823476, -8.832248079540021 ], [ 32.398477999433645, -8.660901334412891 ], [ 32.302523822162456, -8.325061713963716 ], [ 32.192861905281092, -8.064614661370477 ], [ 32.035222899764129, -7.756190520141644 ], [ 32.028369029959045, -7.571136035404344 ], [ 32.213423514696345, -7.365519941251788 ], [ 32.412185739043821, -7.379227680861958 ], [ 32.576678614365861, -7.420350899692469 ], [ 32.672632791637056, -7.61911312403994 ], [ 32.754879229298076, -7.783605999361985 ], [ 32.871395015984525, -8.235961406497609 ], [ 33.042741761111657, -8.516970068506101 ], [ 33.43341234000151, -8.873371298370532 ], [ 33.700713262399837, -8.969325475641725 ], [ 34.18733801856088, -9.00359482466715 ], [ 34.47520055037446, -8.900786777590872 ], [ 35.160587530882978, -8.80483260031968 ], [ 35.626650677628767, -8.941909996421384 ], [ 35.866536120806749, -9.222918658429876 ], [ 36.044736735738965, -9.490219580828199 ], [ 36.099567694179648, -9.743812763616353 ], [ 35.983051907493198, -9.949428857768908 ], [ 35.791143552950814, -10.113921733090953 ], [ 35.722604854899963, -10.120775602896037 ], [ 35.393619104255876, -9.8603285503028 ], [ 35.174295270493147, -9.627296976929903 ], [ 34.968679176340594, -9.586173758099392 ], [ 34.838455650043976, -9.675274065565501 ], [ 34.74250147277278, -9.750666633421439 ], [ 34.646547295501584, -9.935721118158739 ], [ 34.653401165306676, -10.017967555819762 ], [ 34.769916951993117, -10.456615223345214 ], [ 34.84530951984906, -10.675939057107941 ], [ 34.879578868874482, -10.765039364574049 ], [ 34.961825306535509, -10.984363198336775 ], [ 35.0098023951711, -11.285933469760524 ], [ 35.002948525366016, -11.470987954497824 ], [ 34.941263697120249, -11.710873397675806 ], [ 34.872724999069398, -11.827389184362254 ], [ 34.74250147277278, -12.053566887930065 ], [ 34.811040170823631, -12.786930957074183 ], [ 35.0098023951711, -13.335240541480999 ], [ 35.201710749713484, -14.164558787896308 ], [ 35.201710749713484, -14.500398408345482 ], [ 35.201710749713484, -14.706014502498039 ], [ 35.146879791272802, -14.925338336260765 ], [ 34.8247479104338, -15.021292513531959 ], [ 34.660255035111753, -14.945899945676022 ], [ 34.459633416488543, -14.613009535381423 ], [ 34.153068669535443, -14.212535876531902 ], [ 34.015991273433741, -13.828719167447129 ], [ 33.920037096162545, -12.965131572006396 ], [ 33.865206137721863, -12.361991029158897 ], [ 33.769251960450674, -11.77255822592157 ], [ 33.782959700060843, -11.046048026582538 ], [ 33.865206137721856, -10.552569400616401 ], [ 33.968014184798136, -10.408638134709612 ], [ 34.118799320510007, -10.203022040557055 ], [ 34.201045758171034, -10.011113686014669 ], [ 34.063968362069325, -9.702689544785835 ], [ 33.782959700060836, -9.702689544785835 ], [ 33.453973949416756, -9.723251154201092 ], [ 32.98791080267096, -9.66842019576041 ], [ 32.850833406569258, -9.66842019576041 ], [ 32.549263135145509, -9.695835674980751 ], [ 32.357354780603117, -9.832913071082455 ], [ 32.165446426060733, -9.969990467184159 ], [ 32.076346118594628, -10.017967555819755 ], [ 31.891291633857328, -9.9974059464045 ], [ 31.857022284831903, -9.867182420107881 ], [ 31.836460675416646, -9.627296976929898 ], [ 31.836460675416646, -9.394265403557002 ], [ 31.726798758535281, -9.222918658429872 ], [ 31.521182664382728, -9.31201896589598 ], [ 31.466351705942046, -9.49707345063328 ], [ 31.274443351399658, -9.66842019576041 ], [ 31.10309660627253, -9.784935982446859 ], [ 30.904334381925057, -9.894597899328222 ], [ 30.561640891670798, -9.874036289912965 ], [ 30.438271235179265, -9.771228242836688 ], [ 30.369732537128414, -9.503927320438365 ], [ 30.410855755958924, -9.092695132133253 ], [ 30.47254058420469, -8.8391019493451 ], [ 30.554787021865714, -8.599216506167117 ], [ 30.486248323814859, -8.283938495133199 ], [ 30.390294146543667, -8.160568838641666 ], [ 30.280632229662302, -8.112591750006068 ], [ 30.164116442975857, -8.071468531175558 ], [ 29.931084869602959, -7.98236822370945 ], [ 29.85569230174702, -7.858998567217917 ], [ 29.841984562136851, -7.598551514624678 ], [ 29.807715213111425, -7.379227680861952 ], [ 29.540414290713102, -7.098219018853459 ], [ 29.423898504026653, -7.043388060412777 ], [ 29.273113368314778, -6.830918096455136 ], [ 29.341652066365629, -6.625302002302579 ], [ 29.499291071882592, -6.364854949709341 ], [ 29.471875592662251, -5.775422146472013 ], [ 29.32109045695038, -5.3641899581669 ], [ 28.923566008255435, -4.857003592590594 ], [ 28.467783666217237, -4.562287190971919 ] ] ] ] } },
{ "type": "Feature", "properties": { "id": null, "Zone": "области высотной поясности" }, "geometry": { "type": "MultiPolygon", "coordinates": [ [ [ [ 38.018651239603486, 1.503387586528458 ], [ 38.183144114925533, 1.544510805358969 ], [ 38.333929250637411, 1.55821854496914 ], [ 38.566960824010309, 1.380017930036924 ], [ 38.608084042840815, 1.119570877443687 ], [ 38.676622740891666, 0.87283156446062 ], [ 38.676622740891666, 0.667215470308064 ], [ 38.690330480501842, 0.475307115765678 ], [ 38.841115616213713, 0.214860063172441 ], [ 38.950777533095078, 0.009243969019885 ], [ 39.115270408417118, -0.196372125132671 ], [ 39.348301981790016, -0.429403698505568 ], [ 39.430548419451043, -0.648727532268294 ], [ 39.389425200620529, -0.813220407590339 ], [ 39.224932325298482, -0.991421022522554 ], [ 39.00560849153576, -1.087375199793747 ], [ 38.71774595972218, -1.142206158234429 ], [ 38.429883427908599, -1.19703711667511 ], [ 38.183144114925533, -1.334114512776814 ], [ 37.867866103891615, -1.471191908878518 ], [ 37.662250009739061, -1.635684784200563 ], [ 37.497757134417014, -1.800177659522607 ], [ 37.196186862993265, -2.019501493285334 ], [ 37.01798624806105, -2.279948545878571 ], [ 36.922032070789861, -2.458149160810787 ], [ 36.894616591569516, -2.608934296522661 ], [ 36.949447550010198, -2.828258130285387 ], [ 37.072817206501732, -2.951627786776921 ], [ 37.360679738315312, -3.26690579781084 ], [ 37.401802957145819, -3.499937371183737 ], [ 37.333264259094967, -3.842630861437997 ], [ 37.182479123383096, -4.034539215980383 ], [ 36.949447550010198, -4.130493393251575 ], [ 36.757539195467814, -4.103077914031234 ], [ 36.620461799366112, -3.93858503870919 ], [ 36.551923101315253, -3.801507642607486 ], [ 36.551923101315253, -3.554768329624418 ], [ 36.524507622094916, -3.458814152353226 ], [ 36.318891527942363, -3.445106412743055 ], [ 36.072152214959296, -3.527352850404078 ], [ 35.89395160002708, -3.458814152353226 ], [ 35.839120641586398, -3.335444495861692 ], [ 35.743166464315202, -3.116120662098966 ], [ 35.729458724705033, -2.965335526387091 ], [ 35.797997422755884, -2.663765254963343 ], [ 35.962490298077931, -1.827593138742948 ], [ 35.880243860416911, -1.375237731607326 ], [ 35.797997422755884, -1.142206158234429 ], [ 35.729458724705033, -0.922882324471702 ], [ 35.825412901976229, -0.730973969929317 ], [ 36.05844447534912, -0.51165013616659 ], [ 36.209229611060998, -0.388280479675057 ], [ 36.250352829891511, -0.114125687471649 ], [ 36.154398652620316, 0.17373684434193 ], [ 35.770581943535547, 0.406768417714826 ], [ 35.68833550587452, 0.502722594986019 ], [ 35.564965849382986, 0.708338689138575 ], [ 35.537550370162649, 0.831708345630108 ], [ 35.660920026654182, 1.160694096274198 ], [ 35.715750985094864, 1.24294053393522 ], [ 35.880243860416911, 1.475972107308117 ], [ 35.9761980376881, 1.791250118342036 ], [ 36.031028996128782, 1.996866212494592 ], [ 36.099567694179633, 2.229897785867489 ], [ 36.3463070071627, 2.60000675534209 ], [ 36.42855344482372, 2.61371449495226 ], [ 36.647877278586449, 2.490344838460727 ], [ 36.757539195467814, 1.983158472884422 ], [ 36.812370153908496, 1.777542378731866 ], [ 36.922032070789861, 1.462264367697947 ], [ 37.031693987671218, 1.21552505471488 ], [ 37.127648164942414, 0.913954783291131 ], [ 37.209894602603434, 0.694630949528404 ], [ 37.401802957145819, 0.475307115765678 ], [ 37.580003572078041, 0.667215470308064 ], [ 37.717080968179744, 0.996201220952153 ], [ 37.895281583111952, 1.297771492375902 ], [ 38.018651239603486, 1.503387586528458 ] ] ] ] } },
{ "type": "Feature", "properties": { "id": null, "Zone": "области высотной поясности" }, "geometry": { "type": "MultiPolygon", "coordinates": [ [ [ [ 38.6149379126459, -2.732303953014194 ], [ 38.786284657773031, -2.800842651065046 ], [ 38.861677225628974, -2.869381349115898 ], [ 38.90280044445948, -2.985897135802347 ], [ 38.909654314264564, -3.170951620539647 ], [ 38.90280044445948, -3.29432127703118 ], [ 38.841115616213713, -3.499937371183736 ], [ 38.772576918162862, -3.760384423776974 ], [ 38.724599829527264, -3.863192470853252 ], [ 38.53269147498488, -4.096224044226149 ], [ 38.375052469467924, -4.205885961107512 ], [ 38.244828943171299, -4.247009179938023 ], [ 38.073482198044175, -4.240155310132938 ], [ 37.847304494476361, -4.205885961107512 ], [ 37.7487801160283, -4.168189677179453 ], [ 37.621983524634217, -4.065381630103174 ], [ 37.563725631290993, -3.945438908514182 ], [ 37.552588092857697, -3.80836151241257 ], [ 37.591141110511337, -3.626733962577718 ], [ 37.662250009739061, -3.513645110793907 ], [ 37.888427713306875, -3.232636448785414 ], [ 37.96382028116281, -3.068143573463369 ], [ 38.032358979213662, -2.931066177361665 ], [ 38.210559594145877, -2.807696520870131 ], [ 38.341639854168172, -2.746011692624263 ], [ 38.457298907128944, -2.739157822819279 ], [ 38.6149379126459, -2.732303953014194 ] ] ] ] } },
{ "type": "Feature", "properties": { "id": null, "Zone": "переменно-влажных (в том числе муссонных) лесов" }, "geometry": { "type": "MultiPolygon", "coordinates": [ [ [ [ 30.033892916679225, -5.49441348446353 ], [ 30.027039046874165, -5.007788728302479 ], [ 30.081870005314844, -4.473186883505834 ], [ 30.195687867707754, -3.983770075216326 ], [ 30.21894740141655, -3.883754080268506 ], [ 30.362878667323336, -3.129828401709134 ], [ 30.273778359857229, -2.773427171844704 ], [ 30.205239661806377, -2.526687858861636 ], [ 30.188863965357239, -2.379306590819387 ], [ 30.15726257317078, -2.094894061141269 ], [ 30.314901578687738, -1.738492831276839 ], [ 30.534225412450468, -1.382091601412408 ], [ 30.550052704748175, -1.320760843758795 ], [ 30.615427833856444, -1.06743221846424 ], [ 30.643887329331829, -0.957151673497126 ], [ 30.650741199136917, -0.772097188759826 ], [ 30.609617980306403, -0.340303391039458 ], [ 30.739841506603021, -0.23749534396318 ], [ 31.315566570230178, -0.06614859883605 ], [ 31.521182664382735, 0.057221057655483 ], [ 31.740506498145461, 0.331375849858891 ], [ 31.809045196196312, 0.715192558943663 ], [ 31.761068107560718, 0.98934735114707 ], [ 31.644552320874269, 1.48967984691829 ], [ 31.71309101892512, 2.175066827426809 ], [ 31.665113930289522, 2.54517579690141 ], [ 31.576013622823414, 2.771353500469222 ], [ 31.473205575747137, 2.915284766376011 ], [ 31.329274309840347, 3.004385073842118 ], [ 31.164781434518286, 2.983823464426863 ], [ 31.075681127052178, 2.901577026765841 ], [ 31.003715494098763, 3.141462469943852 ], [ 30.833859407067212, 3.509156482762448 ], [ 30.833852421715427, 3.509171604222463 ], [ 29.989342762946173, 3.922803627723566 ], [ 29.180586125946121, 4.183250680316803 ], [ 27.521949633115501, 4.38886677446936 ], [ 25.931851838335731, 4.484820951740552 ], [ 24.177261168233912, 4.498528691350723 ], [ 23.501478858800091, 4.701263384180869 ], [ 23.08064199942028, 4.827514441994813 ], [ 21.956607351386307, 5.320993067960948 ], [ 21.422005506589663, 5.554024641333845 ], [ 20.928526880623526, 5.636271078994867 ], [ 20.297970858555686, 5.663686558215208 ], [ 19.914154149470917, 5.608855599774526 ], [ 19.406967783894611, 5.512901422503333 ], [ 18.940904637148815, 5.334700807571118 ], [ 18.173271218979274, 5.129084713418562 ], [ 17.076652050165642, 4.649313827062597 ], [ 15.870370964470647, 4.580775129011746 ], [ 14.97936788980957, 4.813806702384644 ], [ 14.541683602371624, 4.966783734887227 ], [ 13.567470709962016, 5.307285328350779 ], [ 12.416020582707702, 5.512901422503335 ], [ 11.614117815512724, 5.389531766011756 ], [ 11.764902951224599, 5.691102037435505 ], [ 11.984226784987325, 6.047503267299936 ], [ 12.326920275241584, 6.349073538723685 ], [ 12.463997671343289, 6.540981893266071 ], [ 12.628490546665333, 6.705474768588116 ], [ 12.779275682377207, 6.801428945859309 ], [ 12.998599516139935, 6.869967643910161 ], [ 13.16309239146198, 6.84255216468982 ], [ 13.368708485614535, 6.705474768588116 ], [ 13.629155538207772, 6.540981893266071 ], [ 13.821063892750159, 6.49985867443556 ], [ 14.136341903784079, 6.472443195215218 ], [ 14.667516813678207, 6.08177261632537 ], [ 15.160995439644342, 5.876156522172813 ], [ 16.03143690489016, 5.780202344901621 ], [ 17.052663505847857, 5.848741042952473 ], [ 17.62153469966993, 5.869302652367729 ], [ 18.923769962636118, 6.205142272816904 ], [ 20.054658480475176, 6.41075836696946 ], [ 20.534429366831141, 6.486150934825397 ], [ 21.041615732407443, 6.506712544240653 ], [ 21.404870832076959, 6.513566414045737 ], [ 21.884641718432924, 6.527274153655908 ], [ 22.542613219721101, 6.397050627359289 ], [ 23.275977288865221, 6.170872923791478 ], [ 24.468550634950038, 5.807617824121961 ], [ 24.818097995009381, 5.739079126071109 ], [ 25.359553709611113, 5.732225256266025 ], [ 26.209433565441678, 5.684248167630428 ], [ 27.285491124840053, 5.478632073477872 ], [ 27.922901016712977, 5.389531766011764 ], [ 29.423898504026642, 5.129084713418528 ], [ 30.006477437458884, 4.978299577706653 ], [ 30.602764110501294, 4.752121874138842 ], [ 30.760403116018253, 4.683583176087989 ], [ 31.075681127052174, 4.567067389401541 ], [ 31.432082356916602, 4.423136123494752 ], [ 31.754214237755608, 4.258643248172707 ], [ 32.186008035475979, 3.99819619557947 ], [ 32.453308957874299, 3.799433971231999 ], [ 32.802856317933646, 3.607525616689613 ], [ 33.227796245848928, 3.223708907604843 ], [ 33.378581381560799, 3.052362162477713 ], [ 33.543074256882846, 2.545175796901408 ], [ 33.515658777662502, 2.312144223528511 ], [ 33.371727511755715, 1.74327302970644 ], [ 33.248357855264182, 1.441702758282691 ], [ 33.083864979942135, 1.016762830367409 ], [ 33.145549808187901, 0.495868725180934 ], [ 33.124988198772648, 0.166882974536844 ], [ 33.070157240331966, -0.134687296886905 ], [ 32.953641453645517, -0.628165922853039 ], [ 32.919372104620095, -0.991421022522554 ], [ 32.939933714035348, -1.210744856285281 ], [ 32.720609880272619, -1.608269304980222 ], [ 32.631509572806515, -2.177140498802293 ], [ 32.60409409358617, -2.506126249446383 ], [ 32.60409409358617, -2.75286556242945 ], [ 32.610947963391261, -2.979043265997262 ], [ 32.610947963391261, -3.328590626056607 ], [ 32.508139916314981, -3.712407335141378 ], [ 32.281962212747167, -4.055100825395638 ], [ 31.781629716975949, -4.541725581556687 ], [ 31.157927564713198, -4.959811639666884 ], [ 30.499956063425017, -5.33677447894657 ], [ 30.033892916679225, -5.49441348446353 ] ] ] ] } },
{ "type": "Feature", "properties": { "id": null, "Zone": "переменно-влажных (в том числе муссонных) лесов" }, "geometry": { "type": "MultiPolygon", "coordinates": [ [ [ [ 12.227347039446471, -6.294447523629394 ], [ 12.322431674863511, -6.10009246177966 ], [ 12.182336866920252, -5.789930515163839 ], [ 11.91496300624209, -5.037986748884791 ], [ 11.093772820691925, -3.978826592630547 ], [ 10.06613528813574, -2.969482517105682 ], [ 9.405245395554971, -2.144313246269043 ], [ 8.79799563969317, -1.111301364754496 ], [ 8.830086704146424, -0.779073581550037 ], [ 9.048419630579588, -0.459351494960217 ], [ 11.264570455453381, -1.272429684531019 ], [ 12.25152770738565, -1.409507080632723 ], [ 13.567470709962009, -1.382091601412384 ], [ 13.8964564606061, -1.354676122192043 ], [ 14.407536347756071, -1.205091764977417 ], [ 15.020491108640073, -1.025690371547952 ], [ 16.089694798233364, -1.190183246869998 ], [ 16.644502021714338, -1.474038105395147 ], [ 17.268560404708019, -1.793323789717496 ], [ 19.29730586701324, -2.451295291005675 ], [ 20.558417911148918, -3.164097750734536 ], [ 21.627621600742209, -3.931731168904079 ], [ 22.175931185149018, -4.123639523446466 ], [ 23.286258093572823, -4.068808565005784 ], [ 24.547370137708501, -3.657576376700672 ], [ 25.123095201335659, -3.657576376700672 ], [ 26.452745943522189, -3.91802342929391 ], [ 27.22037936169173, -4.370378836429533 ], [ 28.179921134403656, -4.630825889022771 ], [ 28.467783666217237, -4.562287190971919 ], [ 28.923566008255435, -4.857003592590594 ], [ 29.32109045695038, -5.3641899581669 ], [ 28.450648991704529, -5.353909153459295 ], [ 27.600769135873968, -5.449863330730487 ], [ 26.709766061212889, -5.628063945662703 ], [ 25.846178465772155, -6.053003873577985 ], [ 25.599439152789088, -6.272327707340711 ], [ 25.476069496297555, -6.57389797876446 ], [ 25.36640757941619, -7.24557721966281 ], [ 25.338992100195849, -7.766471324849284 ], [ 25.064837307992441, -7.944671939781499 ], [ 24.818097995009374, -7.876133241730647 ], [ 24.70843607812801, -7.862425502120477 ], [ 24.598774161246649, -7.725348106018774 ], [ 24.461696765144943, -7.314115917713662 ], [ 24.324619369043241, -6.806929552137357 ], [ 24.023049097619491, -6.258619967730541 ], [ 23.885971701517789, -6.039296133967815 ], [ 23.58440143009404, -5.915926477476281 ], [ 23.378785335941483, -5.970757435916963 ], [ 23.118338283348244, -6.203789009289859 ], [ 22.940137668416028, -6.546482499544119 ], [ 22.967553147636373, -7.396362355374683 ], [ 22.960699277831285, -8.383319607306952 ], [ 22.741375444068559, -8.85623662385783 ], [ 22.487782261280415, -9.229772528234978 ], [ 22.384974214204135, -9.305165096090915 ], [ 22.117673291805815, -9.072133522718019 ], [ 21.96688815609394, -8.215399797082368 ], [ 21.816103020382066, -7.58484377501453 ], [ 21.74071045252612, -7.187319326319589 ], [ 21.548802097983735, -6.769233268209391 ], [ 21.055323472017598, -6.460809126980557 ], [ 20.637237413907403, -6.303170121463596 ], [ 20.356228751898911, -6.296316251658511 ], [ 19.753088209051413, -6.42653977795513 ], [ 19.245901843475107, -6.591032653277174 ], [ 18.985454790881871, -6.721256179573793 ], [ 18.779838696729314, -6.96799549255686 ], [ 18.622199691212355, -7.269565763980609 ], [ 18.574222602576757, -7.530012816573846 ], [ 18.656469040237781, -8.002929833124725 ], [ 18.759277087314057, -8.297646234743389 ], [ 18.793546436339483, -8.475846849675603 ], [ 18.868939004195422, -8.989887085056994 ], [ 18.841523524975081, -9.216064788624806 ], [ 18.820961915559824, -9.428534752582447 ], [ 18.793546436339483, -9.53819666946381 ], [ 18.464560685695396, -9.599881497709577 ], [ 18.306921680178434, -9.517635060048555 ], [ 18.108159455830965, -9.35314218472651 ], [ 17.806589184407215, -8.921348387006141 ], [ 17.472970004962235, -8.0685511206417 ], [ 17.011540287017333, -7.612259254234869 ], [ 16.696262275983415, -7.550574425989104 ], [ 16.394692004559666, -7.577989905209445 ], [ 15.873797899373191, -7.605405384429785 ], [ 15.599643107169783, -7.605405384429785 ], [ 14.873132907830751, -7.317542852616207 ], [ 13.982129833169676, -6.508786215616154 ], [ 13.310450592271327, -6.275754642243257 ], [ 12.227347039446471, -6.294447523629394 ] ] ] ] } },
{ "type": "Feature", "properties": { "id": null, "Zone": "жестколистных вечнозеленых лесов и кустарников (средиземноморского типа)" }, "geometry": { "type": "MultiPolygon", "coordinates": [ [ [ [ 10.149592726287125, 34.330773016897709 ], [ 10.013739216025353, 34.700105987458628 ], [ 9.88008875482617, 34.98454158436968 ], [ 10.099412588588896, 35.258696376573084 ], [ 10.19536676586009, 35.697344044098543 ], [ 10.167951286639749, 35.820713700590076 ], [ 10.030873890538045, 35.916667877861265 ], [ 9.729303619114296, 35.889252398640927 ], [ 9.002793419775264, 35.656220825268029 ], [ 8.376367628623768, 35.479876003555944 ], [ 7.933589730181972, 35.519143429166327 ], [ 7.19337179123277, 35.72475952331888 ], [ 6.754724123707317, 35.793298221369731 ], [ 6.206414539300501, 35.793298221369731 ], [ 6.041921663978456, 35.711051783708712 ], [ 5.658104954893684, 35.546558908386665 ], [ 5.123503110097038, 35.573974387607009 ], [ 4.698563182181755, 35.683636304488367 ], [ 4.479239348419028, 35.683636304488367 ], [ 4.259915514656302, 35.601389866827347 ], [ 3.84868332635119, 35.368358293454449 ], [ 3.314081481554544, 35.053080282420531 ], [ 2.86172607441892, 34.888587407098484 ], [ 2.587571282215512, 35.025664803200186 ], [ 1.957015260147673, 35.176449938912064 ], [ 1.737691426384947, 34.98454158436968 ], [ 1.285336019249325, 34.724094531776437 ], [ 0.599949038740805, 34.504770698013715 ], [ -0.387008213191464, 34.326570083081499 ], [ -1.730366694988165, 34.175784947369621 ], [ -1.758226750334069, 34.172799941439706 ], [ -2.114183404072936, 34.134661728539115 ], [ -2.470584633937366, 34.148369468149284 ], [ -2.525415592378049, 34.559601656454397 ], [ -2.621369769649241, 34.833756448657802 ], [ -3.183387093666227, 34.929710625928998 ], [ -3.635742500801851, 34.998249323979849 ], [ -3.896189553395089, 34.998249323979849 ], [ -4.019559209886623, 34.724094531776437 ], [ -3.567203802750999, 34.491062958403546 ], [ -3.498665104700147, 34.285446864250986 ], [ -3.731696678073044, 34.011292072047581 ], [ -4.005851470276452, 33.956461113606899 ], [ -4.608992013123951, 33.65489084218315 ], [ -5.020224201429063, 33.380736049979738 ], [ -5.184717076751108, 33.06545803894582 ], [ -5.2806712540223, 32.818718725962754 ], [ -5.664487963107072, 32.40748653765764 ], [ -5.815273098818946, 32.297824620776275 ], [ -6.226505287124063, 32.133331745454221 ], [ -6.47324460010713, 32.133331745454221 ], [ -7.473909591649569, 32.051085307793201 ], [ -7.80289534229366, 31.927715651301668 ], [ -8.433451364361499, 31.69468407792877 ], [ -8.543113281242862, 31.598729900657577 ], [ -9.050299646819166, 31.351990587674507 ], [ -9.159961563700531, 31.187497712352464 ], [ -9.146253824090358, 31.06412805586093 ], [ -9.492374249247122, 31.108678209593982 ], [ -9.814718390329176, 31.17773550060906 ], [ -9.434793260119363, 32.038096421836485 ], [ -9.300692918321886, 32.564679266890664 ], [ -8.657476365585012, 33.240245266242425 ], [ -7.654178432638219, 33.697064927702513 ], [ -6.912544114601417, 34.110476386037476 ], [ -6.244342006851411, 35.145865383437524 ], [ -5.92999426921989, 35.75998810479399 ], [ -5.193863491222032, 35.755182196590852 ], [ -4.591006232105144, 35.330711981745594 ], [ -3.640056525070065, 35.399855048152006 ], [ -2.604305792644084, 35.179093329401155 ], [ -2.169913702798624, 35.16839630791668 ], [ -1.208602871089056, 35.714848741187097 ], [ -0.127454392894606, 35.888662421200806 ], [ 0.503876580415209, 36.301272894835279 ], [ 1.466918572606545, 36.605647081034405 ], [ 3.161698846050825, 36.78390493422522 ], [ 4.81575809084913, 36.865036932923459 ], [ 5.320120070017794, 36.716518866516623 ], [ 6.261819695672613, 37.110655015606739 ], [ 7.330384962603971, 37.118380642234371 ], [ 7.737078484741005, 36.885707505840216 ], [ 8.420964389691676, 36.946427313783161 ], [ 9.509993523810607, 37.349994411766545 ], [ 10.210002475636317, 37.230001735984814 ], [ 10.180650262094531, 36.724037787415085 ], [ 11.02886722173335, 37.092103176413957 ], [ 11.100025668999251, 36.899996039368915 ], [ 10.600004510143094, 36.410000108377375 ], [ 10.593286573945138, 35.947444362932814 ], [ 10.939518670300687, 35.698984076473494 ], [ 10.807847120821009, 34.83350718844919 ], [ 10.149592726287125, 34.330773016897709 ] ] ] ] } },
{ "type": "Feature", "properties": { "id": null, "Zone": "полупустынь и пустынь" }, "geometry": { "type": "MultiPolygon", "coordinates": [ [ [ [ -16.14634741867485, 18.108481553616656 ], [ -16.256883307347167, 19.096715806550307 ], [ -16.37765112961327, 19.593817246981985 ], [ -16.277838100641517, 20.092520656814699 ], [ -16.536323614965468, 20.567866319251493 ], [ -17.063423224342571, 20.999752102130827 ], [ -17.020428432675772, 21.422310288981578 ], [ -16.973247849993243, 21.885744533774982 ], [ -16.589136928767687, 22.158234361250095 ], [ -16.261921759495635, 22.679339504481277 ], [ -16.326413946995899, 23.017768459560898 ], [ -15.982610642958036, 23.723358466074046 ], [ -15.426003790742186, 24.359133612561038 ], [ -15.089331834360735, 24.520260728446999 ], [ -14.824645148161665, 25.103532619725343 ], [ -14.800925665739726, 25.63626496022232 ], [ -14.439939947964831, 26.254418443297652 ], [ -13.773804897506466, 26.618892320252314 ], [ -13.13994177901435, 27.640147813420526 ], [ -13.121613369914769, 27.654147671719841 ], [ -12.618836635783111, 28.038185533148692 ], [ -11.688919236690765, 28.148643907172527 ], [ -10.900956997104402, 28.83214223888092 ], [ -10.399592251008642, 29.098585923777819 ], [ -9.564811163765683, 29.933573716749891 ], [ -9.814718390329176, 31.17773550060906 ], [ -9.492374249247122, 31.108678209593982 ], [ -9.146253824090358, 31.06412805586093 ], [ -8.803560333836099, 30.927050659759225 ], [ -8.378620405920817, 30.927050659759225 ], [ -7.748064383852978, 30.927050659759225 ], [ -7.556156029310592, 30.858511961708373 ], [ -7.679525685802126, 30.625480388335475 ], [ -8.543113281242862, 30.433572033793091 ], [ -8.954345469547974, 30.214248200030365 ], [ -9.201084782531041, 29.885262449386275 ], [ -9.283331220192064, 29.446614781860823 ], [ -9.283331220192064, 29.172459989657412 ], [ -9.1736693033107, 28.816058759792984 ], [ -8.926929990327633, 28.678981363691278 ], [ -8.392328145530987, 28.678981363691278 ], [ -7.939972738395364, 28.925720676674345 ], [ -7.556156029310592, 29.3643683441998 ], [ -7.062677403344457, 29.830431490945593 ], [ -6.788522611141049, 30.049755324708322 ], [ -6.14425884946304, 30.337617856521899 ], [ -5.609657004666394, 30.598064909115138 ], [ -4.924270024157874, 30.899635180538887 ], [ -4.677530711174807, 31.02300483703042 ], [ -4.211467564429013, 31.201205451962636 ], [ -3.662287024795354, 31.382328973663686 ], [ -2.868109082632312, 31.73580729675928 ], [ -2.278676279394984, 32.35265557921695 ], [ -1.716658955377996, 32.709056809081389 ], [ -1.333246644588041, 32.819820365531818 ], [ -1.099810672920328, 32.887257424013605 ], [ -0.537793348903341, 32.818718725962754 ], [ -0.016899243716866, 32.77759550713224 ], [ 0.408040684198417, 32.873549684403436 ], [ 0.641072257571315, 32.996919340894969 ], [ 1.079719925096768, 33.257366393488205 ], [ 1.586906290673072, 33.476690227250934 ], [ 2.162631354300229, 33.421859268810252 ], [ 2.395662927673127, 33.312197351928887 ], [ 2.998803470520624, 33.312197351928887 ], [ 3.327789221164714, 33.572644404522123 ], [ 3.601944013368122, 33.764552759064514 ], [ 3.972052982842724, 33.929045634386554 ], [ 4.890471536724141, 34.162077207759452 ], [ 5.767766871775048, 34.340277822691668 ], [ 6.19270679969033, 34.47735521879337 ], [ 6.576523508775101, 34.518478437623884 ], [ 7.303033708114133, 34.449939739573033 ], [ 7.782804594470098, 34.408816520742519 ], [ 7.861029335254617, 34.401863210450564 ], [ 8.399652876927766, 34.353985562301837 ], [ 8.838300544453219, 34.463647479183201 ], [ 9.578518483402421, 34.737802271386613 ], [ 9.88008875482617, 34.98454158436968 ], [ 10.013739216025353, 34.700105987458628 ], [ 10.149592726287125, 34.330773016897709 ], [ 10.339658644256616, 33.785741685515319 ], [ 10.856836378633687, 33.768740139291282 ], [ 11.108500603895122, 33.293342800422195 ], [ 11.488787469131012, 33.136995754523241 ], [ 12.66331, 32.79278 ], [ 13.08326, 32.87882 ], [ 13.91868, 32.71196 ], [ 15.24563, 32.26508 ], [ 15.71394, 31.37626 ], [ 16.61162, 31.18218 ], [ 18.02109, 30.76357 ], [ 19.08641, 30.26639 ], [ 19.57404, 30.52582 ], [ 20.05335, 30.98576 ], [ 19.82033, 31.751790000000142 ], [ 20.13397, 32.2382 ], [ 20.85452, 32.7068 ], [ 21.54298, 32.8432 ], [ 22.89576, 32.63858 ], [ 23.2368, 32.19149 ], [ 23.609130000000107, 32.18726 ], [ 23.9275, 32.01667 ], [ 24.92114, 31.89936 ], [ 25.16482, 31.56915 ], [ 26.49533, 31.58568 ], [ 27.45762, 31.32126 ], [ 28.45048, 31.02577 ], [ 28.91353, 30.87005 ], [ 29.68342, 31.18686 ], [ 30.09503, 31.4734 ], [ 30.97693, 31.55586 ], [ 31.68796, 31.4296 ], [ 31.96041, 30.9336 ], [ 32.19247, 31.26034 ], [ 32.99392, 31.02407 ], [ 33.7734, 30.96746 ], [ 34.265434744646207, 31.219357309520319 ], [ 34.26544, 31.21936 ], [ 34.823243288783814, 29.761080761718219 ], [ 34.92260257339143, 29.501326198844524 ], [ 34.9226, 29.50133 ], [ 34.92260257339143, 29.501326198844524 ], [ 34.823243288783814, 29.761080761718219 ], [ 34.9226, 29.50133 ], [ 34.64174, 29.09942 ], [ 34.42655, 28.34399 ], [ 34.15451, 27.8233 ], [ 33.92136, 27.6487 ], [ 33.58811, 27.97136 ], [ 33.13676, 28.41765 ], [ 32.42323, 29.85108 ], [ 32.32046, 29.76043 ], [ 32.73482, 28.70523 ], [ 33.34876, 27.69989 ], [ 34.10455, 26.14227 ], [ 34.47387, 25.59856 ], [ 34.79507, 25.03375 ], [ 35.69241, 23.92671 ], [ 35.49372, 23.75237 ], [ 35.52598, 23.10244 ], [ 36.69069, 22.20485 ], [ 36.86623, 22.0 ], [ 36.510799882484747, 21.84910010292387 ], [ 36.140690913010147, 21.56123757111029 ], [ 36.072152214959296, 21.2322518204662 ], [ 35.935074818857593, 20.848435111381431 ], [ 35.647212287044013, 20.51944936073734 ], [ 35.564965849382993, 20.313833266584783 ], [ 35.647212287044013, 20.163048130872909 ], [ 36.031028996128782, 20.108217172432227 ], [ 36.222937350671167, 20.012262995161038 ], [ 36.229791220476251, 19.854623989644072 ], [ 35.989905777298276, 19.738108202957626 ], [ 35.81170516236606, 19.532492108805073 ], [ 35.777435813340631, 19.333729884457597 ], [ 35.859682251001651, 19.100698311084702 ], [ 36.133837043205062, 19.032159613033848 ], [ 36.414845705213551, 18.805981909466038 ], [ 36.66843888800171, 18.518119377652464 ], [ 36.908324331179685, 18.312503283499908 ], [ 37.107086555527161, 18.257672325059225 ], [ 37.292141040264461, 18.291941674084651 ], [ 37.436072306171248, 18.422165200381272 ], [ 37.481790000000103, 18.61409 ], [ 37.86276, 18.36786 ], [ 38.410089959473225, 17.998307399970315 ], [ 37.963820281162803, 17.983517532855814 ], [ 37.75820418701025, 17.819024657533767 ], [ 37.710227098374645, 17.613408563381213 ], [ 37.782021498379684, 17.400313321295293 ], [ 37.141355904552562, 17.455769557864258 ], [ 36.072152214959274, 17.071952848779485 ], [ 34.111945450704901, 16.126118815677728 ], [ 31.93241485268781, 15.180284782575971 ], [ 30.246362880636852, 14.673098416999668 ], [ 27.69672331314516, 14.261866228694554 ], [ 24.790682515789037, 14.124788832592852 ], [ 21.80239528077189, 14.179619791033533 ], [ 19.485787286653093, 14.261866228694554 ], [ 18.265798461347931, 14.631975198169155 ], [ 17.690073397720774, 15.029499646864096 ], [ 16.60716196851731, 15.413316355948865 ], [ 15.565373758144361, 15.495562793609889 ], [ 13.893029525703573, 15.331069918287845 ], [ 12.810118096500112, 15.427024095559037 ], [ 11.329682218601709, 16.002749159186195 ], [ 9.958908257584669, 16.770382577355736 ], [ 9.424306412788026, 16.93487545267778 ], [ 7.943870534889623, 16.975998671508293 ], [ 5.531308363499632, 16.619597441643862 ], [ 3.982333787550377, 16.729259358525226 ], [ 3.324362286262199, 17.003414150728631 ], [ 2.584144347312997, 17.921832704610047 ], [ 1.967296064855327, 18.648342903949082 ], [ 1.624602574601067, 18.758004820830443 ], [ 0.514275666177264, 18.799128039660957 ], [ -0.225942272771936, 18.63463516433891 ], [ -0.609758981856707, 18.442726809796525 ], [ -1.089529868212672, 18.18227975720329 ], [ -1.706378150670339, 17.812170787728686 ], [ -2.09019485975511, 17.661385652016811 ], [ -2.4191806103992, 17.524308255915109 ], [ -2.994905674026358, 17.387230859813403 ], [ -3.735123612975558, 17.332399901372725 ], [ -4.393095114263738, 17.373523120203235 ], [ -4.941404698670553, 17.400938599423576 ], [ -5.434883324636687, 17.524308255915109 ], [ -5.942069690212993, 17.784755308508345 ], [ -6.353301878518104, 18.058910100711753 ], [ -7.203181734348669, 18.195987496813459 ], [ -7.62812166226395, 18.154864277982945 ], [ -8.395755080433492, 17.853294006559196 ], [ -9.34158911353525, 17.894417225389706 ], [ -9.72540582262002, 17.921832704610047 ], [ -10.342254105077689, 18.100033319542263 ], [ -10.972810127145527, 18.319357153304988 ], [ -11.562242930382855, 18.442726809796522 ], [ -12.288753129721885, 18.620927424728738 ], [ -13.13863298555245, 18.620927424728738 ], [ -13.536157434247391, 18.593511945508396 ], [ -14.303790852416935, 18.415311330576181 ], [ -14.56423790501017, 18.264526194864306 ], [ -15.071424270586476, 17.990371402660898 ], [ -15.606026115383122, 17.921832704610047 ], [ -15.811642209535677, 17.921832704610047 ], [ -16.14634741867485, 18.108481553616656 ] ], [ [ 7.083709874351405, 26.773605557877588 ], [ 6.741016384097145, 26.814728776708101 ], [ 6.343491935402203, 26.801021037097929 ], [ 6.178999060080159, 26.746190078657246 ], [ 5.959675226317432, 26.526866244894521 ], [ 5.90484426787675, 26.362373369572474 ], [ 5.850013309436068, 26.047095358538556 ], [ 5.91855200748692, 25.745525087114807 ], [ 5.987090705537772, 25.526201253352081 ], [ 6.000798445147943, 25.375416117640206 ], [ 5.987090705537772, 25.101261325436798 ], [ 5.795182350995387, 24.881937491674073 ], [ 5.56215077762249, 24.676321397521516 ], [ 5.466196600351298, 24.4981207825893 ], [ 5.411365641910615, 24.265089209216402 ], [ 5.397657902300445, 24.073180854674018 ], [ 5.56215077762249, 23.867564760521461 ], [ 5.712935913334364, 23.703071885199417 ], [ 5.808890090605558, 23.401501613775668 ], [ 5.808890090605558, 23.099931342351919 ], [ 5.781474611385216, 22.83948428975868 ], [ 5.712935913334364, 22.579037237165444 ], [ 5.754059132164876, 22.250051486521354 ], [ 6.000798445147943, 22.071850871589138 ], [ 6.439446112673396, 22.263759226131523 ], [ 6.878093780198849, 22.716114633267146 ], [ 7.5497730210972, 22.908022987809531 ], [ 7.851343292520949, 22.75723785209766 ], [ 8.152913563944697, 22.592744976775613 ], [ 8.728638627571854, 22.620160455995954 ], [ 8.975377940554923, 22.743530112487488 ], [ 9.071332117826115, 23.045100383911237 ], [ 9.112455336656627, 23.415209353385837 ], [ 9.043916638605774, 23.689364145589245 ], [ 8.90683924250407, 24.045765375453676 ], [ 8.797177325622707, 24.292504688436743 ], [ 8.797177325622707, 24.607782699470661 ], [ 8.947962461334582, 24.758567835182539 ], [ 9.112455336656627, 24.785983314402877 ], [ 9.468856566521056, 24.648905918301175 ], [ 9.647057181453272, 24.361043386487594 ], [ 9.976042932097362, 23.785318322860441 ], [ 10.277613203521112, 23.524871270267202 ], [ 10.469521558063496, 23.319255176114645 ], [ 10.812215048317757, 23.12734682157226 ], [ 11.168616278182187, 23.031392644301064 ], [ 11.197253826977768, 23.025426488301985 ], [ 11.497602028826277, 22.962853946250213 ], [ 11.703218122978834, 22.962853946250213 ], [ 11.93624969635173, 23.099931342351919 ], [ 11.999505649471613, 23.47166840259645 ], [ 11.560669386449005, 24.097909247325518 ], [ 10.771363559622927, 24.562532050061751 ], [ 10.455813818453326, 25.156092283877481 ], [ 10.318736422351622, 25.334292898809696 ], [ 10.071997109368555, 25.594739951402932 ], [ 9.948627452877021, 25.759232826724979 ], [ 9.729303619114294, 25.923725702047022 ], [ 9.523687524961739, 26.143049535809748 ], [ 9.46097787023799, 26.243384983367747 ], [ 9.386610128860035, 26.362373369572474 ], [ 9.180994034707478, 26.636528161775885 ], [ 8.947962461334582, 26.691359120216564 ], [ 8.701223148351513, 26.705066859826736 ], [ 8.57785349185998, 26.513158505284352 ], [ 8.385945137317595, 26.389788848792815 ], [ 7.90617425096163, 26.307542411131795 ], [ 7.59089623992771, 26.307542411131795 ], [ 7.083709874351405, 26.773605557877588 ] ], [ [ 18.406302792352175, 21.753145925652674 ], [ 18.118440260538595, 21.739438186042506 ], [ 17.714061942038569, 21.842246233118782 ], [ 17.385076191394479, 22.051289262173885 ], [ 17.237717990585146, 22.26033229122898 ], [ 17.121202203898697, 22.507071604212051 ], [ 17.038458623407593, 22.844410816983491 ], [ 16.721656564332186, 22.996491151344188 ], [ 16.524915530856287, 22.945719271737502 ], [ 16.322726371606265, 22.661283674826503 ], [ 16.329580241411353, 22.322017119474758 ], [ 16.439242158292718, 21.986177499025587 ], [ 16.740812429716467, 21.629776269161155 ], [ 17.165752357631746, 21.335059867542491 ], [ 17.481030368665667, 20.985512507483147 ], [ 17.666084853402968, 20.622257407813631 ], [ 17.885408687165693, 20.221306024216169 ], [ 18.282933135860642, 19.936870427305099 ], [ 18.865512069292883, 19.450245671144049 ], [ 19.071128163445433, 19.381706973093216 ], [ 19.249328778377652, 19.361145363677942 ], [ 19.386406174479351, 19.395414712703385 ], [ 19.502921961165807, 19.491368889974563 ], [ 19.681122576098023, 19.703838853932204 ], [ 19.777076753369215, 20.039678474381375 ], [ 19.770222883564131, 20.396079704245807 ], [ 19.667414836487843, 20.79703108784333 ], [ 19.701684185513272, 21.019781856508569 ], [ 19.84926, 21.49509 ], [ 20.051231545572616, 21.866234777436617 ], [ 20.106062504013295, 22.250051486521389 ], [ 20.119770243623474, 22.575610302262898 ], [ 20.023816066352275, 22.688699154046844 ], [ 19.777076753369215, 22.733249307779857 ], [ 19.516629700775976, 22.664710609729006 ], [ 19.324721346233591, 22.507071604212047 ], [ 19.132812991691203, 22.335724859084916 ], [ 18.906635288123393, 22.130108764932363 ], [ 18.786225121666654, 22.005398235387879 ], [ 18.714726933581009, 21.93134654058489 ], [ 18.406302792352175, 21.753145925652674 ] ] ] ] } },
{ "type": "Feature", "properties": { "id": null, "Zone": "области высотной поясности" }, "geometry": { "type": "MultiPolygon", "coordinates": [ [ [ [ 37.782021498379684, 17.400313321295293 ], [ 37.710227098374645, 17.613408563381213 ], [ 37.75820418701025, 17.819024657533767 ], [ 37.963820281162803, 17.983517532855814 ], [ 38.410089959473225, 17.998307399970315 ], [ 38.990622999840014, 16.840626125551694 ], [ 39.26611006038803, 15.922723496967251 ], [ 40.246158926256172, 14.659390677389492 ], [ 40.972669125595203, 13.52164828974535 ], [ 41.068623302866399, 13.233785757931772 ], [ 41.205700698968101, 12.754014871575809 ], [ 41.205700698968101, 12.425029120931718 ], [ 41.013792344425717, 12.054920151457113 ], [ 40.773906901247734, 11.732788270618109 ], [ 40.70536820319689, 11.472341218024869 ], [ 40.684806593781637, 11.17077094660112 ], [ 40.904130427544359, 10.924031633618053 ], [ 41.239970047993538, 10.61560749238922 ], [ 41.37704744409524, 10.211229173889194 ], [ 41.308508746044389, 9.752019896948484 ], [ 41.178285219747771, 9.423034146304396 ], [ 41.054915563256237, 9.087194525855221 ], [ 40.945253646374859, 8.792478124236567 ], [ 40.410651801578211, 8.120798883338217 ], [ 39.958296394442591, 7.270919027507652 ], [ 39.670433862629011, 6.50328560933811 ], [ 39.314032632764579, 6.023514722982146 ], [ 39.039877840561175, 5.543743836626183 ], [ 38.64235339186623, 5.297004523643115 ], [ 38.450445037323846, 5.173634867151581 ], [ 37.874719973696685, 5.091388429490559 ], [ 37.696519358764476, 5.201050346371923 ], [ 37.504611004222085, 5.46149739896516 ], [ 37.449780045781409, 5.721944451558397 ], [ 37.545734223052598, 5.913852806100783 ], [ 37.943258671747543, 6.283961775575384 ], [ 38.258536682781461, 6.434746911287258 ], [ 38.464152776934014, 6.51699334894828 ], [ 38.587522433425548, 6.681486224270325 ], [ 38.203705724340779, 6.695193963880495 ], [ 37.874719973696685, 6.654070745049984 ], [ 37.532026483442429, 6.558116567778791 ], [ 37.134502034747484, 6.352500473626236 ], [ 36.682146627611864, 6.229130817134702 ], [ 36.462822793849135, 6.352500473626236 ], [ 36.407991835408453, 6.48957786972794 ], [ 36.394284095798284, 6.804855880761859 ], [ 36.517653752289817, 7.133841631405948 ], [ 36.778100804883053, 7.421704163219527 ], [ 36.9425936802051, 7.641027996982253 ], [ 36.9425936802051, 7.805520872304298 ], [ 36.736977586052546, 8.038552445677194 ], [ 36.462822793849135, 8.189337581389069 ], [ 36.106421563984711, 8.737647165795885 ], [ 36.120129303594879, 9.148879354100991 ], [ 36.298329918527095, 9.354495448253548 ], [ 36.49023827306948, 9.560111542406103 ], [ 36.723269846442378, 9.710896678117978 ], [ 37.011132378255958, 9.861681813829852 ], [ 37.477195525001754, 9.930220511880705 ], [ 37.861012234086523, 9.930220511880705 ], [ 38.094043807459421, 10.053590168372239 ], [ 38.02550510940857, 10.1632520852536 ], [ 37.81988901525601, 10.272914002134964 ], [ 37.586857441883112, 10.341452700185815 ], [ 36.887762721764425, 10.560776533948543 ], [ 36.613607929561013, 10.876054544982463 ], [ 36.503946012679656, 11.013131941084165 ], [ 36.462822793849142, 11.205040295626551 ], [ 36.517653752289824, 11.53402604627064 ], [ 36.599900189950844, 11.917842755355412 ], [ 36.997424638645782, 12.274243985219851 ], [ 37.422364566561058, 12.479860079372406 ], [ 37.723934837984807, 12.534691037813086 ], [ 37.833596754866171, 12.61693747547411 ], [ 37.819889015256003, 12.767722611185985 ], [ 37.723934837984807, 12.863676788457177 ], [ 37.614272921103449, 13.069292882609734 ], [ 37.559441962662767, 13.220078018321608 ], [ 37.669103879544124, 13.425694112474163 ], [ 37.984381890578049, 13.699848904677571 ], [ 38.43673729771367, 14.248158489084387 ], [ 38.710892089917081, 14.796468073491203 ], [ 38.710892089917081, 15.04320738647427 ], [ 38.683476610696736, 15.193992522186145 ], [ 38.464152776934014, 15.454439574779382 ], [ 38.313367641222136, 15.646347929321767 ], [ 38.217413463950948, 15.947918200745516 ], [ 38.272244422391623, 16.043872378016708 ], [ 38.395614078883156, 16.318027170220116 ], [ 38.189997984730603, 16.866336754626932 ], [ 37.782021498379684, 17.400313321295293 ] ] ] ] } },
{ "type": "Feature", "properties": { "id": null, "Zone": "полупустынь и пустынь" }, "geometry": { "type": "MultiPolygon", "coordinates": [ [ [ [ 49.72862, 11.5789 ], [ 49.190459021892352, 11.00627807127908 ], [ 48.742608420083648, 10.740603985460357 ], [ 48.3817023848923, 10.526507184923116 ], [ 47.33991417451935, 10.238644653109539 ], [ 46.887558767383723, 10.060444038177323 ], [ 46.22958726609555, 9.909658902465448 ], [ 44.89993652390902, 9.662919589482382 ], [ 44.379042418722541, 9.745166027143403 ], [ 44.036348928468286, 9.950782121295958 ], [ 43.597701260942827, 10.033028558956982 ], [ 43.172761333027545, 10.019320819346811 ], [ 42.52849757134954, 9.9781976005163 ], [ 42.15838860187494, 10.046736298567152 ], [ 41.801987372010508, 10.375722049211241 ], [ 41.473001621366414, 11.294140603092663 ], [ 41.294801006434199, 12.171435938143567 ], [ 41.205700698968101, 12.425029120931718 ], [ 41.205700698968101, 12.754014871575809 ], [ 41.068623302866399, 13.233785757931772 ], [ 40.972669125595203, 13.52164828974535 ], [ 40.464284593081537, 14.317797651983735 ], [ 40.246158926256172, 14.659390677389492 ], [ 39.26611006038803, 15.922723496967251 ], [ 39.814293654140215, 15.435647284400318 ], [ 41.179274936697652, 14.491079616753211 ], [ 41.734951613132353, 13.921036892141558 ], [ 42.276830682144862, 13.343992010954423 ], [ 42.589576450375262, 13.000421250861905 ], [ 43.081226027200159, 12.699638576707116 ], [ 43.317852410664671, 12.390148423711025 ], [ 43.286381463398925, 11.974928290245884 ], [ 42.715873650896526, 11.735640570518342 ], [ 43.145304803242141, 11.462039699748857 ], [ 43.470659620951665, 11.277709865763882 ], [ 43.666668328634842, 10.864169216348159 ], [ 44.11780358254282, 10.445538438351605 ], [ 44.614259067570856, 10.442205308468942 ], [ 45.556940545439147, 10.698029486529776 ], [ 46.645401238803004, 10.816549383991173 ], [ 47.525657586462785, 11.12722809492999 ], [ 48.021596307167783, 11.193063869669743 ], [ 48.37878380716927, 11.375481675660126 ], [ 48.948206414593471, 11.41062164961852 ], [ 48.948204758509853, 11.41061728169797 ], [ 49.26776, 11.43033 ], [ 49.72862, 11.5789 ] ] ] ] } },
{ "type": "Feature", "properties": { "id": null, "Zone": "области высотной поясности" }, "geometry": { "type": "MultiPolygon", "coordinates": [ [ [ [ -12.425928514037565, 9.835834051955956 ], [ -13.162621529870284, 9.858254878927339 ], [ -13.56357291346772, 10.204375304084113 ], [ -13.796604486840616, 10.478530096287521 ], [ -13.988512841383002, 10.560776533948543 ], [ -14.084467018654195, 10.574484273558713 ], [ -14.344914071247432, 10.656730711219737 ], [ -14.413452769298285, 10.834931326151951 ], [ -14.358621810857603, 11.040547420304506 ], [ -14.084467018654195, 11.259871254067233 ], [ -13.604696132298232, 11.657395702762175 ], [ -13.549865173857549, 12.17828980794865 ], [ -13.440203256976186, 12.452444600152058 ], [ -13.217818162478238, 12.575873521367967 ], [ -13.015263329060904, 12.411321381321546 ], [ -12.864478193349029, 12.219413026779161 ], [ -12.809647234908347, 12.082335630677457 ], [ -12.741108536857496, 11.808180838474049 ], [ -12.604031140755792, 11.698518921592687 ], [ -12.466953744654088, 11.698518921592687 ], [ -12.233922171281192, 11.698518921592687 ], [ -12.069429295959146, 11.698518921592687 ], [ -11.946059639467613, 11.643687963152004 ], [ -11.946059639467613, 11.438071868999449 ], [ -12.055721556348976, 11.205040295626553 ], [ -12.19279895245068, 10.930885503423145 ], [ -12.384707306993066, 10.574484273558713 ], [ -12.425928514037565, 9.835834051955956 ] ] ] ] } },
{ "type": "Feature", "properties": { "id": null, "Zone": "области высотной поясности" }, "geometry": { "type": "MultiPolygon", "coordinates": [ [ [ [ 43.597701260942827, 10.033028558956982 ], [ 44.036348928468286, 9.950782121295958 ], [ 44.379042418722541, 9.745166027143403 ], [ 44.89993652390902, 9.662919589482382 ], [ 46.22958726609555, 9.909658902465448 ], [ 46.887558767383723, 10.060444038177323 ], [ 47.33991417451935, 10.238644653109539 ], [ 48.3817023848923, 10.526507184923116 ], [ 48.742608420083648, 10.740603985460357 ], [ 48.696980395926225, 10.505945575507869 ], [ 48.436533343332982, 10.272914002134973 ], [ 48.258332728400774, 10.176959824863779 ], [ 47.970470196587193, 9.971343730711224 ], [ 47.696315404383782, 9.793143115779008 ], [ 47.47699157062106, 9.642357980067134 ], [ 47.25766773685833, 9.450449625524749 ], [ 47.038343903095608, 9.244833531372192 ], [ 46.764189110892197, 9.039217437219637 ], [ 46.51744979790913, 8.902140041117933 ], [ 46.339249182976914, 8.861016822287421 ], [ 46.06509439077351, 8.861016822287421 ], [ 45.763524119349761, 8.874724561897592 ], [ 45.544200285587031, 8.874724561897592 ], [ 45.215214534942945, 8.83360134306708 ], [ 45.10555261806158, 8.79247812423657 ], [ 44.886228784298851, 8.518323332033162 ], [ 44.803982346637831, 8.394953675541629 ], [ 44.694320429756466, 8.09338340411788 ], [ 44.529827554434419, 7.860351830744983 ], [ 44.351626939502211, 7.723274434643279 ], [ 44.077472147298799, 7.627320257372086 ], [ 43.748486396654712, 7.627320257372086 ], [ 43.446916125230963, 7.723274434643279 ], [ 43.090514895366532, 7.709566695033108 ], [ 42.926022020044485, 7.599904778151745 ], [ 42.926022020044485, 7.449119642439871 ], [ 42.994560718095336, 7.216088069066974 ], [ 43.035683936925849, 6.996764235304248 ], [ 43.076807155756363, 6.695193963880499 ], [ 43.131638114197045, 6.462162390507602 ], [ 43.145345853807214, 6.174299858694024 ], [ 43.131638114197045, 5.913852806100786 ], [ 43.035683936925849, 5.598574795066868 ], [ 42.871191061603803, 5.420374180134652 ], [ 42.679282707061418, 5.406666440524481 ], [ 42.3640046960275, 5.488912878185504 ], [ 42.062434424603751, 5.461497398965164 ], [ 41.815695111620684, 5.228465825592266 ], [ 41.692325455129151, 5.03655747104988 ], [ 41.40446292331557, 4.803525897676984 ], [ 41.144015870722335, 4.68015624118545 ], [ 40.842445599298586, 4.66644850157528 ], [ 40.458628890213816, 4.734987199626133 ], [ 40.157058618790067, 4.830941376897325 ], [ 39.965150264247683, 5.077680689880392 ], [ 39.896611566196832, 5.488912878185504 ], [ 40.006273483078189, 5.913852806100786 ], [ 40.129643139569723, 6.270254035965217 ], [ 40.29413601489177, 6.708901703490669 ], [ 40.362674712942621, 7.09271841257544 ], [ 40.486044369434154, 7.503950600880552 ], [ 40.760199161637566, 7.832936351524642 ], [ 41.144015870722335, 8.353830456711117 ], [ 41.377047444095233, 8.586862030084013 ], [ 41.870526070061366, 8.765062645016229 ], [ 42.542205310959716, 9.025509697609467 ], [ 42.939729759654654, 9.258541270982363 ], [ 43.597701260942827, 10.033028558956982 ] ] ] ] } },
{ "type": "Feature", "properties": { "id": null, "Zone": "жестколистных вечнозеленых лесов и кустарников (средиземноморского типа)" }, "geometry": { "type": "MultiPolygon", "coordinates": [ [ [ [ 18.221761508871481, -31.661632989225669 ], [ 18.546807123356423, -31.395187477880505 ], [ 18.697592259068301, -31.381479738270336 ], [ 18.848377394780169, -31.402041347685589 ], [ 18.958039311661537, -31.477433915541528 ], [ 19.136239926593753, -32.107989937609368 ], [ 19.273317322695458, -32.628884042795846 ], [ 19.369271499966651, -32.985285272660271 ], [ 19.602303073339545, -33.245732325253513 ], [ 19.876457865542953, -33.410225200575553 ], [ 20.404205840534516, -33.430786809990813 ], [ 20.918246075915906, -33.355394242134871 ], [ 21.644756275254935, -33.149778147982317 ], [ 22.261604557712605, -32.971577533050102 ], [ 22.837329621339762, -32.807084657728055 ], [ 23.10805747864061, -32.69056887104162 ], [ 23.183450046496571, -32.803657722825548 ], [ 23.327381312403336, -32.896184965194173 ], [ 23.512435797140661, -32.927027379317082 ], [ 23.724905761098277, -32.896184965194173 ], [ 24.273215345505093, -32.813938527533153 ], [ 24.619335770661912, -32.803657722825541 ], [ 24.944894586403443, -32.868769485973836 ], [ 25.177926159776341, -33.005846882075538 ], [ 25.493204170810259, -33.22517071583826 ], [ 25.757078158306058, -33.478763898626411 ], [ 25.909664340933489, -33.667040297176399 ], [ 25.780628289500697, -33.944646091448341 ], [ 25.172861769315972, -33.796851495093584 ], [ 24.677853224392123, -33.987175795224552 ], [ 23.594043409934642, -33.794474379208154 ], [ 22.988188917744736, -33.916430759416983 ], [ 22.574157342222236, -33.864082533505311 ], [ 21.542799106541025, -34.258838799782936 ], [ 20.689052768647002, -34.417175388325234 ], [ 20.071261020597632, -34.795136814107991 ], [ 19.616405063564571, -34.819166355123713 ], [ 19.193278435958717, -34.462598972309792 ], [ 18.85531456876987, -34.444305515278465 ], [ 18.42464318204938, -33.99787281670897 ], [ 18.377410922934615, -34.136520684548067 ], [ 18.24449913907992, -33.86775156019803 ], [ 18.250080193767445, -33.281430759414441 ], [ 17.925190463948439, -32.611290785453427 ], [ 18.247909783611192, -32.42913136162457 ], [ 18.221761508871481, -31.661632989225669 ] ] ] ] } },
{ "type": "Feature", "properties": { "id": null, "Zone": "переменно-влажных (в том числе муссонных) лесов" }, "geometry": { "type": "MultiPolygon", "coordinates": [ [ [ [ 35.385848253705404, -22.14 ], [ 35.562545536369086, -22.09 ], [ 35.533934767404304, -23.070787855727758 ], [ 35.371774122872381, -23.535358982031699 ], [ 35.607470330555628, -23.706563002214683 ], [ 35.458745558419622, -24.122609958596549 ], [ 35.040734897610662, -24.478350518493805 ], [ 34.215824008935471, -24.816314385682659 ], [ 33.013210076639012, -25.357573337507738 ], [ 32.574632195777866, -25.727318210556092 ], [ 32.660363396950089, -26.148584486599447 ], [ 32.915955031065693, -26.215867201443466 ], [ 32.830120477028885, -26.742191664336197 ], [ 32.580264926897684, -27.470157566031816 ], [ 32.462132602678452, -28.301011244420557 ], [ 32.203388706193039, -28.752404880490069 ], [ 31.521001417778876, -29.257386976846256 ], [ 31.325561150851001, -29.401977634398914 ], [ 30.901762729625347, -29.909956963828037 ], [ 30.622813348113819, -30.423775730106129 ], [ 30.055716180142781, -31.140269463832958 ], [ 28.925552605919538, -32.172041110972501 ], [ 28.2197558936771, -32.771952813448856 ], [ 27.464608188595975, -33.226963799778801 ], [ 26.419452345492825, -33.614950453426189 ], [ 25.909664340933489, -33.667040297176399 ], [ 25.757078158306058, -33.478763898626411 ], [ 25.493204170810259, -33.22517071583826 ], [ 26.534992381183212, -32.923600444414518 ], [ 26.89139361104764, -32.69056887104162 ], [ 27.960597300640934, -31.799565796380541 ], [ 28.714522979200307, -31.018224638600827 ], [ 29.194293865556268, -30.538453752244862 ], [ 29.852265366844449, -29.729697115244811 ], [ 30.537652347352967, -28.564539248380335 ], [ 30.935176796047909, -27.371965902295511 ], [ 31.032531433191959, -27.058605663988093 ], [ 31.373824463573364, -25.960068722447957 ], [ 31.441563455059146, -25.699534139810325 ], [ 31.552025078505576, -25.274681741939421 ], [ 31.510901859675066, -24.822326334803797 ], [ 31.96668420171325, -24.596148631235977 ], [ 32.99476467247603, -24.102670005269839 ], [ 33.968014184798129, -23.581775900083365 ], [ 34.721939863357498, -23.115712753337572 ], [ 35.050925614001592, -22.718188304642631 ], [ 35.385848253705404, -22.14 ] ] ] ] } },
{ "type": "Feature", "properties": { "id": null, "Zone": "полупустынь и пустынь" }, "geometry": { "type": "MultiPolygon", "coordinates": [ [ [ [ 13.312913852601866, -12.483630466362492 ], [ 13.495505077008637, -12.409968117794529 ], [ 13.666851822135758, -12.382552638574172 ], [ 13.893029525703579, -12.444237466819954 ], [ 14.050668531220529, -12.533337774286046 ], [ 14.153476578296818, -12.718392259023362 ], [ 14.174038187712062, -12.999400921031841 ], [ 14.139768838686646, -13.259847973625094 ], [ 14.036960791610358, -13.547710505438657 ], [ 13.906737265313749, -13.787595948616655 ], [ 13.721682780576439, -14.00006591257428 ], [ 13.420112509152691, -14.274220704777688 ], [ 13.276181243245912, -14.418151970684495 ], [ 13.091126758508601, -14.795114809964165 ], [ 12.762141007864511, -15.521625009303195 ], [ 12.686748440008584, -15.802633671311705 ], [ 12.693602309813659, -16.083642333320181 ], [ 12.748433268254351, -16.309820036888009 ], [ 12.858095185135703, -16.549705480065974 ], [ 13.584605384474735, -17.331046637845688 ], [ 14.119207229271382, -18.208341972896594 ], [ 14.222015276347673, -18.4962045047102 ], [ 14.269992364983256, -18.825190255354265 ], [ 14.242576885762915, -19.442038537811932 ], [ 14.338531063034107, -20.182256476761133 ], [ 14.448192979915468, -20.483826748184885 ], [ 14.646955204262943, -20.682588972532365 ], [ 15.065041262373136, -20.96359763454085 ], [ 15.517396669508759, -21.37482982284596 ], [ 15.681889544830813, -21.553030437778176 ], [ 15.791551461712167, -21.840892969591756 ], [ 15.956044337034211, -22.539987689710443 ], [ 16.038290774695234, -23.389867545541009 ], [ 16.106829472746089, -23.670876207549504 ], [ 16.312445566898642, -23.842222952676636 ], [ 16.476938442220689, -23.903907780922399 ], [ 16.641431317542732, -23.910761650727487 ], [ 16.87446289091563, -23.869638431896973 ], [ 17.066371245458015, -23.74626877540544 ], [ 17.244571860390231, -23.362452066320671 ], [ 17.518726652593639, -22.937512138405388 ], [ 17.648950178890257, -22.848411830939266 ], [ 17.83400466362756, -22.814142481913834 ], [ 18.039620757780114, -22.834704091329098 ], [ 18.210967502907241, -22.903242789379949 ], [ 18.697592259068294, -23.437844634176589 ], [ 19.561179854509028, -24.431655755913962 ], [ 19.895767856534434, -24.767790215760591 ], [ 20.644091283712488, -25.336366570185209 ], [ 21.06903121162777, -25.939507113032704 ], [ 21.288355045390496, -26.652309572761567 ], [ 21.576217577204076, -27.529604907812473 ], [ 21.973742025899018, -28.023083533778607 ], [ 22.460366782060078, -28.256115107151523 ], [ 22.988114757051626, -28.365777024032866 ], [ 23.714624956390658, -28.283530586371846 ], [ 24.002487488204245, -28.235553497736269 ], [ 24.208103582356792, -28.256115107151505 ], [ 24.4411351557297, -28.338361544812546 ], [ 24.591920291441564, -28.461731201304062 ], [ 24.715289947933108, -28.633077946431211 ], [ 24.824951864814462, -28.872963389609172 ], [ 24.872928953450067, -29.188241400643111 ], [ 24.852367344034803, -29.544642630507521 ], [ 24.495966114170376, -30.819462414253366 ], [ 24.122430209793219, -30.990809159380486 ], [ 23.711198021488109, -31.539118743787302 ], [ 23.327381312403336, -32.210797984685655 ], [ 23.10805747864061, -32.69056887104162 ], [ 22.837329621339762, -32.807084657728055 ], [ 22.261604557712605, -32.971577533050102 ], [ 21.644756275254935, -33.149778147982317 ], [ 20.918246075915906, -33.355394242134871 ], [ 20.404205840534516, -33.430786809990813 ], [ 19.876457865542953, -33.410225200575553 ], [ 19.602303073339545, -33.245732325253513 ], [ 19.369271499966651, -32.985285272660271 ], [ 19.273317322695458, -32.628884042795846 ], [ 19.136239926593753, -32.107989937609368 ], [ 18.958039311661537, -31.477433915541528 ], [ 18.848377394780169, -31.402041347685589 ], [ 18.697592259068301, -31.381479738270336 ], [ 18.546807123356423, -31.395187477880505 ], [ 18.221761508871481, -31.661632989225669 ], [ 17.566917758868868, -30.725721123987547 ], [ 17.064416131262703, -29.878641045859162 ], [ 17.062917514726223, -29.875953871379984 ], [ 16.344976840895242, -28.576705010697701 ], [ 15.601818068105816, -27.821247247022804 ], [ 15.210472446359461, -27.090955905874047 ], [ 14.989710727608553, -26.117371921495156 ], [ 14.743214145576331, -25.39292001719538 ], [ 14.408144158595833, -23.853014011329847 ], [ 14.385716586981149, -22.656652927340691 ], [ 14.257714064194175, -22.111208184499958 ], [ 13.86864220546866, -21.699036960539978 ], [ 13.352497999737439, -20.872834161057504 ], [ 12.826845330464494, -19.673165785401665 ], [ 12.608564080463621, -19.045348809487699 ], [ 11.794918654028066, -18.069129327061916 ], [ 11.734198846085121, -17.301889336824473 ], [ 11.640096062881611, -16.673142185129251 ], [ 11.778537224991537, -15.793816013250735 ], [ 12.123580763404391, -14.878316338767904 ], [ 12.175618930722294, -14.449143568583892 ], [ 12.500095249082991, -13.54769988368445 ], [ 12.738478631245385, -13.137905775609902 ], [ 13.312913852601866, -12.483630466362492 ] ] ] ] } },
{ "type": "Feature", "properties": { "id": null, "Zone": "саванн и редколесий" }, "geometry": { "type": "MultiPolygon", "coordinates": [ [ [ [ 12.227347039446471, -6.294447523629394 ], [ 13.310450592271327, -6.275754642243257 ], [ 13.982129833169676, -6.508786215616154 ], [ 14.873132907830751, -7.317542852616207 ], [ 15.599643107169783, -7.605405384429785 ], [ 15.873797899373191, -7.605405384429785 ], [ 16.394692004559666, -7.577989905209445 ], [ 16.696262275983415, -7.550574425989104 ], [ 17.011540287017333, -7.612259254234869 ], [ 17.472970004962235, -8.0685511206417 ], [ 17.806589184407215, -8.921348387006141 ], [ 18.108159455830965, -9.35314218472651 ], [ 18.306921680178434, -9.517635060048555 ], [ 18.464560685695396, -9.599881497709577 ], [ 18.793546436339483, -9.53819666946381 ], [ 18.820961915559824, -9.428534752582447 ], [ 18.841523524975081, -9.216064788624806 ], [ 18.868939004195422, -8.989887085056994 ], [ 18.793546436339483, -8.475846849675603 ], [ 18.759277087314057, -8.297646234743389 ], [ 18.656469040237781, -8.002929833124725 ], [ 18.637036981711102, -7.891195496596321 ], [ 18.574222602576757, -7.530012816573846 ], [ 18.622199691212355, -7.269565763980609 ], [ 18.779838696729314, -6.96799549255686 ], [ 18.985454790881871, -6.721256179573793 ], [ 19.245901843475107, -6.591032653277174 ], [ 19.753088209051413, -6.42653977795513 ], [ 20.356228751898911, -6.296316251658511 ], [ 20.637237413907403, -6.303170121463596 ], [ 21.055323472017598, -6.460809126980557 ], [ 21.548802097983735, -6.769233268209391 ], [ 21.74071045252612, -7.187319326319589 ], [ 21.816103020382066, -7.58484377501453 ], [ 21.96688815609394, -8.215399797082368 ], [ 22.117673291805815, -9.072133522718019 ], [ 22.384974214204135, -9.305165096090915 ], [ 22.487782261280415, -9.229772528234978 ], [ 22.741375444068559, -8.85623662385783 ], [ 22.960699277831285, -8.383319607306952 ], [ 22.967553147636373, -7.396362355374683 ], [ 22.940137668416028, -6.546482499544119 ], [ 23.118338283348244, -6.203789009289859 ], [ 23.378785335941483, -5.970757435916963 ], [ 23.58440143009404, -5.915926477476281 ], [ 23.885971701517789, -6.039296133967815 ], [ 24.023049097619491, -6.258619967730541 ], [ 24.324619369043241, -6.806929552137357 ], [ 24.461696765144943, -7.314115917713662 ], [ 24.598774161246649, -7.725348106018774 ], [ 24.70843607812801, -7.862425502120477 ], [ 24.818097995009374, -7.876133241730647 ], [ 25.064837307992441, -7.944671939781499 ], [ 25.338992100195849, -7.766471324849284 ], [ 25.36640757941619, -7.24557721966281 ], [ 25.476069496297555, -6.57389797876446 ], [ 25.599439152789088, -6.272327707340711 ], [ 25.846178465772155, -6.053003873577985 ], [ 26.709766061212889, -5.628063945662703 ], [ 27.600769135873968, -5.449863330730487 ], [ 28.450648991704529, -5.353909153459295 ], [ 29.32109045695038, -5.3641899581669 ], [ 29.458600634507789, -5.739217715141658 ], [ 29.471875592662251, -5.775422146472013 ], [ 29.488811254456778, -6.139538875054362 ], [ 29.499291071882592, -6.364854949709341 ], [ 29.341652066365629, -6.625302002302579 ], [ 29.273113368314778, -6.830918096455136 ], [ 29.423898504026653, -7.043388060412777 ], [ 29.540414290713102, -7.098219018853459 ], [ 29.807715213111425, -7.379227680861952 ], [ 29.841984562136851, -7.598551514624678 ], [ 29.85569230174702, -7.858998567217917 ], [ 29.931084869602959, -7.98236822370945 ], [ 30.164116442975857, -8.071468531175558 ], [ 30.280632229662302, -8.112591750006068 ], [ 30.390294146543667, -8.160568838641666 ], [ 30.477022819104366, -8.272077131933996 ], [ 30.486248323814859, -8.283938495133199 ], [ 30.554787021865714, -8.599216506167117 ], [ 30.47254058420469, -8.8391019493451 ], [ 30.410855755958924, -9.092695132133253 ], [ 30.369732537128414, -9.503927320438365 ], [ 30.438271235179265, -9.771228242836688 ], [ 30.561640891670798, -9.874036289912965 ], [ 30.904334381925057, -9.894597899328222 ], [ 31.10309660627253, -9.784935982446859 ], [ 31.274443351399658, -9.66842019576041 ], [ 31.466351705942046, -9.49707345063328 ], [ 31.521182664382728, -9.31201896589598 ], [ 31.726798758535281, -9.222918658429872 ], [ 31.836460675416646, -9.394265403557002 ], [ 31.836460675416646, -9.627296976929898 ], [ 31.857022284831903, -9.867182420107881 ], [ 31.891291633857328, -9.9974059464045 ], [ 32.076346118594628, -10.017967555819755 ], [ 32.165446426060733, -9.969990467184159 ], [ 32.357354780603117, -9.832913071082455 ], [ 32.549263135145509, -9.695835674980751 ], [ 32.850833406569258, -9.66842019576041 ], [ 32.98791080267096, -9.66842019576041 ], [ 33.23770506329344, -9.697807755833642 ], [ 33.453973949416756, -9.723251154201092 ], [ 33.782959700060836, -9.702689544785835 ], [ 33.947394907796848, -9.702689544785835 ], [ 34.063968362069325, -9.702689544785835 ], [ 34.201045758171034, -10.011113686014669 ], [ 34.118799320510007, -10.203022040557055 ], [ 33.968014184798136, -10.408638134709612 ], [ 33.865206137721856, -10.552569400616401 ], [ 33.782959700060843, -11.046048026582538 ], [ 33.769251960450674, -11.77255822592157 ], [ 33.865206137721863, -12.361991029158897 ], [ 33.920037096162545, -12.965131572006396 ], [ 34.015991273433741, -13.828719167447129 ], [ 34.153068669535443, -14.212535876531902 ], [ 34.459633416488543, -14.613009535381423 ], [ 34.660255035111753, -14.945899945676022 ], [ 34.8247479104338, -15.021292513531959 ], [ 35.146879791272802, -14.925338336260765 ], [ 35.201710749713484, -14.706014502498039 ], [ 35.201710749713484, -14.500398408345482 ], [ 35.201710749713484, -14.164558787896308 ], [ 35.103713192994398, -13.741069346360248 ], [ 35.0098023951711, -13.335240541480999 ], [ 34.811040170823631, -12.786930957074183 ], [ 34.74250147277278, -12.053566887930065 ], [ 34.872724999069398, -11.827389184362254 ], [ 34.941263697120249, -11.710873397675806 ], [ 35.002572998121188, -11.472448338227695 ], [ 35.002948525366016, -11.470987954497824 ], [ 35.0098023951711, -11.285933469760524 ], [ 34.961825306535509, -10.984363198336775 ], [ 34.879578868874482, -10.765039364574049 ], [ 34.84530951984906, -10.675939057107941 ], [ 34.769916951993117, -10.456615223345214 ], [ 34.653401165306676, -10.017967555819762 ], [ 34.646547295501584, -9.935721118158739 ], [ 34.74250147277278, -9.750666633421439 ], [ 34.838455650043976, -9.675274065565501 ], [ 34.968679176340594, -9.586173758099392 ], [ 35.174295270493147, -9.627296976929903 ], [ 35.393619104255876, -9.8603285503028 ], [ 35.722604854899963, -10.120775602896037 ], [ 35.791143552950814, -10.113921733090953 ], [ 35.983051907493198, -9.949428857768908 ], [ 36.099567694179648, -9.743812763616353 ], [ 36.044736735738965, -9.490219580828199 ], [ 35.866536120806749, -9.222918658429876 ], [ 35.626650677628767, -8.941909996421384 ], [ 35.160587530882978, -8.80483260031968 ], [ 34.47520055037446, -8.900786777590872 ], [ 34.18733801856088, -9.00359482466715 ], [ 33.700713262399837, -8.969325475641725 ], [ 33.43341234000151, -8.873371298370532 ], [ 33.042741761111657, -8.516970068506101 ], [ 32.871395015984525, -8.235961406497609 ], [ 32.754879229298076, -7.783605999361985 ], [ 32.672632791637056, -7.61911312403994 ], [ 32.576678614365861, -7.420350899692469 ], [ 32.412185739043821, -7.379227680861958 ], [ 32.213423514696345, -7.365519941251788 ], [ 32.028369029959045, -7.571136035404344 ], [ 32.035222899764129, -7.756190520141644 ], [ 32.192861905281092, -8.064614661370477 ], [ 32.302523822162456, -8.325061713963716 ], [ 32.398477999433645, -8.660901334412891 ], [ 32.384770259823476, -8.832248079540021 ], [ 32.191864861791942, -8.930358981973257 ], [ 31.829606805611576, -8.797978730514593 ], [ 31.438936226721719, -8.359331062989142 ], [ 31.205904653348821, -7.571136035404344 ], [ 30.739841506603025, -7.022826450997529 ], [ 30.390294146543681, -6.673279090938184 ], [ 30.294339969272485, -6.467662996785627 ], [ 30.198385792001293, -6.262046902633072 ], [ 30.07501613550976, -5.933061151988982 ], [ 30.033892916679225, -5.49441348446353 ], [ 30.499956063425017, -5.33677447894657 ], [ 31.157927564713198, -4.959811639666884 ], [ 31.781629716975949, -4.541725581556687 ], [ 32.281962212747167, -4.055100825395638 ], [ 32.508139916314981, -3.712407335141378 ], [ 32.610947963391261, -3.328590626056607 ], [ 32.610947963391261, -2.979043265997262 ], [ 32.60409409358617, -2.75286556242945 ], [ 32.60409409358617, -2.506126249446383 ], [ 32.631509572806515, -2.177140498802293 ], [ 32.720609880272619, -1.608269304980222 ], [ 32.939933714035348, -1.210744856285281 ], [ 32.919372104620095, -0.991421022522554 ], [ 32.91975539210074, -0.987358175227702 ], [ 32.953641453645517, -0.628165922853039 ], [ 33.070157240331966, -0.134687296886905 ], [ 33.124988198772648, 0.166882974536844 ], [ 33.145549808187901, 0.495868725180934 ], [ 33.083864979942135, 1.016762830367409 ], [ 33.248357855264182, 1.441702758282691 ], [ 33.371727511755715, 1.74327302970644 ], [ 33.515658777662502, 2.312144223528511 ], [ 33.543074256882846, 2.545175796901408 ], [ 33.378581381560799, 3.052362162477713 ], [ 33.227796245848928, 3.223708907604843 ], [ 32.802856317933646, 3.607525616689613 ], [ 32.542490437079202, 3.750471590492053 ], [ 32.453308957874299, 3.799433971231999 ], [ 32.186008035475979, 3.99819619557947 ], [ 31.754214237755608, 4.258643248172707 ], [ 31.432082356916602, 4.423136123494752 ], [ 31.075681127052174, 4.567067389401541 ], [ 30.760403116018253, 4.683583176087989 ], [ 30.602764110501294, 4.752121874138842 ], [ 30.006477437458884, 4.978299577706653 ], [ 29.423898504026642, 5.129084713418528 ], [ 27.922901016712977, 5.389531766011764 ], [ 27.285491124840053, 5.478632073477872 ], [ 27.246298139629278, 5.48612117893216 ], [ 26.209433565441678, 5.684248167630428 ], [ 25.359553709611113, 5.732225256266025 ], [ 24.818097995009381, 5.739079126071109 ], [ 24.468550634950038, 5.807617824121961 ], [ 23.275977288865221, 6.170872923791478 ], [ 22.542613219721101, 6.397050627359289 ], [ 21.884641718432924, 6.527274153655908 ], [ 21.404870832076959, 6.513566414045737 ], [ 21.041615732407443, 6.506712544240653 ], [ 20.534429366831141, 6.486150934825397 ], [ 20.054658480475176, 6.41075836696946 ], [ 18.923769962636118, 6.205142272816904 ], [ 17.62153469966993, 5.869302652367729 ], [ 17.052663505847857, 5.848741042952473 ], [ 16.03143690489016, 5.780202344901621 ], [ 15.160995439644342, 5.876156522172813 ], [ 14.667516813678207, 6.08177261632537 ], [ 14.532028016722228, 6.181422441183309 ], [ 14.136341903784079, 6.472443195215218 ], [ 14.396788956377316, 6.49985867443556 ], [ 14.698359227801065, 6.582105112096582 ], [ 14.86285210312311, 6.650643810147434 ], [ 14.909421340798161, 6.676256890868713 ], [ 15.137006895326518, 6.801428945859309 ], [ 15.274084291428222, 6.911090862740672 ], [ 15.520823604411289, 7.17153791533391 ], [ 15.575654562851971, 7.322323051045784 ], [ 15.628176126249771, 7.453626959540285 ], [ 15.657901000512993, 7.52793914519834 ], [ 15.657901000512993, 7.678724280910215 ], [ 15.589362302462142, 7.802093937401748 ], [ 15.507115864801118, 7.84321715623226 ], [ 15.353240278642835, 7.873992273463917 ], [ 15.301499770648563, 7.884340375062771 ], [ 15.123299155716348, 7.8706326354526 ], [ 14.999929499224814, 7.747262978961067 ], [ 14.86285210312311, 7.637601062079703 ], [ 14.588697310919702, 7.431984967927147 ], [ 14.451619914817998, 7.377154009486466 ], [ 14.16375738300442, 7.336030790655954 ], [ 13.999264507682375, 7.336030790655954 ], [ 13.930725809631522, 7.459400447147488 ], [ 13.917018070021353, 7.665016541300044 ], [ 13.944433549241692, 7.82950941662209 ], [ 13.985556768072204, 7.980294552333964 ], [ 13.985556768072204, 8.117371948435668 ], [ 13.889602590801012, 8.19961838609669 ], [ 13.683986496648455, 8.240741604927202 ], [ 13.560616840156921, 8.185910646486519 ], [ 13.49207814210607, 8.117371948435668 ], [ 13.272754308343343, 8.035125510774645 ], [ 13.135676912241639, 8.021417771164476 ], [ 13.039722734970447, 8.035125510774645 ], [ 12.888937599258572, 8.158495167266178 ], [ 12.806691161597549, 8.240741604927202 ], [ 12.697029244716186, 8.295572563367884 ], [ 12.532536369394141, 8.322988042588223 ], [ 12.381751233682266, 8.364111261418735 ], [ 12.218872104550599, 8.305824082874324 ], [ 12.011642264207666, 8.035125510774645 ], [ 11.949957435961897, 7.891194244867856 ], [ 11.922541956741558, 7.733555239350897 ], [ 11.901980347326301, 7.582770103639022 ], [ 11.839308709366803, 7.397042344589437 ], [ 11.20288562720761, 6.979629560791524 ], [ 10.911665804407518, 6.752114074228951 ], [ 10.764237959682157, 6.636936070537264 ], [ 10.599745084360112, 6.595812851706752 ], [ 10.421544469427896, 6.678059289367775 ], [ 10.325590292156704, 6.760305727028797 ], [ 10.215928375275341, 6.82884442507965 ], [ 10.133681937614321, 6.808282815664439 ], [ 10.024020020732955, 6.650643810147434 ], [ 9.989750671707533, 6.506712544240692 ], [ 9.540992260229142, 6.47145295476739 ], [ 9.030208898995603, 6.431319976384755 ], [ 8.043251647063332, 6.403904497164413 ], [ 7.138540832792085, 6.540981893266117 ], [ 6.028213924368282, 6.979629560791571 ], [ 4.451823869198684, 7.445692707537366 ], [ 3.711605930249481, 7.514231405588218 ], [ 3.03992668935113, 7.25378435299498 ], [ 2.71520244064989, 6.919219975545217 ], [ 2.587571282215507, 6.787721206249186 ], [ 2.331396952227199, 6.207958248907226 ], [ 1.865240512712319, 6.142157701029731 ], [ 1.437575972464828, 6.038260179595737 ], [ 1.060121697604927, 5.928837388528876 ], [ 0.312086506927228, 6.061211006910137 ], [ -0.23622307747959, 6.390196757554227 ], [ -0.496670130072827, 6.664351549757635 ], [ -0.715993963835554, 6.979629560791555 ], [ -1.442504163174585, 7.418277228317008 ], [ -1.634412517716971, 7.431984967927178 ], [ -2.182722102123787, 7.390861749096667 ], [ -2.676200728089921, 7.240076613384793 ], [ -3.060167335074703, 7.048093309892402 ], [ -3.306756750157761, 6.924798602350873 ], [ -3.663157980022191, 6.80142894585934 ], [ -4.074390168327303, 6.760305727028829 ], [ -4.828315846886676, 6.719182508198317 ], [ -5.499995087785026, 6.911090862740703 ], [ -6.089427891022353, 7.1441224361136 ], [ -6.692568433869852, 7.349738530266156 ], [ -7.569863768920756, 7.500523665978029 ], [ -8.104465613717402, 7.747262978961096 ], [ -8.258867438873637, 7.848843127090198 ], [ -8.625359718903878, 8.089956469215355 ], [ -8.940637729937798, 8.281864823757742 ], [ -9.502655053954784, 8.610850574401832 ], [ -9.845348544209045, 8.789051189334048 ], [ -10.503320045497224, 9.076913721147626 ], [ -10.63647489260376, 9.141473647017461 ], [ -10.955675452632848, 9.296237554910352 ], [ -11.627354693531197, 9.57039234711376 ], [ -12.425928514037565, 9.835834051955956 ], [ -12.384707306993066, 10.574484273558713 ], [ -12.19279895245068, 10.930885503423145 ], [ -12.055721556348976, 11.205040295626553 ], [ -11.946059639467613, 11.438071868999449 ], [ -11.946059639467613, 11.643687963152004 ], [ -12.069429295959146, 11.698518921592687 ], [ -12.233922171281192, 11.698518921592687 ], [ -12.466953744654088, 11.698518921592687 ], [ -12.604031140755792, 11.698518921592687 ], [ -12.741108536857496, 11.808180838474049 ], [ -12.809647234908347, 12.082335630677457 ], [ -12.864478193349029, 12.219413026779161 ], [ -13.015263329060904, 12.411321381321546 ], [ -13.217818162478238, 12.575873521367967 ], [ -13.440203256976186, 12.452444600152058 ], [ -13.549865173857549, 12.17828980794865 ], [ -13.604696132298232, 11.657395702762175 ], [ -14.084467018654195, 11.259871254067233 ], [ -14.358621810857603, 11.040547420304506 ], [ -14.413452769298285, 10.834931326151951 ], [ -14.344914071247432, 10.656730711219737 ], [ -14.084467018654195, 10.574484273558713 ], [ -13.988512841383002, 10.560776533948543 ], [ -13.796604486840616, 10.478530096287521 ], [ -13.56357291346772, 10.204375304084113 ], [ -13.162621529870284, 9.858254878927339 ], [ -14.074044969122282, 9.886166897008252 ], [ -14.330075852912371, 10.015719712763968 ], [ -14.579698859098258, 10.214467271358515 ], [ -14.693231980843505, 10.656300767454042 ], [ -14.839553798877944, 10.876571560098141 ], [ -15.130311245168173, 11.040411688679526 ], [ -15.664180467175527, 11.458474025920795 ], [ -16.085214199273565, 11.52459402103824 ], [ -16.314786749730203, 11.80651479740655 ], [ -16.30894731288123, 11.95870189050612 ], [ -16.613838263403281, 12.170911159712702 ], [ -16.677451951554573, 12.384851589401052 ], [ -16.841524624081273, 13.151393947802561 ], [ -16.713728807023472, 13.594958604379855 ], [ -17.126106736712615, 14.373515733289224 ], [ -17.625042690490659, 14.729540513564073 ], [ -17.185172898822231, 14.919477240452862 ], [ -16.700706346085923, 15.621527411354108 ], [ -16.463098110407884, 16.13503611903846 ], [ -16.549707810929064, 16.673892116761962 ], [ -16.270551723688357, 17.166962795474873 ], [ -16.14634741867485, 18.108481553616656 ], [ -15.811642209535677, 17.921832704610047 ], [ -15.606026115383122, 17.921832704610047 ], [ -15.071424270586476, 17.990371402660898 ], [ -14.56423790501017, 18.264526194864306 ], [ -14.303790852416935, 18.415311330576181 ], [ -13.536157434247391, 18.593511945508396 ], [ -13.13863298555245, 18.620927424728738 ], [ -12.288753129721885, 18.620927424728738 ], [ -11.562242930382855, 18.442726809796522 ], [ -10.972810127145527, 18.319357153304988 ], [ -10.342254105077689, 18.100033319542263 ], [ -9.72540582262002, 17.921832704610047 ], [ -9.34158911353525, 17.894417225389706 ], [ -8.395755080433492, 17.853294006559196 ], [ -7.62812166226395, 18.154864277982945 ], [ -7.203181734348669, 18.195987496813459 ], [ -6.353301878518104, 18.058910100711753 ], [ -5.942069690212993, 17.784755308508345 ], [ -5.634061119626594, 17.626588745234251 ], [ -5.434883324636687, 17.524308255915109 ], [ -4.941404698670553, 17.400938599423576 ], [ -4.393095114263738, 17.373523120203235 ], [ -3.735123612975558, 17.332399901372725 ], [ -2.994905674026358, 17.387230859813403 ], [ -2.4191806103992, 17.524308255915109 ], [ -2.09019485975511, 17.661385652016811 ], [ -1.706378150670339, 17.812170787728686 ], [ -1.089529868212672, 18.18227975720329 ], [ -0.609758981856707, 18.442726809796525 ], [ -0.225942272771936, 18.63463516433891 ], [ 0.514275666177264, 18.799128039660957 ], [ 1.624602574601067, 18.758004820830443 ], [ 1.967296064855327, 18.648342903949082 ], [ 2.584144347312997, 17.921832704610047 ], [ 3.324362286262199, 17.003414150728631 ], [ 3.982333787550377, 16.729259358525226 ], [ 4.159290967214613, 16.716731416602094 ], [ 5.531308363499632, 16.619597441643862 ], [ 7.943870534889623, 16.975998671508293 ], [ 9.424306412788026, 16.93487545267778 ], [ 9.958908257584669, 16.770382577355736 ], [ 11.329682218601709, 16.002749159186195 ], [ 12.810118096500112, 15.427024095559037 ], [ 13.857396812446074, 15.334227247310661 ], [ 13.893029525703573, 15.331069918287845 ], [ 15.565373758144361, 15.495562793609889 ], [ 16.60716196851731, 15.413316355948865 ], [ 17.690073397720774, 15.029499646864096 ], [ 18.265798461347931, 14.631975198169155 ], [ 19.485787286653093, 14.261866228694554 ], [ 21.80239528077189, 14.179619791033533 ], [ 22.445406916196202, 14.167821412401894 ], [ 24.790682515789037, 14.124788832592852 ], [ 27.69672331314516, 14.261866228694554 ], [ 30.246362880636852, 14.673098416999668 ], [ 31.93241485268781, 15.180284782575971 ], [ 34.111945450704901, 16.126118815677728 ], [ 36.072152214959274, 17.071952848779485 ], [ 37.141355904552562, 17.455769557864258 ], [ 37.782021498379684, 17.400313321295293 ], [ 38.189997984730603, 16.866336754626932 ], [ 38.395614078883156, 16.318027170220116 ], [ 38.272244422391623, 16.043872378016708 ], [ 38.217413463950948, 15.947918200745516 ], [ 38.313367641222136, 15.646347929321767 ], [ 38.464152776934014, 15.454439574779382 ], [ 38.683476610696736, 15.193992522186145 ], [ 38.710892089917081, 15.04320738647427 ], [ 38.710892089917081, 14.796468073491203 ], [ 38.578545061547381, 14.531774016751811 ], [ 38.43673729771367, 14.248158489084387 ], [ 37.984381890578049, 13.699848904677571 ], [ 37.669103879544124, 13.425694112474163 ], [ 37.559441962662767, 13.220078018321608 ], [ 37.614272921103449, 13.069292882609734 ], [ 37.723934837984807, 12.863676788457177 ], [ 37.819889015256003, 12.767722611185985 ], [ 37.833596754866171, 12.61693747547411 ], [ 37.723934837984807, 12.534691037813086 ], [ 37.422364566561058, 12.479860079372406 ], [ 36.997424638645782, 12.274243985219851 ], [ 36.599900189950844, 11.917842755355412 ], [ 36.517653752289824, 11.53402604627064 ], [ 36.462822793849142, 11.205040295626551 ], [ 36.503946012679656, 11.013131941084165 ], [ 36.613607929561013, 10.876054544982463 ], [ 36.887762721764425, 10.560776533948543 ], [ 37.586857441883112, 10.341452700185815 ], [ 37.81988901525601, 10.272914002134964 ], [ 38.02550510940857, 10.1632520852536 ], [ 38.094043807459421, 10.053590168372239 ], [ 37.861012234086523, 9.930220511880705 ], [ 37.477195525001754, 9.930220511880705 ], [ 37.011132378255958, 9.861681813829852 ], [ 36.723269846442378, 9.710896678117978 ], [ 36.49023827306948, 9.560111542406103 ], [ 36.298329918527095, 9.354495448253548 ], [ 36.120129303594879, 9.148879354100991 ], [ 36.106421563984711, 8.737647165795885 ], [ 36.462822793849135, 8.189337581389069 ], [ 36.736977586052546, 8.038552445677194 ], [ 36.9425936802051, 7.805520872304298 ], [ 36.9425936802051, 7.641027996982253 ], [ 36.778100804883053, 7.421704163219527 ], [ 36.517653752289817, 7.133841631405948 ], [ 36.394284095798284, 6.804855880761859 ], [ 36.407991835408453, 6.48957786972794 ], [ 36.462822793849135, 6.352500473626236 ], [ 36.682146627611864, 6.229130817134702 ], [ 37.134502034747484, 6.352500473626236 ], [ 37.532026483442429, 6.558116567778791 ], [ 37.874719973696685, 6.654070745049984 ], [ 38.203705724340779, 6.695193963880495 ], [ 38.587522433425548, 6.681486224270325 ], [ 38.464152776934014, 6.51699334894828 ], [ 38.258536682781461, 6.434746911287258 ], [ 37.943258671747543, 6.283961775575384 ], [ 37.545734223052598, 5.913852806100783 ], [ 37.449780045781409, 5.721944451558397 ], [ 37.504611004222085, 5.46149739896516 ], [ 37.696519358764476, 5.201050346371923 ], [ 37.874719973696685, 5.091388429490559 ], [ 38.450445037323846, 5.173634867151581 ], [ 38.64235339186623, 5.297004523643115 ], [ 39.039877840561175, 5.543743836626183 ], [ 39.314032632764579, 6.023514722982146 ], [ 39.670433862629011, 6.50328560933811 ], [ 39.958296394442591, 7.270919027507652 ], [ 40.410651801578211, 8.120798883338217 ], [ 40.945253646374859, 8.792478124236567 ], [ 41.054915563256237, 9.087194525855221 ], [ 41.178285219747771, 9.423034146304396 ], [ 41.308508746044389, 9.752019896948484 ], [ 41.37704744409524, 10.211229173889194 ], [ 41.239970047993538, 10.61560749238922 ], [ 40.904130427544359, 10.924031633618053 ], [ 40.684806593781637, 11.17077094660112 ], [ 40.70536820319689, 11.472341218024869 ], [ 40.773906901247734, 11.732788270618109 ], [ 41.013792344425717, 12.054920151457113 ], [ 41.205700698968101, 12.425029120931718 ], [ 41.294801006434199, 12.171435938143567 ], [ 41.473001621366414, 11.294140603092663 ], [ 41.801987372010508, 10.375722049211241 ], [ 42.15838860187494, 10.046736298567152 ], [ 42.52849757134954, 9.9781976005163 ], [ 42.941439061682516, 10.004555567984362 ], [ 43.172761333027545, 10.019320819346811 ], [ 43.597701260942827, 10.033028558956982 ], [ 43.241160474989421, 9.613350342157664 ], [ 42.939729759654654, 9.258541270982363 ], [ 42.542205310959716, 9.025509697609467 ], [ 41.870526070061366, 8.765062645016229 ], [ 41.377047444095233, 8.586862030084013 ], [ 41.144015870722335, 8.353830456711117 ], [ 40.760199161637566, 7.832936351524642 ], [ 40.486044369434154, 7.503950600880552 ], [ 40.362674712942621, 7.09271841257544 ], [ 40.29413601489177, 6.708901703490669 ], [ 40.129643139569723, 6.270254035965217 ], [ 40.006273483078189, 5.913852806100786 ], [ 39.896611566196832, 5.488912878185504 ], [ 39.965150264247683, 5.077680689880392 ], [ 40.157058618790067, 4.830941376897325 ], [ 40.458628890213816, 4.734987199626133 ], [ 40.842445599298586, 4.66644850157528 ], [ 41.144015870722335, 4.68015624118545 ], [ 41.40446292331557, 4.803525897676984 ], [ 41.692325455129151, 5.03655747104988 ], [ 41.815695111620684, 5.228465825592266 ], [ 42.062434424603751, 5.461497398965164 ], [ 42.3640046960275, 5.488912878185504 ], [ 42.679282707061418, 5.406666440524481 ], [ 42.871191061603803, 5.420374180134652 ], [ 43.035683936925849, 5.598574795066868 ], [ 43.131638114197045, 5.913852806100786 ], [ 43.145345853807214, 6.174299858694024 ], [ 43.131638114197045, 6.462162390507602 ], [ 43.076807155756363, 6.695193963880499 ], [ 43.035683936925849, 6.996764235304248 ], [ 42.994560718095336, 7.216088069066974 ], [ 42.926022020044485, 7.449119642439871 ], [ 42.926022020044485, 7.599904778151745 ], [ 43.090514895366532, 7.709566695033108 ], [ 43.446916125230963, 7.723274434643279 ], [ 43.748486396654712, 7.627320257372086 ], [ 44.077472147298799, 7.627320257372086 ], [ 44.351626939502211, 7.723274434643279 ], [ 44.529827554434419, 7.860351830744983 ], [ 44.694320429756466, 8.09338340411788 ], [ 44.803982346637831, 8.394953675541629 ], [ 44.886228784298851, 8.518323332033162 ], [ 45.02696550328163, 8.694244230761631 ], [ 45.10555261806158, 8.79247812423657 ], [ 45.215214534942945, 8.83360134306708 ], [ 45.544200285587031, 8.874724561897592 ], [ 45.763524119349761, 8.874724561897592 ], [ 46.06509439077351, 8.861016822287421 ], [ 46.339249182976914, 8.861016822287421 ], [ 46.51744979790913, 8.902140041117933 ], [ 46.764189110892197, 9.039217437219637 ], [ 47.038343903095608, 9.244833531372192 ], [ 47.25766773685833, 9.450449625524749 ], [ 47.47699157062106, 9.642357980067134 ], [ 47.696315404383782, 9.793143115779008 ], [ 47.970470196587193, 9.971343730711224 ], [ 48.258332728400774, 10.176959824863779 ], [ 48.436533343332982, 10.272914002134973 ], [ 48.696980395926225, 10.505945575507869 ], [ 48.742608420083648, 10.740603985460357 ], [ 48.938459091651879, 10.856786587238123 ], [ 49.190459021892352, 11.00627807127908 ], [ 49.72862, 11.5789 ], [ 50.25878, 11.67957 ], [ 50.73202, 12.0219 ], [ 51.1112, 12.02464 ], [ 51.13387, 11.74815 ], [ 51.04153, 11.16651 ], [ 51.04531, 10.6409 ], [ 50.83418, 10.27972 ], [ 50.55239, 9.19874 ], [ 50.07092, 8.08173 ], [ 49.4527, 6.80466 ], [ 48.59455, 5.33911 ], [ 47.74079, 4.2194 ], [ 46.56476, 2.85529 ], [ 45.56399, 2.04576 ], [ 44.06815, 1.05283 ], [ 43.13597, 0.2922 ], [ 42.04157, -0.91916 ], [ 41.81095, -1.44647 ], [ 41.58513, -1.68325 ], [ 40.88477, -2.08255 ], [ 40.63785, -2.49979 ], [ 40.26304, -2.57309 ], [ 40.12119, -3.27768 ], [ 39.80006, -3.68116 ], [ 39.60489, -4.34653 ], [ 39.20222, -4.67677 ], [ 38.74054, -5.90895 ], [ 38.79977, -6.47566 ], [ 39.44, -6.839999999999861 ], [ 39.470000000000141, -7.1 ], [ 39.19469, -7.7039 ], [ 39.25203, -8.00781 ], [ 39.18652, -8.48551 ], [ 39.53574, -9.112369999999885 ], [ 39.9496, -10.0984 ], [ 40.316586229110854, -10.317097752817492 ], [ 40.316588576017189, -10.317096042525698 ], [ 40.478387485523029, -10.765440769089993 ], [ 40.437253045418686, -11.761710707245015 ], [ 40.560811395028573, -12.639176527561027 ], [ 40.59962039567975, -14.201975192931862 ], [ 40.775475294768995, -14.691764418194241 ], [ 40.477250604012603, -15.406294447493972 ], [ 40.089263950365222, -16.10077402106446 ], [ 39.452558628097051, -16.72089120856694 ], [ 38.538350864421517, -17.101023044505958 ], [ 37.411132846838882, -17.586368096591237 ], [ 36.281279331209362, -18.659687595293448 ], [ 35.896496616364061, -18.842260430580637 ], [ 35.198399692533144, -19.552811374593894 ], [ 34.786383497870048, -19.784011732667736 ], [ 34.701892531072843, -20.497043145431011 ], [ 35.176127150215365, -21.254361260668411 ], [ 35.373427768705739, -21.840837090748877 ], [ 35.385848253705404, -22.14 ], [ 35.050925614001592, -22.718188304642631 ], [ 34.721939863357498, -23.115712753337572 ], [ 33.968014184798129, -23.581775900083365 ], [ 32.99476467247603, -24.102670005269839 ], [ 31.96668420171325, -24.596148631235977 ], [ 31.888121207086087, -24.635134778945698 ], [ 31.510901859675066, -24.822326334803797 ], [ 31.456070901234384, -24.479632844549538 ], [ 31.099669671369952, -24.013569697803746 ], [ 30.661022003844501, -23.684583947159656 ], [ 30.153835638268195, -23.50638333222744 ], [ 29.797434408403763, -23.492675592617271 ], [ 29.26283256360712, -23.711999426379997 ], [ 29.04350872984439, -24.315139969227495 ], [ 29.084631948674904, -24.479632844549538 ], [ 28.947554552573198, -24.83603407441397 ], [ 28.604861062318939, -25.082773387397037 ], [ 28.083966957132464, -25.302097221159762 ], [ 27.508241893505307, -25.521421054922492 ], [ 26.987347788318829, -25.809283586736068 ], [ 26.713192996115424, -25.973776462058112 ], [ 26.411622724691675, -26.289054473092033 ], [ 26.411622724691675, -26.522086046464928 ], [ 26.617238818844228, -26.9059027555497 ], [ 26.726900735725593, -27.152642068532771 ], [ 26.507576901962867, -27.413089121126006 ], [ 26.110052453267926, -27.700951652939587 ], [ 25.808482181844177, -27.975106445142991 ], [ 25.712528004572981, -28.262968976956572 ], [ 25.767358963013663, -28.591954727600662 ], [ 25.808482181844177, -28.82498630097356 ], [ 25.712528004572981, -29.318464926939694 ], [ 25.712528004573009, -29.537788760702451 ], [ 25.72280880928064, -29.722843245439751 ], [ 25.781066702623836, -29.880482250956682 ], [ 25.866740075187426, -30.031267386668588 ], [ 26.031232950509473, -30.130648498842319 ], [ 26.277972263492536, -30.20261413179572 ], [ 26.593250274526458, -30.182052522380463 ], [ 27.080208607162749, -29.958952669542661 ], [ 27.371164497403601, -29.825651292516 ], [ 27.556218982140933, -29.770820334075353 ], [ 27.741273466878205, -29.825651292516 ], [ 27.809812164929085, -29.955874818812653 ], [ 27.809812164929085, -30.134075433744869 ], [ 27.700150248047692, -30.305422178871964 ], [ 27.496509034042294, -30.385806868610935 ], [ 27.179256142861217, -30.511038273024518 ], [ 26.397914985081506, -30.826316284058443 ], [ 25.548035129250941, -30.81260854444827 ], [ 24.835232669522082, -30.798900804838102 ], [ 24.495966114170376, -30.819462414253366 ], [ 24.852367344034803, -29.544642630507521 ], [ 24.872928953450067, -29.188241400643111 ], [ 24.824951864814462, -28.872963389609172 ], [ 24.715289947933108, -28.633077946431211 ], [ 24.591920291441564, -28.461731201304062 ], [ 24.4411351557297, -28.338361544812546 ], [ 24.208103582356792, -28.256115107151505 ], [ 24.002487488204245, -28.235553497736269 ], [ 23.714624956390658, -28.283530586371846 ], [ 22.988114757051626, -28.365777024032866 ], [ 22.460366782060078, -28.256115107151523 ], [ 21.973742025899018, -28.023083533778607 ], [ 21.576217577204076, -27.529604907812473 ], [ 21.325798671668878, -26.766423481419487 ], [ 21.288355045390496, -26.652309572761567 ], [ 21.06903121162777, -25.939507113032704 ], [ 20.644091283712488, -25.336366570185209 ], [ 20.230913160325617, -25.022433713627166 ], [ 19.895767856534434, -24.767790215760591 ], [ 19.561179854509028, -24.431655755913962 ], [ 18.697592259068294, -23.437844634176589 ], [ 18.210967502907241, -22.903242789379949 ], [ 18.039620757780114, -22.834704091329098 ], [ 17.83400466362756, -22.814142481913834 ], [ 17.648950178890257, -22.848411830939266 ], [ 17.518726652593639, -22.937512138405388 ], [ 17.244571860390231, -23.362452066320671 ], [ 17.066371245458015, -23.74626877540544 ], [ 16.87446289091563, -23.869638431896973 ], [ 16.641431317542732, -23.910761650727487 ], [ 16.476938442220689, -23.903907780922399 ], [ 16.312445566898642, -23.842222952676636 ], [ 16.106829472746089, -23.670876207549504 ], [ 16.038290774695234, -23.389867545541009 ], [ 15.956044337034211, -22.539987689710443 ], [ 15.791551461712167, -21.840892969591756 ], [ 15.681889544830813, -21.553030437778176 ], [ 15.517396669508759, -21.37482982284596 ], [ 15.065041262373136, -20.96359763454085 ], [ 14.646955204262943, -20.682588972532365 ], [ 14.448192979915468, -20.483826748184885 ], [ 14.338531063034107, -20.182256476761133 ], [ 14.242576885762915, -19.442038537811932 ], [ 14.269992364983256, -18.825190255354265 ], [ 14.222015276347673, -18.4962045047102 ], [ 14.119207229271382, -18.208341972896594 ], [ 13.584605384474735, -17.331046637845688 ], [ 13.24051817298278, -16.960990580203397 ], [ 12.858095185135703, -16.549705480065974 ], [ 12.748433268254351, -16.309820036888009 ], [ 12.693602309813659, -16.083642333320181 ], [ 12.686748440008584, -15.802633671311705 ], [ 12.762141007864511, -15.521625009303195 ], [ 13.091126758508601, -14.795114809964165 ], [ 13.276181243245912, -14.418151970684495 ], [ 13.420112509152691, -14.274220704777688 ], [ 13.721682780576439, -14.00006591257428 ], [ 13.906737265313749, -13.787595948616655 ], [ 14.036960791610358, -13.547710505438657 ], [ 14.139768838686646, -13.259847973625094 ], [ 14.174038187712062, -12.999400921031841 ], [ 14.153476578296818, -12.718392259023362 ], [ 14.050668531220529, -12.533337774286046 ], [ 13.893029525703579, -12.444237466819954 ], [ 13.666851822135758, -12.382552638574172 ], [ 13.495505077008637, -12.409968117794529 ], [ 13.312913852601866, -12.483630466362492 ], [ 13.633721144269799, -12.03864470789717 ], [ 13.738727654686897, -11.297863050993165 ], [ 13.686379428775238, -10.73107594161589 ], [ 13.387327915102162, -10.373578383020714 ], [ 13.120987583069846, -9.766897067914122 ], [ 12.875369500386569, -9.166933689005468 ], [ 12.929061313537829, -8.959091078327553 ], [ 13.236432732809874, -8.562629489784307 ], [ 12.933040398824289, -7.596538588087733 ], [ 12.728298374083892, -6.927122084178805 ], [ 12.227347039446471, -6.294447523629394 ] ], [ [ 37.401802957145819, 0.475307115765678 ], [ 37.209894602603434, 0.694630949528404 ], [ 37.127648164942414, 0.913954783291131 ], [ 37.031693987671218, 1.21552505471488 ], [ 36.922032070789861, 1.462264367697947 ], [ 36.812370153908496, 1.777542378731866 ], [ 36.757539195467814, 1.983158472884422 ], [ 36.647877278586449, 2.490344838460727 ], [ 36.42855344482372, 2.61371449495226 ], [ 36.3463070071627, 2.60000675534209 ], [ 36.099567694179633, 2.229897785867489 ], [ 36.031028996128782, 1.996866212494592 ], [ 35.9761980376881, 1.791250118342036 ], [ 35.880243860416911, 1.475972107308117 ], [ 35.715750985094864, 1.24294053393522 ], [ 35.660920026654182, 1.160694096274198 ], [ 35.537550370162649, 0.831708345630108 ], [ 35.564965849382986, 0.708338689138575 ], [ 35.68833550587452, 0.502722594986019 ], [ 35.770581943535547, 0.406768417714826 ], [ 36.154398652620316, 0.17373684434193 ], [ 36.250352829891511, -0.114125687471649 ], [ 36.209229611060998, -0.388280479675057 ], [ 36.05844447534912, -0.51165013616659 ], [ 35.825412901976229, -0.730973969929317 ], [ 35.729458724705033, -0.922882324471702 ], [ 35.797997422755884, -1.142206158234429 ], [ 35.880243860416911, -1.375237731607326 ], [ 35.962490298077931, -1.827593138742948 ], [ 35.910413896347237, -2.092314847540643 ], [ 35.797997422755884, -2.663765254963343 ], [ 35.729458724705033, -2.965335526387091 ], [ 35.743166464315202, -3.116120662098966 ], [ 35.839120641586398, -3.335444495861692 ], [ 35.89395160002708, -3.458814152353226 ], [ 36.072152214959296, -3.527352850404078 ], [ 36.318891527942363, -3.445106412743055 ], [ 36.524507622094916, -3.458814152353226 ], [ 36.551923101315253, -3.554768329624418 ], [ 36.551923101315253, -3.801507642607486 ], [ 36.620461799366112, -3.93858503870919 ], [ 36.757539195467814, -4.103077914031234 ], [ 36.949447550010198, -4.130493393251575 ], [ 37.182479123383096, -4.034539215980383 ], [ 37.333264259094967, -3.842630861437997 ], [ 37.401802957145819, -3.499937371183737 ], [ 37.360679738315312, -3.26690579781084 ], [ 37.072817206501732, -2.951627786776921 ], [ 36.949447550010198, -2.828258130285387 ], [ 36.905179578441036, -2.651186244008725 ], [ 36.894616591569516, -2.608934296522661 ], [ 36.922032070789861, -2.458149160810787 ], [ 37.01798624806105, -2.279948545878571 ], [ 37.196186862993265, -2.019501493285334 ], [ 37.497757134417014, -1.800177659522607 ], [ 37.662250009739061, -1.635684784200563 ], [ 37.867866103891615, -1.471191908878518 ], [ 38.183144114925533, -1.334114512776814 ], [ 38.429883427908599, -1.19703711667511 ], [ 38.71774595972218, -1.142206158234429 ], [ 39.00560849153576, -1.087375199793747 ], [ 39.224932325298482, -0.991421022522554 ], [ 39.389425200620529, -0.813220407590339 ], [ 39.430548419451043, -0.648727532268294 ], [ 39.348301981790016, -0.429403698505568 ], [ 39.115270408417118, -0.196372125132671 ], [ 38.950777533095078, 0.009243969019885 ], [ 38.841115616213713, 0.214860063172441 ], [ 38.690330480501842, 0.475307115765678 ], [ 38.676622740891666, 0.667215470308064 ], [ 38.676622740891666, 0.87283156446062 ], [ 38.608084042840815, 1.119570877443687 ], [ 38.566960824010309, 1.380017930036924 ], [ 38.333929250637411, 1.55821854496914 ], [ 38.183144114925533, 1.544510805358969 ], [ 38.018651239603486, 1.503387586528458 ], [ 37.895281583111952, 1.297771492375902 ], [ 37.717080968179744, 0.996201220952153 ], [ 37.580003572078041, 0.667215470308064 ], [ 37.401802957145819, 0.475307115765678 ] ], [ [ 33.22094237604383, -16.762175444023661 ], [ 32.987910802670939, -16.762175444023661 ], [ 32.857687276374314, -16.810152532659259 ], [ 32.847820205815026, -16.816730579698785 ], [ 32.754879229298041, -16.87869123071011 ], [ 32.676059726539563, -17.050037975837174 ], [ 32.519277454748241, -17.288209951563914 ], [ 32.43017714728213, -17.534949264546984 ], [ 32.43017714728213, -17.795396317140224 ], [ 32.484151371997172, -18.283734540752512 ], [ 32.553546803773656, -18.511625711771654 ], [ 32.608377762214339, -18.778926634169977 ], [ 32.607521028488705, -18.969121521261034 ], [ 32.456735892776834, -19.613385282939042 ], [ 32.278535277844618, -20.079448429684838 ], [ 32.223704319403936, -20.422141919939097 ], [ 32.237412059014105, -20.614050274481482 ], [ 32.257973668429358, -20.771689279998498 ], [ 32.320515230400765, -20.871927125897869 ], [ 32.33276210391324, -20.876439131928773 ], [ 32.401904934336152, -20.901912806295062 ], [ 32.538982330437847, -20.915620545905288 ], [ 32.672632791637014, -20.891632001587489 ], [ 32.758306164200576, -20.833374108244264 ], [ 32.847406471666687, -20.696296712142562 ], [ 32.991337737573474, -20.480399813282379 ], [ 33.155830612895528, -20.326187742667905 ], [ 33.594478280420979, -19.805293637481427 ], [ 33.728128741620132, -19.668216241379785 ], [ 33.824082918891328, -19.503723366057741 ], [ 33.896048551844729, -19.092491177752567 ], [ 33.974868054603199, -18.982829260871267 ], [ 34.112802184430564, -18.847465332220807 ], [ 34.184767817383957, -18.689826326703844 ], [ 34.171060077773788, -18.347132836449582 ], [ 34.088813640112761, -18.055843369733459 ], [ 33.992002729115917, -17.831379133616888 ], [ 33.758971155743026, -17.461270164142288 ], [ 33.66301697847183, -17.173407632328708 ], [ 33.443693144709101, -16.885545100515131 ], [ 33.22094237604383, -16.762175444023661 ] ], [ [ 38.032358979213662, -2.931066177361665 ], [ 37.96382028116281, -3.068143573463369 ], [ 37.888427713306875, -3.232636448785414 ], [ 37.736790216826826, -3.421034550472747 ], [ 37.662250009739061, -3.513645110793907 ], [ 37.591141110511337, -3.626733962577718 ], [ 37.552588092857697, -3.80836151241257 ], [ 37.563725631290993, -3.945438908514182 ], [ 37.621983524634217, -4.065381630103174 ], [ 37.7487801160283, -4.168189677179453 ], [ 37.847304494476361, -4.205885961107512 ], [ 38.073482198044175, -4.240155310132938 ], [ 38.244828943171299, -4.247009179938023 ], [ 38.375052469467924, -4.205885961107512 ], [ 38.450627372163943, -4.153312115753759 ], [ 38.53269147498488, -4.096224044226149 ], [ 38.724599829527264, -3.863192470853252 ], [ 38.772576918162862, -3.760384423776974 ], [ 38.841115616213713, -3.499937371183736 ], [ 38.90280044445948, -3.29432127703118 ], [ 38.909654314264564, -3.170951620539647 ], [ 38.90280044445948, -2.985897135802347 ], [ 38.861677225628974, -2.869381349115898 ], [ 38.786284657773031, -2.800842651065046 ], [ 38.6149379126459, -2.732303953014194 ], [ 38.457298907128944, -2.739157822819279 ], [ 38.341639854168172, -2.746011692624263 ], [ 38.210559594145877, -2.807696520870131 ], [ 38.032358979213662, -2.931066177361665 ] ] ] ] } },
{ "type": "Feature", "properties": { "id": null, "Zone": "области высотной поясности" }, "geometry": { "type": "MultiPolygon", "coordinates": [ [ [ [ 36.86623, 22.0 ], [ 37.188720000000103, 21.01885 ], [ 36.96941, 20.837440000000129 ], [ 37.114700000000141, 19.80796 ], [ 37.481790000000103, 18.61409 ], [ 37.436072306171248, 18.422165200381272 ], [ 37.292141040264461, 18.291941674084651 ], [ 37.107086555527161, 18.257672325059225 ], [ 36.908324331179685, 18.312503283499908 ], [ 36.66843888800171, 18.518119377652464 ], [ 36.414845705213551, 18.805981909466038 ], [ 36.133837043205062, 19.032159613033848 ], [ 35.859682251001651, 19.100698311084702 ], [ 35.777435813340631, 19.333729884457597 ], [ 35.81170516236606, 19.532492108805073 ], [ 35.989905777298276, 19.738108202957626 ], [ 36.229791220476251, 19.854623989644072 ], [ 36.222937350671167, 20.012262995161038 ], [ 36.031028996128782, 20.108217172432227 ], [ 35.647212287044013, 20.163048130872909 ], [ 35.564965849382993, 20.313833266584783 ], [ 35.647212287044013, 20.51944936073734 ], [ 35.935074818857593, 20.848435111381431 ], [ 36.072152214959296, 21.2322518204662 ], [ 36.140690913010147, 21.56123757111029 ], [ 36.510799882484747, 21.84910010292387 ], [ 36.86623, 22.0 ] ] ] ] } },
{ "type": "Feature", "properties": { "id": null, "Zone": "области высотной поясности" }, "geometry": { "type": "MultiPolygon", "coordinates": [ [ [ [ 44.938489541562731, -24.212331922151275 ], [ 44.664334749359327, -24.212331922151275 ], [ 44.609503790918644, -24.143793224100424 ], [ 44.691750228579664, -23.965592609168205 ], [ 44.815119885071198, -23.801099733846161 ], [ 44.938489541562731, -23.650314598134287 ], [ 45.144105635715292, -23.403575285151216 ], [ 45.185228854545805, -23.266497889049511 ], [ 44.938489541562731, -23.156835972168146 ], [ 44.636919270138982, -23.143128232557977 ], [ 44.445010915596598, -23.156835972168146 ], [ 44.321641259105064, -23.033466315676613 ], [ 44.253102561054206, -22.786727002693542 ], [ 44.239394821444037, -22.44403351243928 ], [ 44.49984187403728, -22.115047761795189 ], [ 44.773996666240691, -21.923139407252801 ], [ 45.212644333766143, -21.758646531930754 ], [ 45.445675907139041, -21.676400094269731 ], [ 45.815784876613648, -21.34741434362564 ], [ 45.829492616223817, -21.333706604015468 ], [ 46.062524189596715, -20.895058936490013 ], [ 46.08993966881706, -20.360457091693362 ], [ 45.95286227271535, -20.0177636014391 ], [ 45.884323574664499, -19.263837922879723 ], [ 45.925446793495013, -18.496204504710175 ], [ 46.131062887647566, -18.153511014455912 ], [ 46.336678981800127, -17.961602659913524 ], [ 46.610833774003538, -17.975310399523696 ], [ 46.912404045427287, -18.153511014455912 ], [ 47.1454356188002, -18.167218754066081 ], [ 47.351051712952753, -17.63261690926943 ], [ 47.405882671393435, -17.276215679404999 ], [ 47.5155445882748, -16.919814449540564 ], [ 47.830822599308725, -16.535997740455791 ], [ 48.022730953851109, -16.207011989811697 ], [ 48.077561912291792, -15.699825624235388 ], [ 48.104977391512136, -15.549040488523513 ], [ 48.269470266834176, -15.288593435930274 ], [ 48.447670881766399, -15.082977341777715 ], [ 48.680702455139297, -14.91848446645567 ], [ 48.831487590851168, -14.808822549574305 ], [ 49.078226903834242, -14.507252278150554 ], [ 49.215304299935944, -14.219389746336974 ], [ 49.270135258376627, -14.041189131404757 ], [ 49.489459092139356, -13.794449818421688 ], [ 49.68136744668174, -13.780742078811517 ], [ 49.845860322003787, -13.808157558031859 ], [ 49.941814499274983, -14.041189131404757 ], [ 49.777321623952936, -14.479836798930213 ], [ 49.557997790190207, -15.082977341777715 ], [ 49.201596560325775, -15.740948843065899 ], [ 48.872610809681682, -16.097350072930332 ], [ 48.625871496698615, -16.330381646303231 ], [ 48.488794100596905, -16.727906094998175 ], [ 48.447670881766399, -17.043184106032097 ], [ 48.365424444105372, -17.536662731998234 ], [ 48.365424444105372, -17.824525263811818 ], [ 48.09126965190196, -18.537327723540685 ], [ 47.80340712008838, -19.250130183269551 ], [ 47.351051712952753, -20.168548737150974 ], [ 46.830157607766274, -21.2240446871341 ], [ 46.528587336342525, -21.786062011151092 ], [ 46.199601585698431, -22.48515673126979 ], [ 46.405217679850985, -22.848411830939309 ], [ 46.535441206147603, -23.369305936125787 ], [ 46.597126034393369, -23.801099733846158 ], [ 46.569710555173032, -24.164354833515677 ], [ 46.412071549656083, -24.328847708837721 ], [ 46.137916757452672, -24.452217365329258 ], [ 45.90488518407976, -24.472778974744514 ], [ 45.767807787978064, -24.452217365329258 ], [ 45.651292001291608, -24.356263188058065 ], [ 45.610168782461095, -24.095816135464823 ], [ 45.664999740901784, -23.869638431897009 ], [ 45.60331491265601, -23.773684254625817 ], [ 45.473091386359393, -23.759976515015644 ], [ 44.938489541562731, -24.212331922151275 ] ] ] ] } },
{ "type": "Feature", "properties": { "id": null, "Zone": "переменно-влажных (в том числе муссонных) лесов" }, "geometry": { "type": "MultiPolygon", "coordinates": [ [ [ [ 49.845860322003787, -13.808157558031859 ], [ 50.056510857957164, -13.555761407121985 ], [ 50.217431268114069, -14.758788750876796 ], [ 50.476536899625529, -15.226512139550543 ], [ 50.377111443895956, -15.706069431219127 ], [ 50.200274692593183, -16.000263360256767 ], [ 49.860605503138679, -15.414252618066918 ], [ 49.672606642460863, -15.710203545802479 ], [ 49.863344354050156, -16.451036879138776 ], [ 49.774564243372708, -16.875042006093601 ], [ 49.498612094934117, -17.106035658438273 ], [ 49.435618523970305, -17.953064060134366 ], [ 49.041792433473944, -19.118781019774445 ], [ 48.548540887248009, -20.496888116134127 ], [ 47.930749139198667, -22.391501153251085 ], [ 47.547723423051309, -23.781958916928517 ], [ 47.095761346226595, -24.941629733990453 ], [ 46.282477654817086, -25.178462823184105 ], [ 45.409507684110451, -25.601434421493089 ], [ 45.767807787978064, -24.452217365329258 ], [ 45.90488518407976, -24.472778974744514 ], [ 46.137916757452672, -24.452217365329258 ], [ 46.412071549656083, -24.328847708837721 ], [ 46.569710555173032, -24.164354833515677 ], [ 46.597126034393369, -23.801099733846158 ], [ 46.535441206147603, -23.369305936125787 ], [ 46.405217679850985, -22.848411830939309 ], [ 46.199601585698431, -22.48515673126979 ], [ 46.528587336342525, -21.786062011151092 ], [ 46.830157607766274, -21.2240446871341 ], [ 47.351051712952753, -20.168548737150974 ], [ 47.80340712008838, -19.250130183269551 ], [ 48.09126965190196, -18.537327723540685 ], [ 48.365424444105372, -17.824525263811818 ], [ 48.365424444105372, -17.536662731998234 ], [ 48.447670881766399, -17.043184106032097 ], [ 48.488794100596905, -16.727906094998175 ], [ 48.625871496698615, -16.330381646303231 ], [ 48.872610809681682, -16.097350072930332 ], [ 49.201596560325775, -15.740948843065899 ], [ 49.557997790190207, -15.082977341777715 ], [ 49.777321623952936, -14.479836798930213 ], [ 49.941814499274983, -14.041189131404757 ], [ 49.845860322003787, -13.808157558031859 ] ] ] ] } },
{ "type": "Feature", "properties": { "id": null, "Zone": "саванн и редколесий" }, "geometry": { "type": "MultiPolygon", "coordinates": [ [ [ [ 49.845860322003787, -13.808157558031859 ], [ 49.489459092139356, -13.794449818421688 ], [ 49.270135258376627, -14.041189131404757 ], [ 49.215304299935944, -14.219389746336974 ], [ 49.078226903834242, -14.507252278150554 ], [ 48.831487590851168, -14.808822549574305 ], [ 48.680702455139297, -14.91848446645567 ], [ 48.447670881766399, -15.082977341777715 ], [ 48.269470266834176, -15.288593435930274 ], [ 48.104977391512136, -15.549040488523513 ], [ 48.077561912291792, -15.699825624235388 ], [ 48.022730953851109, -16.207011989811697 ], [ 47.830822599308725, -16.535997740455791 ], [ 47.5155445882748, -16.919814449540564 ], [ 47.405882671393435, -17.276215679404999 ], [ 47.351051712952753, -17.63261690926943 ], [ 47.1454356188002, -18.167218754066081 ], [ 46.912404045427287, -18.153511014455912 ], [ 46.610833774003538, -17.975310399523696 ], [ 46.336678981800127, -17.961602659913524 ], [ 46.131062887647566, -18.153511014455912 ], [ 45.925446793495013, -18.496204504710175 ], [ 45.884323574664499, -19.263837922879723 ], [ 45.95286227271535, -20.0177636014391 ], [ 46.08993966881706, -20.360457091693362 ], [ 46.062524189596715, -20.895058936490013 ], [ 45.829492616223817, -21.333706604015468 ], [ 45.815784876613648, -21.34741434362564 ], [ 45.445675907139041, -21.676400094269731 ], [ 45.212644333766143, -21.758646531930754 ], [ 44.773996666240691, -21.923139407252801 ], [ 44.49984187403728, -22.115047761795189 ], [ 44.239394821444037, -22.44403351243928 ], [ 44.253102561054206, -22.786727002693542 ], [ 44.321641259105064, -23.033466315676613 ], [ 44.445010915596598, -23.156835972168146 ], [ 44.636919270138982, -23.143128232557977 ], [ 44.938489541562731, -23.156835972168146 ], [ 45.185228854545805, -23.266497889049511 ], [ 45.144105635715292, -23.403575285151216 ], [ 44.938489541562731, -23.650314598134287 ], [ 44.815119885071198, -23.801099733846161 ], [ 44.691750228579664, -23.965592609168205 ], [ 44.609503790918644, -24.143793224100424 ], [ 44.664334749359327, -24.212331922151275 ], [ 44.938489541562731, -24.212331922151275 ], [ 45.473091386359393, -23.759976515015644 ], [ 45.60331491265601, -23.773684254625817 ], [ 45.664999740901784, -23.869638431897009 ], [ 45.610168782461095, -24.095816135464823 ], [ 45.651292001291608, -24.356263188058065 ], [ 45.767807787978064, -24.452217365329258 ], [ 45.409507684110451, -25.601434421493089 ], [ 44.833573846217554, -25.34610116953894 ], [ 44.039720493349762, -24.988345228782308 ], [ 43.763768344911171, -24.460677178649991 ], [ 43.697777540874455, -23.574116306250602 ], [ 43.345654331237625, -22.776903985283873 ], [ 43.254187046081, -22.057413018484123 ], [ 43.43329756040464, -21.336475111580189 ], [ 43.893682895692926, -21.163307386970128 ], [ 43.896370070172104, -20.830459486578174 ], [ 44.374325392439658, -20.072366224856388 ], [ 44.464397413924388, -19.435454196859048 ], [ 44.232421909366167, -18.961994724200906 ], [ 44.042976108584156, -18.331387220943171 ], [ 43.963084344260913, -17.409944756746782 ], [ 44.31246870298628, -16.850495700754955 ], [ 44.446517368351401, -16.216219170804507 ], [ 44.944936557806528, -16.179373874580399 ], [ 45.502731967964991, -15.974373467678539 ], [ 45.872993605336262, -15.793454278224687 ], [ 46.31224327981721, -15.780018405828798 ], [ 46.882182651564285, -15.210182386946315 ], [ 47.705129835812357, -14.594302666891764 ], [ 48.005214878131255, -14.091232598530375 ], [ 47.869047479042166, -13.663868503476586 ], [ 48.293827752481377, -13.784067884987486 ], [ 48.845060255738787, -13.089174899958664 ], [ 48.863508742066983, -12.487867933810421 ], [ 49.194651320193316, -12.04055673589197 ], [ 49.543518914595751, -12.469832858940554 ], [ 49.808980747279094, -12.895284925999555 ], [ 50.056510857957164, -13.555761407121985 ], [ 49.845860322003787, -13.808157558031859 ] ] ] ] } }
]
}
