{
"type": "FeatureCollection",
"name": "mir",
"crs": { "type": "name", "properties": { "name": "urn:ogc:def:crs:OGC:1.3:CRS84" } },
"xy_coordinate_resolution": 1e-15,
"features": [
{ "type": "Feature", "properties": { "id": null, "Zone": "области высотной поясности", "layer": "africa", "path": "D:/kurse4/semestr7/Diplom/diplom3/data/africa.shp" }, "geometry": { "type": "MultiPolygon", "coordinates": [ [ [ [ 10.764237959682157, 6.636936070537264 ], [ 11.20288562720761, 6.979629560791524 ], [ 11.839308709366803, 7.397042344589437 ], [ 11.901980347326301, 7.582770103639022 ], [ 11.922541956741558, 7.733555239350897 ], [ 11.949957435961897, 7.891194244867856 ], [ 12.011642264207666, 8.035125510774645 ], [ 12.218872104550599, 8.305824082874324 ], [ 12.218872104550599, 8.305824082874324 ], [ 12.381751233682266, 8.364111261418735 ], [ 12.532536369394141, 8.322988042588223 ], [ 12.697029244716186, 8.295572563367884 ], [ 12.806691161597549, 8.240741604927202 ], [ 12.888937599258572, 8.158495167266178 ], [ 13.039722734970447, 8.035125510774645 ], [ 13.135676912241639, 8.021417771164476 ], [ 13.272754308343343, 8.035125510774645 ], [ 13.49207814210607, 8.117371948435668 ], [ 13.560616840156921, 8.185910646486519 ], [ 13.683986496648455, 8.240741604927202 ], [ 13.889602590801012, 8.19961838609669 ], [ 13.985556768072204, 8.117371948435668 ], [ 13.985556768072204, 7.980294552333964 ], [ 13.944433549241692, 7.82950941662209 ], [ 13.917018070021353, 7.665016541300044 ], [ 13.930725809631522, 7.459400447147488 ], [ 13.999264507682375, 7.336030790655954 ], [ 14.16375738300442, 7.336030790655954 ], [ 14.451619914817998, 7.377154009486466 ], [ 14.588697310919702, 7.431984967927147 ], [ 14.86285210312311, 7.637601062079703 ], [ 14.999929499224814, 7.747262978961067 ], [ 15.123299155716348, 7.8706326354526 ], [ 15.301499770648563, 7.884340375062771 ], [ 15.507115864801118, 7.84321715623226 ], [ 15.589362302462142, 7.802093937401748 ], [ 15.657901000512993, 7.678724280910215 ], [ 15.657901000512993, 7.52793914519834 ], [ 15.575654562851971, 7.322323051045784 ], [ 15.520823604411289, 7.17153791533391 ], [ 15.274084291428222, 6.911090862740672 ], [ 15.137006895326518, 6.801428945859309 ], [ 14.86285210312311, 6.650643810147434 ], [ 14.698359227801065, 6.582105112096582 ], [ 14.396788956377316, 6.49985867443556 ], [ 14.136341903784079, 6.472443195215218 ], [ 13.821063892750159, 6.49985867443556 ], [ 13.629155538207772, 6.540981893266071 ], [ 13.368708485614535, 6.705474768588116 ], [ 13.16309239146198, 6.84255216468982 ], [ 12.998599516139935, 6.869967643910161 ], [ 12.779275682377207, 6.801428945859309 ], [ 12.628490546665333, 6.705474768588116 ], [ 12.463997671343289, 6.540981893266071 ], [ 12.326920275241584, 6.349073538723685 ], [ 11.984226784987325, 6.047503267299936 ], [ 11.764902951224599, 5.691102037435505 ], [ 11.614117815512724, 5.389531766011756 ], [ 11.367378502529656, 5.142792453028689 ], [ 11.052100491495736, 4.84122218160494 ], [ 10.750530220071987, 4.621898347842214 ], [ 10.353005771377045, 4.416282253689658 ], [ 9.955481322682104, 4.402574514079487 ], [ 9.749865228529547, 4.567067389401532 ], [ 9.653911051258355, 4.772683483554088 ], [ 9.653911051258355, 5.142792453028689 ], [ 9.832111666190571, 5.540316901723631 ], [ 9.900650364241422, 5.732225256266017 ], [ 10.010312281122786, 6.102334225740618 ], [ 9.982896801902445, 6.376489017944026 ], [ 9.989750671707533, 6.506712544240692 ], [ 10.024020020732955, 6.650643810147434 ], [ 10.133681937614321, 6.808282815664439 ], [ 10.215928375275341, 6.82884442507965 ], [ 10.325590292156704, 6.760305727028797 ], [ 10.421544469427896, 6.678059289367775 ], [ 10.599745084360112, 6.595812851706752 ], [ 10.764237959682157, 6.636936070537264 ] ] ] ] } },
{ "type": "Feature", "properties": { "id": null, "Zone": "области высотной поясности", "layer": "africa", "path": "D:/kurse4/semestr7/Diplom/diplom3/data/africa.shp" }, "geometry": { "type": "MultiPolygon", "coordinates": [ [ [ [ 5.91855200748692, 25.745525087114807 ], [ 5.850013309436068, 26.047095358538556 ], [ 5.90484426787675, 26.362373369572474 ], [ 5.959675226317432, 26.526866244894521 ], [ 6.178999060080159, 26.746190078657246 ], [ 6.343491935402203, 26.801021037097929 ], [ 6.741016384097145, 26.814728776708101 ], [ 7.083709874351405, 26.773605557877588 ], [ 7.275618228893792, 26.609112682555544 ], [ 7.330449187334473, 26.526866244894521 ], [ 7.59089623992771, 26.307542411131795 ], [ 7.90617425096163, 26.307542411131795 ], [ 8.385945137317595, 26.389788848792815 ], [ 8.57785349185998, 26.513158505284352 ], [ 8.701223148351513, 26.705066859826736 ], [ 8.947962461334582, 26.691359120216564 ], [ 9.180994034707478, 26.636528161775885 ], [ 9.386610128860035, 26.362373369572474 ], [ 9.523687524961739, 26.143049535809748 ], [ 9.729303619114294, 25.923725702047022 ], [ 9.948627452877021, 25.759232826724979 ], [ 10.071997109368555, 25.594739951402932 ], [ 10.318736422351622, 25.334292898809696 ], [ 10.455813818453326, 25.156092283877481 ], [ 10.771363559622927, 24.562532050061751 ], [ 11.560669386449005, 24.097909247325518 ], [ 11.999505649471613, 23.47166840259645 ], [ 11.93624969635173, 23.099931342351919 ], [ 11.703218122978834, 22.962853946250213 ], [ 11.497602028826277, 22.962853946250213 ], [ 11.168616278182187, 23.031392644301064 ], [ 10.812215048317757, 23.12734682157226 ], [ 10.469521558063496, 23.319255176114645 ], [ 10.277613203521112, 23.524871270267202 ], [ 9.976042932097362, 23.785318322860441 ], [ 9.647057181453272, 24.361043386487594 ], [ 9.468856566521056, 24.648905918301175 ], [ 9.112455336656627, 24.785983314402877 ], [ 8.947962461334582, 24.758567835182539 ], [ 8.797177325622707, 24.607782699470661 ], [ 8.797177325622707, 24.292504688436743 ], [ 8.90683924250407, 24.045765375453676 ], [ 9.043916638605774, 23.689364145589245 ], [ 9.112455336656627, 23.415209353385837 ], [ 9.071332117826115, 23.045100383911237 ], [ 8.975377940554923, 22.743530112487488 ], [ 8.728638627571854, 22.620160455995954 ], [ 8.152913563944697, 22.592744976775613 ], [ 7.851343292520949, 22.75723785209766 ], [ 7.5497730210972, 22.908022987809531 ], [ 6.878093780198849, 22.716114633267146 ], [ 6.439446112673396, 22.263759226131523 ], [ 6.000798445147943, 22.071850871589138 ], [ 5.754059132164876, 22.250051486521354 ], [ 5.712935913334364, 22.579037237165444 ], [ 5.781474611385216, 22.83948428975868 ], [ 5.808890090605558, 23.099931342351919 ], [ 5.808890090605558, 23.401501613775668 ], [ 5.712935913334364, 23.703071885199417 ], [ 5.56215077762249, 23.867564760521461 ], [ 5.397657902300445, 24.073180854674018 ], [ 5.411365641910615, 24.265089209216402 ], [ 5.466196600351298, 24.4981207825893 ], [ 5.56215077762249, 24.676321397521516 ], [ 5.795182350995387, 24.881937491674073 ], [ 5.987090705537772, 25.101261325436798 ], [ 6.000798445147943, 25.375416117640206 ], [ 5.987090705537772, 25.526201253352081 ], [ 5.91855200748692, 25.745525087114807 ] ] ] ] } },
{ "type": "Feature", "properties": { "id": null, "Zone": "области высотной поясности", "layer": "africa", "path": "D:/kurse4/semestr7/Diplom/diplom3/data/africa.shp" }, "geometry": { "type": "MultiPolygon", "coordinates": [ [ [ [ -6.226505287124063, 32.133331745454221 ], [ -5.815273098818946, 32.297824620776275 ], [ -5.664487963107072, 32.40748653765764 ], [ -5.2806712540223, 32.818718725962754 ], [ -5.184717076751108, 33.06545803894582 ], [ -5.020224201429063, 33.380736049979738 ], [ -4.608992013123951, 33.65489084218315 ], [ -4.005851470276452, 33.956461113606899 ], [ -3.731696678073044, 34.011292072047581 ], [ -3.498665104700147, 34.285446864250986 ], [ -3.567203802750999, 34.491062958403546 ], [ -4.019559209886623, 34.724094531776437 ], [ -3.896189553395089, 34.998249323979849 ], [ -3.635742500801851, 34.998249323979849 ], [ -3.183387093666227, 34.929710625928998 ], [ -2.621369769649241, 34.833756448657802 ], [ -2.525415592378049, 34.559601656454397 ], [ -2.470584633937366, 34.148369468149284 ], [ -2.114183404072936, 34.134661728539115 ], [ -1.730366694988165, 34.175784947369621 ], [ -0.387008213191464, 34.326570083081499 ], [ 0.599949038740805, 34.504770698013715 ], [ 1.285336019249325, 34.724094531776437 ], [ 1.737691426384947, 34.98454158436968 ], [ 1.957015260147673, 35.176449938912064 ], [ 2.587571282215512, 35.025664803200186 ], [ 2.86172607441892, 34.888587407098484 ], [ 3.314081481554544, 35.053080282420531 ], [ 3.84868332635119, 35.368358293454449 ], [ 4.259915514656302, 35.601389866827347 ], [ 4.479239348419028, 35.683636304488367 ], [ 4.698563182181755, 35.683636304488367 ], [ 5.123503110097038, 35.573974387607009 ], [ 5.658104954893684, 35.546558908386665 ], [ 6.041921663978456, 35.711051783708712 ], [ 6.206414539300501, 35.793298221369731 ], [ 6.754724123707317, 35.793298221369731 ], [ 7.19337179123277, 35.72475952331888 ], [ 7.933589730181972, 35.519143429166327 ], [ 8.376367628623768, 35.479876003555944 ], [ 9.002793419775264, 35.656220825268029 ], [ 9.729303619114296, 35.889252398640927 ], [ 10.030873890538045, 35.916667877861265 ], [ 10.167951286639749, 35.820713700590076 ], [ 10.19536676586009, 35.697344044098543 ], [ 10.099412588588896, 35.258696376573084 ], [ 9.88008875482617, 34.98454158436968 ], [ 9.578518483402421, 34.737802271386613 ], [ 8.838300544453219, 34.463647479183201 ], [ 8.399652876927766, 34.353985562301837 ], [ 7.782804594470098, 34.408816520742519 ], [ 7.303033708114133, 34.449939739573033 ], [ 6.576523508775101, 34.518478437623884 ], [ 6.19270679969033, 34.47735521879337 ], [ 5.767766871775048, 34.340277822691668 ], [ 4.890471536724141, 34.162077207759452 ], [ 3.972052982842724, 33.929045634386554 ], [ 3.601944013368122, 33.764552759064514 ], [ 3.327789221164714, 33.572644404522123 ], [ 2.998803470520624, 33.312197351928887 ], [ 2.395662927673127, 33.312197351928887 ], [ 2.162631354300229, 33.421859268810252 ], [ 1.586906290673072, 33.476690227250934 ], [ 1.079719925096768, 33.257366393488205 ], [ 0.641072257571315, 32.996919340894969 ], [ 0.408040684198417, 32.873549684403436 ], [ -0.016899243716866, 32.77759550713224 ], [ -0.537793348903341, 32.818718725962754 ], [ -1.099810672920328, 32.887257424013605 ], [ -1.716658955377996, 32.709056809081389 ], [ -2.278676279394984, 32.35265557921695 ], [ -2.868109082632312, 31.73580729675928 ], [ -3.416418667039128, 31.475360244166041 ], [ -3.923605032615434, 31.283451889623656 ], [ -4.211467564429013, 31.201205451962636 ], [ -4.677530711174807, 31.02300483703042 ], [ -4.924270024157874, 30.899635180538887 ], [ -5.609657004666394, 30.598064909115138 ], [ -6.14425884946304, 30.337617856521899 ], [ -6.47324460010713, 30.186832720810024 ], [ -6.788522611141049, 30.049755324708322 ], [ -7.062677403344457, 29.830431490945593 ], [ -7.556156029310592, 29.3643683441998 ], [ -7.939972738395364, 28.925720676674345 ], [ -8.392328145530987, 28.678981363691278 ], [ -8.926929990327633, 28.678981363691278 ], [ -9.1736693033107, 28.816058759792984 ], [ -9.283331220192064, 29.172459989657412 ], [ -9.283331220192064, 29.446614781860823 ], [ -9.201084782531041, 29.885262449386275 ], [ -8.954345469547974, 30.214248200030365 ], [ -8.543113281242862, 30.433572033793091 ], [ -7.679525685802126, 30.625480388335475 ], [ -7.556156029310592, 30.858511961708373 ], [ -7.748064383852978, 30.927050659759225 ], [ -8.378620405920817, 30.927050659759225 ], [ -8.803560333836099, 30.927050659759225 ], [ -9.146253824090358, 31.06412805586093 ], [ -9.159961563700531, 31.187497712352464 ], [ -9.050299646819166, 31.351990587674507 ], [ -8.543113281242862, 31.598729900657577 ], [ -8.433451364361499, 31.69468407792877 ], [ -7.80289534229366, 31.927715651301668 ], [ -7.473909591649569, 32.051085307793201 ], [ -6.47324460010713, 32.133331745454221 ], [ -6.226505287124063, 32.133331745454221 ] ] ] ] } },
{ "type": "Feature", "properties": { "id": null, "Zone": "области высотной поясности", "layer": "africa", "path": "D:/kurse4/semestr7/Diplom/diplom3/data/africa.shp" }, "geometry": { "type": "MultiPolygon", "coordinates": [ [ [ [ 31.552025078505576, -25.274681741939421 ], [ 31.373824463573364, -25.960068722447957 ], [ 30.935176796047909, -27.371965902295511 ], [ 30.537652347352967, -28.564539248380335 ], [ 29.852265366844449, -29.729697115244811 ], [ 29.194293865556268, -30.538453752244862 ], [ 28.714522979200307, -31.018224638600827 ], [ 27.960597300640934, -31.799565796380541 ], [ 26.89139361104764, -32.69056887104162 ], [ 26.534992381183212, -32.923600444414518 ], [ 25.493204170810259, -33.22517071583826 ], [ 25.177926159776341, -33.005846882075538 ], [ 24.944894586403443, -32.868769485973836 ], [ 24.619335770661912, -32.803657722825541 ], [ 24.273215345505093, -32.813938527533153 ], [ 23.724905761098277, -32.896184965194173 ], [ 23.512435797140661, -32.927027379317082 ], [ 23.327381312403336, -32.896184965194173 ], [ 23.183450046496571, -32.803657722825548 ], [ 23.10805747864061, -32.69056887104162 ], [ 23.327381312403336, -32.210797984685655 ], [ 23.711198021488109, -31.539118743787302 ], [ 24.122430209793219, -30.990809159380486 ], [ 24.495966114170376, -30.819462414253366 ], [ 24.835232669522082, -30.798900804838102 ], [ 25.548035129250941, -30.81260854444827 ], [ 26.397914985081506, -30.826316284058443 ], [ 27.179256142861217, -30.511038273024518 ], [ 27.700150248047692, -30.305422178871964 ], [ 27.809812164929085, -30.134075433744869 ], [ 27.809812164929085, -29.955874818812653 ], [ 27.741273466878205, -29.825651292516 ], [ 27.556218982140933, -29.770820334075353 ], [ 27.371164497403601, -29.825651292516 ], [ 26.593250274526458, -30.182052522380463 ], [ 26.277972263492536, -30.20261413179572 ], [ 26.031232950509473, -30.130648498842319 ], [ 25.866740075187426, -30.031267386668588 ], [ 25.781066702623836, -29.880482250956682 ], [ 25.72280880928064, -29.722843245439751 ], [ 25.712528004573009, -29.537788760702451 ], [ 25.712528004572981, -29.318464926939694 ], [ 25.808482181844177, -28.82498630097356 ], [ 25.767358963013663, -28.591954727600662 ], [ 25.712528004572981, -28.262968976956572 ], [ 25.808482181844177, -27.975106445142991 ], [ 26.110052453267926, -27.700951652939587 ], [ 26.507576901962867, -27.413089121126006 ], [ 26.726900735725593, -27.152642068532771 ], [ 26.617238818844228, -26.9059027555497 ], [ 26.411622724691675, -26.522086046464928 ], [ 26.411622724691675, -26.289054473092033 ], [ 26.713192996115424, -25.973776462058112 ], [ 26.987347788318829, -25.809283586736068 ], [ 27.508241893505307, -25.521421054922492 ], [ 28.083966957132464, -25.302097221159762 ], [ 28.604861062318939, -25.082773387397037 ], [ 28.947554552573198, -24.83603407441397 ], [ 29.084631948674904, -24.479632844549538 ], [ 29.04350872984439, -24.315139969227495 ], [ 29.26283256360712, -23.711999426379997 ], [ 29.797434408403763, -23.492675592617271 ], [ 30.153835638268195, -23.50638333222744 ], [ 30.661022003844501, -23.684583947159656 ], [ 31.099669671369952, -24.013569697803746 ], [ 31.456070901234384, -24.479632844549538 ], [ 31.510901859675066, -24.822326334803797 ], [ 31.552025078505576, -25.274681741939421 ] ] ] ] } },
{ "type": "Feature", "properties": { "id": null, "Zone": "области высотной поясности", "layer": "africa", "path": "D:/kurse4/semestr7/Diplom/diplom3/data/africa.shp" }, "geometry": { "type": "MultiPolygon", "coordinates": [ [ [ [ 33.758971155743026, -17.461270164142288 ], [ 33.992002729115917, -17.831379133616888 ], [ 34.088813640112761, -18.055843369733459 ], [ 34.171060077773788, -18.347132836449582 ], [ 34.184767817383957, -18.689826326703844 ], [ 34.112802184430564, -18.847465332220807 ], [ 33.974868054603199, -18.982829260871267 ], [ 33.896048551844729, -19.092491177752567 ], [ 33.824082918891328, -19.503723366057741 ], [ 33.728128741620132, -19.668216241379785 ], [ 33.594478280420979, -19.805293637481427 ], [ 33.155830612895528, -20.326187742667905 ], [ 32.991337737573474, -20.480399813282379 ], [ 32.847406471666687, -20.696296712142562 ], [ 32.758306164200576, -20.833374108244264 ], [ 32.672632791637014, -20.891632001587489 ], [ 32.538982330437847, -20.915620545905288 ], [ 32.401904934336152, -20.901912806295062 ], [ 32.320515230400765, -20.871927125897869 ], [ 32.257973668429358, -20.771689279998498 ], [ 32.237412059014105, -20.614050274481482 ], [ 32.223704319403936, -20.422141919939097 ], [ 32.278535277844618, -20.079448429684838 ], [ 32.456735892776834, -19.613385282939042 ], [ 32.607521028488705, -18.969121521261034 ], [ 32.608377762214339, -18.778926634169977 ], [ 32.553546803773656, -18.511625711771654 ], [ 32.484151371997172, -18.283734540752512 ], [ 32.43017714728213, -17.795396317140224 ], [ 32.43017714728213, -17.534949264546984 ], [ 32.519277454748241, -17.288209951563914 ], [ 32.676059726539563, -17.050037975837174 ], [ 32.754879229298041, -16.87869123071011 ], [ 32.857687276374314, -16.810152532659259 ], [ 32.987910802670939, -16.762175444023661 ], [ 33.22094237604383, -16.762175444023661 ], [ 33.443693144709101, -16.885545100515131 ], [ 33.66301697847183, -17.173407632328708 ], [ 33.758971155743026, -17.461270164142288 ] ] ] ] } },
{ "type": "Feature", "properties": { "id": null, "Zone": "области высотной поясности", "layer": "africa", "path": "D:/kurse4/semestr7/Diplom/diplom3/data/africa.shp" }, "geometry": { "type": "MultiPolygon", "coordinates": [ [ [ [ 18.118440260538595, 21.739438186042506 ], [ 18.406302792352175, 21.753145925652674 ], [ 18.714726933581009, 21.93134654058489 ], [ 18.906635288123393, 22.130108764932363 ], [ 19.132812991691203, 22.335724859084916 ], [ 19.324721346233591, 22.507071604212047 ], [ 19.516629700775976, 22.664710609729006 ], [ 19.777076753369215, 22.733249307779857 ], [ 20.023816066352275, 22.688699154046844 ], [ 20.119770243623474, 22.575610302262898 ], [ 20.106062504013295, 22.250051486521389 ], [ 20.051231545572616, 21.866234777436617 ], [ 19.84926, 21.49509 ], [ 19.701684185513272, 21.019781856508569 ], [ 19.667414836487843, 20.79703108784333 ], [ 19.770222883564131, 20.396079704245807 ], [ 19.777076753369215, 20.039678474381375 ], [ 19.681122576098023, 19.703838853932204 ], [ 19.502921961165807, 19.491368889974563 ], [ 19.386406174479351, 19.395414712703385 ], [ 19.249328778377652, 19.361145363677942 ], [ 19.071128163445433, 19.381706973093216 ], [ 18.865512069292883, 19.450245671144049 ], [ 18.282933135860642, 19.936870427305099 ], [ 17.885408687165693, 20.221306024216169 ], [ 17.666084853402968, 20.622257407813631 ], [ 17.481030368665667, 20.985512507483147 ], [ 17.165752357631746, 21.335059867542491 ], [ 16.740812429716467, 21.629776269161155 ], [ 16.439242158292718, 21.986177499025587 ], [ 16.329580241411353, 22.322017119474758 ], [ 16.322726371606265, 22.661283674826503 ], [ 16.524915530856287, 22.945719271737502 ], [ 16.737385494813928, 23.000550230178185 ], [ 17.032101896432593, 22.870326703881563 ], [ 17.121202203898697, 22.507071604212051 ], [ 17.237717990585146, 22.26033229122898 ], [ 17.385076191394479, 22.051289262173885 ], [ 17.714061942038569, 21.842246233118782 ], [ 18.118440260538595, 21.739438186042506 ] ] ] ] } },
{ "type": "Feature", "properties": { "id": null, "Zone": "переменно-влажных (в том числе муссонных) лесов", "layer": "africa", "path": "D:/kurse4/semestr7/Diplom/diplom3/data/africa.shp" }, "geometry": { "type": "MultiPolygon", "coordinates": [ [ [ [ 1.060121697604927, 5.928837388528876 ], [ -0.507637905265938, 5.343472601742675 ], [ -1.063624640294194, 5.000547797053812 ], [ -1.964706590167594, 4.710462144383371 ], [ -2.856125047202397, 4.994475816259509 ], [ -3.311084357100071, 4.984295559098015 ], [ -4.008819545904942, 5.179813340674315 ], [ -4.649917364917911, 5.168263658057086 ], [ -5.834496222344526, 4.993700669775137 ], [ -6.528769090185847, 4.705087795425015 ], [ -7.518941209330436, 4.338288479017308 ], [ -7.71215938966975, 4.364565944837722 ], [ -7.974107224957251, 4.355755113131963 ], [ -9.004793667018674, 4.8324185245922 ], [ -9.913420376006684, 5.593560695819207 ], [ -10.765383876986645, 6.140710760925558 ], [ -11.438779466182055, 6.785916856305747 ], [ -11.70819454593574, 6.860098374860726 ], [ -12.428098924193819, 7.26294200279203 ], [ -12.949049038128194, 7.798645738145738 ], [ -13.124025437868482, 8.163946438016978 ], [ -13.246550258832515, 8.903048610871508 ], [ -13.685153977909792, 9.49474376061346 ], [ -14.074044969122282, 9.886166897008252 ], [ -13.162621529870284, 9.858254878927339 ], [ -12.425928514037565, 9.835834051955956 ], [ -11.627354693531197, 9.57039234711376 ], [ -10.955675452632848, 9.296237554910352 ], [ -10.503320045497224, 9.076913721147626 ], [ -9.845348544209045, 8.789051189334048 ], [ -9.502655053954784, 8.610850574401832 ], [ -8.940637729937798, 8.281864823757742 ], [ -8.625359718903878, 8.089956469215355 ], [ -8.104465613717402, 7.747262978961096 ], [ -7.569863768920756, 7.500523665978029 ], [ -6.692568433869852, 7.349738530266156 ], [ -6.089427891022353, 7.1441224361136 ], [ -5.499995087785026, 6.911090862740703 ], [ -4.828315846886676, 6.719182508198317 ], [ -4.074390168327303, 6.760305727028829 ], [ -3.663157980022191, 6.80142894585934 ], [ -3.306756750157761, 6.924798602350873 ], [ -2.676200728089921, 7.240076613384793 ], [ -2.182722102123787, 7.390861749096667 ], [ -1.634412517716971, 7.431984967927178 ], [ -1.442504163174585, 7.418277228317008 ], [ -0.715993963835554, 6.979629560791555 ], [ -0.496670130072827, 6.664351549757635 ], [ -0.23622307747959, 6.390196757554227 ], [ 0.312086506927228, 6.061211006910137 ], [ 1.060121697604927, 5.928837388528876 ] ] ] ] } },
{ "type": "Feature", "properties": { "id": null, "Zone": "влажных экваториальных лесов", "layer": "africa", "path": "D:/kurse4/semestr7/Diplom/diplom3/data/africa.shp" }, "geometry": { "type": "MultiPolygon", "coordinates": [ [ [ [ 9.048419630579588, -0.459351494960217 ], [ 9.291350538783689, 0.268666083167687 ], [ 9.492888624721985, 1.010119533691494 ], [ 9.305613234096256, 1.160911363119183 ], [ 9.649158155972628, 2.283866075037736 ], [ 9.795195753629457, 3.073404445809117 ], [ 9.404366896206, 3.734526882335203 ], [ 8.948115675501072, 3.904128933117136 ], [ 8.744923943729418, 4.35221527751996 ], [ 8.48881554529089, 4.495617377129918 ], [ 8.500287713259695, 4.771982937026849 ], [ 7.462108188515941, 4.412108262546241 ], [ 7.082596469764439, 4.464689032403228 ], [ 6.6980721370806, 4.240594183769517 ], [ 5.898172641634687, 4.262453314628985 ], [ 5.362804803090881, 4.887970689305959 ], [ 5.033574252959369, 5.611802476418234 ], [ 4.725978661402095, 5.924133610808446 ], [ 5.219457287368232, 5.965256829638958 ], [ 6.041921663978457, 6.102334225740662 ], [ 7.028878915910727, 6.143457444571172 ], [ 7.549773021097203, 5.992672308859298 ], [ 8.358529658097257, 5.458070464062653 ], [ 8.961670200944756, 5.156500192638903 ], [ 9.653911051258355, 5.142792453028689 ], [ 9.653911051258355, 4.772683483554088 ], [ 9.749865228529547, 4.567067389401532 ], [ 9.955481322682104, 4.402574514079487 ], [ 10.353005771377045, 4.416282253689658 ], [ 10.750530220071987, 4.621898347842214 ], [ 11.052100491495736, 4.84122218160494 ], [ 11.367378502529656, 5.142792453028689 ], [ 11.614117815512724, 5.389531766011756 ], [ 12.416020582707702, 5.512901422503335 ], [ 13.567470709962016, 5.307285328350779 ], [ 14.97936788980957, 4.813806702384644 ], [ 15.870370964470647, 4.580775129011746 ], [ 17.076652050165642, 4.649313827062597 ], [ 18.173271218979274, 5.129084713418562 ], [ 18.940904637148815, 5.334700807571118 ], [ 19.406967783894611, 5.512901422503333 ], [ 19.914154149470917, 5.608855599774526 ], [ 20.297970858555686, 5.663686558215208 ], [ 20.928526880623526, 5.636271078994867 ], [ 21.422005506589663, 5.554024641333845 ], [ 21.956607351386307, 5.320993067960948 ], [ 23.08064199942028, 4.827514441994813 ], [ 24.177261168233912, 4.498528691350723 ], [ 25.931851838335731, 4.484820951740552 ], [ 27.521949633115501, 4.38886677446936 ], [ 29.180586125946121, 4.183250680316803 ], [ 29.989342762946173, 3.922803627723566 ], [ 30.833852421715427, 3.509171604222463 ], [ 31.003715494098763, 3.141462469943852 ], [ 31.075681127052178, 2.901577026765841 ], [ 31.099669671369952, 2.41495227060482 ], [ 30.948884535658081, 1.606195633604766 ], [ 30.784391660336034, 1.277209882960676 ], [ 30.619898785013987, 1.05788604919795 ], [ 30.126420159047854, 0.701484819333519 ], [ 29.71518797074274, 0.208006193367384 ], [ 29.605526053861379, -0.216933734547898 ], [ 29.441033178539335, -0.724120100124205 ], [ 29.317663522047802, -0.984567152717442 ], [ 29.098339688285076, -1.217598726090339 ], [ 28.769353937640986, -1.478045778683577 ], [ 28.440368186996899, -1.861862487768349 ], [ 28.481491405827406, -2.204555978022609 ], [ 28.632276541539284, -2.465003030615847 ], [ 29.024926385216787, -2.839257907730158 ], [ 29.070924209064735, -3.23263644878539 ], [ 28.988677771403715, -3.451960282548116 ], [ 28.824184896081668, -3.684991855921013 ], [ 28.700815239590135, -3.945438908514251 ], [ 28.604861062318939, -4.301840138378681 ], [ 28.467783666217237, -4.562287190971919 ], [ 28.179921134403656, -4.630825889022771 ], [ 27.22037936169173, -4.370378836429533 ], [ 26.452745943522189, -3.91802342929391 ], [ 25.123095201335659, -3.657576376700672 ], [ 24.547370137708501, -3.657576376700672 ], [ 23.286258093572823, -4.068808565005784 ], [ 22.175931185149018, -4.123639523446466 ], [ 21.627621600742209, -3.931731168904079 ], [ 20.558417911148918, -3.164097750734536 ], [ 19.29730586701324, -2.451295291005675 ], [ 17.268560404708019, -1.793323789717496 ], [ 16.089694798233364, -1.190183246869998 ], [ 15.020491108640073, -1.025690371547952 ], [ 13.8964564606061, -1.354676122192043 ], [ 13.567470709962009, -1.382091601412384 ], [ 12.25152770738565, -1.409507080632723 ], [ 11.264570455453381, -1.272429684531019 ], [ 9.048419630579588, -0.459351494960217 ] ] ] ] } },
{ "type": "Feature", "properties": { "id": null, "Zone": "переменно-влажных (в том числе муссонных) лесов", "layer": "africa", "path": "D:/kurse4/semestr7/Diplom/diplom3/data/africa.shp" }, "geometry": { "type": "MultiPolygon", "coordinates": [ [ [ [ 2.327124229622269, 6.198288403011857 ], [ 2.587571282215507, 6.787721206249186 ], [ 3.03992668935113, 7.25378435299498 ], [ 3.711605930249481, 7.514231405588218 ], [ 4.451823869198684, 7.445692707537366 ], [ 6.028213924368282, 6.979629560791571 ], [ 7.138540832792085, 6.540981893266117 ], [ 8.043251647063332, 6.403904497164413 ], [ 9.030208898995603, 6.431319976384755 ], [ 9.989750671707533, 6.506712544240692 ], [ 9.982896801902445, 6.376489017944026 ], [ 10.010312281122786, 6.102334225740618 ], [ 9.900650364241422, 5.732225256266017 ], [ 9.832111666190571, 5.540316901723631 ], [ 9.653911051258355, 5.142792453028689 ], [ 8.961670200944756, 5.156500192638903 ], [ 8.689524152242905, 5.292573216989829 ], [ 8.358529658097257, 5.458070464062653 ], [ 7.549773021097203, 5.992672308859298 ], [ 7.028878915910727, 6.143457444571172 ], [ 6.041921663978457, 6.102334225740662 ], [ 5.219457287368232, 5.965256829638958 ], [ 4.725978661402095, 5.924133610808446 ], [ 4.725978661402095, 5.924133610808446 ], [ 4.325607130560684, 6.270651149923467 ], [ 3.574180128604553, 6.258300482605719 ], [ 2.691701694356254, 6.258817246928629 ], [ 2.327124229622269, 6.198288403011857 ] ] ] ] } },
{ "type": "Feature", "properties": { "id": null, "Zone": "области высотной поясности", "layer": "africa", "path": "D:/kurse4/semestr7/Diplom/diplom3/data/africa.shp" }, "geometry": { "type": "MultiPolygon", "coordinates": [ [ [ [ 28.467783666217237, -4.562287190971919 ], [ 28.604861062318939, -4.301840138378681 ], [ 28.700815239590135, -3.945438908514251 ], [ 28.824184896081668, -3.684991855921013 ], [ 28.988677771403715, -3.451960282548116 ], [ 29.070924209064735, -3.23263644878539 ], [ 29.024926385216787, -2.839257907730158 ], [ 28.632276541539284, -2.465003030615847 ], [ 28.481491405827406, -2.204555978022609 ], [ 28.440368186996899, -1.861862487768349 ], [ 28.769353937640986, -1.478045778683577 ], [ 29.098339688285076, -1.217598726090339 ], [ 29.317663522047802, -0.984567152717442 ], [ 29.441033178539335, -0.724120100124205 ], [ 29.605526053861379, -0.216933734547898 ], [ 29.71518797074274, 0.208006193367384 ], [ 29.860724381345612, 0.382649886090832 ], [ 30.126420159047854, 0.701484819333519 ], [ 30.619898785013987, 1.05788604919795 ], [ 30.784391660336034, 1.277209882960676 ], [ 30.948884535658081, 1.606195633604766 ], [ 31.030935665844709, 2.046288059151236 ], [ 31.067165470864737, 2.240611558804107 ], [ 31.099669671369952, 2.41495227060482 ], [ 31.075681127052178, 2.901577026765841 ], [ 31.164781434518286, 2.983823464426863 ], [ 31.329274309840347, 3.004385073842118 ], [ 31.473205575747137, 2.915284766376011 ], [ 31.576013622823414, 2.771353500469222 ], [ 31.665113930289522, 2.54517579690141 ], [ 31.71309101892512, 2.175066827426809 ], [ 31.644552320874269, 1.48967984691829 ], [ 31.761068107560718, 0.98934735114707 ], [ 31.809045196196312, 0.715192558943663 ], [ 31.740506498145461, 0.331375849858891 ], [ 31.521182664382735, 0.057221057655483 ], [ 31.315566570230178, -0.06614859883605 ], [ 30.739841506603021, -0.23749534396318 ], [ 30.609617980306403, -0.340303391039458 ], [ 30.650741199136917, -0.772097188759826 ], [ 30.643887329331829, -0.957151673497126 ], [ 30.534225412450468, -1.382091601412408 ], [ 30.314901578687738, -1.738492831276839 ], [ 30.15726257317078, -2.094894061141269 ], [ 30.205239661806377, -2.526687858861636 ], [ 30.273778359857229, -2.773427171844704 ], [ 30.362878667323336, -3.129828401709134 ], [ 30.21894740141655, -3.883754080268506 ], [ 30.081870005314844, -4.473186883505834 ], [ 30.027039046874165, -5.007788728302479 ], [ 30.033892916679225, -5.49441348446353 ], [ 30.07501613550976, -5.933061151988982 ], [ 30.198385792001293, -6.262046902633072 ], [ 30.294339969272485, -6.467662996785627 ], [ 30.390294146543681, -6.673279090938184 ], [ 30.739841506603025, -7.022826450997529 ], [ 31.205904653348821, -7.571136035404344 ], [ 31.438936226721719, -8.359331062989142 ], [ 31.829606805611576, -8.797978730514593 ], [ 32.191864861791942, -8.930358981973257 ], [ 32.384770259823476, -8.832248079540021 ], [ 32.398477999433645, -8.660901334412891 ], [ 32.302523822162456, -8.325061713963716 ], [ 32.192861905281092, -8.064614661370477 ], [ 32.035222899764129, -7.756190520141644 ], [ 32.028369029959045, -7.571136035404344 ], [ 32.213423514696345, -7.365519941251788 ], [ 32.412185739043821, -7.379227680861958 ], [ 32.576678614365861, -7.420350899692469 ], [ 32.672632791637056, -7.61911312403994 ], [ 32.754879229298076, -7.783605999361985 ], [ 32.871395015984525, -8.235961406497609 ], [ 33.042741761111657, -8.516970068506101 ], [ 33.43341234000151, -8.873371298370532 ], [ 33.700713262399837, -8.969325475641725 ], [ 34.18733801856088, -9.00359482466715 ], [ 34.47520055037446, -8.900786777590872 ], [ 35.160587530882978, -8.80483260031968 ], [ 35.626650677628767, -8.941909996421384 ], [ 35.866536120806749, -9.222918658429876 ], [ 36.044736735738965, -9.490219580828199 ], [ 36.099567694179648, -9.743812763616353 ], [ 35.983051907493198, -9.949428857768908 ], [ 35.791143552950814, -10.113921733090953 ], [ 35.722604854899963, -10.120775602896037 ], [ 35.393619104255876, -9.8603285503028 ], [ 35.174295270493147, -9.627296976929903 ], [ 34.968679176340594, -9.586173758099392 ], [ 34.838455650043976, -9.675274065565501 ], [ 34.74250147277278, -9.750666633421439 ], [ 34.646547295501584, -9.935721118158739 ], [ 34.653401165306676, -10.017967555819762 ], [ 34.769916951993117, -10.456615223345214 ], [ 34.84530951984906, -10.675939057107941 ], [ 34.879578868874482, -10.765039364574049 ], [ 34.961825306535509, -10.984363198336775 ], [ 35.0098023951711, -11.285933469760524 ], [ 35.002948525366016, -11.470987954497824 ], [ 34.941263697120249, -11.710873397675806 ], [ 34.872724999069398, -11.827389184362254 ], [ 34.74250147277278, -12.053566887930065 ], [ 34.811040170823631, -12.786930957074183 ], [ 35.0098023951711, -13.335240541480999 ], [ 35.201710749713484, -14.164558787896308 ], [ 35.201710749713484, -14.500398408345482 ], [ 35.201710749713484, -14.706014502498039 ], [ 35.146879791272802, -14.925338336260765 ], [ 34.8247479104338, -15.021292513531959 ], [ 34.660255035111753, -14.945899945676022 ], [ 34.459633416488543, -14.613009535381423 ], [ 34.153068669535443, -14.212535876531902 ], [ 34.015991273433741, -13.828719167447129 ], [ 33.920037096162545, -12.965131572006396 ], [ 33.865206137721863, -12.361991029158897 ], [ 33.769251960450674, -11.77255822592157 ], [ 33.782959700060843, -11.046048026582538 ], [ 33.865206137721856, -10.552569400616401 ], [ 33.968014184798136, -10.408638134709612 ], [ 34.118799320510007, -10.203022040557055 ], [ 34.201045758171034, -10.011113686014669 ], [ 34.063968362069325, -9.702689544785835 ], [ 33.782959700060836, -9.702689544785835 ], [ 33.453973949416756, -9.723251154201092 ], [ 32.98791080267096, -9.66842019576041 ], [ 32.850833406569258, -9.66842019576041 ], [ 32.549263135145509, -9.695835674980751 ], [ 32.357354780603117, -9.832913071082455 ], [ 32.165446426060733, -9.969990467184159 ], [ 32.076346118594628, -10.017967555819755 ], [ 31.891291633857328, -9.9974059464045 ], [ 31.857022284831903, -9.867182420107881 ], [ 31.836460675416646, -9.627296976929898 ], [ 31.836460675416646, -9.394265403557002 ], [ 31.726798758535281, -9.222918658429872 ], [ 31.521182664382728, -9.31201896589598 ], [ 31.466351705942046, -9.49707345063328 ], [ 31.274443351399658, -9.66842019576041 ], [ 31.10309660627253, -9.784935982446859 ], [ 30.904334381925057, -9.894597899328222 ], [ 30.561640891670798, -9.874036289912965 ], [ 30.438271235179265, -9.771228242836688 ], [ 30.369732537128414, -9.503927320438365 ], [ 30.410855755958924, -9.092695132133253 ], [ 30.47254058420469, -8.8391019493451 ], [ 30.554787021865714, -8.599216506167117 ], [ 30.486248323814859, -8.283938495133199 ], [ 30.390294146543667, -8.160568838641666 ], [ 30.280632229662302, -8.112591750006068 ], [ 30.164116442975857, -8.071468531175558 ], [ 29.931084869602959, -7.98236822370945 ], [ 29.85569230174702, -7.858998567217917 ], [ 29.841984562136851, -7.598551514624678 ], [ 29.807715213111425, -7.379227680861952 ], [ 29.540414290713102, -7.098219018853459 ], [ 29.423898504026653, -7.043388060412777 ], [ 29.273113368314778, -6.830918096455136 ], [ 29.341652066365629, -6.625302002302579 ], [ 29.499291071882592, -6.364854949709341 ], [ 29.471875592662251, -5.775422146472013 ], [ 29.32109045695038, -5.3641899581669 ], [ 28.923566008255435, -4.857003592590594 ], [ 28.467783666217237, -4.562287190971919 ] ] ] ] } },
{ "type": "Feature", "properties": { "id": null, "Zone": "области высотной поясности", "layer": "africa", "path": "D:/kurse4/semestr7/Diplom/diplom3/data/africa.shp" }, "geometry": { "type": "MultiPolygon", "coordinates": [ [ [ [ 38.018651239603486, 1.503387586528458 ], [ 38.183144114925533, 1.544510805358969 ], [ 38.333929250637411, 1.55821854496914 ], [ 38.566960824010309, 1.380017930036924 ], [ 38.608084042840815, 1.119570877443687 ], [ 38.676622740891666, 0.87283156446062 ], [ 38.676622740891666, 0.667215470308064 ], [ 38.690330480501842, 0.475307115765678 ], [ 38.841115616213713, 0.214860063172441 ], [ 38.950777533095078, 0.009243969019885 ], [ 39.115270408417118, -0.196372125132671 ], [ 39.348301981790016, -0.429403698505568 ], [ 39.430548419451043, -0.648727532268294 ], [ 39.389425200620529, -0.813220407590339 ], [ 39.224932325298482, -0.991421022522554 ], [ 39.00560849153576, -1.087375199793747 ], [ 38.71774595972218, -1.142206158234429 ], [ 38.429883427908599, -1.19703711667511 ], [ 38.183144114925533, -1.334114512776814 ], [ 37.867866103891615, -1.471191908878518 ], [ 37.662250009739061, -1.635684784200563 ], [ 37.497757134417014, -1.800177659522607 ], [ 37.196186862993265, -2.019501493285334 ], [ 37.01798624806105, -2.279948545878571 ], [ 36.922032070789861, -2.458149160810787 ], [ 36.894616591569516, -2.608934296522661 ], [ 36.949447550010198, -2.828258130285387 ], [ 37.072817206501732, -2.951627786776921 ], [ 37.360679738315312, -3.26690579781084 ], [ 37.401802957145819, -3.499937371183737 ], [ 37.333264259094967, -3.842630861437997 ], [ 37.182479123383096, -4.034539215980383 ], [ 36.949447550010198, -4.130493393251575 ], [ 36.757539195467814, -4.103077914031234 ], [ 36.620461799366112, -3.93858503870919 ], [ 36.551923101315253, -3.801507642607486 ], [ 36.551923101315253, -3.554768329624418 ], [ 36.524507622094916, -3.458814152353226 ], [ 36.318891527942363, -3.445106412743055 ], [ 36.072152214959296, -3.527352850404078 ], [ 35.89395160002708, -3.458814152353226 ], [ 35.839120641586398, -3.335444495861692 ], [ 35.743166464315202, -3.116120662098966 ], [ 35.729458724705033, -2.965335526387091 ], [ 35.797997422755884, -2.663765254963343 ], [ 35.962490298077931, -1.827593138742948 ], [ 35.880243860416911, -1.375237731607326 ], [ 35.797997422755884, -1.142206158234429 ], [ 35.729458724705033, -0.922882324471702 ], [ 35.825412901976229, -0.730973969929317 ], [ 36.05844447534912, -0.51165013616659 ], [ 36.209229611060998, -0.388280479675057 ], [ 36.250352829891511, -0.114125687471649 ], [ 36.154398652620316, 0.17373684434193 ], [ 35.770581943535547, 0.406768417714826 ], [ 35.68833550587452, 0.502722594986019 ], [ 35.564965849382986, 0.708338689138575 ], [ 35.537550370162649, 0.831708345630108 ], [ 35.660920026654182, 1.160694096274198 ], [ 35.715750985094864, 1.24294053393522 ], [ 35.880243860416911, 1.475972107308117 ], [ 35.9761980376881, 1.791250118342036 ], [ 36.031028996128782, 1.996866212494592 ], [ 36.099567694179633, 2.229897785867489 ], [ 36.3463070071627, 2.60000675534209 ], [ 36.42855344482372, 2.61371449495226 ], [ 36.647877278586449, 2.490344838460727 ], [ 36.757539195467814, 1.983158472884422 ], [ 36.812370153908496, 1.777542378731866 ], [ 36.922032070789861, 1.462264367697947 ], [ 37.031693987671218, 1.21552505471488 ], [ 37.127648164942414, 0.913954783291131 ], [ 37.209894602603434, 0.694630949528404 ], [ 37.401802957145819, 0.475307115765678 ], [ 37.580003572078041, 0.667215470308064 ], [ 37.717080968179744, 0.996201220952153 ], [ 37.895281583111952, 1.297771492375902 ], [ 38.018651239603486, 1.503387586528458 ] ] ] ] } },
{ "type": "Feature", "properties": { "id": null, "Zone": "области высотной поясности", "layer": "africa", "path": "D:/kurse4/semestr7/Diplom/diplom3/data/africa.shp" }, "geometry": { "type": "MultiPolygon", "coordinates": [ [ [ [ 38.6149379126459, -2.732303953014194 ], [ 38.786284657773031, -2.800842651065046 ], [ 38.861677225628974, -2.869381349115898 ], [ 38.90280044445948, -2.985897135802347 ], [ 38.909654314264564, -3.170951620539647 ], [ 38.90280044445948, -3.29432127703118 ], [ 38.841115616213713, -3.499937371183736 ], [ 38.772576918162862, -3.760384423776974 ], [ 38.724599829527264, -3.863192470853252 ], [ 38.53269147498488, -4.096224044226149 ], [ 38.375052469467924, -4.205885961107512 ], [ 38.244828943171299, -4.247009179938023 ], [ 38.073482198044175, -4.240155310132938 ], [ 37.847304494476361, -4.205885961107512 ], [ 37.7487801160283, -4.168189677179453 ], [ 37.621983524634217, -4.065381630103174 ], [ 37.563725631290993, -3.945438908514182 ], [ 37.552588092857697, -3.80836151241257 ], [ 37.591141110511337, -3.626733962577718 ], [ 37.662250009739061, -3.513645110793907 ], [ 37.888427713306875, -3.232636448785414 ], [ 37.96382028116281, -3.068143573463369 ], [ 38.032358979213662, -2.931066177361665 ], [ 38.210559594145877, -2.807696520870131 ], [ 38.341639854168172, -2.746011692624263 ], [ 38.457298907128944, -2.739157822819279 ], [ 38.6149379126459, -2.732303953014194 ] ] ] ] } },
{ "type": "Feature", "properties": { "id": null, "Zone": "переменно-влажных (в том числе муссонных) лесов", "layer": "africa", "path": "D:/kurse4/semestr7/Diplom/diplom3/data/africa.shp" }, "geometry": { "type": "MultiPolygon", "coordinates": [ [ [ [ 30.033892916679225, -5.49441348446353 ], [ 30.027039046874165, -5.007788728302479 ], [ 30.081870005314844, -4.473186883505834 ], [ 30.195687867707754, -3.983770075216326 ], [ 30.21894740141655, -3.883754080268506 ], [ 30.362878667323336, -3.129828401709134 ], [ 30.273778359857229, -2.773427171844704 ], [ 30.205239661806377, -2.526687858861636 ], [ 30.188863965357239, -2.379306590819387 ], [ 30.15726257317078, -2.094894061141269 ], [ 30.314901578687738, -1.738492831276839 ], [ 30.534225412450468, -1.382091601412408 ], [ 30.550052704748175, -1.320760843758795 ], [ 30.615427833856444, -1.06743221846424 ], [ 30.643887329331829, -0.957151673497126 ], [ 30.650741199136917, -0.772097188759826 ], [ 30.609617980306403, -0.340303391039458 ], [ 30.739841506603021, -0.23749534396318 ], [ 31.315566570230178, -0.06614859883605 ], [ 31.521182664382735, 0.057221057655483 ], [ 31.740506498145461, 0.331375849858891 ], [ 31.809045196196312, 0.715192558943663 ], [ 31.761068107560718, 0.98934735114707 ], [ 31.644552320874269, 1.48967984691829 ], [ 31.71309101892512, 2.175066827426809 ], [ 31.665113930289522, 2.54517579690141 ], [ 31.576013622823414, 2.771353500469222 ], [ 31.473205575747137, 2.915284766376011 ], [ 31.329274309840347, 3.004385073842118 ], [ 31.164781434518286, 2.983823464426863 ], [ 31.075681127052178, 2.901577026765841 ], [ 31.003715494098763, 3.141462469943852 ], [ 30.833859407067212, 3.509156482762448 ], [ 30.833852421715427, 3.509171604222463 ], [ 29.989342762946173, 3.922803627723566 ], [ 29.180586125946121, 4.183250680316803 ], [ 27.521949633115501, 4.38886677446936 ], [ 25.931851838335731, 4.484820951740552 ], [ 24.177261168233912, 4.498528691350723 ], [ 23.501478858800091, 4.701263384180869 ], [ 23.08064199942028, 4.827514441994813 ], [ 21.956607351386307, 5.320993067960948 ], [ 21.422005506589663, 5.554024641333845 ], [ 20.928526880623526, 5.636271078994867 ], [ 20.297970858555686, 5.663686558215208 ], [ 19.914154149470917, 5.608855599774526 ], [ 19.406967783894611, 5.512901422503333 ], [ 18.940904637148815, 5.334700807571118 ], [ 18.173271218979274, 5.129084713418562 ], [ 17.076652050165642, 4.649313827062597 ], [ 15.870370964470647, 4.580775129011746 ], [ 14.97936788980957, 4.813806702384644 ], [ 14.541683602371624, 4.966783734887227 ], [ 13.567470709962016, 5.307285328350779 ], [ 12.416020582707702, 5.512901422503335 ], [ 11.614117815512724, 5.389531766011756 ], [ 11.764902951224599, 5.691102037435505 ], [ 11.984226784987325, 6.047503267299936 ], [ 12.326920275241584, 6.349073538723685 ], [ 12.463997671343289, 6.540981893266071 ], [ 12.628490546665333, 6.705474768588116 ], [ 12.779275682377207, 6.801428945859309 ], [ 12.998599516139935, 6.869967643910161 ], [ 13.16309239146198, 6.84255216468982 ], [ 13.368708485614535, 6.705474768588116 ], [ 13.629155538207772, 6.540981893266071 ], [ 13.821063892750159, 6.49985867443556 ], [ 14.136341903784079, 6.472443195215218 ], [ 14.667516813678207, 6.08177261632537 ], [ 15.160995439644342, 5.876156522172813 ], [ 16.03143690489016, 5.780202344901621 ], [ 17.052663505847857, 5.848741042952473 ], [ 17.62153469966993, 5.869302652367729 ], [ 18.923769962636118, 6.205142272816904 ], [ 20.054658480475176, 6.41075836696946 ], [ 20.534429366831141, 6.486150934825397 ], [ 21.041615732407443, 6.506712544240653 ], [ 21.404870832076959, 6.513566414045737 ], [ 21.884641718432924, 6.527274153655908 ], [ 22.542613219721101, 6.397050627359289 ], [ 23.275977288865221, 6.170872923791478 ], [ 24.468550634950038, 5.807617824121961 ], [ 24.818097995009381, 5.739079126071109 ], [ 25.359553709611113, 5.732225256266025 ], [ 26.209433565441678, 5.684248167630428 ], [ 27.285491124840053, 5.478632073477872 ], [ 27.922901016712977, 5.389531766011764 ], [ 29.423898504026642, 5.129084713418528 ], [ 30.006477437458884, 4.978299577706653 ], [ 30.602764110501294, 4.752121874138842 ], [ 30.760403116018253, 4.683583176087989 ], [ 31.075681127052174, 4.567067389401541 ], [ 31.432082356916602, 4.423136123494752 ], [ 31.754214237755608, 4.258643248172707 ], [ 32.186008035475979, 3.99819619557947 ], [ 32.453308957874299, 3.799433971231999 ], [ 32.802856317933646, 3.607525616689613 ], [ 33.227796245848928, 3.223708907604843 ], [ 33.378581381560799, 3.052362162477713 ], [ 33.543074256882846, 2.545175796901408 ], [ 33.515658777662502, 2.312144223528511 ], [ 33.371727511755715, 1.74327302970644 ], [ 33.248357855264182, 1.441702758282691 ], [ 33.083864979942135, 1.016762830367409 ], [ 33.145549808187901, 0.495868725180934 ], [ 33.124988198772648, 0.166882974536844 ], [ 33.070157240331966, -0.134687296886905 ], [ 32.953641453645517, -0.628165922853039 ], [ 32.919372104620095, -0.991421022522554 ], [ 32.939933714035348, -1.210744856285281 ], [ 32.720609880272619, -1.608269304980222 ], [ 32.631509572806515, -2.177140498802293 ], [ 32.60409409358617, -2.506126249446383 ], [ 32.60409409358617, -2.75286556242945 ], [ 32.610947963391261, -2.979043265997262 ], [ 32.610947963391261, -3.328590626056607 ], [ 32.508139916314981, -3.712407335141378 ], [ 32.281962212747167, -4.055100825395638 ], [ 31.781629716975949, -4.541725581556687 ], [ 31.157927564713198, -4.959811639666884 ], [ 30.499956063425017, -5.33677447894657 ], [ 30.033892916679225, -5.49441348446353 ] ] ] ] } },
{ "type": "Feature", "properties": { "id": null, "Zone": "переменно-влажных (в том числе муссонных) лесов", "layer": "africa", "path": "D:/kurse4/semestr7/Diplom/diplom3/data/africa.shp" }, "geometry": { "type": "MultiPolygon", "coordinates": [ [ [ [ 12.227347039446471, -6.294447523629394 ], [ 12.322431674863511, -6.10009246177966 ], [ 12.182336866920252, -5.789930515163839 ], [ 11.91496300624209, -5.037986748884791 ], [ 11.093772820691925, -3.978826592630547 ], [ 10.06613528813574, -2.969482517105682 ], [ 9.405245395554971, -2.144313246269043 ], [ 8.79799563969317, -1.111301364754496 ], [ 8.830086704146424, -0.779073581550037 ], [ 9.048419630579588, -0.459351494960217 ], [ 11.264570455453381, -1.272429684531019 ], [ 12.25152770738565, -1.409507080632723 ], [ 13.567470709962009, -1.382091601412384 ], [ 13.8964564606061, -1.354676122192043 ], [ 14.407536347756071, -1.205091764977417 ], [ 15.020491108640073, -1.025690371547952 ], [ 16.089694798233364, -1.190183246869998 ], [ 16.644502021714338, -1.474038105395147 ], [ 17.268560404708019, -1.793323789717496 ], [ 19.29730586701324, -2.451295291005675 ], [ 20.558417911148918, -3.164097750734536 ], [ 21.627621600742209, -3.931731168904079 ], [ 22.175931185149018, -4.123639523446466 ], [ 23.286258093572823, -4.068808565005784 ], [ 24.547370137708501, -3.657576376700672 ], [ 25.123095201335659, -3.657576376700672 ], [ 26.452745943522189, -3.91802342929391 ], [ 27.22037936169173, -4.370378836429533 ], [ 28.179921134403656, -4.630825889022771 ], [ 28.467783666217237, -4.562287190971919 ], [ 28.923566008255435, -4.857003592590594 ], [ 29.32109045695038, -5.3641899581669 ], [ 28.450648991704529, -5.353909153459295 ], [ 27.600769135873968, -5.449863330730487 ], [ 26.709766061212889, -5.628063945662703 ], [ 25.846178465772155, -6.053003873577985 ], [ 25.599439152789088, -6.272327707340711 ], [ 25.476069496297555, -6.57389797876446 ], [ 25.36640757941619, -7.24557721966281 ], [ 25.338992100195849, -7.766471324849284 ], [ 25.064837307992441, -7.944671939781499 ], [ 24.818097995009374, -7.876133241730647 ], [ 24.70843607812801, -7.862425502120477 ], [ 24.598774161246649, -7.725348106018774 ], [ 24.461696765144943, -7.314115917713662 ], [ 24.324619369043241, -6.806929552137357 ], [ 24.023049097619491, -6.258619967730541 ], [ 23.885971701517789, -6.039296133967815 ], [ 23.58440143009404, -5.915926477476281 ], [ 23.378785335941483, -5.970757435916963 ], [ 23.118338283348244, -6.203789009289859 ], [ 22.940137668416028, -6.546482499544119 ], [ 22.967553147636373, -7.396362355374683 ], [ 22.960699277831285, -8.383319607306952 ], [ 22.741375444068559, -8.85623662385783 ], [ 22.487782261280415, -9.229772528234978 ], [ 22.384974214204135, -9.305165096090915 ], [ 22.117673291805815, -9.072133522718019 ], [ 21.96688815609394, -8.215399797082368 ], [ 21.816103020382066, -7.58484377501453 ], [ 21.74071045252612, -7.187319326319589 ], [ 21.548802097983735, -6.769233268209391 ], [ 21.055323472017598, -6.460809126980557 ], [ 20.637237413907403, -6.303170121463596 ], [ 20.356228751898911, -6.296316251658511 ], [ 19.753088209051413, -6.42653977795513 ], [ 19.245901843475107, -6.591032653277174 ], [ 18.985454790881871, -6.721256179573793 ], [ 18.779838696729314, -6.96799549255686 ], [ 18.622199691212355, -7.269565763980609 ], [ 18.574222602576757, -7.530012816573846 ], [ 18.656469040237781, -8.002929833124725 ], [ 18.759277087314057, -8.297646234743389 ], [ 18.793546436339483, -8.475846849675603 ], [ 18.868939004195422, -8.989887085056994 ], [ 18.841523524975081, -9.216064788624806 ], [ 18.820961915559824, -9.428534752582447 ], [ 18.793546436339483, -9.53819666946381 ], [ 18.464560685695396, -9.599881497709577 ], [ 18.306921680178434, -9.517635060048555 ], [ 18.108159455830965, -9.35314218472651 ], [ 17.806589184407215, -8.921348387006141 ], [ 17.472970004962235, -8.0685511206417 ], [ 17.011540287017333, -7.612259254234869 ], [ 16.696262275983415, -7.550574425989104 ], [ 16.394692004559666, -7.577989905209445 ], [ 15.873797899373191, -7.605405384429785 ], [ 15.599643107169783, -7.605405384429785 ], [ 14.873132907830751, -7.317542852616207 ], [ 13.982129833169676, -6.508786215616154 ], [ 13.310450592271327, -6.275754642243257 ], [ 12.227347039446471, -6.294447523629394 ] ] ] ] } },
{ "type": "Feature", "properties": { "id": null, "Zone": "жестколистных вечнозеленых лесов и кустарников (средиземноморского типа)", "layer": "africa", "path": "D:/kurse4/semestr7/Diplom/diplom3/data/africa.shp" }, "geometry": { "type": "MultiPolygon", "coordinates": [ [ [ [ 10.149592726287125, 34.330773016897709 ], [ 10.013739216025353, 34.700105987458628 ], [ 9.88008875482617, 34.98454158436968 ], [ 10.099412588588896, 35.258696376573084 ], [ 10.19536676586009, 35.697344044098543 ], [ 10.167951286639749, 35.820713700590076 ], [ 10.030873890538045, 35.916667877861265 ], [ 9.729303619114296, 35.889252398640927 ], [ 9.002793419775264, 35.656220825268029 ], [ 8.376367628623768, 35.479876003555944 ], [ 7.933589730181972, 35.519143429166327 ], [ 7.19337179123277, 35.72475952331888 ], [ 6.754724123707317, 35.793298221369731 ], [ 6.206414539300501, 35.793298221369731 ], [ 6.041921663978456, 35.711051783708712 ], [ 5.658104954893684, 35.546558908386665 ], [ 5.123503110097038, 35.573974387607009 ], [ 4.698563182181755, 35.683636304488367 ], [ 4.479239348419028, 35.683636304488367 ], [ 4.259915514656302, 35.601389866827347 ], [ 3.84868332635119, 35.368358293454449 ], [ 3.314081481554544, 35.053080282420531 ], [ 2.86172607441892, 34.888587407098484 ], [ 2.587571282215512, 35.025664803200186 ], [ 1.957015260147673, 35.176449938912064 ], [ 1.737691426384947, 34.98454158436968 ], [ 1.285336019249325, 34.724094531776437 ], [ 0.599949038740805, 34.504770698013715 ], [ -0.387008213191464, 34.326570083081499 ], [ -1.730366694988165, 34.175784947369621 ], [ -1.758226750334069, 34.172799941439706 ], [ -2.114183404072936, 34.134661728539115 ], [ -2.470584633937366, 34.148369468149284 ], [ -2.525415592378049, 34.559601656454397 ], [ -2.621369769649241, 34.833756448657802 ], [ -3.183387093666227, 34.929710625928998 ], [ -3.635742500801851, 34.998249323979849 ], [ -3.896189553395089, 34.998249323979849 ], [ -4.019559209886623, 34.724094531776437 ], [ -3.567203802750999, 34.491062958403546 ], [ -3.498665104700147, 34.285446864250986 ], [ -3.731696678073044, 34.011292072047581 ], [ -4.005851470276452, 33.956461113606899 ], [ -4.608992013123951, 33.65489084218315 ], [ -5.020224201429063, 33.380736049979738 ], [ -5.184717076751108, 33.06545803894582 ], [ -5.2806712540223, 32.818718725962754 ], [ -5.664487963107072, 32.40748653765764 ], [ -5.815273098818946, 32.297824620776275 ], [ -6.226505287124063, 32.133331745454221 ], [ -6.47324460010713, 32.133331745454221 ], [ -7.473909591649569, 32.051085307793201 ], [ -7.80289534229366, 31.927715651301668 ], [ -8.433451364361499, 31.69468407792877 ], [ -8.543113281242862, 31.598729900657577 ], [ -9.050299646819166, 31.351990587674507 ], [ -9.159961563700531, 31.187497712352464 ], [ -9.146253824090358, 31.06412805586093 ], [ -9.492374249247122, 31.108678209593982 ], [ -9.814718390329176, 31.17773550060906 ], [ -9.434793260119363, 32.038096421836485 ], [ -9.300692918321886, 32.564679266890664 ], [ -8.657476365585012, 33.240245266242425 ], [ -7.654178432638219, 33.697064927702513 ], [ -6.912544114601417, 34.110476386037476 ], [ -6.244342006851411, 35.145865383437524 ], [ -5.92999426921989, 35.75998810479399 ], [ -5.193863491222032, 35.755182196590852 ], [ -4.591006232105144, 35.330711981745594 ], [ -3.640056525070065, 35.399855048152006 ], [ -2.604305792644084, 35.179093329401155 ], [ -2.169913702798624, 35.16839630791668 ], [ -1.208602871089056, 35.714848741187097 ], [ -0.127454392894606, 35.888662421200806 ], [ 0.503876580415209, 36.301272894835279 ], [ 1.466918572606545, 36.605647081034405 ], [ 3.161698846050825, 36.78390493422522 ], [ 4.81575809084913, 36.865036932923459 ], [ 5.320120070017794, 36.716518866516623 ], [ 6.261819695672613, 37.110655015606739 ], [ 7.330384962603971, 37.118380642234371 ], [ 7.737078484741005, 36.885707505840216 ], [ 8.420964389691676, 36.946427313783161 ], [ 9.509993523810607, 37.349994411766545 ], [ 10.210002475636317, 37.230001735984814 ], [ 10.180650262094531, 36.724037787415085 ], [ 11.02886722173335, 37.092103176413957 ], [ 11.100025668999251, 36.899996039368915 ], [ 10.600004510143094, 36.410000108377375 ], [ 10.593286573945138, 35.947444362932814 ], [ 10.939518670300687, 35.698984076473494 ], [ 10.807847120821009, 34.83350718844919 ], [ 10.149592726287125, 34.330773016897709 ] ] ] ] } },
{ "type": "Feature", "properties": { "id": null, "Zone": "полупустынь и пустынь", "layer": "africa", "path": "D:/kurse4/semestr7/Diplom/diplom3/data/africa.shp" }, "geometry": { "type": "MultiPolygon", "coordinates": [ [ [ [ -16.14634741867485, 18.108481553616656 ], [ -16.256883307347167, 19.096715806550307 ], [ -16.37765112961327, 19.593817246981985 ], [ -16.277838100641517, 20.092520656814699 ], [ -16.536323614965468, 20.567866319251493 ], [ -17.063423224342571, 20.999752102130827 ], [ -17.020428432675772, 21.422310288981578 ], [ -16.973247849993243, 21.885744533774982 ], [ -16.589136928767687, 22.158234361250095 ], [ -16.261921759495635, 22.679339504481277 ], [ -16.326413946995899, 23.017768459560898 ], [ -15.982610642958036, 23.723358466074046 ], [ -15.426003790742186, 24.359133612561038 ], [ -15.089331834360735, 24.520260728446999 ], [ -14.824645148161665, 25.103532619725343 ], [ -14.800925665739726, 25.63626496022232 ], [ -14.439939947964831, 26.254418443297652 ], [ -13.773804897506466, 26.618892320252314 ], [ -13.13994177901435, 27.640147813420526 ], [ -13.121613369914769, 27.654147671719841 ], [ -12.618836635783111, 28.038185533148692 ], [ -11.688919236690765, 28.148643907172527 ], [ -10.900956997104402, 28.83214223888092 ], [ -10.399592251008642, 29.098585923777819 ], [ -9.564811163765683, 29.933573716749891 ], [ -9.814718390329176, 31.17773550060906 ], [ -9.492374249247122, 31.108678209593982 ], [ -9.146253824090358, 31.06412805586093 ], [ -8.803560333836099, 30.927050659759225 ], [ -8.378620405920817, 30.927050659759225 ], [ -7.748064383852978, 30.927050659759225 ], [ -7.556156029310592, 30.858511961708373 ], [ -7.679525685802126, 30.625480388335475 ], [ -8.543113281242862, 30.433572033793091 ], [ -8.954345469547974, 30.214248200030365 ], [ -9.201084782531041, 29.885262449386275 ], [ -9.283331220192064, 29.446614781860823 ], [ -9.283331220192064, 29.172459989657412 ], [ -9.1736693033107, 28.816058759792984 ], [ -8.926929990327633, 28.678981363691278 ], [ -8.392328145530987, 28.678981363691278 ], [ -7.939972738395364, 28.925720676674345 ], [ -7.556156029310592, 29.3643683441998 ], [ -7.062677403344457, 29.830431490945593 ], [ -6.788522611141049, 30.049755324708322 ], [ -6.14425884946304, 30.337617856521899 ], [ -5.609657004666394, 30.598064909115138 ], [ -4.924270024157874, 30.899635180538887 ], [ -4.677530711174807, 31.02300483703042 ], [ -4.211467564429013, 31.201205451962636 ], [ -3.662287024795354, 31.382328973663686 ], [ -2.868109082632312, 31.73580729675928 ], [ -2.278676279394984, 32.35265557921695 ], [ -1.716658955377996, 32.709056809081389 ], [ -1.333246644588041, 32.819820365531818 ], [ -1.099810672920328, 32.887257424013605 ], [ -0.537793348903341, 32.818718725962754 ], [ -0.016899243716866, 32.77759550713224 ], [ 0.408040684198417, 32.873549684403436 ], [ 0.641072257571315, 32.996919340894969 ], [ 1.079719925096768, 33.257366393488205 ], [ 1.586906290673072, 33.476690227250934 ], [ 2.162631354300229, 33.421859268810252 ], [ 2.395662927673127, 33.312197351928887 ], [ 2.998803470520624, 33.312197351928887 ], [ 3.327789221164714, 33.572644404522123 ], [ 3.601944013368122, 33.764552759064514 ], [ 3.972052982842724, 33.929045634386554 ], [ 4.890471536724141, 34.162077207759452 ], [ 5.767766871775048, 34.340277822691668 ], [ 6.19270679969033, 34.47735521879337 ], [ 6.576523508775101, 34.518478437623884 ], [ 7.303033708114133, 34.449939739573033 ], [ 7.782804594470098, 34.408816520742519 ], [ 7.861029335254617, 34.401863210450564 ], [ 8.399652876927766, 34.353985562301837 ], [ 8.838300544453219, 34.463647479183201 ], [ 9.578518483402421, 34.737802271386613 ], [ 9.88008875482617, 34.98454158436968 ], [ 10.013739216025353, 34.700105987458628 ], [ 10.149592726287125, 34.330773016897709 ], [ 10.339658644256616, 33.785741685515319 ], [ 10.856836378633687, 33.768740139291282 ], [ 11.108500603895122, 33.293342800422195 ], [ 11.488787469131012, 33.136995754523241 ], [ 12.66331, 32.79278 ], [ 13.08326, 32.87882 ], [ 13.91868, 32.71196 ], [ 15.24563, 32.26508 ], [ 15.71394, 31.37626 ], [ 16.61162, 31.18218 ], [ 18.02109, 30.76357 ], [ 19.08641, 30.26639 ], [ 19.57404, 30.52582 ], [ 20.05335, 30.98576 ], [ 19.82033, 31.751790000000142 ], [ 20.13397, 32.2382 ], [ 20.85452, 32.7068 ], [ 21.54298, 32.8432 ], [ 22.89576, 32.63858 ], [ 23.2368, 32.19149 ], [ 23.609130000000107, 32.18726 ], [ 23.9275, 32.01667 ], [ 24.92114, 31.89936 ], [ 25.16482, 31.56915 ], [ 26.49533, 31.58568 ], [ 27.45762, 31.32126 ], [ 28.45048, 31.02577 ], [ 28.91353, 30.87005 ], [ 29.68342, 31.18686 ], [ 30.09503, 31.4734 ], [ 30.97693, 31.55586 ], [ 31.68796, 31.4296 ], [ 31.96041, 30.9336 ], [ 32.19247, 31.26034 ], [ 32.99392, 31.02407 ], [ 33.7734, 30.96746 ], [ 34.265434744646207, 31.219357309520319 ], [ 34.26544, 31.21936 ], [ 34.823243288783814, 29.761080761718219 ], [ 34.92260257339143, 29.501326198844524 ], [ 34.9226, 29.50133 ], [ 34.92260257339143, 29.501326198844524 ], [ 34.823243288783814, 29.761080761718219 ], [ 34.9226, 29.50133 ], [ 34.64174, 29.09942 ], [ 34.42655, 28.34399 ], [ 34.15451, 27.8233 ], [ 33.92136, 27.6487 ], [ 33.58811, 27.97136 ], [ 33.13676, 28.41765 ], [ 32.42323, 29.85108 ], [ 32.32046, 29.76043 ], [ 32.73482, 28.70523 ], [ 33.34876, 27.69989 ], [ 34.10455, 26.14227 ], [ 34.47387, 25.59856 ], [ 34.79507, 25.03375 ], [ 35.69241, 23.92671 ], [ 35.49372, 23.75237 ], [ 35.52598, 23.10244 ], [ 36.69069, 22.20485 ], [ 36.86623, 22.0 ], [ 36.510799882484747, 21.84910010292387 ], [ 36.140690913010147, 21.56123757111029 ], [ 36.072152214959296, 21.2322518204662 ], [ 35.935074818857593, 20.848435111381431 ], [ 35.647212287044013, 20.51944936073734 ], [ 35.564965849382993, 20.313833266584783 ], [ 35.647212287044013, 20.163048130872909 ], [ 36.031028996128782, 20.108217172432227 ], [ 36.222937350671167, 20.012262995161038 ], [ 36.229791220476251, 19.854623989644072 ], [ 35.989905777298276, 19.738108202957626 ], [ 35.81170516236606, 19.532492108805073 ], [ 35.777435813340631, 19.333729884457597 ], [ 35.859682251001651, 19.100698311084702 ], [ 36.133837043205062, 19.032159613033848 ], [ 36.414845705213551, 18.805981909466038 ], [ 36.66843888800171, 18.518119377652464 ], [ 36.908324331179685, 18.312503283499908 ], [ 37.107086555527161, 18.257672325059225 ], [ 37.292141040264461, 18.291941674084651 ], [ 37.436072306171248, 18.422165200381272 ], [ 37.481790000000103, 18.61409 ], [ 37.86276, 18.36786 ], [ 38.410089959473225, 17.998307399970315 ], [ 37.963820281162803, 17.983517532855814 ], [ 37.75820418701025, 17.819024657533767 ], [ 37.710227098374645, 17.613408563381213 ], [ 37.782021498379684, 17.400313321295293 ], [ 37.141355904552562, 17.455769557864258 ], [ 36.072152214959274, 17.071952848779485 ], [ 34.111945450704901, 16.126118815677728 ], [ 31.93241485268781, 15.180284782575971 ], [ 30.246362880636852, 14.673098416999668 ], [ 27.69672331314516, 14.261866228694554 ], [ 24.790682515789037, 14.124788832592852 ], [ 21.80239528077189, 14.179619791033533 ], [ 19.485787286653093, 14.261866228694554 ], [ 18.265798461347931, 14.631975198169155 ], [ 17.690073397720774, 15.029499646864096 ], [ 16.60716196851731, 15.413316355948865 ], [ 15.565373758144361, 15.495562793609889 ], [ 13.893029525703573, 15.331069918287845 ], [ 12.810118096500112, 15.427024095559037 ], [ 11.329682218601709, 16.002749159186195 ], [ 9.958908257584669, 16.770382577355736 ], [ 9.424306412788026, 16.93487545267778 ], [ 7.943870534889623, 16.975998671508293 ], [ 5.531308363499632, 16.619597441643862 ], [ 3.982333787550377, 16.729259358525226 ], [ 3.324362286262199, 17.003414150728631 ], [ 2.584144347312997, 17.921832704610047 ], [ 1.967296064855327, 18.648342903949082 ], [ 1.624602574601067, 18.758004820830443 ], [ 0.514275666177264, 18.799128039660957 ], [ -0.225942272771936, 18.63463516433891 ], [ -0.609758981856707, 18.442726809796525 ], [ -1.089529868212672, 18.18227975720329 ], [ -1.706378150670339, 17.812170787728686 ], [ -2.09019485975511, 17.661385652016811 ], [ -2.4191806103992, 17.524308255915109 ], [ -2.994905674026358, 17.387230859813403 ], [ -3.735123612975558, 17.332399901372725 ], [ -4.393095114263738, 17.373523120203235 ], [ -4.941404698670553, 17.400938599423576 ], [ -5.434883324636687, 17.524308255915109 ], [ -5.942069690212993, 17.784755308508345 ], [ -6.353301878518104, 18.058910100711753 ], [ -7.203181734348669, 18.195987496813459 ], [ -7.62812166226395, 18.154864277982945 ], [ -8.395755080433492, 17.853294006559196 ], [ -9.34158911353525, 17.894417225389706 ], [ -9.72540582262002, 17.921832704610047 ], [ -10.342254105077689, 18.100033319542263 ], [ -10.972810127145527, 18.319357153304988 ], [ -11.562242930382855, 18.442726809796522 ], [ -12.288753129721885, 18.620927424728738 ], [ -13.13863298555245, 18.620927424728738 ], [ -13.536157434247391, 18.593511945508396 ], [ -14.303790852416935, 18.415311330576181 ], [ -14.56423790501017, 18.264526194864306 ], [ -15.071424270586476, 17.990371402660898 ], [ -15.606026115383122, 17.921832704610047 ], [ -15.811642209535677, 17.921832704610047 ], [ -16.14634741867485, 18.108481553616656 ] ], [ [ 7.083709874351405, 26.773605557877588 ], [ 6.741016384097145, 26.814728776708101 ], [ 6.343491935402203, 26.801021037097929 ], [ 6.178999060080159, 26.746190078657246 ], [ 5.959675226317432, 26.526866244894521 ], [ 5.90484426787675, 26.362373369572474 ], [ 5.850013309436068, 26.047095358538556 ], [ 5.91855200748692, 25.745525087114807 ], [ 5.987090705537772, 25.526201253352081 ], [ 6.000798445147943, 25.375416117640206 ], [ 5.987090705537772, 25.101261325436798 ], [ 5.795182350995387, 24.881937491674073 ], [ 5.56215077762249, 24.676321397521516 ], [ 5.466196600351298, 24.4981207825893 ], [ 5.411365641910615, 24.265089209216402 ], [ 5.397657902300445, 24.073180854674018 ], [ 5.56215077762249, 23.867564760521461 ], [ 5.712935913334364, 23.703071885199417 ], [ 5.808890090605558, 23.401501613775668 ], [ 5.808890090605558, 23.099931342351919 ], [ 5.781474611385216, 22.83948428975868 ], [ 5.712935913334364, 22.579037237165444 ], [ 5.754059132164876, 22.250051486521354 ], [ 6.000798445147943, 22.071850871589138 ], [ 6.439446112673396, 22.263759226131523 ], [ 6.878093780198849, 22.716114633267146 ], [ 7.5497730210972, 22.908022987809531 ], [ 7.851343292520949, 22.75723785209766 ], [ 8.152913563944697, 22.592744976775613 ], [ 8.728638627571854, 22.620160455995954 ], [ 8.975377940554923, 22.743530112487488 ], [ 9.071332117826115, 23.045100383911237 ], [ 9.112455336656627, 23.415209353385837 ], [ 9.043916638605774, 23.689364145589245 ], [ 8.90683924250407, 24.045765375453676 ], [ 8.797177325622707, 24.292504688436743 ], [ 8.797177325622707, 24.607782699470661 ], [ 8.947962461334582, 24.758567835182539 ], [ 9.112455336656627, 24.785983314402877 ], [ 9.468856566521056, 24.648905918301175 ], [ 9.647057181453272, 24.361043386487594 ], [ 9.976042932097362, 23.785318322860441 ], [ 10.277613203521112, 23.524871270267202 ], [ 10.469521558063496, 23.319255176114645 ], [ 10.812215048317757, 23.12734682157226 ], [ 11.168616278182187, 23.031392644301064 ], [ 11.197253826977768, 23.025426488301985 ], [ 11.497602028826277, 22.962853946250213 ], [ 11.703218122978834, 22.962853946250213 ], [ 11.93624969635173, 23.099931342351919 ], [ 11.999505649471613, 23.47166840259645 ], [ 11.560669386449005, 24.097909247325518 ], [ 10.771363559622927, 24.562532050061751 ], [ 10.455813818453326, 25.156092283877481 ], [ 10.318736422351622, 25.334292898809696 ], [ 10.071997109368555, 25.594739951402932 ], [ 9.948627452877021, 25.759232826724979 ], [ 9.729303619114294, 25.923725702047022 ], [ 9.523687524961739, 26.143049535809748 ], [ 9.46097787023799, 26.243384983367747 ], [ 9.386610128860035, 26.362373369572474 ], [ 9.180994034707478, 26.636528161775885 ], [ 8.947962461334582, 26.691359120216564 ], [ 8.701223148351513, 26.705066859826736 ], [ 8.57785349185998, 26.513158505284352 ], [ 8.385945137317595, 26.389788848792815 ], [ 7.90617425096163, 26.307542411131795 ], [ 7.59089623992771, 26.307542411131795 ], [ 7.083709874351405, 26.773605557877588 ] ], [ [ 18.406302792352175, 21.753145925652674 ], [ 18.118440260538595, 21.739438186042506 ], [ 17.714061942038569, 21.842246233118782 ], [ 17.385076191394479, 22.051289262173885 ], [ 17.237717990585146, 22.26033229122898 ], [ 17.121202203898697, 22.507071604212051 ], [ 17.038458623407593, 22.844410816983491 ], [ 16.721656564332186, 22.996491151344188 ], [ 16.524915530856287, 22.945719271737502 ], [ 16.322726371606265, 22.661283674826503 ], [ 16.329580241411353, 22.322017119474758 ], [ 16.439242158292718, 21.986177499025587 ], [ 16.740812429716467, 21.629776269161155 ], [ 17.165752357631746, 21.335059867542491 ], [ 17.481030368665667, 20.985512507483147 ], [ 17.666084853402968, 20.622257407813631 ], [ 17.885408687165693, 20.221306024216169 ], [ 18.282933135860642, 19.936870427305099 ], [ 18.865512069292883, 19.450245671144049 ], [ 19.071128163445433, 19.381706973093216 ], [ 19.249328778377652, 19.361145363677942 ], [ 19.386406174479351, 19.395414712703385 ], [ 19.502921961165807, 19.491368889974563 ], [ 19.681122576098023, 19.703838853932204 ], [ 19.777076753369215, 20.039678474381375 ], [ 19.770222883564131, 20.396079704245807 ], [ 19.667414836487843, 20.79703108784333 ], [ 19.701684185513272, 21.019781856508569 ], [ 19.84926, 21.49509 ], [ 20.051231545572616, 21.866234777436617 ], [ 20.106062504013295, 22.250051486521389 ], [ 20.119770243623474, 22.575610302262898 ], [ 20.023816066352275, 22.688699154046844 ], [ 19.777076753369215, 22.733249307779857 ], [ 19.516629700775976, 22.664710609729006 ], [ 19.324721346233591, 22.507071604212047 ], [ 19.132812991691203, 22.335724859084916 ], [ 18.906635288123393, 22.130108764932363 ], [ 18.786225121666654, 22.005398235387879 ], [ 18.714726933581009, 21.93134654058489 ], [ 18.406302792352175, 21.753145925652674 ] ] ] ] } },
{ "type": "Feature", "properties": { "id": null, "Zone": "области высотной поясности", "layer": "africa", "path": "D:/kurse4/semestr7/Diplom/diplom3/data/africa.shp" }, "geometry": { "type": "MultiPolygon", "coordinates": [ [ [ [ 37.782021498379684, 17.400313321295293 ], [ 37.710227098374645, 17.613408563381213 ], [ 37.75820418701025, 17.819024657533767 ], [ 37.963820281162803, 17.983517532855814 ], [ 38.410089959473225, 17.998307399970315 ], [ 38.990622999840014, 16.840626125551694 ], [ 39.26611006038803, 15.922723496967251 ], [ 40.246158926256172, 14.659390677389492 ], [ 40.972669125595203, 13.52164828974535 ], [ 41.068623302866399, 13.233785757931772 ], [ 41.205700698968101, 12.754014871575809 ], [ 41.205700698968101, 12.425029120931718 ], [ 41.013792344425717, 12.054920151457113 ], [ 40.773906901247734, 11.732788270618109 ], [ 40.70536820319689, 11.472341218024869 ], [ 40.684806593781637, 11.17077094660112 ], [ 40.904130427544359, 10.924031633618053 ], [ 41.239970047993538, 10.61560749238922 ], [ 41.37704744409524, 10.211229173889194 ], [ 41.308508746044389, 9.752019896948484 ], [ 41.178285219747771, 9.423034146304396 ], [ 41.054915563256237, 9.087194525855221 ], [ 40.945253646374859, 8.792478124236567 ], [ 40.410651801578211, 8.120798883338217 ], [ 39.958296394442591, 7.270919027507652 ], [ 39.670433862629011, 6.50328560933811 ], [ 39.314032632764579, 6.023514722982146 ], [ 39.039877840561175, 5.543743836626183 ], [ 38.64235339186623, 5.297004523643115 ], [ 38.450445037323846, 5.173634867151581 ], [ 37.874719973696685, 5.091388429490559 ], [ 37.696519358764476, 5.201050346371923 ], [ 37.504611004222085, 5.46149739896516 ], [ 37.449780045781409, 5.721944451558397 ], [ 37.545734223052598, 5.913852806100783 ], [ 37.943258671747543, 6.283961775575384 ], [ 38.258536682781461, 6.434746911287258 ], [ 38.464152776934014, 6.51699334894828 ], [ 38.587522433425548, 6.681486224270325 ], [ 38.203705724340779, 6.695193963880495 ], [ 37.874719973696685, 6.654070745049984 ], [ 37.532026483442429, 6.558116567778791 ], [ 37.134502034747484, 6.352500473626236 ], [ 36.682146627611864, 6.229130817134702 ], [ 36.462822793849135, 6.352500473626236 ], [ 36.407991835408453, 6.48957786972794 ], [ 36.394284095798284, 6.804855880761859 ], [ 36.517653752289817, 7.133841631405948 ], [ 36.778100804883053, 7.421704163219527 ], [ 36.9425936802051, 7.641027996982253 ], [ 36.9425936802051, 7.805520872304298 ], [ 36.736977586052546, 8.038552445677194 ], [ 36.462822793849135, 8.189337581389069 ], [ 36.106421563984711, 8.737647165795885 ], [ 36.120129303594879, 9.148879354100991 ], [ 36.298329918527095, 9.354495448253548 ], [ 36.49023827306948, 9.560111542406103 ], [ 36.723269846442378, 9.710896678117978 ], [ 37.011132378255958, 9.861681813829852 ], [ 37.477195525001754, 9.930220511880705 ], [ 37.861012234086523, 9.930220511880705 ], [ 38.094043807459421, 10.053590168372239 ], [ 38.02550510940857, 10.1632520852536 ], [ 37.81988901525601, 10.272914002134964 ], [ 37.586857441883112, 10.341452700185815 ], [ 36.887762721764425, 10.560776533948543 ], [ 36.613607929561013, 10.876054544982463 ], [ 36.503946012679656, 11.013131941084165 ], [ 36.462822793849142, 11.205040295626551 ], [ 36.517653752289824, 11.53402604627064 ], [ 36.599900189950844, 11.917842755355412 ], [ 36.997424638645782, 12.274243985219851 ], [ 37.422364566561058, 12.479860079372406 ], [ 37.723934837984807, 12.534691037813086 ], [ 37.833596754866171, 12.61693747547411 ], [ 37.819889015256003, 12.767722611185985 ], [ 37.723934837984807, 12.863676788457177 ], [ 37.614272921103449, 13.069292882609734 ], [ 37.559441962662767, 13.220078018321608 ], [ 37.669103879544124, 13.425694112474163 ], [ 37.984381890578049, 13.699848904677571 ], [ 38.43673729771367, 14.248158489084387 ], [ 38.710892089917081, 14.796468073491203 ], [ 38.710892089917081, 15.04320738647427 ], [ 38.683476610696736, 15.193992522186145 ], [ 38.464152776934014, 15.454439574779382 ], [ 38.313367641222136, 15.646347929321767 ], [ 38.217413463950948, 15.947918200745516 ], [ 38.272244422391623, 16.043872378016708 ], [ 38.395614078883156, 16.318027170220116 ], [ 38.189997984730603, 16.866336754626932 ], [ 37.782021498379684, 17.400313321295293 ] ] ] ] } },
{ "type": "Feature", "properties": { "id": null, "Zone": "полупустынь и пустынь", "layer": "africa", "path": "D:/kurse4/semestr7/Diplom/diplom3/data/africa.shp" }, "geometry": { "type": "MultiPolygon", "coordinates": [ [ [ [ 49.72862, 11.5789 ], [ 49.190459021892352, 11.00627807127908 ], [ 48.742608420083648, 10.740603985460357 ], [ 48.3817023848923, 10.526507184923116 ], [ 47.33991417451935, 10.238644653109539 ], [ 46.887558767383723, 10.060444038177323 ], [ 46.22958726609555, 9.909658902465448 ], [ 44.89993652390902, 9.662919589482382 ], [ 44.379042418722541, 9.745166027143403 ], [ 44.036348928468286, 9.950782121295958 ], [ 43.597701260942827, 10.033028558956982 ], [ 43.172761333027545, 10.019320819346811 ], [ 42.52849757134954, 9.9781976005163 ], [ 42.15838860187494, 10.046736298567152 ], [ 41.801987372010508, 10.375722049211241 ], [ 41.473001621366414, 11.294140603092663 ], [ 41.294801006434199, 12.171435938143567 ], [ 41.205700698968101, 12.425029120931718 ], [ 41.205700698968101, 12.754014871575809 ], [ 41.068623302866399, 13.233785757931772 ], [ 40.972669125595203, 13.52164828974535 ], [ 40.464284593081537, 14.317797651983735 ], [ 40.246158926256172, 14.659390677389492 ], [ 39.26611006038803, 15.922723496967251 ], [ 39.814293654140215, 15.435647284400318 ], [ 41.179274936697652, 14.491079616753211 ], [ 41.734951613132353, 13.921036892141558 ], [ 42.276830682144862, 13.343992010954423 ], [ 42.589576450375262, 13.000421250861905 ], [ 43.081226027200159, 12.699638576707116 ], [ 43.317852410664671, 12.390148423711025 ], [ 43.286381463398925, 11.974928290245884 ], [ 42.715873650896526, 11.735640570518342 ], [ 43.145304803242141, 11.462039699748857 ], [ 43.470659620951665, 11.277709865763882 ], [ 43.666668328634842, 10.864169216348159 ], [ 44.11780358254282, 10.445538438351605 ], [ 44.614259067570856, 10.442205308468942 ], [ 45.556940545439147, 10.698029486529776 ], [ 46.645401238803004, 10.816549383991173 ], [ 47.525657586462785, 11.12722809492999 ], [ 48.021596307167783, 11.193063869669743 ], [ 48.37878380716927, 11.375481675660126 ], [ 48.948206414593471, 11.41062164961852 ], [ 48.948204758509853, 11.41061728169797 ], [ 49.26776, 11.43033 ], [ 49.72862, 11.5789 ] ] ] ] } },
{ "type": "Feature", "properties": { "id": null, "Zone": "области высотной поясности", "layer": "africa", "path": "D:/kurse4/semestr7/Diplom/diplom3/data/africa.shp" }, "geometry": { "type": "MultiPolygon", "coordinates": [ [ [ [ -12.425928514037565, 9.835834051955956 ], [ -13.162621529870284, 9.858254878927339 ], [ -13.56357291346772, 10.204375304084113 ], [ -13.796604486840616, 10.478530096287521 ], [ -13.988512841383002, 10.560776533948543 ], [ -14.084467018654195, 10.574484273558713 ], [ -14.344914071247432, 10.656730711219737 ], [ -14.413452769298285, 10.834931326151951 ], [ -14.358621810857603, 11.040547420304506 ], [ -14.084467018654195, 11.259871254067233 ], [ -13.604696132298232, 11.657395702762175 ], [ -13.549865173857549, 12.17828980794865 ], [ -13.440203256976186, 12.452444600152058 ], [ -13.217818162478238, 12.575873521367967 ], [ -13.015263329060904, 12.411321381321546 ], [ -12.864478193349029, 12.219413026779161 ], [ -12.809647234908347, 12.082335630677457 ], [ -12.741108536857496, 11.808180838474049 ], [ -12.604031140755792, 11.698518921592687 ], [ -12.466953744654088, 11.698518921592687 ], [ -12.233922171281192, 11.698518921592687 ], [ -12.069429295959146, 11.698518921592687 ], [ -11.946059639467613, 11.643687963152004 ], [ -11.946059639467613, 11.438071868999449 ], [ -12.055721556348976, 11.205040295626553 ], [ -12.19279895245068, 10.930885503423145 ], [ -12.384707306993066, 10.574484273558713 ], [ -12.425928514037565, 9.835834051955956 ] ] ] ] } },
{ "type": "Feature", "properties": { "id": null, "Zone": "области высотной поясности", "layer": "africa", "path": "D:/kurse4/semestr7/Diplom/diplom3/data/africa.shp" }, "geometry": { "type": "MultiPolygon", "coordinates": [ [ [ [ 43.597701260942827, 10.033028558956982 ], [ 44.036348928468286, 9.950782121295958 ], [ 44.379042418722541, 9.745166027143403 ], [ 44.89993652390902, 9.662919589482382 ], [ 46.22958726609555, 9.909658902465448 ], [ 46.887558767383723, 10.060444038177323 ], [ 47.33991417451935, 10.238644653109539 ], [ 48.3817023848923, 10.526507184923116 ], [ 48.742608420083648, 10.740603985460357 ], [ 48.696980395926225, 10.505945575507869 ], [ 48.436533343332982, 10.272914002134973 ], [ 48.258332728400774, 10.176959824863779 ], [ 47.970470196587193, 9.971343730711224 ], [ 47.696315404383782, 9.793143115779008 ], [ 47.47699157062106, 9.642357980067134 ], [ 47.25766773685833, 9.450449625524749 ], [ 47.038343903095608, 9.244833531372192 ], [ 46.764189110892197, 9.039217437219637 ], [ 46.51744979790913, 8.902140041117933 ], [ 46.339249182976914, 8.861016822287421 ], [ 46.06509439077351, 8.861016822287421 ], [ 45.763524119349761, 8.874724561897592 ], [ 45.544200285587031, 8.874724561897592 ], [ 45.215214534942945, 8.83360134306708 ], [ 45.10555261806158, 8.79247812423657 ], [ 44.886228784298851, 8.518323332033162 ], [ 44.803982346637831, 8.394953675541629 ], [ 44.694320429756466, 8.09338340411788 ], [ 44.529827554434419, 7.860351830744983 ], [ 44.351626939502211, 7.723274434643279 ], [ 44.077472147298799, 7.627320257372086 ], [ 43.748486396654712, 7.627320257372086 ], [ 43.446916125230963, 7.723274434643279 ], [ 43.090514895366532, 7.709566695033108 ], [ 42.926022020044485, 7.599904778151745 ], [ 42.926022020044485, 7.449119642439871 ], [ 42.994560718095336, 7.216088069066974 ], [ 43.035683936925849, 6.996764235304248 ], [ 43.076807155756363, 6.695193963880499 ], [ 43.131638114197045, 6.462162390507602 ], [ 43.145345853807214, 6.174299858694024 ], [ 43.131638114197045, 5.913852806100786 ], [ 43.035683936925849, 5.598574795066868 ], [ 42.871191061603803, 5.420374180134652 ], [ 42.679282707061418, 5.406666440524481 ], [ 42.3640046960275, 5.488912878185504 ], [ 42.062434424603751, 5.461497398965164 ], [ 41.815695111620684, 5.228465825592266 ], [ 41.692325455129151, 5.03655747104988 ], [ 41.40446292331557, 4.803525897676984 ], [ 41.144015870722335, 4.68015624118545 ], [ 40.842445599298586, 4.66644850157528 ], [ 40.458628890213816, 4.734987199626133 ], [ 40.157058618790067, 4.830941376897325 ], [ 39.965150264247683, 5.077680689880392 ], [ 39.896611566196832, 5.488912878185504 ], [ 40.006273483078189, 5.913852806100786 ], [ 40.129643139569723, 6.270254035965217 ], [ 40.29413601489177, 6.708901703490669 ], [ 40.362674712942621, 7.09271841257544 ], [ 40.486044369434154, 7.503950600880552 ], [ 40.760199161637566, 7.832936351524642 ], [ 41.144015870722335, 8.353830456711117 ], [ 41.377047444095233, 8.586862030084013 ], [ 41.870526070061366, 8.765062645016229 ], [ 42.542205310959716, 9.025509697609467 ], [ 42.939729759654654, 9.258541270982363 ], [ 43.597701260942827, 10.033028558956982 ] ] ] ] } },
{ "type": "Feature", "properties": { "id": null, "Zone": "жестколистных вечнозеленых лесов и кустарников (средиземноморского типа)", "layer": "africa", "path": "D:/kurse4/semestr7/Diplom/diplom3/data/africa.shp" }, "geometry": { "type": "MultiPolygon", "coordinates": [ [ [ [ 18.221761508871481, -31.661632989225669 ], [ 18.546807123356423, -31.395187477880505 ], [ 18.697592259068301, -31.381479738270336 ], [ 18.848377394780169, -31.402041347685589 ], [ 18.958039311661537, -31.477433915541528 ], [ 19.136239926593753, -32.107989937609368 ], [ 19.273317322695458, -32.628884042795846 ], [ 19.369271499966651, -32.985285272660271 ], [ 19.602303073339545, -33.245732325253513 ], [ 19.876457865542953, -33.410225200575553 ], [ 20.404205840534516, -33.430786809990813 ], [ 20.918246075915906, -33.355394242134871 ], [ 21.644756275254935, -33.149778147982317 ], [ 22.261604557712605, -32.971577533050102 ], [ 22.837329621339762, -32.807084657728055 ], [ 23.10805747864061, -32.69056887104162 ], [ 23.183450046496571, -32.803657722825548 ], [ 23.327381312403336, -32.896184965194173 ], [ 23.512435797140661, -32.927027379317082 ], [ 23.724905761098277, -32.896184965194173 ], [ 24.273215345505093, -32.813938527533153 ], [ 24.619335770661912, -32.803657722825541 ], [ 24.944894586403443, -32.868769485973836 ], [ 25.177926159776341, -33.005846882075538 ], [ 25.493204170810259, -33.22517071583826 ], [ 25.757078158306058, -33.478763898626411 ], [ 25.909664340933489, -33.667040297176399 ], [ 25.780628289500697, -33.944646091448341 ], [ 25.172861769315972, -33.796851495093584 ], [ 24.677853224392123, -33.987175795224552 ], [ 23.594043409934642, -33.794474379208154 ], [ 22.988188917744736, -33.916430759416983 ], [ 22.574157342222236, -33.864082533505311 ], [ 21.542799106541025, -34.258838799782936 ], [ 20.689052768647002, -34.417175388325234 ], [ 20.071261020597632, -34.795136814107991 ], [ 19.616405063564571, -34.819166355123713 ], [ 19.193278435958717, -34.462598972309792 ], [ 18.85531456876987, -34.444305515278465 ], [ 18.42464318204938, -33.99787281670897 ], [ 18.377410922934615, -34.136520684548067 ], [ 18.24449913907992, -33.86775156019803 ], [ 18.250080193767445, -33.281430759414441 ], [ 17.925190463948439, -32.611290785453427 ], [ 18.247909783611192, -32.42913136162457 ], [ 18.221761508871481, -31.661632989225669 ] ] ] ] } },
{ "type": "Feature", "properties": { "id": null, "Zone": "переменно-влажных (в том числе муссонных) лесов", "layer": "africa", "path": "D:/kurse4/semestr7/Diplom/diplom3/data/africa.shp" }, "geometry": { "type": "MultiPolygon", "coordinates": [ [ [ [ 35.385848253705404, -22.14 ], [ 35.562545536369086, -22.09 ], [ 35.533934767404304, -23.070787855727758 ], [ 35.371774122872381, -23.535358982031699 ], [ 35.607470330555628, -23.706563002214683 ], [ 35.458745558419622, -24.122609958596549 ], [ 35.040734897610662, -24.478350518493805 ], [ 34.215824008935471, -24.816314385682659 ], [ 33.013210076639012, -25.357573337507738 ], [ 32.574632195777866, -25.727318210556092 ], [ 32.660363396950089, -26.148584486599447 ], [ 32.915955031065693, -26.215867201443466 ], [ 32.830120477028885, -26.742191664336197 ], [ 32.580264926897684, -27.470157566031816 ], [ 32.462132602678452, -28.301011244420557 ], [ 32.203388706193039, -28.752404880490069 ], [ 31.521001417778876, -29.257386976846256 ], [ 31.325561150851001, -29.401977634398914 ], [ 30.901762729625347, -29.909956963828037 ], [ 30.622813348113819, -30.423775730106129 ], [ 30.055716180142781, -31.140269463832958 ], [ 28.925552605919538, -32.172041110972501 ], [ 28.2197558936771, -32.771952813448856 ], [ 27.464608188595975, -33.226963799778801 ], [ 26.419452345492825, -33.614950453426189 ], [ 25.909664340933489, -33.667040297176399 ], [ 25.757078158306058, -33.478763898626411 ], [ 25.493204170810259, -33.22517071583826 ], [ 26.534992381183212, -32.923600444414518 ], [ 26.89139361104764, -32.69056887104162 ], [ 27.960597300640934, -31.799565796380541 ], [ 28.714522979200307, -31.018224638600827 ], [ 29.194293865556268, -30.538453752244862 ], [ 29.852265366844449, -29.729697115244811 ], [ 30.537652347352967, -28.564539248380335 ], [ 30.935176796047909, -27.371965902295511 ], [ 31.032531433191959, -27.058605663988093 ], [ 31.373824463573364, -25.960068722447957 ], [ 31.441563455059146, -25.699534139810325 ], [ 31.552025078505576, -25.274681741939421 ], [ 31.510901859675066, -24.822326334803797 ], [ 31.96668420171325, -24.596148631235977 ], [ 32.99476467247603, -24.102670005269839 ], [ 33.968014184798129, -23.581775900083365 ], [ 34.721939863357498, -23.115712753337572 ], [ 35.050925614001592, -22.718188304642631 ], [ 35.385848253705404, -22.14 ] ] ] ] } },
{ "type": "Feature", "properties": { "id": null, "Zone": "полупустынь и пустынь", "layer": "africa", "path": "D:/kurse4/semestr7/Diplom/diplom3/data/africa.shp" }, "geometry": { "type": "MultiPolygon", "coordinates": [ [ [ [ 13.312913852601866, -12.483630466362492 ], [ 13.495505077008637, -12.409968117794529 ], [ 13.666851822135758, -12.382552638574172 ], [ 13.893029525703579, -12.444237466819954 ], [ 14.050668531220529, -12.533337774286046 ], [ 14.153476578296818, -12.718392259023362 ], [ 14.174038187712062, -12.999400921031841 ], [ 14.139768838686646, -13.259847973625094 ], [ 14.036960791610358, -13.547710505438657 ], [ 13.906737265313749, -13.787595948616655 ], [ 13.721682780576439, -14.00006591257428 ], [ 13.420112509152691, -14.274220704777688 ], [ 13.276181243245912, -14.418151970684495 ], [ 13.091126758508601, -14.795114809964165 ], [ 12.762141007864511, -15.521625009303195 ], [ 12.686748440008584, -15.802633671311705 ], [ 12.693602309813659, -16.083642333320181 ], [ 12.748433268254351, -16.309820036888009 ], [ 12.858095185135703, -16.549705480065974 ], [ 13.584605384474735, -17.331046637845688 ], [ 14.119207229271382, -18.208341972896594 ], [ 14.222015276347673, -18.4962045047102 ], [ 14.269992364983256, -18.825190255354265 ], [ 14.242576885762915, -19.442038537811932 ], [ 14.338531063034107, -20.182256476761133 ], [ 14.448192979915468, -20.483826748184885 ], [ 14.646955204262943, -20.682588972532365 ], [ 15.065041262373136, -20.96359763454085 ], [ 15.517396669508759, -21.37482982284596 ], [ 15.681889544830813, -21.553030437778176 ], [ 15.791551461712167, -21.840892969591756 ], [ 15.956044337034211, -22.539987689710443 ], [ 16.038290774695234, -23.389867545541009 ], [ 16.106829472746089, -23.670876207549504 ], [ 16.312445566898642, -23.842222952676636 ], [ 16.476938442220689, -23.903907780922399 ], [ 16.641431317542732, -23.910761650727487 ], [ 16.87446289091563, -23.869638431896973 ], [ 17.066371245458015, -23.74626877540544 ], [ 17.244571860390231, -23.362452066320671 ], [ 17.518726652593639, -22.937512138405388 ], [ 17.648950178890257, -22.848411830939266 ], [ 17.83400466362756, -22.814142481913834 ], [ 18.039620757780114, -22.834704091329098 ], [ 18.210967502907241, -22.903242789379949 ], [ 18.697592259068294, -23.437844634176589 ], [ 19.561179854509028, -24.431655755913962 ], [ 19.895767856534434, -24.767790215760591 ], [ 20.644091283712488, -25.336366570185209 ], [ 21.06903121162777, -25.939507113032704 ], [ 21.288355045390496, -26.652309572761567 ], [ 21.576217577204076, -27.529604907812473 ], [ 21.973742025899018, -28.023083533778607 ], [ 22.460366782060078, -28.256115107151523 ], [ 22.988114757051626, -28.365777024032866 ], [ 23.714624956390658, -28.283530586371846 ], [ 24.002487488204245, -28.235553497736269 ], [ 24.208103582356792, -28.256115107151505 ], [ 24.4411351557297, -28.338361544812546 ], [ 24.591920291441564, -28.461731201304062 ], [ 24.715289947933108, -28.633077946431211 ], [ 24.824951864814462, -28.872963389609172 ], [ 24.872928953450067, -29.188241400643111 ], [ 24.852367344034803, -29.544642630507521 ], [ 24.495966114170376, -30.819462414253366 ], [ 24.122430209793219, -30.990809159380486 ], [ 23.711198021488109, -31.539118743787302 ], [ 23.327381312403336, -32.210797984685655 ], [ 23.10805747864061, -32.69056887104162 ], [ 22.837329621339762, -32.807084657728055 ], [ 22.261604557712605, -32.971577533050102 ], [ 21.644756275254935, -33.149778147982317 ], [ 20.918246075915906, -33.355394242134871 ], [ 20.404205840534516, -33.430786809990813 ], [ 19.876457865542953, -33.410225200575553 ], [ 19.602303073339545, -33.245732325253513 ], [ 19.369271499966651, -32.985285272660271 ], [ 19.273317322695458, -32.628884042795846 ], [ 19.136239926593753, -32.107989937609368 ], [ 18.958039311661537, -31.477433915541528 ], [ 18.848377394780169, -31.402041347685589 ], [ 18.697592259068301, -31.381479738270336 ], [ 18.546807123356423, -31.395187477880505 ], [ 18.221761508871481, -31.661632989225669 ], [ 17.566917758868868, -30.725721123987547 ], [ 17.064416131262703, -29.878641045859162 ], [ 17.062917514726223, -29.875953871379984 ], [ 16.344976840895242, -28.576705010697701 ], [ 15.601818068105816, -27.821247247022804 ], [ 15.210472446359461, -27.090955905874047 ], [ 14.989710727608553, -26.117371921495156 ], [ 14.743214145576331, -25.39292001719538 ], [ 14.408144158595833, -23.853014011329847 ], [ 14.385716586981149, -22.656652927340691 ], [ 14.257714064194175, -22.111208184499958 ], [ 13.86864220546866, -21.699036960539978 ], [ 13.352497999737439, -20.872834161057504 ], [ 12.826845330464494, -19.673165785401665 ], [ 12.608564080463621, -19.045348809487699 ], [ 11.794918654028066, -18.069129327061916 ], [ 11.734198846085121, -17.301889336824473 ], [ 11.640096062881611, -16.673142185129251 ], [ 11.778537224991537, -15.793816013250735 ], [ 12.123580763404391, -14.878316338767904 ], [ 12.175618930722294, -14.449143568583892 ], [ 12.500095249082991, -13.54769988368445 ], [ 12.738478631245385, -13.137905775609902 ], [ 13.312913852601866, -12.483630466362492 ] ] ] ] } },
{ "type": "Feature", "properties": { "id": null, "Zone": "саванн и редколесий", "layer": "africa", "path": "D:/kurse4/semestr7/Diplom/diplom3/data/africa.shp" }, "geometry": { "type": "MultiPolygon", "coordinates": [ [ [ [ 12.227347039446471, -6.294447523629394 ], [ 13.310450592271327, -6.275754642243257 ], [ 13.982129833169676, -6.508786215616154 ], [ 14.873132907830751, -7.317542852616207 ], [ 15.599643107169783, -7.605405384429785 ], [ 15.873797899373191, -7.605405384429785 ], [ 16.394692004559666, -7.577989905209445 ], [ 16.696262275983415, -7.550574425989104 ], [ 17.011540287017333, -7.612259254234869 ], [ 17.472970004962235, -8.0685511206417 ], [ 17.806589184407215, -8.921348387006141 ], [ 18.108159455830965, -9.35314218472651 ], [ 18.306921680178434, -9.517635060048555 ], [ 18.464560685695396, -9.599881497709577 ], [ 18.793546436339483, -9.53819666946381 ], [ 18.820961915559824, -9.428534752582447 ], [ 18.841523524975081, -9.216064788624806 ], [ 18.868939004195422, -8.989887085056994 ], [ 18.793546436339483, -8.475846849675603 ], [ 18.759277087314057, -8.297646234743389 ], [ 18.656469040237781, -8.002929833124725 ], [ 18.637036981711102, -7.891195496596321 ], [ 18.574222602576757, -7.530012816573846 ], [ 18.622199691212355, -7.269565763980609 ], [ 18.779838696729314, -6.96799549255686 ], [ 18.985454790881871, -6.721256179573793 ], [ 19.245901843475107, -6.591032653277174 ], [ 19.753088209051413, -6.42653977795513 ], [ 20.356228751898911, -6.296316251658511 ], [ 20.637237413907403, -6.303170121463596 ], [ 21.055323472017598, -6.460809126980557 ], [ 21.548802097983735, -6.769233268209391 ], [ 21.74071045252612, -7.187319326319589 ], [ 21.816103020382066, -7.58484377501453 ], [ 21.96688815609394, -8.215399797082368 ], [ 22.117673291805815, -9.072133522718019 ], [ 22.384974214204135, -9.305165096090915 ], [ 22.487782261280415, -9.229772528234978 ], [ 22.741375444068559, -8.85623662385783 ], [ 22.960699277831285, -8.383319607306952 ], [ 22.967553147636373, -7.396362355374683 ], [ 22.940137668416028, -6.546482499544119 ], [ 23.118338283348244, -6.203789009289859 ], [ 23.378785335941483, -5.970757435916963 ], [ 23.58440143009404, -5.915926477476281 ], [ 23.885971701517789, -6.039296133967815 ], [ 24.023049097619491, -6.258619967730541 ], [ 24.324619369043241, -6.806929552137357 ], [ 24.461696765144943, -7.314115917713662 ], [ 24.598774161246649, -7.725348106018774 ], [ 24.70843607812801, -7.862425502120477 ], [ 24.818097995009374, -7.876133241730647 ], [ 25.064837307992441, -7.944671939781499 ], [ 25.338992100195849, -7.766471324849284 ], [ 25.36640757941619, -7.24557721966281 ], [ 25.476069496297555, -6.57389797876446 ], [ 25.599439152789088, -6.272327707340711 ], [ 25.846178465772155, -6.053003873577985 ], [ 26.709766061212889, -5.628063945662703 ], [ 27.600769135873968, -5.449863330730487 ], [ 28.450648991704529, -5.353909153459295 ], [ 29.32109045695038, -5.3641899581669 ], [ 29.458600634507789, -5.739217715141658 ], [ 29.471875592662251, -5.775422146472013 ], [ 29.488811254456778, -6.139538875054362 ], [ 29.499291071882592, -6.364854949709341 ], [ 29.341652066365629, -6.625302002302579 ], [ 29.273113368314778, -6.830918096455136 ], [ 29.423898504026653, -7.043388060412777 ], [ 29.540414290713102, -7.098219018853459 ], [ 29.807715213111425, -7.379227680861952 ], [ 29.841984562136851, -7.598551514624678 ], [ 29.85569230174702, -7.858998567217917 ], [ 29.931084869602959, -7.98236822370945 ], [ 30.164116442975857, -8.071468531175558 ], [ 30.280632229662302, -8.112591750006068 ], [ 30.390294146543667, -8.160568838641666 ], [ 30.477022819104366, -8.272077131933996 ], [ 30.486248323814859, -8.283938495133199 ], [ 30.554787021865714, -8.599216506167117 ], [ 30.47254058420469, -8.8391019493451 ], [ 30.410855755958924, -9.092695132133253 ], [ 30.369732537128414, -9.503927320438365 ], [ 30.438271235179265, -9.771228242836688 ], [ 30.561640891670798, -9.874036289912965 ], [ 30.904334381925057, -9.894597899328222 ], [ 31.10309660627253, -9.784935982446859 ], [ 31.274443351399658, -9.66842019576041 ], [ 31.466351705942046, -9.49707345063328 ], [ 31.521182664382728, -9.31201896589598 ], [ 31.726798758535281, -9.222918658429872 ], [ 31.836460675416646, -9.394265403557002 ], [ 31.836460675416646, -9.627296976929898 ], [ 31.857022284831903, -9.867182420107881 ], [ 31.891291633857328, -9.9974059464045 ], [ 32.076346118594628, -10.017967555819755 ], [ 32.165446426060733, -9.969990467184159 ], [ 32.357354780603117, -9.832913071082455 ], [ 32.549263135145509, -9.695835674980751 ], [ 32.850833406569258, -9.66842019576041 ], [ 32.98791080267096, -9.66842019576041 ], [ 33.23770506329344, -9.697807755833642 ], [ 33.453973949416756, -9.723251154201092 ], [ 33.782959700060836, -9.702689544785835 ], [ 33.947394907796848, -9.702689544785835 ], [ 34.063968362069325, -9.702689544785835 ], [ 34.201045758171034, -10.011113686014669 ], [ 34.118799320510007, -10.203022040557055 ], [ 33.968014184798136, -10.408638134709612 ], [ 33.865206137721856, -10.552569400616401 ], [ 33.782959700060843, -11.046048026582538 ], [ 33.769251960450674, -11.77255822592157 ], [ 33.865206137721863, -12.361991029158897 ], [ 33.920037096162545, -12.965131572006396 ], [ 34.015991273433741, -13.828719167447129 ], [ 34.153068669535443, -14.212535876531902 ], [ 34.459633416488543, -14.613009535381423 ], [ 34.660255035111753, -14.945899945676022 ], [ 34.8247479104338, -15.021292513531959 ], [ 35.146879791272802, -14.925338336260765 ], [ 35.201710749713484, -14.706014502498039 ], [ 35.201710749713484, -14.500398408345482 ], [ 35.201710749713484, -14.164558787896308 ], [ 35.103713192994398, -13.741069346360248 ], [ 35.0098023951711, -13.335240541480999 ], [ 34.811040170823631, -12.786930957074183 ], [ 34.74250147277278, -12.053566887930065 ], [ 34.872724999069398, -11.827389184362254 ], [ 34.941263697120249, -11.710873397675806 ], [ 35.002572998121188, -11.472448338227695 ], [ 35.002948525366016, -11.470987954497824 ], [ 35.0098023951711, -11.285933469760524 ], [ 34.961825306535509, -10.984363198336775 ], [ 34.879578868874482, -10.765039364574049 ], [ 34.84530951984906, -10.675939057107941 ], [ 34.769916951993117, -10.456615223345214 ], [ 34.653401165306676, -10.017967555819762 ], [ 34.646547295501584, -9.935721118158739 ], [ 34.74250147277278, -9.750666633421439 ], [ 34.838455650043976, -9.675274065565501 ], [ 34.968679176340594, -9.586173758099392 ], [ 35.174295270493147, -9.627296976929903 ], [ 35.393619104255876, -9.8603285503028 ], [ 35.722604854899963, -10.120775602896037 ], [ 35.791143552950814, -10.113921733090953 ], [ 35.983051907493198, -9.949428857768908 ], [ 36.099567694179648, -9.743812763616353 ], [ 36.044736735738965, -9.490219580828199 ], [ 35.866536120806749, -9.222918658429876 ], [ 35.626650677628767, -8.941909996421384 ], [ 35.160587530882978, -8.80483260031968 ], [ 34.47520055037446, -8.900786777590872 ], [ 34.18733801856088, -9.00359482466715 ], [ 33.700713262399837, -8.969325475641725 ], [ 33.43341234000151, -8.873371298370532 ], [ 33.042741761111657, -8.516970068506101 ], [ 32.871395015984525, -8.235961406497609 ], [ 32.754879229298076, -7.783605999361985 ], [ 32.672632791637056, -7.61911312403994 ], [ 32.576678614365861, -7.420350899692469 ], [ 32.412185739043821, -7.379227680861958 ], [ 32.213423514696345, -7.365519941251788 ], [ 32.028369029959045, -7.571136035404344 ], [ 32.035222899764129, -7.756190520141644 ], [ 32.192861905281092, -8.064614661370477 ], [ 32.302523822162456, -8.325061713963716 ], [ 32.398477999433645, -8.660901334412891 ], [ 32.384770259823476, -8.832248079540021 ], [ 32.191864861791942, -8.930358981973257 ], [ 31.829606805611576, -8.797978730514593 ], [ 31.438936226721719, -8.359331062989142 ], [ 31.205904653348821, -7.571136035404344 ], [ 30.739841506603025, -7.022826450997529 ], [ 30.390294146543681, -6.673279090938184 ], [ 30.294339969272485, -6.467662996785627 ], [ 30.198385792001293, -6.262046902633072 ], [ 30.07501613550976, -5.933061151988982 ], [ 30.033892916679225, -5.49441348446353 ], [ 30.499956063425017, -5.33677447894657 ], [ 31.157927564713198, -4.959811639666884 ], [ 31.781629716975949, -4.541725581556687 ], [ 32.281962212747167, -4.055100825395638 ], [ 32.508139916314981, -3.712407335141378 ], [ 32.610947963391261, -3.328590626056607 ], [ 32.610947963391261, -2.979043265997262 ], [ 32.60409409358617, -2.75286556242945 ], [ 32.60409409358617, -2.506126249446383 ], [ 32.631509572806515, -2.177140498802293 ], [ 32.720609880272619, -1.608269304980222 ], [ 32.939933714035348, -1.210744856285281 ], [ 32.919372104620095, -0.991421022522554 ], [ 32.91975539210074, -0.987358175227702 ], [ 32.953641453645517, -0.628165922853039 ], [ 33.070157240331966, -0.134687296886905 ], [ 33.124988198772648, 0.166882974536844 ], [ 33.145549808187901, 0.495868725180934 ], [ 33.083864979942135, 1.016762830367409 ], [ 33.248357855264182, 1.441702758282691 ], [ 33.371727511755715, 1.74327302970644 ], [ 33.515658777662502, 2.312144223528511 ], [ 33.543074256882846, 2.545175796901408 ], [ 33.378581381560799, 3.052362162477713 ], [ 33.227796245848928, 3.223708907604843 ], [ 32.802856317933646, 3.607525616689613 ], [ 32.542490437079202, 3.750471590492053 ], [ 32.453308957874299, 3.799433971231999 ], [ 32.186008035475979, 3.99819619557947 ], [ 31.754214237755608, 4.258643248172707 ], [ 31.432082356916602, 4.423136123494752 ], [ 31.075681127052174, 4.567067389401541 ], [ 30.760403116018253, 4.683583176087989 ], [ 30.602764110501294, 4.752121874138842 ], [ 30.006477437458884, 4.978299577706653 ], [ 29.423898504026642, 5.129084713418528 ], [ 27.922901016712977, 5.389531766011764 ], [ 27.285491124840053, 5.478632073477872 ], [ 27.246298139629278, 5.48612117893216 ], [ 26.209433565441678, 5.684248167630428 ], [ 25.359553709611113, 5.732225256266025 ], [ 24.818097995009381, 5.739079126071109 ], [ 24.468550634950038, 5.807617824121961 ], [ 23.275977288865221, 6.170872923791478 ], [ 22.542613219721101, 6.397050627359289 ], [ 21.884641718432924, 6.527274153655908 ], [ 21.404870832076959, 6.513566414045737 ], [ 21.041615732407443, 6.506712544240653 ], [ 20.534429366831141, 6.486150934825397 ], [ 20.054658480475176, 6.41075836696946 ], [ 18.923769962636118, 6.205142272816904 ], [ 17.62153469966993, 5.869302652367729 ], [ 17.052663505847857, 5.848741042952473 ], [ 16.03143690489016, 5.780202344901621 ], [ 15.160995439644342, 5.876156522172813 ], [ 14.667516813678207, 6.08177261632537 ], [ 14.532028016722228, 6.181422441183309 ], [ 14.136341903784079, 6.472443195215218 ], [ 14.396788956377316, 6.49985867443556 ], [ 14.698359227801065, 6.582105112096582 ], [ 14.86285210312311, 6.650643810147434 ], [ 14.909421340798161, 6.676256890868713 ], [ 15.137006895326518, 6.801428945859309 ], [ 15.274084291428222, 6.911090862740672 ], [ 15.520823604411289, 7.17153791533391 ], [ 15.575654562851971, 7.322323051045784 ], [ 15.628176126249771, 7.453626959540285 ], [ 15.657901000512993, 7.52793914519834 ], [ 15.657901000512993, 7.678724280910215 ], [ 15.589362302462142, 7.802093937401748 ], [ 15.507115864801118, 7.84321715623226 ], [ 15.353240278642835, 7.873992273463917 ], [ 15.301499770648563, 7.884340375062771 ], [ 15.123299155716348, 7.8706326354526 ], [ 14.999929499224814, 7.747262978961067 ], [ 14.86285210312311, 7.637601062079703 ], [ 14.588697310919702, 7.431984967927147 ], [ 14.451619914817998, 7.377154009486466 ], [ 14.16375738300442, 7.336030790655954 ], [ 13.999264507682375, 7.336030790655954 ], [ 13.930725809631522, 7.459400447147488 ], [ 13.917018070021353, 7.665016541300044 ], [ 13.944433549241692, 7.82950941662209 ], [ 13.985556768072204, 7.980294552333964 ], [ 13.985556768072204, 8.117371948435668 ], [ 13.889602590801012, 8.19961838609669 ], [ 13.683986496648455, 8.240741604927202 ], [ 13.560616840156921, 8.185910646486519 ], [ 13.49207814210607, 8.117371948435668 ], [ 13.272754308343343, 8.035125510774645 ], [ 13.135676912241639, 8.021417771164476 ], [ 13.039722734970447, 8.035125510774645 ], [ 12.888937599258572, 8.158495167266178 ], [ 12.806691161597549, 8.240741604927202 ], [ 12.697029244716186, 8.295572563367884 ], [ 12.532536369394141, 8.322988042588223 ], [ 12.381751233682266, 8.364111261418735 ], [ 12.218872104550599, 8.305824082874324 ], [ 12.011642264207666, 8.035125510774645 ], [ 11.949957435961897, 7.891194244867856 ], [ 11.922541956741558, 7.733555239350897 ], [ 11.901980347326301, 7.582770103639022 ], [ 11.839308709366803, 7.397042344589437 ], [ 11.20288562720761, 6.979629560791524 ], [ 10.911665804407518, 6.752114074228951 ], [ 10.764237959682157, 6.636936070537264 ], [ 10.599745084360112, 6.595812851706752 ], [ 10.421544469427896, 6.678059289367775 ], [ 10.325590292156704, 6.760305727028797 ], [ 10.215928375275341, 6.82884442507965 ], [ 10.133681937614321, 6.808282815664439 ], [ 10.024020020732955, 6.650643810147434 ], [ 9.989750671707533, 6.506712544240692 ], [ 9.540992260229142, 6.47145295476739 ], [ 9.030208898995603, 6.431319976384755 ], [ 8.043251647063332, 6.403904497164413 ], [ 7.138540832792085, 6.540981893266117 ], [ 6.028213924368282, 6.979629560791571 ], [ 4.451823869198684, 7.445692707537366 ], [ 3.711605930249481, 7.514231405588218 ], [ 3.03992668935113, 7.25378435299498 ], [ 2.71520244064989, 6.919219975545217 ], [ 2.587571282215507, 6.787721206249186 ], [ 2.331396952227199, 6.207958248907226 ], [ 1.865240512712319, 6.142157701029731 ], [ 1.437575972464828, 6.038260179595737 ], [ 1.060121697604927, 5.928837388528876 ], [ 0.312086506927228, 6.061211006910137 ], [ -0.23622307747959, 6.390196757554227 ], [ -0.496670130072827, 6.664351549757635 ], [ -0.715993963835554, 6.979629560791555 ], [ -1.442504163174585, 7.418277228317008 ], [ -1.634412517716971, 7.431984967927178 ], [ -2.182722102123787, 7.390861749096667 ], [ -2.676200728089921, 7.240076613384793 ], [ -3.060167335074703, 7.048093309892402 ], [ -3.306756750157761, 6.924798602350873 ], [ -3.663157980022191, 6.80142894585934 ], [ -4.074390168327303, 6.760305727028829 ], [ -4.828315846886676, 6.719182508198317 ], [ -5.499995087785026, 6.911090862740703 ], [ -6.089427891022353, 7.1441224361136 ], [ -6.692568433869852, 7.349738530266156 ], [ -7.569863768920756, 7.500523665978029 ], [ -8.104465613717402, 7.747262978961096 ], [ -8.258867438873637, 7.848843127090198 ], [ -8.625359718903878, 8.089956469215355 ], [ -8.940637729937798, 8.281864823757742 ], [ -9.502655053954784, 8.610850574401832 ], [ -9.845348544209045, 8.789051189334048 ], [ -10.503320045497224, 9.076913721147626 ], [ -10.63647489260376, 9.141473647017461 ], [ -10.955675452632848, 9.296237554910352 ], [ -11.627354693531197, 9.57039234711376 ], [ -12.425928514037565, 9.835834051955956 ], [ -12.384707306993066, 10.574484273558713 ], [ -12.19279895245068, 10.930885503423145 ], [ -12.055721556348976, 11.205040295626553 ], [ -11.946059639467613, 11.438071868999449 ], [ -11.946059639467613, 11.643687963152004 ], [ -12.069429295959146, 11.698518921592687 ], [ -12.233922171281192, 11.698518921592687 ], [ -12.466953744654088, 11.698518921592687 ], [ -12.604031140755792, 11.698518921592687 ], [ -12.741108536857496, 11.808180838474049 ], [ -12.809647234908347, 12.082335630677457 ], [ -12.864478193349029, 12.219413026779161 ], [ -13.015263329060904, 12.411321381321546 ], [ -13.217818162478238, 12.575873521367967 ], [ -13.440203256976186, 12.452444600152058 ], [ -13.549865173857549, 12.17828980794865 ], [ -13.604696132298232, 11.657395702762175 ], [ -14.084467018654195, 11.259871254067233 ], [ -14.358621810857603, 11.040547420304506 ], [ -14.413452769298285, 10.834931326151951 ], [ -14.344914071247432, 10.656730711219737 ], [ -14.084467018654195, 10.574484273558713 ], [ -13.988512841383002, 10.560776533948543 ], [ -13.796604486840616, 10.478530096287521 ], [ -13.56357291346772, 10.204375304084113 ], [ -13.162621529870284, 9.858254878927339 ], [ -14.074044969122282, 9.886166897008252 ], [ -14.330075852912371, 10.015719712763968 ], [ -14.579698859098258, 10.214467271358515 ], [ -14.693231980843505, 10.656300767454042 ], [ -14.839553798877944, 10.876571560098141 ], [ -15.130311245168173, 11.040411688679526 ], [ -15.664180467175527, 11.458474025920795 ], [ -16.085214199273565, 11.52459402103824 ], [ -16.314786749730203, 11.80651479740655 ], [ -16.30894731288123, 11.95870189050612 ], [ -16.613838263403281, 12.170911159712702 ], [ -16.677451951554573, 12.384851589401052 ], [ -16.841524624081273, 13.151393947802561 ], [ -16.713728807023472, 13.594958604379855 ], [ -17.126106736712615, 14.373515733289224 ], [ -17.625042690490659, 14.729540513564073 ], [ -17.185172898822231, 14.919477240452862 ], [ -16.700706346085923, 15.621527411354108 ], [ -16.463098110407884, 16.13503611903846 ], [ -16.549707810929064, 16.673892116761962 ], [ -16.270551723688357, 17.166962795474873 ], [ -16.14634741867485, 18.108481553616656 ], [ -15.811642209535677, 17.921832704610047 ], [ -15.606026115383122, 17.921832704610047 ], [ -15.071424270586476, 17.990371402660898 ], [ -14.56423790501017, 18.264526194864306 ], [ -14.303790852416935, 18.415311330576181 ], [ -13.536157434247391, 18.593511945508396 ], [ -13.13863298555245, 18.620927424728738 ], [ -12.288753129721885, 18.620927424728738 ], [ -11.562242930382855, 18.442726809796522 ], [ -10.972810127145527, 18.319357153304988 ], [ -10.342254105077689, 18.100033319542263 ], [ -9.72540582262002, 17.921832704610047 ], [ -9.34158911353525, 17.894417225389706 ], [ -8.395755080433492, 17.853294006559196 ], [ -7.62812166226395, 18.154864277982945 ], [ -7.203181734348669, 18.195987496813459 ], [ -6.353301878518104, 18.058910100711753 ], [ -5.942069690212993, 17.784755308508345 ], [ -5.634061119626594, 17.626588745234251 ], [ -5.434883324636687, 17.524308255915109 ], [ -4.941404698670553, 17.400938599423576 ], [ -4.393095114263738, 17.373523120203235 ], [ -3.735123612975558, 17.332399901372725 ], [ -2.994905674026358, 17.387230859813403 ], [ -2.4191806103992, 17.524308255915109 ], [ -2.09019485975511, 17.661385652016811 ], [ -1.706378150670339, 17.812170787728686 ], [ -1.089529868212672, 18.18227975720329 ], [ -0.609758981856707, 18.442726809796525 ], [ -0.225942272771936, 18.63463516433891 ], [ 0.514275666177264, 18.799128039660957 ], [ 1.624602574601067, 18.758004820830443 ], [ 1.967296064855327, 18.648342903949082 ], [ 2.584144347312997, 17.921832704610047 ], [ 3.324362286262199, 17.003414150728631 ], [ 3.982333787550377, 16.729259358525226 ], [ 4.159290967214613, 16.716731416602094 ], [ 5.531308363499632, 16.619597441643862 ], [ 7.943870534889623, 16.975998671508293 ], [ 9.424306412788026, 16.93487545267778 ], [ 9.958908257584669, 16.770382577355736 ], [ 11.329682218601709, 16.002749159186195 ], [ 12.810118096500112, 15.427024095559037 ], [ 13.857396812446074, 15.334227247310661 ], [ 13.893029525703573, 15.331069918287845 ], [ 15.565373758144361, 15.495562793609889 ], [ 16.60716196851731, 15.413316355948865 ], [ 17.690073397720774, 15.029499646864096 ], [ 18.265798461347931, 14.631975198169155 ], [ 19.485787286653093, 14.261866228694554 ], [ 21.80239528077189, 14.179619791033533 ], [ 22.445406916196202, 14.167821412401894 ], [ 24.790682515789037, 14.124788832592852 ], [ 27.69672331314516, 14.261866228694554 ], [ 30.246362880636852, 14.673098416999668 ], [ 31.93241485268781, 15.180284782575971 ], [ 34.111945450704901, 16.126118815677728 ], [ 36.072152214959274, 17.071952848779485 ], [ 37.141355904552562, 17.455769557864258 ], [ 37.782021498379684, 17.400313321295293 ], [ 38.189997984730603, 16.866336754626932 ], [ 38.395614078883156, 16.318027170220116 ], [ 38.272244422391623, 16.043872378016708 ], [ 38.217413463950948, 15.947918200745516 ], [ 38.313367641222136, 15.646347929321767 ], [ 38.464152776934014, 15.454439574779382 ], [ 38.683476610696736, 15.193992522186145 ], [ 38.710892089917081, 15.04320738647427 ], [ 38.710892089917081, 14.796468073491203 ], [ 38.578545061547381, 14.531774016751811 ], [ 38.43673729771367, 14.248158489084387 ], [ 37.984381890578049, 13.699848904677571 ], [ 37.669103879544124, 13.425694112474163 ], [ 37.559441962662767, 13.220078018321608 ], [ 37.614272921103449, 13.069292882609734 ], [ 37.723934837984807, 12.863676788457177 ], [ 37.819889015256003, 12.767722611185985 ], [ 37.833596754866171, 12.61693747547411 ], [ 37.723934837984807, 12.534691037813086 ], [ 37.422364566561058, 12.479860079372406 ], [ 36.997424638645782, 12.274243985219851 ], [ 36.599900189950844, 11.917842755355412 ], [ 36.517653752289824, 11.53402604627064 ], [ 36.462822793849142, 11.205040295626551 ], [ 36.503946012679656, 11.013131941084165 ], [ 36.613607929561013, 10.876054544982463 ], [ 36.887762721764425, 10.560776533948543 ], [ 37.586857441883112, 10.341452700185815 ], [ 37.81988901525601, 10.272914002134964 ], [ 38.02550510940857, 10.1632520852536 ], [ 38.094043807459421, 10.053590168372239 ], [ 37.861012234086523, 9.930220511880705 ], [ 37.477195525001754, 9.930220511880705 ], [ 37.011132378255958, 9.861681813829852 ], [ 36.723269846442378, 9.710896678117978 ], [ 36.49023827306948, 9.560111542406103 ], [ 36.298329918527095, 9.354495448253548 ], [ 36.120129303594879, 9.148879354100991 ], [ 36.106421563984711, 8.737647165795885 ], [ 36.462822793849135, 8.189337581389069 ], [ 36.736977586052546, 8.038552445677194 ], [ 36.9425936802051, 7.805520872304298 ], [ 36.9425936802051, 7.641027996982253 ], [ 36.778100804883053, 7.421704163219527 ], [ 36.517653752289817, 7.133841631405948 ], [ 36.394284095798284, 6.804855880761859 ], [ 36.407991835408453, 6.48957786972794 ], [ 36.462822793849135, 6.352500473626236 ], [ 36.682146627611864, 6.229130817134702 ], [ 37.134502034747484, 6.352500473626236 ], [ 37.532026483442429, 6.558116567778791 ], [ 37.874719973696685, 6.654070745049984 ], [ 38.203705724340779, 6.695193963880495 ], [ 38.587522433425548, 6.681486224270325 ], [ 38.464152776934014, 6.51699334894828 ], [ 38.258536682781461, 6.434746911287258 ], [ 37.943258671747543, 6.283961775575384 ], [ 37.545734223052598, 5.913852806100783 ], [ 37.449780045781409, 5.721944451558397 ], [ 37.504611004222085, 5.46149739896516 ], [ 37.696519358764476, 5.201050346371923 ], [ 37.874719973696685, 5.091388429490559 ], [ 38.450445037323846, 5.173634867151581 ], [ 38.64235339186623, 5.297004523643115 ], [ 39.039877840561175, 5.543743836626183 ], [ 39.314032632764579, 6.023514722982146 ], [ 39.670433862629011, 6.50328560933811 ], [ 39.958296394442591, 7.270919027507652 ], [ 40.410651801578211, 8.120798883338217 ], [ 40.945253646374859, 8.792478124236567 ], [ 41.054915563256237, 9.087194525855221 ], [ 41.178285219747771, 9.423034146304396 ], [ 41.308508746044389, 9.752019896948484 ], [ 41.37704744409524, 10.211229173889194 ], [ 41.239970047993538, 10.61560749238922 ], [ 40.904130427544359, 10.924031633618053 ], [ 40.684806593781637, 11.17077094660112 ], [ 40.70536820319689, 11.472341218024869 ], [ 40.773906901247734, 11.732788270618109 ], [ 41.013792344425717, 12.054920151457113 ], [ 41.205700698968101, 12.425029120931718 ], [ 41.294801006434199, 12.171435938143567 ], [ 41.473001621366414, 11.294140603092663 ], [ 41.801987372010508, 10.375722049211241 ], [ 42.15838860187494, 10.046736298567152 ], [ 42.52849757134954, 9.9781976005163 ], [ 42.941439061682516, 10.004555567984362 ], [ 43.172761333027545, 10.019320819346811 ], [ 43.597701260942827, 10.033028558956982 ], [ 43.241160474989421, 9.613350342157664 ], [ 42.939729759654654, 9.258541270982363 ], [ 42.542205310959716, 9.025509697609467 ], [ 41.870526070061366, 8.765062645016229 ], [ 41.377047444095233, 8.586862030084013 ], [ 41.144015870722335, 8.353830456711117 ], [ 40.760199161637566, 7.832936351524642 ], [ 40.486044369434154, 7.503950600880552 ], [ 40.362674712942621, 7.09271841257544 ], [ 40.29413601489177, 6.708901703490669 ], [ 40.129643139569723, 6.270254035965217 ], [ 40.006273483078189, 5.913852806100786 ], [ 39.896611566196832, 5.488912878185504 ], [ 39.965150264247683, 5.077680689880392 ], [ 40.157058618790067, 4.830941376897325 ], [ 40.458628890213816, 4.734987199626133 ], [ 40.842445599298586, 4.66644850157528 ], [ 41.144015870722335, 4.68015624118545 ], [ 41.40446292331557, 4.803525897676984 ], [ 41.692325455129151, 5.03655747104988 ], [ 41.815695111620684, 5.228465825592266 ], [ 42.062434424603751, 5.461497398965164 ], [ 42.3640046960275, 5.488912878185504 ], [ 42.679282707061418, 5.406666440524481 ], [ 42.871191061603803, 5.420374180134652 ], [ 43.035683936925849, 5.598574795066868 ], [ 43.131638114197045, 5.913852806100786 ], [ 43.145345853807214, 6.174299858694024 ], [ 43.131638114197045, 6.462162390507602 ], [ 43.076807155756363, 6.695193963880499 ], [ 43.035683936925849, 6.996764235304248 ], [ 42.994560718095336, 7.216088069066974 ], [ 42.926022020044485, 7.449119642439871 ], [ 42.926022020044485, 7.599904778151745 ], [ 43.090514895366532, 7.709566695033108 ], [ 43.446916125230963, 7.723274434643279 ], [ 43.748486396654712, 7.627320257372086 ], [ 44.077472147298799, 7.627320257372086 ], [ 44.351626939502211, 7.723274434643279 ], [ 44.529827554434419, 7.860351830744983 ], [ 44.694320429756466, 8.09338340411788 ], [ 44.803982346637831, 8.394953675541629 ], [ 44.886228784298851, 8.518323332033162 ], [ 45.02696550328163, 8.694244230761631 ], [ 45.10555261806158, 8.79247812423657 ], [ 45.215214534942945, 8.83360134306708 ], [ 45.544200285587031, 8.874724561897592 ], [ 45.763524119349761, 8.874724561897592 ], [ 46.06509439077351, 8.861016822287421 ], [ 46.339249182976914, 8.861016822287421 ], [ 46.51744979790913, 8.902140041117933 ], [ 46.764189110892197, 9.039217437219637 ], [ 47.038343903095608, 9.244833531372192 ], [ 47.25766773685833, 9.450449625524749 ], [ 47.47699157062106, 9.642357980067134 ], [ 47.696315404383782, 9.793143115779008 ], [ 47.970470196587193, 9.971343730711224 ], [ 48.258332728400774, 10.176959824863779 ], [ 48.436533343332982, 10.272914002134973 ], [ 48.696980395926225, 10.505945575507869 ], [ 48.742608420083648, 10.740603985460357 ], [ 48.938459091651879, 10.856786587238123 ], [ 49.190459021892352, 11.00627807127908 ], [ 49.72862, 11.5789 ], [ 50.25878, 11.67957 ], [ 50.73202, 12.0219 ], [ 51.1112, 12.02464 ], [ 51.13387, 11.74815 ], [ 51.04153, 11.16651 ], [ 51.04531, 10.6409 ], [ 50.83418, 10.27972 ], [ 50.55239, 9.19874 ], [ 50.07092, 8.08173 ], [ 49.4527, 6.80466 ], [ 48.59455, 5.33911 ], [ 47.74079, 4.2194 ], [ 46.56476, 2.85529 ], [ 45.56399, 2.04576 ], [ 44.06815, 1.05283 ], [ 43.13597, 0.2922 ], [ 42.04157, -0.91916 ], [ 41.81095, -1.44647 ], [ 41.58513, -1.68325 ], [ 40.88477, -2.08255 ], [ 40.63785, -2.49979 ], [ 40.26304, -2.57309 ], [ 40.12119, -3.27768 ], [ 39.80006, -3.68116 ], [ 39.60489, -4.34653 ], [ 39.20222, -4.67677 ], [ 38.74054, -5.90895 ], [ 38.79977, -6.47566 ], [ 39.44, -6.839999999999861 ], [ 39.470000000000141, -7.1 ], [ 39.19469, -7.7039 ], [ 39.25203, -8.00781 ], [ 39.18652, -8.48551 ], [ 39.53574, -9.112369999999885 ], [ 39.9496, -10.0984 ], [ 40.316586229110854, -10.317097752817492 ], [ 40.316588576017189, -10.317096042525698 ], [ 40.478387485523029, -10.765440769089993 ], [ 40.437253045418686, -11.761710707245015 ], [ 40.560811395028573, -12.639176527561027 ], [ 40.59962039567975, -14.201975192931862 ], [ 40.775475294768995, -14.691764418194241 ], [ 40.477250604012603, -15.406294447493972 ], [ 40.089263950365222, -16.10077402106446 ], [ 39.452558628097051, -16.72089120856694 ], [ 38.538350864421517, -17.101023044505958 ], [ 37.411132846838882, -17.586368096591237 ], [ 36.281279331209362, -18.659687595293448 ], [ 35.896496616364061, -18.842260430580637 ], [ 35.198399692533144, -19.552811374593894 ], [ 34.786383497870048, -19.784011732667736 ], [ 34.701892531072843, -20.497043145431011 ], [ 35.176127150215365, -21.254361260668411 ], [ 35.373427768705739, -21.840837090748877 ], [ 35.385848253705404, -22.14 ], [ 35.050925614001592, -22.718188304642631 ], [ 34.721939863357498, -23.115712753337572 ], [ 33.968014184798129, -23.581775900083365 ], [ 32.99476467247603, -24.102670005269839 ], [ 31.96668420171325, -24.596148631235977 ], [ 31.888121207086087, -24.635134778945698 ], [ 31.510901859675066, -24.822326334803797 ], [ 31.456070901234384, -24.479632844549538 ], [ 31.099669671369952, -24.013569697803746 ], [ 30.661022003844501, -23.684583947159656 ], [ 30.153835638268195, -23.50638333222744 ], [ 29.797434408403763, -23.492675592617271 ], [ 29.26283256360712, -23.711999426379997 ], [ 29.04350872984439, -24.315139969227495 ], [ 29.084631948674904, -24.479632844549538 ], [ 28.947554552573198, -24.83603407441397 ], [ 28.604861062318939, -25.082773387397037 ], [ 28.083966957132464, -25.302097221159762 ], [ 27.508241893505307, -25.521421054922492 ], [ 26.987347788318829, -25.809283586736068 ], [ 26.713192996115424, -25.973776462058112 ], [ 26.411622724691675, -26.289054473092033 ], [ 26.411622724691675, -26.522086046464928 ], [ 26.617238818844228, -26.9059027555497 ], [ 26.726900735725593, -27.152642068532771 ], [ 26.507576901962867, -27.413089121126006 ], [ 26.110052453267926, -27.700951652939587 ], [ 25.808482181844177, -27.975106445142991 ], [ 25.712528004572981, -28.262968976956572 ], [ 25.767358963013663, -28.591954727600662 ], [ 25.808482181844177, -28.82498630097356 ], [ 25.712528004572981, -29.318464926939694 ], [ 25.712528004573009, -29.537788760702451 ], [ 25.72280880928064, -29.722843245439751 ], [ 25.781066702623836, -29.880482250956682 ], [ 25.866740075187426, -30.031267386668588 ], [ 26.031232950509473, -30.130648498842319 ], [ 26.277972263492536, -30.20261413179572 ], [ 26.593250274526458, -30.182052522380463 ], [ 27.080208607162749, -29.958952669542661 ], [ 27.371164497403601, -29.825651292516 ], [ 27.556218982140933, -29.770820334075353 ], [ 27.741273466878205, -29.825651292516 ], [ 27.809812164929085, -29.955874818812653 ], [ 27.809812164929085, -30.134075433744869 ], [ 27.700150248047692, -30.305422178871964 ], [ 27.496509034042294, -30.385806868610935 ], [ 27.179256142861217, -30.511038273024518 ], [ 26.397914985081506, -30.826316284058443 ], [ 25.548035129250941, -30.81260854444827 ], [ 24.835232669522082, -30.798900804838102 ], [ 24.495966114170376, -30.819462414253366 ], [ 24.852367344034803, -29.544642630507521 ], [ 24.872928953450067, -29.188241400643111 ], [ 24.824951864814462, -28.872963389609172 ], [ 24.715289947933108, -28.633077946431211 ], [ 24.591920291441564, -28.461731201304062 ], [ 24.4411351557297, -28.338361544812546 ], [ 24.208103582356792, -28.256115107151505 ], [ 24.002487488204245, -28.235553497736269 ], [ 23.714624956390658, -28.283530586371846 ], [ 22.988114757051626, -28.365777024032866 ], [ 22.460366782060078, -28.256115107151523 ], [ 21.973742025899018, -28.023083533778607 ], [ 21.576217577204076, -27.529604907812473 ], [ 21.325798671668878, -26.766423481419487 ], [ 21.288355045390496, -26.652309572761567 ], [ 21.06903121162777, -25.939507113032704 ], [ 20.644091283712488, -25.336366570185209 ], [ 20.230913160325617, -25.022433713627166 ], [ 19.895767856534434, -24.767790215760591 ], [ 19.561179854509028, -24.431655755913962 ], [ 18.697592259068294, -23.437844634176589 ], [ 18.210967502907241, -22.903242789379949 ], [ 18.039620757780114, -22.834704091329098 ], [ 17.83400466362756, -22.814142481913834 ], [ 17.648950178890257, -22.848411830939266 ], [ 17.518726652593639, -22.937512138405388 ], [ 17.244571860390231, -23.362452066320671 ], [ 17.066371245458015, -23.74626877540544 ], [ 16.87446289091563, -23.869638431896973 ], [ 16.641431317542732, -23.910761650727487 ], [ 16.476938442220689, -23.903907780922399 ], [ 16.312445566898642, -23.842222952676636 ], [ 16.106829472746089, -23.670876207549504 ], [ 16.038290774695234, -23.389867545541009 ], [ 15.956044337034211, -22.539987689710443 ], [ 15.791551461712167, -21.840892969591756 ], [ 15.681889544830813, -21.553030437778176 ], [ 15.517396669508759, -21.37482982284596 ], [ 15.065041262373136, -20.96359763454085 ], [ 14.646955204262943, -20.682588972532365 ], [ 14.448192979915468, -20.483826748184885 ], [ 14.338531063034107, -20.182256476761133 ], [ 14.242576885762915, -19.442038537811932 ], [ 14.269992364983256, -18.825190255354265 ], [ 14.222015276347673, -18.4962045047102 ], [ 14.119207229271382, -18.208341972896594 ], [ 13.584605384474735, -17.331046637845688 ], [ 13.24051817298278, -16.960990580203397 ], [ 12.858095185135703, -16.549705480065974 ], [ 12.748433268254351, -16.309820036888009 ], [ 12.693602309813659, -16.083642333320181 ], [ 12.686748440008584, -15.802633671311705 ], [ 12.762141007864511, -15.521625009303195 ], [ 13.091126758508601, -14.795114809964165 ], [ 13.276181243245912, -14.418151970684495 ], [ 13.420112509152691, -14.274220704777688 ], [ 13.721682780576439, -14.00006591257428 ], [ 13.906737265313749, -13.787595948616655 ], [ 14.036960791610358, -13.547710505438657 ], [ 14.139768838686646, -13.259847973625094 ], [ 14.174038187712062, -12.999400921031841 ], [ 14.153476578296818, -12.718392259023362 ], [ 14.050668531220529, -12.533337774286046 ], [ 13.893029525703579, -12.444237466819954 ], [ 13.666851822135758, -12.382552638574172 ], [ 13.495505077008637, -12.409968117794529 ], [ 13.312913852601866, -12.483630466362492 ], [ 13.633721144269799, -12.03864470789717 ], [ 13.738727654686897, -11.297863050993165 ], [ 13.686379428775238, -10.73107594161589 ], [ 13.387327915102162, -10.373578383020714 ], [ 13.120987583069846, -9.766897067914122 ], [ 12.875369500386569, -9.166933689005468 ], [ 12.929061313537829, -8.959091078327553 ], [ 13.236432732809874, -8.562629489784307 ], [ 12.933040398824289, -7.596538588087733 ], [ 12.728298374083892, -6.927122084178805 ], [ 12.227347039446471, -6.294447523629394 ] ], [ [ 37.401802957145819, 0.475307115765678 ], [ 37.209894602603434, 0.694630949528404 ], [ 37.127648164942414, 0.913954783291131 ], [ 37.031693987671218, 1.21552505471488 ], [ 36.922032070789861, 1.462264367697947 ], [ 36.812370153908496, 1.777542378731866 ], [ 36.757539195467814, 1.983158472884422 ], [ 36.647877278586449, 2.490344838460727 ], [ 36.42855344482372, 2.61371449495226 ], [ 36.3463070071627, 2.60000675534209 ], [ 36.099567694179633, 2.229897785867489 ], [ 36.031028996128782, 1.996866212494592 ], [ 35.9761980376881, 1.791250118342036 ], [ 35.880243860416911, 1.475972107308117 ], [ 35.715750985094864, 1.24294053393522 ], [ 35.660920026654182, 1.160694096274198 ], [ 35.537550370162649, 0.831708345630108 ], [ 35.564965849382986, 0.708338689138575 ], [ 35.68833550587452, 0.502722594986019 ], [ 35.770581943535547, 0.406768417714826 ], [ 36.154398652620316, 0.17373684434193 ], [ 36.250352829891511, -0.114125687471649 ], [ 36.209229611060998, -0.388280479675057 ], [ 36.05844447534912, -0.51165013616659 ], [ 35.825412901976229, -0.730973969929317 ], [ 35.729458724705033, -0.922882324471702 ], [ 35.797997422755884, -1.142206158234429 ], [ 35.880243860416911, -1.375237731607326 ], [ 35.962490298077931, -1.827593138742948 ], [ 35.910413896347237, -2.092314847540643 ], [ 35.797997422755884, -2.663765254963343 ], [ 35.729458724705033, -2.965335526387091 ], [ 35.743166464315202, -3.116120662098966 ], [ 35.839120641586398, -3.335444495861692 ], [ 35.89395160002708, -3.458814152353226 ], [ 36.072152214959296, -3.527352850404078 ], [ 36.318891527942363, -3.445106412743055 ], [ 36.524507622094916, -3.458814152353226 ], [ 36.551923101315253, -3.554768329624418 ], [ 36.551923101315253, -3.801507642607486 ], [ 36.620461799366112, -3.93858503870919 ], [ 36.757539195467814, -4.103077914031234 ], [ 36.949447550010198, -4.130493393251575 ], [ 37.182479123383096, -4.034539215980383 ], [ 37.333264259094967, -3.842630861437997 ], [ 37.401802957145819, -3.499937371183737 ], [ 37.360679738315312, -3.26690579781084 ], [ 37.072817206501732, -2.951627786776921 ], [ 36.949447550010198, -2.828258130285387 ], [ 36.905179578441036, -2.651186244008725 ], [ 36.894616591569516, -2.608934296522661 ], [ 36.922032070789861, -2.458149160810787 ], [ 37.01798624806105, -2.279948545878571 ], [ 37.196186862993265, -2.019501493285334 ], [ 37.497757134417014, -1.800177659522607 ], [ 37.662250009739061, -1.635684784200563 ], [ 37.867866103891615, -1.471191908878518 ], [ 38.183144114925533, -1.334114512776814 ], [ 38.429883427908599, -1.19703711667511 ], [ 38.71774595972218, -1.142206158234429 ], [ 39.00560849153576, -1.087375199793747 ], [ 39.224932325298482, -0.991421022522554 ], [ 39.389425200620529, -0.813220407590339 ], [ 39.430548419451043, -0.648727532268294 ], [ 39.348301981790016, -0.429403698505568 ], [ 39.115270408417118, -0.196372125132671 ], [ 38.950777533095078, 0.009243969019885 ], [ 38.841115616213713, 0.214860063172441 ], [ 38.690330480501842, 0.475307115765678 ], [ 38.676622740891666, 0.667215470308064 ], [ 38.676622740891666, 0.87283156446062 ], [ 38.608084042840815, 1.119570877443687 ], [ 38.566960824010309, 1.380017930036924 ], [ 38.333929250637411, 1.55821854496914 ], [ 38.183144114925533, 1.544510805358969 ], [ 38.018651239603486, 1.503387586528458 ], [ 37.895281583111952, 1.297771492375902 ], [ 37.717080968179744, 0.996201220952153 ], [ 37.580003572078041, 0.667215470308064 ], [ 37.401802957145819, 0.475307115765678 ] ], [ [ 33.22094237604383, -16.762175444023661 ], [ 32.987910802670939, -16.762175444023661 ], [ 32.857687276374314, -16.810152532659259 ], [ 32.847820205815026, -16.816730579698785 ], [ 32.754879229298041, -16.87869123071011 ], [ 32.676059726539563, -17.050037975837174 ], [ 32.519277454748241, -17.288209951563914 ], [ 32.43017714728213, -17.534949264546984 ], [ 32.43017714728213, -17.795396317140224 ], [ 32.484151371997172, -18.283734540752512 ], [ 32.553546803773656, -18.511625711771654 ], [ 32.608377762214339, -18.778926634169977 ], [ 32.607521028488705, -18.969121521261034 ], [ 32.456735892776834, -19.613385282939042 ], [ 32.278535277844618, -20.079448429684838 ], [ 32.223704319403936, -20.422141919939097 ], [ 32.237412059014105, -20.614050274481482 ], [ 32.257973668429358, -20.771689279998498 ], [ 32.320515230400765, -20.871927125897869 ], [ 32.33276210391324, -20.876439131928773 ], [ 32.401904934336152, -20.901912806295062 ], [ 32.538982330437847, -20.915620545905288 ], [ 32.672632791637014, -20.891632001587489 ], [ 32.758306164200576, -20.833374108244264 ], [ 32.847406471666687, -20.696296712142562 ], [ 32.991337737573474, -20.480399813282379 ], [ 33.155830612895528, -20.326187742667905 ], [ 33.594478280420979, -19.805293637481427 ], [ 33.728128741620132, -19.668216241379785 ], [ 33.824082918891328, -19.503723366057741 ], [ 33.896048551844729, -19.092491177752567 ], [ 33.974868054603199, -18.982829260871267 ], [ 34.112802184430564, -18.847465332220807 ], [ 34.184767817383957, -18.689826326703844 ], [ 34.171060077773788, -18.347132836449582 ], [ 34.088813640112761, -18.055843369733459 ], [ 33.992002729115917, -17.831379133616888 ], [ 33.758971155743026, -17.461270164142288 ], [ 33.66301697847183, -17.173407632328708 ], [ 33.443693144709101, -16.885545100515131 ], [ 33.22094237604383, -16.762175444023661 ] ], [ [ 38.032358979213662, -2.931066177361665 ], [ 37.96382028116281, -3.068143573463369 ], [ 37.888427713306875, -3.232636448785414 ], [ 37.736790216826826, -3.421034550472747 ], [ 37.662250009739061, -3.513645110793907 ], [ 37.591141110511337, -3.626733962577718 ], [ 37.552588092857697, -3.80836151241257 ], [ 37.563725631290993, -3.945438908514182 ], [ 37.621983524634217, -4.065381630103174 ], [ 37.7487801160283, -4.168189677179453 ], [ 37.847304494476361, -4.205885961107512 ], [ 38.073482198044175, -4.240155310132938 ], [ 38.244828943171299, -4.247009179938023 ], [ 38.375052469467924, -4.205885961107512 ], [ 38.450627372163943, -4.153312115753759 ], [ 38.53269147498488, -4.096224044226149 ], [ 38.724599829527264, -3.863192470853252 ], [ 38.772576918162862, -3.760384423776974 ], [ 38.841115616213713, -3.499937371183736 ], [ 38.90280044445948, -3.29432127703118 ], [ 38.909654314264564, -3.170951620539647 ], [ 38.90280044445948, -2.985897135802347 ], [ 38.861677225628974, -2.869381349115898 ], [ 38.786284657773031, -2.800842651065046 ], [ 38.6149379126459, -2.732303953014194 ], [ 38.457298907128944, -2.739157822819279 ], [ 38.341639854168172, -2.746011692624263 ], [ 38.210559594145877, -2.807696520870131 ], [ 38.032358979213662, -2.931066177361665 ] ] ] ] } },
{ "type": "Feature", "properties": { "id": null, "Zone": "области высотной поясности", "layer": "africa", "path": "D:/kurse4/semestr7/Diplom/diplom3/data/africa.shp" }, "geometry": { "type": "MultiPolygon", "coordinates": [ [ [ [ 36.86623, 22.0 ], [ 37.188720000000103, 21.01885 ], [ 36.96941, 20.837440000000129 ], [ 37.114700000000141, 19.80796 ], [ 37.481790000000103, 18.61409 ], [ 37.436072306171248, 18.422165200381272 ], [ 37.292141040264461, 18.291941674084651 ], [ 37.107086555527161, 18.257672325059225 ], [ 36.908324331179685, 18.312503283499908 ], [ 36.66843888800171, 18.518119377652464 ], [ 36.414845705213551, 18.805981909466038 ], [ 36.133837043205062, 19.032159613033848 ], [ 35.859682251001651, 19.100698311084702 ], [ 35.777435813340631, 19.333729884457597 ], [ 35.81170516236606, 19.532492108805073 ], [ 35.989905777298276, 19.738108202957626 ], [ 36.229791220476251, 19.854623989644072 ], [ 36.222937350671167, 20.012262995161038 ], [ 36.031028996128782, 20.108217172432227 ], [ 35.647212287044013, 20.163048130872909 ], [ 35.564965849382993, 20.313833266584783 ], [ 35.647212287044013, 20.51944936073734 ], [ 35.935074818857593, 20.848435111381431 ], [ 36.072152214959296, 21.2322518204662 ], [ 36.140690913010147, 21.56123757111029 ], [ 36.510799882484747, 21.84910010292387 ], [ 36.86623, 22.0 ] ] ] ] } },
{ "type": "Feature", "properties": { "id": null, "Zone": "области высотной поясности", "layer": "africa", "path": "D:/kurse4/semestr7/Diplom/diplom3/data/africa.shp" }, "geometry": { "type": "MultiPolygon", "coordinates": [ [ [ [ 44.938489541562731, -24.212331922151275 ], [ 44.664334749359327, -24.212331922151275 ], [ 44.609503790918644, -24.143793224100424 ], [ 44.691750228579664, -23.965592609168205 ], [ 44.815119885071198, -23.801099733846161 ], [ 44.938489541562731, -23.650314598134287 ], [ 45.144105635715292, -23.403575285151216 ], [ 45.185228854545805, -23.266497889049511 ], [ 44.938489541562731, -23.156835972168146 ], [ 44.636919270138982, -23.143128232557977 ], [ 44.445010915596598, -23.156835972168146 ], [ 44.321641259105064, -23.033466315676613 ], [ 44.253102561054206, -22.786727002693542 ], [ 44.239394821444037, -22.44403351243928 ], [ 44.49984187403728, -22.115047761795189 ], [ 44.773996666240691, -21.923139407252801 ], [ 45.212644333766143, -21.758646531930754 ], [ 45.445675907139041, -21.676400094269731 ], [ 45.815784876613648, -21.34741434362564 ], [ 45.829492616223817, -21.333706604015468 ], [ 46.062524189596715, -20.895058936490013 ], [ 46.08993966881706, -20.360457091693362 ], [ 45.95286227271535, -20.0177636014391 ], [ 45.884323574664499, -19.263837922879723 ], [ 45.925446793495013, -18.496204504710175 ], [ 46.131062887647566, -18.153511014455912 ], [ 46.336678981800127, -17.961602659913524 ], [ 46.610833774003538, -17.975310399523696 ], [ 46.912404045427287, -18.153511014455912 ], [ 47.1454356188002, -18.167218754066081 ], [ 47.351051712952753, -17.63261690926943 ], [ 47.405882671393435, -17.276215679404999 ], [ 47.5155445882748, -16.919814449540564 ], [ 47.830822599308725, -16.535997740455791 ], [ 48.022730953851109, -16.207011989811697 ], [ 48.077561912291792, -15.699825624235388 ], [ 48.104977391512136, -15.549040488523513 ], [ 48.269470266834176, -15.288593435930274 ], [ 48.447670881766399, -15.082977341777715 ], [ 48.680702455139297, -14.91848446645567 ], [ 48.831487590851168, -14.808822549574305 ], [ 49.078226903834242, -14.507252278150554 ], [ 49.215304299935944, -14.219389746336974 ], [ 49.270135258376627, -14.041189131404757 ], [ 49.489459092139356, -13.794449818421688 ], [ 49.68136744668174, -13.780742078811517 ], [ 49.845860322003787, -13.808157558031859 ], [ 49.941814499274983, -14.041189131404757 ], [ 49.777321623952936, -14.479836798930213 ], [ 49.557997790190207, -15.082977341777715 ], [ 49.201596560325775, -15.740948843065899 ], [ 48.872610809681682, -16.097350072930332 ], [ 48.625871496698615, -16.330381646303231 ], [ 48.488794100596905, -16.727906094998175 ], [ 48.447670881766399, -17.043184106032097 ], [ 48.365424444105372, -17.536662731998234 ], [ 48.365424444105372, -17.824525263811818 ], [ 48.09126965190196, -18.537327723540685 ], [ 47.80340712008838, -19.250130183269551 ], [ 47.351051712952753, -20.168548737150974 ], [ 46.830157607766274, -21.2240446871341 ], [ 46.528587336342525, -21.786062011151092 ], [ 46.199601585698431, -22.48515673126979 ], [ 46.405217679850985, -22.848411830939309 ], [ 46.535441206147603, -23.369305936125787 ], [ 46.597126034393369, -23.801099733846158 ], [ 46.569710555173032, -24.164354833515677 ], [ 46.412071549656083, -24.328847708837721 ], [ 46.137916757452672, -24.452217365329258 ], [ 45.90488518407976, -24.472778974744514 ], [ 45.767807787978064, -24.452217365329258 ], [ 45.651292001291608, -24.356263188058065 ], [ 45.610168782461095, -24.095816135464823 ], [ 45.664999740901784, -23.869638431897009 ], [ 45.60331491265601, -23.773684254625817 ], [ 45.473091386359393, -23.759976515015644 ], [ 44.938489541562731, -24.212331922151275 ] ] ] ] } },
{ "type": "Feature", "properties": { "id": null, "Zone": "переменно-влажных (в том числе муссонных) лесов", "layer": "africa", "path": "D:/kurse4/semestr7/Diplom/diplom3/data/africa.shp" }, "geometry": { "type": "MultiPolygon", "coordinates": [ [ [ [ 49.845860322003787, -13.808157558031859 ], [ 50.056510857957164, -13.555761407121985 ], [ 50.217431268114069, -14.758788750876796 ], [ 50.476536899625529, -15.226512139550543 ], [ 50.377111443895956, -15.706069431219127 ], [ 50.200274692593183, -16.000263360256767 ], [ 49.860605503138679, -15.414252618066918 ], [ 49.672606642460863, -15.710203545802479 ], [ 49.863344354050156, -16.451036879138776 ], [ 49.774564243372708, -16.875042006093601 ], [ 49.498612094934117, -17.106035658438273 ], [ 49.435618523970305, -17.953064060134366 ], [ 49.041792433473944, -19.118781019774445 ], [ 48.548540887248009, -20.496888116134127 ], [ 47.930749139198667, -22.391501153251085 ], [ 47.547723423051309, -23.781958916928517 ], [ 47.095761346226595, -24.941629733990453 ], [ 46.282477654817086, -25.178462823184105 ], [ 45.409507684110451, -25.601434421493089 ], [ 45.767807787978064, -24.452217365329258 ], [ 45.90488518407976, -24.472778974744514 ], [ 46.137916757452672, -24.452217365329258 ], [ 46.412071549656083, -24.328847708837721 ], [ 46.569710555173032, -24.164354833515677 ], [ 46.597126034393369, -23.801099733846158 ], [ 46.535441206147603, -23.369305936125787 ], [ 46.405217679850985, -22.848411830939309 ], [ 46.199601585698431, -22.48515673126979 ], [ 46.528587336342525, -21.786062011151092 ], [ 46.830157607766274, -21.2240446871341 ], [ 47.351051712952753, -20.168548737150974 ], [ 47.80340712008838, -19.250130183269551 ], [ 48.09126965190196, -18.537327723540685 ], [ 48.365424444105372, -17.824525263811818 ], [ 48.365424444105372, -17.536662731998234 ], [ 48.447670881766399, -17.043184106032097 ], [ 48.488794100596905, -16.727906094998175 ], [ 48.625871496698615, -16.330381646303231 ], [ 48.872610809681682, -16.097350072930332 ], [ 49.201596560325775, -15.740948843065899 ], [ 49.557997790190207, -15.082977341777715 ], [ 49.777321623952936, -14.479836798930213 ], [ 49.941814499274983, -14.041189131404757 ], [ 49.845860322003787, -13.808157558031859 ] ] ] ] } },
{ "type": "Feature", "properties": { "id": null, "Zone": "саванн и редколесий", "layer": "africa", "path": "D:/kurse4/semestr7/Diplom/diplom3/data/africa.shp" }, "geometry": { "type": "MultiPolygon", "coordinates": [ [ [ [ 49.845860322003787, -13.808157558031859 ], [ 49.489459092139356, -13.794449818421688 ], [ 49.270135258376627, -14.041189131404757 ], [ 49.215304299935944, -14.219389746336974 ], [ 49.078226903834242, -14.507252278150554 ], [ 48.831487590851168, -14.808822549574305 ], [ 48.680702455139297, -14.91848446645567 ], [ 48.447670881766399, -15.082977341777715 ], [ 48.269470266834176, -15.288593435930274 ], [ 48.104977391512136, -15.549040488523513 ], [ 48.077561912291792, -15.699825624235388 ], [ 48.022730953851109, -16.207011989811697 ], [ 47.830822599308725, -16.535997740455791 ], [ 47.5155445882748, -16.919814449540564 ], [ 47.405882671393435, -17.276215679404999 ], [ 47.351051712952753, -17.63261690926943 ], [ 47.1454356188002, -18.167218754066081 ], [ 46.912404045427287, -18.153511014455912 ], [ 46.610833774003538, -17.975310399523696 ], [ 46.336678981800127, -17.961602659913524 ], [ 46.131062887647566, -18.153511014455912 ], [ 45.925446793495013, -18.496204504710175 ], [ 45.884323574664499, -19.263837922879723 ], [ 45.95286227271535, -20.0177636014391 ], [ 46.08993966881706, -20.360457091693362 ], [ 46.062524189596715, -20.895058936490013 ], [ 45.829492616223817, -21.333706604015468 ], [ 45.815784876613648, -21.34741434362564 ], [ 45.445675907139041, -21.676400094269731 ], [ 45.212644333766143, -21.758646531930754 ], [ 44.773996666240691, -21.923139407252801 ], [ 44.49984187403728, -22.115047761795189 ], [ 44.239394821444037, -22.44403351243928 ], [ 44.253102561054206, -22.786727002693542 ], [ 44.321641259105064, -23.033466315676613 ], [ 44.445010915596598, -23.156835972168146 ], [ 44.636919270138982, -23.143128232557977 ], [ 44.938489541562731, -23.156835972168146 ], [ 45.185228854545805, -23.266497889049511 ], [ 45.144105635715292, -23.403575285151216 ], [ 44.938489541562731, -23.650314598134287 ], [ 44.815119885071198, -23.801099733846161 ], [ 44.691750228579664, -23.965592609168205 ], [ 44.609503790918644, -24.143793224100424 ], [ 44.664334749359327, -24.212331922151275 ], [ 44.938489541562731, -24.212331922151275 ], [ 45.473091386359393, -23.759976515015644 ], [ 45.60331491265601, -23.773684254625817 ], [ 45.664999740901784, -23.869638431897009 ], [ 45.610168782461095, -24.095816135464823 ], [ 45.651292001291608, -24.356263188058065 ], [ 45.767807787978064, -24.452217365329258 ], [ 45.409507684110451, -25.601434421493089 ], [ 44.833573846217554, -25.34610116953894 ], [ 44.039720493349762, -24.988345228782308 ], [ 43.763768344911171, -24.460677178649991 ], [ 43.697777540874455, -23.574116306250602 ], [ 43.345654331237625, -22.776903985283873 ], [ 43.254187046081, -22.057413018484123 ], [ 43.43329756040464, -21.336475111580189 ], [ 43.893682895692926, -21.163307386970128 ], [ 43.896370070172104, -20.830459486578174 ], [ 44.374325392439658, -20.072366224856388 ], [ 44.464397413924388, -19.435454196859048 ], [ 44.232421909366167, -18.961994724200906 ], [ 44.042976108584156, -18.331387220943171 ], [ 43.963084344260913, -17.409944756746782 ], [ 44.31246870298628, -16.850495700754955 ], [ 44.446517368351401, -16.216219170804507 ], [ 44.944936557806528, -16.179373874580399 ], [ 45.502731967964991, -15.974373467678539 ], [ 45.872993605336262, -15.793454278224687 ], [ 46.31224327981721, -15.780018405828798 ], [ 46.882182651564285, -15.210182386946315 ], [ 47.705129835812357, -14.594302666891764 ], [ 48.005214878131255, -14.091232598530375 ], [ 47.869047479042166, -13.663868503476586 ], [ 48.293827752481377, -13.784067884987486 ], [ 48.845060255738787, -13.089174899958664 ], [ 48.863508742066983, -12.487867933810421 ], [ 49.194651320193316, -12.04055673589197 ], [ 49.543518914595751, -12.469832858940554 ], [ 49.808980747279094, -12.895284925999555 ], [ 50.056510857957164, -13.555761407121985 ], [ 49.845860322003787, -13.808157558031859 ] ] ] ] } },
{ "type": "Feature", "properties": { "id": null, "Zone": "жестколистных вечнозеленых лесов и кустарников", "layer": "australia", "path": "D:/kurse4/semestr7/Diplom/diplom3/data/australia.shp" }, "geometry": { "type": "MultiPolygon", "coordinates": [ [ [ [ 115.485371445305375, -31.189571383728158 ], [ 115.855480414779976, -31.203279123338326 ], [ 116.417497738796968, -31.354064259050205 ], [ 116.746483489441061, -31.559680353202761 ], [ 116.92468410437327, -31.847542885016342 ], [ 116.965807323203791, -32.190236375270601 ], [ 116.910976364763101, -32.642591782406228 ], [ 116.897268625152932, -33.012700751880836 ], [ 116.993222802424128, -33.382809721355436 ], [ 117.226254375797026, -33.670672253169016 ], [ 117.733440741373329, -33.972242524592772 ], [ 118.213211627729308, -34.164150879135157 ], [ 118.843767649797144, -34.328643754457204 ], [ 119.298899367348753, -34.509366143533938 ], [ 119.00734093635802, -34.464149265278543 ], [ 118.505717808100798, -34.746819349915093 ], [ 118.024971958489488, -35.0647327613747 ], [ 117.29550744025741, -35.025458672832869 ], [ 116.625109084134948, -35.025096937806829 ], [ 115.564346958479661, -34.386427911111568 ], [ 115.026808709779573, -34.196517022438933 ], [ 115.048616164206763, -33.623425388322055 ], [ 115.545123325667078, -33.487257989232972 ], [ 115.714673700016704, -33.259571628554973 ], [ 115.679378696761347, -32.900368747694166 ], [ 115.801645135563945, -32.205062351207005 ], [ 115.689610630355162, -31.612437025683807 ], [ 115.485371445305375, -31.189571383728158 ] ] ] ] } },
{ "type": "Feature", "properties": { "id": null, "Zone": "саванн и редколесий", "layer": "australia", "path": "D:/kurse4/semestr7/Diplom/diplom3/data/australia.shp" }, "geometry": { "type": "MultiPolygon", "coordinates": [ [ [ [ 114.232852004047231, -26.298446140245879 ], [ 115.128970215440901, -26.528939916270168 ], [ 115.855480414779947, -26.84421792730409 ], [ 116.458620957627446, -27.241742375999035 ], [ 116.952099583593579, -27.762636481185517 ], [ 117.418162730339375, -28.502854420134724 ], [ 117.897933616695354, -29.270487838304277 ], [ 118.350289023830982, -29.832505162321269 ], [ 118.939721827068311, -30.216321871406041 ], [ 119.392077234203938, -30.449353444778939 ], [ 119.817017162119228, -30.531599882439963 ], [ 120.502404142627753, -30.545307622050132 ], [ 121.050713727034577, -30.654969538931496 ], [ 121.448238175729514, -30.874293372694225 ], [ 121.640146530271906, -31.079909466846782 ], [ 121.694977488712581, -31.312941040219684 ], [ 121.626438790661737, -31.463726175931559 ], [ 121.393407217288839, -31.477433915541727 ], [ 121.201498862746448, -31.545972613592582 ], [ 121.119252425085421, -31.655634530473947 ], [ 121.187791123136279, -31.847542885016331 ], [ 121.530484613390541, -32.025743499948547 ], [ 122.106209677017702, -32.176528635660425 ], [ 122.736765699085538, -32.409560209033323 ], [ 123.422152679594063, -32.683715001236735 ], [ 124.221647983904916, -32.959486586236068 ], [ 124.028946567888511, -33.483847344701701 ], [ 123.659666782730767, -33.890179131812708 ], [ 122.811036411633637, -33.914467054989885 ], [ 122.183064406422801, -34.003402194964202 ], [ 121.299190708502593, -33.821036065406176 ], [ 120.580268182458056, -33.930176690406611 ], [ 119.893695103028222, -33.976065362281801 ], [ 119.298899367348753, -34.509366143533938 ], [ 118.843767649797144, -34.328643754457204 ], [ 118.213211627729308, -34.164150879135157 ], [ 117.733440741373329, -33.972242524592772 ], [ 117.226254375797026, -33.670672253169016 ], [ 116.993222802424128, -33.382809721355436 ], [ 116.897268625152932, -33.012700751880836 ], [ 116.910976364763101, -32.642591782406228 ], [ 116.965807323203791, -32.190236375270601 ], [ 116.92468410437327, -31.847542885016342 ], [ 116.746483489441061, -31.559680353202761 ], [ 116.417497738796968, -31.354064259050205 ], [ 115.855480414779976, -31.203279123338326 ], [ 115.485371445305375, -31.189571383728158 ], [ 115.160909051576994, -30.601594333622465 ], [ 114.997043084779477, -30.03072478609414 ], [ 115.040037876446291, -29.461095472940819 ], [ 114.641974318502008, -28.81023080822467 ], [ 114.616497837382099, -28.516398614213081 ], [ 114.173579136208474, -28.118076674107321 ], [ 114.048883905088161, -27.334765313427106 ], [ 113.477497593236919, -26.543134047147902 ], [ 113.338953078262421, -26.116545098578484 ], [ 113.778357782040217, -26.549025160429174 ], [ 113.440962355606558, -25.621278171493167 ], [ 113.936901076311671, -25.91123463308287 ], [ 114.232852004047231, -26.298446140245879 ] ] ] ] } },
{ "type": "Feature", "properties": { "id": null, "Zone": "полупустынь и пустынь", "layer": "australia", "path": "D:/kurse4/semestr7/Diplom/diplom3/data/australia.shp" }, "geometry": { "type": "MultiPolygon", "coordinates": [ [ [ [ 118.679274774475047, -20.538657706625663 ], [ 119.200168879661533, -20.634611883896856 ], [ 119.65252428679716, -20.634611883896856 ], [ 120.146002912763294, -20.566073185846001 ], [ 120.927344070543015, -20.278210654032421 ], [ 121.859470364034607, -19.894393944947648 ], [ 122.627103782204159, -19.263837922879805 ], [ 123.202828845831291, -18.838897994964526 ], [ 123.751138430238115, -18.551035463150946 ], [ 124.203493837373742, -18.386542587828899 ], [ 124.669556984119538, -18.318003889778048 ], [ 125.067081432814476, -18.372834848218726 ], [ 125.903253549034886, -18.551035463150946 ], [ 126.82167210291631, -18.74294381769333 ], [ 127.877168052899435, -19.044514089117083 ], [ 129.179403315865642, -19.387207579371346 ], [ 130.618715974933565, -19.688777850795095 ], [ 131.20814877817088, -19.798439767676459 ], [ 131.550842268425157, -19.798439767676459 ], [ 132.05802863400146, -19.688777850795095 ], [ 132.524091780747256, -19.661362371574754 ], [ 133.00386266710322, -19.688777850795095 ], [ 133.442510334628679, -19.798439767676459 ], [ 133.963404439815179, -20.072594559879867 ], [ 134.169020533967711, -20.182256476761232 ], [ 134.662499159933873, -20.305626133252765 ], [ 135.375301619662736, -20.470119008574812 ], [ 135.841364766408532, -20.511242227405326 ], [ 137.061353591713697, -20.387872570913792 ], [ 137.527416738459493, -20.223379695591746 ], [ 138.007187624815458, -20.031471341049357 ], [ 138.40471207351041, -19.853270726117142 ], [ 138.788528782595193, -19.880686205337483 ], [ 139.021560355968091, -20.058886820269699 ], [ 139.048975835188429, -20.250795174812083 ], [ 138.953021657917219, -20.552365446235836 ], [ 138.774821042985025, -20.949889894930781 ], [ 138.541789469612127, -21.484491739727432 ], [ 138.418419813120579, -21.772354271541012 ], [ 138.363588854679904, -22.00538584491391 ], [ 138.363588854679904, -22.211001939066467 ], [ 138.473250771561254, -22.485156731269878 ], [ 138.815944261815531, -22.827850221524141 ], [ 139.25459192934099, -23.239082409829255 ], [ 139.473915763103719, -23.485821722812322 ], [ 139.610993159205435, -23.691437816964878 ], [ 139.638408638425773, -23.92446939033778 ], [ 139.624700898815604, -24.116377744880165 ], [ 139.487623502713888, -24.267162880592043 ], [ 139.323130627391834, -24.390532537083576 ], [ 139.103806793629104, -24.609856370846305 ], [ 138.555497209222295, -24.938842121490396 ], [ 138.349881115069735, -25.04850403837176 ], [ 138.240219198188385, -25.199289174083635 ], [ 138.171680500137512, -25.404905268236192 ], [ 138.171680500137512, -25.500859445507388 ], [ 138.19909597935785, -25.692767800049776 ], [ 138.336173375459566, -25.84355293576165 ], [ 138.610328167662971, -25.925799373422674 ], [ 138.8296520014257, -25.925799373422674 ], [ 139.268299668951158, -25.816137456541309 ], [ 139.528746721544394, -25.665352320829435 ], [ 139.761778294917292, -25.59681362277858 ], [ 139.926271170239346, -25.637936841609093 ], [ 140.022225347510528, -25.857260675371819 ], [ 140.063348566341062, -26.199954165626082 ], [ 140.008517607900359, -26.720848270812564 ], [ 140.035933087120696, -26.912756625354952 ], [ 140.159302743612244, -27.200619157168532 ], [ 140.392334316985142, -27.365112032490575 ], [ 140.62536589035804, -27.47477394937194 ], [ 141.05030581827333, -27.557020387032964 ], [ 141.351876089697072, -27.488481688982112 ], [ 141.543784444239463, -27.365112032490575 ], [ 141.79052375722253, -27.200619157168532 ], [ 142.00984759098526, -26.96758758379563 ], [ 142.242879164358158, -26.734556010422732 ], [ 142.434787518900549, -26.528939916270176 ], [ 142.64040361305311, -26.323323822117619 ], [ 142.763773269544629, -26.199954165626082 ], [ 143.147589978629412, -26.199954165626082 ], [ 143.257251895510791, -26.43298573899898 ], [ 143.229836416290425, -26.926464364965121 ], [ 143.065343540968399, -27.241742375999042 ], [ 142.421079779290409, -28.667347295456779 ], [ 142.160632726697173, -29.215656879863602 ], [ 142.078386289036132, -29.668012286999229 ], [ 142.119509507866638, -30.147783173355194 ], [ 142.215463685137848, -30.53159988243997 ], [ 142.40737203968024, -31.312941040219687 ], [ 142.530741696171759, -31.724173228524805 ], [ 142.599280394222632, -32.025743499948554 ], [ 142.626695873443026, -32.848207876558796 ], [ 142.681526831883701, -33.218316846033396 ], [ 142.599280394222689, -33.437640679796125 ], [ 142.475910737731141, -33.698087732389368 ], [ 142.174340466307399, -33.972242524592772 ], [ 141.886477934493826, -34.109319920694482 ], [ 141.53007670462938, -34.150443139524988 ], [ 141.091429037103921, -34.150443139524988 ], [ 140.639073629968294, -34.150443139524988 ], [ 139.994809868290275, -34.164150879135164 ], [ 139.844024732578447, -34.198420228160586 ], [ 139.679531857256364, -34.328643754457204 ], [ 139.590431549790281, -34.472575020363998 ], [ 139.549308330959775, -34.849537859643689 ], [ 139.419084804663157, -35.349870355414907 ], [ 139.574147577065276, -36.138362318670659 ], [ 139.082808058834132, -35.732754001611745 ], [ 138.120747918856352, -35.61229623793939 ], [ 138.449461704664941, -35.127261244447865 ], [ 138.207564325106716, -34.384722588845932 ], [ 137.719170363516184, -35.076825046530999 ], [ 136.829405552314711, -35.260534763328607 ], [ 137.352371047108477, -34.7073385556441 ], [ 137.503886346588274, -34.130267836240748 ], [ 137.890116001537706, -33.640478610978377 ], [ 137.810327590079055, -32.900007012668119 ], [ 136.996837192940404, -33.752771498348615 ], [ 136.372069126531642, -34.094766127256236 ], [ 135.989043410384284, -34.890118096660458 ], [ 135.208212518454047, -34.478670342752565 ], [ 135.239218377829161, -33.947953383115021 ], [ 134.613416782774607, -33.222778008763164 ], [ 134.085903761939164, -32.848072198214787 ], [ 134.273902622617015, -32.617233575166992 ], [ 132.990776808809755, -32.011224053680188 ], [ 132.288080682504869, -31.982646986622782 ], [ 131.326330601120844, -31.495803318001041 ], [ 129.535793898639724, -31.590422865527465 ], [ 128.240937534702255, -31.948488864877852 ], [ 127.102867466338296, -32.282266941051063 ], [ 126.148713820501143, -32.215966078420593 ], [ 125.088623488465657, -32.72875131605285 ], [ 124.221647983904916, -32.959486586236068 ], [ 123.422152679594063, -32.683715001236735 ], [ 122.736765699085538, -32.409560209033323 ], [ 122.106209677017702, -32.176528635660425 ], [ 121.530484613390541, -32.025743499948547 ], [ 121.187791123136279, -31.847542885016331 ], [ 121.119252425085421, -31.655634530473947 ], [ 121.201498862746448, -31.545972613592582 ], [ 121.393407217288839, -31.477433915541727 ], [ 121.626438790661737, -31.463726175931559 ], [ 121.694977488712581, -31.312941040219684 ], [ 121.640146530271906, -31.079909466846782 ], [ 121.448238175729514, -30.874293372694225 ], [ 121.050713727034577, -30.654969538931496 ], [ 120.502404142627753, -30.545307622050132 ], [ 119.817017162119228, -30.531599882439963 ], [ 119.392077234203938, -30.449353444778939 ], [ 118.939721827068311, -30.216321871406041 ], [ 118.350289023830982, -29.832505162321269 ], [ 117.897933616695354, -29.270487838304277 ], [ 117.418162730339375, -28.502854420134724 ], [ 116.952099583593579, -27.762636481185517 ], [ 116.458620957627446, -27.241742375999035 ], [ 115.855480414779947, -26.84421792730409 ], [ 115.128970215440901, -26.528939916270168 ], [ 114.232852004047231, -26.298446140245879 ], [ 114.216160516416977, -25.786281019801123 ], [ 113.721255324357699, -24.998938897402141 ], [ 113.625343866023968, -24.683971042583167 ], [ 113.393523390762638, -24.384764499613226 ], [ 113.502043898575593, -23.806350192970285 ], [ 113.706992629045146, -23.560215345964089 ], [ 113.843418410295669, -23.059987481378755 ], [ 113.736551548316086, -22.475475355725379 ], [ 114.149756300921894, -21.755881036061041 ], [ 114.225307244932623, -22.517488295178673 ], [ 114.647762078918703, -21.829519952076954 ], [ 115.460167270979241, -21.495173435148537 ], [ 115.947372674627019, -21.068687839443704 ], [ 116.711615431791529, -20.701681817306824 ], [ 117.166316359527713, -20.623598728113805 ], [ 117.441545037914238, -20.746898695562209 ], [ 118.229558953932994, -20.374208265873222 ], [ 118.679274774475047, -20.538657706625663 ] ] ] ] } },
{ "type": "Feature", "properties": { "id": null, "Zone": "жестколистных вечнозеленых лесов и кустарников", "layer": "australia", "path": "D:/kurse4/semestr7/Diplom/diplom3/data/australia.shp" }, "geometry": { "type": "MultiPolygon", "coordinates": [ [ [ [ 139.874867146701291, -36.86114864743621 ], [ 140.286099335006412, -36.641824813673487 ], [ 140.62193895545559, -36.422500979910758 ], [ 141.005755664540374, -36.230592625368374 ], [ 141.266202717133609, -36.107222968876833 ], [ 141.540357509337014, -36.100369099071749 ], [ 142.00642065608281, -36.223738755563282 ], [ 142.170913531404864, -36.347108412054823 ], [ 142.321698667116749, -36.59384772503789 ], [ 142.403945104777762, -36.833733168215872 ], [ 142.479337672633704, -37.094180220809115 ], [ 142.554730240489647, -37.292942445156584 ], [ 142.698661506396434, -37.416312101648117 ], [ 142.904277600548994, -37.436873711063377 ], [ 143.226409481387975, -37.477996929893884 ], [ 143.617080060277857, -37.430019841258286 ], [ 143.980335159947373, -37.340919533792182 ], [ 144.288759301176214, -37.196988267885395 ], [ 144.521790874549112, -37.080472481198946 ], [ 144.837068885583022, -37.053057001978601 ], [ 145.07010045895592, -37.190134398080311 ], [ 145.330547511549156, -37.368335013012526 ], [ 145.652679392388166, -37.539681758139658 ], [ 146.098180929718723, -37.711028503266789 ], [ 146.591659555684856, -37.786421071122724 ], [ 146.941206915744203, -37.765859461707471 ], [ 147.222215577752735, -37.628782065605762 ], [ 147.811648380990079, -37.340919533792174 ], [ 148.394227314422324, -37.018787652953172 ], [ 148.812313372532515, -36.785756079580274 ], [ 149.120737513761355, -36.669240292893825 ], [ 149.175568472202031, -36.717217381529423 ], [ 149.175568472202031, -37.14901117924979 ], [ 149.423882277625523, -37.772681166333442 ], [ 148.304622430615836, -37.809061374666925 ], [ 147.38173302631526, -38.219217217767522 ], [ 146.922122837511324, -38.606532077795116 ], [ 146.317921991154776, -39.035756524411411 ], [ 145.489652134380606, -38.593767999019022 ], [ 144.876976353128157, -38.417448012039152 ], [ 145.032212355732952, -37.896187839511022 ], [ 144.485682407814068, -38.085323581699285 ], [ 143.60997358619602, -38.8094654274053 ], [ 142.745426873952965, -38.538267510737555 ], [ 142.178329705981923, -38.380034275059835 ], [ 141.606581659104677, -38.308514092767879 ], [ 140.638578729413268, -38.019332777662555 ], [ 139.992158237874264, -37.402936293285094 ], [ 139.874867146701291, -36.86114864743621 ] ] ] ] } },
{ "type": "Feature", "properties": { "id": null, "Zone": "области высотной поясности", "layer": "australia", "path": "D:/kurse4/semestr7/Diplom/diplom3/data/australia.shp" }, "geometry": { "type": "MultiPolygon", "coordinates": [ [ [ [ 149.175568472202031, -36.717217381529423 ], [ 149.120737513761355, -36.669240292893825 ], [ 148.812313372532515, -36.785756079580274 ], [ 148.394227314422324, -37.018787652953172 ], [ 147.811648380990079, -37.340919533792174 ], [ 147.222215577752735, -37.628782065605762 ], [ 146.941206915744203, -37.765859461707471 ], [ 146.591659555684856, -37.786421071122724 ], [ 146.098180929718723, -37.711028503266789 ], [ 145.652679392388166, -37.539681758139658 ], [ 145.330547511549156, -37.368335013012526 ], [ 145.07010045895592, -37.190134398080311 ], [ 145.412793949210339, -37.101034090614213 ], [ 145.755487439464616, -36.936541215292166 ], [ 146.098180929718865, -36.772048339970119 ], [ 146.509413118023986, -36.55272450620739 ], [ 146.646490514125674, -36.333400672444661 ], [ 146.756152431007052, -36.168907797122614 ], [ 146.838398868668065, -36.100369099071763 ], [ 147.126261400481667, -36.100369099071763 ], [ 147.468954890735915, -36.004414921800574 ], [ 147.784232901769826, -35.771383348427669 ], [ 148.39422731442238, -35.099704107529313 ], [ 148.675235976430884, -34.73644900785979 ], [ 149.052198815710568, -34.277239730919078 ], [ 149.319499738108874, -33.968815589690244 ], [ 149.436015524795323, -33.687806927681748 ], [ 149.422307785185154, -33.358821177037655 ], [ 149.436015524795323, -33.091520254639335 ], [ 149.497700353041097, -32.920173509512203 ], [ 149.634777749142813, -32.831073202046092 ], [ 149.744439666024164, -32.831073202046092 ], [ 150.011740588422498, -32.947588988732541 ], [ 150.162525724134383, -33.208036041325769 ], [ 150.210502812769988, -33.632975969241059 ], [ 150.210502812769988, -33.78376110495293 ], [ 150.121402505303877, -34.140162334817369 ], [ 150.018594458227597, -34.407463257215689 ], [ 149.77185514524453, -34.722741268249621 ], [ 149.442869394600422, -35.264196982851352 ], [ 149.326353607913973, -35.558913384470017 ], [ 149.175568472202031, -36.717217381529423 ] ] ] ] } },
{ "type": "Feature", "properties": { "id": null, "Zone": "переменно-влажных (в том числе муссонных) лесов", "layer": "australia", "path": "D:/kurse4/semestr7/Diplom/diplom3/data/australia.shp" }, "geometry": { "type": "MultiPolygon", "coordinates": [ [ [ [ 150.162525724134383, -33.208036041325769 ], [ 150.443534386142915, -32.289617487444367 ], [ 150.745104657566657, -31.713892423817207 ], [ 151.156336845871778, -31.220413797851069 ], [ 151.581276773787067, -30.809181609545956 ], [ 152.157001837414214, -30.178625587478109 ], [ 152.568234025719335, -29.465823127749246 ], [ 152.664188202990545, -28.780436147240728 ], [ 152.568234025719335, -28.273249781664418 ], [ 152.527110806888828, -27.587862801155893 ], [ 152.472279848448153, -27.080676435579583 ], [ 152.568234025719335, -26.628321028443956 ], [ 152.732726901041389, -26.395289455071058 ], [ 152.910927515973611, -26.148550142087988 ], [ 153.136162144176808, -26.071173191026215 ], [ 153.161948683890444, -26.641319268502457 ], [ 153.092908970348503, -27.260299574494514 ], [ 153.569469028944184, -28.110066827102081 ], [ 153.512108189100218, -28.995077406532712 ], [ 153.339095493786999, -29.458201592732479 ], [ 153.069241164358857, -30.350240166954794 ], [ 153.089601678681845, -30.923641859665423 ], [ 152.891577590139377, -31.640445651985999 ], [ 152.450002476205327, -32.550002536755265 ], [ 151.709117466436737, -33.041342054986394 ], [ 151.343971795862387, -33.816023451473868 ], [ 151.010555454715188, -34.310360202777929 ], [ 150.714139439089024, -35.173459974916796 ], [ 150.32821984273329, -35.671879164371916 ], [ 150.075212030232308, -36.420205580390537 ], [ 149.946124302367195, -37.109052422841209 ], [ 149.997283970336127, -37.42526051203518 ], [ 149.423882277625523, -37.772681166333442 ], [ 149.175568472202031, -37.14901117924979 ], [ 149.175568472202031, -36.717217381529423 ], [ 149.326353607913973, -35.558913384470017 ], [ 149.442869394600422, -35.264196982851352 ], [ 149.77185514524453, -34.722741268249621 ], [ 150.018594458227597, -34.407463257215689 ], [ 150.121402505303877, -34.140162334817369 ], [ 150.210502812769988, -33.78376110495293 ], [ 150.210502812769988, -33.632975969241059 ], [ 150.162525724134383, -33.208036041325769 ] ] ] ] } },
{ "type": "Feature", "properties": { "id": null, "Zone": "влажных экваториальных лесов", "layer": "australia", "path": "D:/kurse4/semestr7/Diplom/diplom3/data/australia.shp" }, "geometry": { "type": "MultiPolygon", "coordinates": [ [ [ [ 150.899554478152254, -23.462236830338696 ], [ 150.388703427702211, -23.215093865511523 ], [ 149.950055760176753, -22.913523594087771 ], [ 149.593654530312307, -22.611953322664021 ], [ 149.250961040058058, -22.282967572019928 ], [ 148.688943716041052, -21.720950248002936 ], [ 147.743109682939291, -20.898485871392708 ], [ 146.961768525159584, -20.336468547375716 ], [ 146.098180929718836, -19.692204785697701 ], [ 145.63211778297304, -19.253557118172246 ], [ 145.399086209600142, -18.705247533765426 ], [ 145.371670730379805, -18.006152813646729 ], [ 145.303132032328932, -17.005487822104282 ], [ 145.207177855057751, -16.621671113019509 ], [ 145.00156176090519, -16.292685362375416 ], [ 144.439544436888184, -15.771791257188937 ], [ 144.083143207023767, -15.470220985765184 ], [ 143.603372320667802, -15.03157331823973 ], [ 143.20584787197285, -14.29135537929052 ], [ 142.931693079769417, -12.97541237671415 ], [ 142.602707329125337, -11.796546770239488 ], [ 142.424506714193114, -11.138575268951303 ], [ 142.51526004452495, -10.668185723516686 ], [ 142.797310011973991, -11.157354831591562 ], [ 142.866763136974271, -11.784706719614903 ], [ 143.115946893485727, -11.905629571177885 ], [ 143.158631626558758, -12.325655612846232 ], [ 143.522123651299808, -12.834358412327433 ], [ 143.597157830987612, -13.400422051652612 ], [ 143.561811151299992, -13.763655694232192 ], [ 143.922099237238911, -14.548310642151996 ], [ 144.563713820574833, -14.171176039285903 ], [ 144.894908075133458, -14.594457696188641 ], [ 145.374723748963504, -14.98497649501833 ], [ 145.271991001567244, -15.428205254785732 ], [ 145.485259637635806, -16.28567229580478 ], [ 145.637033319277009, -16.784918308176572 ], [ 145.888904250267615, -16.906926364817686 ], [ 146.16030887266453, -17.761654554925272 ], [ 146.063673944278719, -18.28007252367734 ], [ 146.387478469019641, -18.958274021075887 ], [ 147.471081577747896, -19.480722751546729 ], [ 148.177601760042421, -19.955939222902799 ], [ 148.848413527623222, -20.391209812097244 ], [ 148.717465448195583, -20.633468926681552 ], [ 149.289420200802056, -21.260510756111135 ], [ 149.678337030230693, -22.342511895438385 ], [ 150.077382440388533, -22.122783705333337 ], [ 150.482939081015161, -22.556142266532994 ], [ 150.727265252891129, -22.402404880464665 ], [ 150.899554478152254, -23.462236830338696 ] ] ] ] } },
{ "type": "Feature", "properties": { "id": null, "Zone": "саванн и редколесий", "layer": "australia", "path": "D:/kurse4/semestr7/Diplom/diplom3/data/australia.shp" }, "geometry": { "type": "MultiPolygon", "coordinates": [ [ [ [ 139.844024732578447, -34.198420228160586 ], [ 139.994809868290275, -34.164150879135164 ], [ 140.639073629968294, -34.150443139524988 ], [ 141.091429037103921, -34.150443139524988 ], [ 141.53007670462938, -34.150443139524988 ], [ 141.886477934493826, -34.109319920694482 ], [ 142.174340466307399, -33.972242524592772 ], [ 142.475910737731141, -33.698087732389368 ], [ 142.599280394222689, -33.437640679796125 ], [ 142.681526831883701, -33.218316846033396 ], [ 142.626695873443026, -32.848207876558796 ], [ 142.599280394222632, -32.025743499948554 ], [ 142.530741696171759, -31.724173228524805 ], [ 142.40737203968024, -31.312941040219687 ], [ 142.215463685137848, -30.53159988243997 ], [ 142.119509507866638, -30.147783173355194 ], [ 142.078386289036132, -29.668012286999229 ], [ 142.160632726697173, -29.215656879863602 ], [ 142.421079779290409, -28.667347295456779 ], [ 143.065343540968399, -27.241742375999042 ], [ 143.229836416290425, -26.926464364965121 ], [ 143.257251895510791, -26.43298573899898 ], [ 143.147589978629412, -26.199954165626082 ], [ 142.763773269544629, -26.199954165626082 ], [ 142.64040361305311, -26.323323822117619 ], [ 142.434787518900549, -26.528939916270176 ], [ 142.242879164358158, -26.734556010422732 ], [ 142.00984759098526, -26.96758758379563 ], [ 141.79052375722253, -27.200619157168532 ], [ 141.543784444239463, -27.365112032490575 ], [ 141.351876089697072, -27.488481688982112 ], [ 141.05030581827333, -27.557020387032964 ], [ 140.62536589035804, -27.47477394937194 ], [ 140.392334316985142, -27.365112032490575 ], [ 140.159302743612244, -27.200619157168532 ], [ 140.035933087120696, -26.912756625354952 ], [ 140.008517607900359, -26.720848270812564 ], [ 140.063348566341062, -26.199954165626082 ], [ 140.022225347510528, -25.857260675371819 ], [ 139.926271170239346, -25.637936841609093 ], [ 139.761778294917292, -25.59681362277858 ], [ 139.528746721544394, -25.665352320829435 ], [ 139.268299668951158, -25.816137456541309 ], [ 138.8296520014257, -25.925799373422674 ], [ 138.610328167662971, -25.925799373422674 ], [ 138.336173375459566, -25.84355293576165 ], [ 138.19909597935785, -25.692767800049776 ], [ 138.171680500137512, -25.500859445507388 ], [ 138.171680500137512, -25.404905268236192 ], [ 138.240219198188385, -25.199289174083635 ], [ 138.349881115069735, -25.04850403837176 ], [ 138.555497209222295, -24.938842121490396 ], [ 139.103806793629104, -24.609856370846305 ], [ 139.323130627391834, -24.390532537083576 ], [ 139.487623502713888, -24.267162880592043 ], [ 139.624700898815604, -24.116377744880165 ], [ 139.638408638425773, -23.92446939033778 ], [ 139.610993159205435, -23.691437816964878 ], [ 139.473915763103719, -23.485821722812322 ], [ 139.25459192934099, -23.239082409829255 ], [ 138.815944261815531, -22.827850221524141 ], [ 138.473250771561254, -22.485156731269878 ], [ 138.363588854679904, -22.211001939066467 ], [ 138.363588854679904, -22.00538584491391 ], [ 138.418419813120579, -21.772354271541012 ], [ 138.541789469612127, -21.484491739727432 ], [ 138.774821042985025, -20.949889894930781 ], [ 138.953021657917219, -20.552365446235836 ], [ 139.048975835188429, -20.250795174812083 ], [ 139.021560355968091, -20.058886820269699 ], [ 138.788528782595193, -19.880686205337483 ], [ 138.40471207351041, -19.853270726117142 ], [ 138.007187624815458, -20.031471341049357 ], [ 137.527416738459493, -20.223379695591746 ], [ 137.061353591713697, -20.387872570913792 ], [ 135.841364766408532, -20.511242227405326 ], [ 135.375301619662736, -20.470119008574812 ], [ 134.662499159933873, -20.305626133252765 ], [ 134.169020533967711, -20.182256476761232 ], [ 133.963404439815179, -20.072594559879867 ], [ 133.442510334628679, -19.798439767676459 ], [ 133.00386266710322, -19.688777850795095 ], [ 132.524091780747256, -19.661362371574754 ], [ 132.05802863400146, -19.688777850795095 ], [ 131.550842268425157, -19.798439767676459 ], [ 131.20814877817088, -19.798439767676459 ], [ 130.618715974933565, -19.688777850795095 ], [ 129.179403315865642, -19.387207579371346 ], [ 127.877168052899435, -19.044514089117083 ], [ 126.82167210291631, -18.74294381769333 ], [ 125.903253549034886, -18.551035463150946 ], [ 125.067081432814476, -18.372834848218726 ], [ 124.669556984119538, -18.318003889778048 ], [ 124.203493837373742, -18.386542587828899 ], [ 123.751138430238115, -18.551035463150946 ], [ 123.202828845831291, -18.838897994964526 ], [ 122.627103782204159, -19.263837922879805 ], [ 121.859470364034607, -19.894393944947648 ], [ 120.927344070543015, -20.278210654032421 ], [ 120.146002912763294, -20.566073185846001 ], [ 119.65252428679716, -20.634611883896856 ], [ 119.200168879661533, -20.634611883896856 ], [ 118.679274774475047, -20.538657706625663 ], [ 118.229558953932994, -20.374208265873222 ], [ 118.836085239742744, -20.263310642174858 ], [ 118.987807244951682, -20.044202569257315 ], [ 119.252493931150667, -19.952941989829867 ], [ 119.805225050944514, -19.976506442954964 ], [ 120.856220330896676, -19.683707777589206 ], [ 121.39985639860717, -19.239755547769725 ], [ 121.655137974129019, -18.705317885007169 ], [ 122.241665480641785, -18.197648614171804 ], [ 122.286623976735711, -17.798603204013958 ], [ 122.312772251475394, -17.254967136303449 ], [ 123.012574497571933, -16.405199883695886 ], [ 123.433789097183038, -17.268558037996215 ], [ 123.859344517106592, -17.069035332917288 ], [ 123.503242222183289, -16.596506036040402 ], [ 123.817073195491844, -16.111316013252001 ], [ 124.258286574399847, -16.327943617419535 ], [ 124.379726190285751, -15.56705982835399 ], [ 124.926152785340037, -15.075100192935359 ], [ 125.167275018413875, -14.680395603090028 ], [ 125.670086704613809, -14.510070082256014 ], [ 125.685796340030549, -14.23065561285385 ], [ 126.125149367376082, -14.347340996968903 ], [ 126.142822707219864, -14.095986830301227 ], [ 126.582589146023736, -13.952791436420448 ], [ 127.065867140817318, -13.817967624570954 ], [ 127.804633416861961, -14.27690601975508 ], [ 128.359689976108939, -14.869169610252243 ], [ 128.985543247595842, -14.875990899314765 ], [ 129.621473423379655, -14.969783623924522 ], [ 129.409600050982931, -14.42066985439107 ], [ 129.888640578328591, -13.618703301653492 ], [ 130.339465773642928, -13.357375583553484 ], [ 130.183506300986039, -13.107520033422276 ], [ 130.617795037966971, -12.536392103732489 ], [ 131.223494500859999, -12.183648776908166 ], [ 131.735091180549546, -12.302452894747184 ], [ 132.575298293183096, -12.114040622611007 ], [ 132.557211541880974, -11.603012383676678 ], [ 131.824698114143644, -11.273781833545151 ], [ 132.357223748911395, -11.128519382372696 ], [ 133.019560581596352, -11.376411228076812 ], [ 133.550845981989085, -11.786515394745116 ], [ 134.393068475482039, -12.042365411022182 ], [ 134.678632440326965, -11.941182956594693 ], [ 135.298491245667947, -12.248606052299046 ], [ 135.882693312727611, -11.962266940969776 ], [ 136.258380975489501, -12.049341729381588 ], [ 136.492475213771684, -11.857208754120398 ], [ 136.951620314684988, -12.351958916882793 ], [ 136.685124953355796, -12.887223402562022 ], [ 136.305406528875096, -13.291229750219884 ], [ 135.961758254134168, -13.324509372615852 ], [ 136.077616815332533, -13.724278252825783 ], [ 135.783836297753226, -14.2239893530882 ], [ 135.4286641786112, -14.715432224183912 ], [ 135.500184360903177, -14.997740573794424 ], [ 136.29517459528131, -15.55026498785913 ], [ 137.06536014215942, -15.870762220933329 ], [ 137.580470819244795, -16.215082289294081 ], [ 138.303217401278971, -16.807604261952704 ], [ 138.585164015863427, -16.806622409739155 ], [ 139.108542922115475, -17.062679131745391 ], [ 139.260574985918197, -17.371600843986208 ], [ 140.215245396078274, -17.710804945550066 ], [ 140.875463495039241, -17.369068698803908 ], [ 141.071110467696258, -16.832047214426758 ], [ 141.274095493738741, -16.38887013109165 ], [ 141.398222284103838, -15.840531508042588 ], [ 141.702183058844639, -15.044921156476901 ], [ 141.563380161708665, -14.561333103089552 ], [ 141.635520461188094, -14.270394789286307 ], [ 141.519868605718898, -13.698078301653808 ], [ 141.650920038011066, -12.944687595270585 ], [ 141.842691278246207, -12.741547539931231 ], [ 141.686990187750837, -12.407614434461145 ], [ 141.928629185147599, -11.877465915578817 ], [ 142.118488397387978, -11.328042087451612 ], [ 142.143706496346397, -11.042736504768186 ], [ 142.51526004452495, -10.668185723516686 ], [ 142.424506714193114, -11.138575268951303 ], [ 142.602707329125337, -11.796546770239488 ], [ 142.931693079769417, -12.97541237671415 ], [ 143.20584787197285, -14.29135537929052 ], [ 143.603372320667802, -15.03157331823973 ], [ 144.083143207023767, -15.470220985765184 ], [ 144.439544436888184, -15.771791257188937 ], [ 145.00156176090519, -16.292685362375416 ], [ 145.207177855057751, -16.621671113019509 ], [ 145.303132032328932, -17.005487822104282 ], [ 145.371670730379805, -18.006152813646729 ], [ 145.399086209600142, -18.705247533765426 ], [ 145.63211778297304, -19.253557118172246 ], [ 146.098180929718836, -19.692204785697701 ], [ 146.961768525159584, -20.336468547375716 ], [ 147.743109682939291, -20.898485871392708 ], [ 148.688943716041052, -21.720950248002936 ], [ 149.250961040058058, -22.282967572019928 ], [ 149.593654530312307, -22.611953322664021 ], [ 149.950055760176753, -22.913523594087771 ], [ 150.388703427702211, -23.215093865511523 ], [ 150.899554478152254, -23.462236830338696 ], [ 151.609175246384268, -24.076256198830741 ], [ 152.07353966695905, -24.457886651306225 ], [ 152.855197381805908, -25.267501316023001 ], [ 153.136162144176808, -26.071173191026215 ], [ 152.910927515973611, -26.148550142087988 ], [ 152.732726901041389, -26.395289455071058 ], [ 152.568234025719335, -26.628321028443956 ], [ 152.472279848448153, -27.080676435579583 ], [ 152.527110806888828, -27.587862801155893 ], [ 152.568234025719335, -28.273249781664418 ], [ 152.664188202990545, -28.780436147240728 ], [ 152.568234025719335, -29.465823127749246 ], [ 152.157001837414214, -30.178625587478109 ], [ 151.581276773787067, -30.809181609545956 ], [ 151.156336845871778, -31.220413797851069 ], [ 150.745104657566657, -31.713892423817207 ], [ 150.443534386142915, -32.289617487444367 ], [ 150.162525724134383, -33.208036041325769 ], [ 150.011740588422498, -32.947588988732541 ], [ 149.744439666024164, -32.831073202046092 ], [ 149.634777749142813, -32.831073202046092 ], [ 149.497700353041097, -32.920173509512203 ], [ 149.436015524795323, -33.091520254639335 ], [ 149.422307785185154, -33.358821177037655 ], [ 149.436015524795323, -33.687806927681748 ], [ 149.319499738108874, -33.968815589690244 ], [ 149.052198815710568, -34.277239730919078 ], [ 148.675235976430884, -34.73644900785979 ], [ 148.39422731442238, -35.099704107529313 ], [ 147.784232901769826, -35.771383348427669 ], [ 147.468954890735915, -36.004414921800574 ], [ 147.126261400481667, -36.100369099071763 ], [ 146.838398868668065, -36.100369099071763 ], [ 146.756152431007052, -36.168907797122614 ], [ 146.646490514125674, -36.333400672444661 ], [ 146.509413118023986, -36.55272450620739 ], [ 146.098180929718865, -36.772048339970119 ], [ 145.755487439464616, -36.936541215292166 ], [ 145.412793949210339, -37.101034090614213 ], [ 145.07010045895592, -37.190134398080311 ], [ 144.837068885583022, -37.053057001978601 ], [ 144.521790874549112, -37.080472481198946 ], [ 144.288759301176214, -37.196988267885395 ], [ 143.980335159947373, -37.340919533792182 ], [ 143.617080060277857, -37.430019841258286 ], [ 143.226409481387975, -37.477996929893884 ], [ 142.904277600548994, -37.436873711063377 ], [ 142.698661506396434, -37.416312101648117 ], [ 142.554730240489647, -37.292942445156584 ], [ 142.479337672633704, -37.094180220809115 ], [ 142.403945104777762, -36.833733168215872 ], [ 142.321698667116749, -36.59384772503789 ], [ 142.170913531404864, -36.347108412054823 ], [ 142.00642065608281, -36.223738755563282 ], [ 141.540357509337014, -36.100369099071749 ], [ 141.266202717133609, -36.107222968876833 ], [ 141.005755664540374, -36.230592625368374 ], [ 140.62193895545559, -36.422500979910758 ], [ 140.286099335006412, -36.641824813673487 ], [ 139.874867146701291, -36.86114864743621 ], [ 139.874867146701291, -36.86114864743621 ], [ 139.8065881695141, -36.643602797188308 ], [ 139.574147577065276, -36.138362318670659 ], [ 139.419084804663157, -35.349870355414907 ], [ 139.549308330959775, -34.849537859643689 ], [ 139.590431549790281, -34.472575020363998 ], [ 139.679531857256364, -34.328643754457204 ], [ 139.844024732578447, -34.198420228160586 ] ] ] ] } },
{ "type": "Feature", "properties": { "id": null, "Zone": "жестколистных вечнозеленых лесов и кустарников", "layer": "australia", "path": "D:/kurse4/semestr7/Diplom/diplom3/data/australia.shp" }, "geometry": { "type": "MultiPolygon", "coordinates": [ [ [ [ 144.718071323830657, -41.162551771815757 ], [ 144.743754510679707, -40.70397511165767 ], [ 145.397978143494811, -40.79254851660594 ], [ 146.364120721623692, -41.137695407883363 ], [ 146.908583612250879, -41.000546156580732 ], [ 147.689259474884182, -40.808258152022674 ], [ 148.289067824495987, -40.875437514002108 ], [ 148.35986453673587, -42.062445163746439 ], [ 147.303605281688021, -41.77108962905421 ], [ 145.884854232035394, -41.436963476056306 ], [ 144.718071323830657, -41.162551771815757 ] ] ] ] } },
{ "type": "Feature", "properties": { "id": null, "Zone": "области высотной поясности", "layer": "australia", "path": "D:/kurse4/semestr7/Diplom/diplom3/data/australia.shp" }, "geometry": { "type": "MultiPolygon", "coordinates": [ [ [ [ 145.884854232035394, -41.436963476056306 ], [ 147.303605281688021, -41.77108962905421 ], [ 147.241920453442248, -41.853336066715229 ], [ 147.216218441673192, -41.920161297314813 ], [ 147.092848785181644, -41.986986527914389 ], [ 147.026023554582082, -42.028109746744903 ], [ 146.92835590985959, -42.151479403236436 ], [ 146.830688265137127, -42.269708657374153 ], [ 146.73816102276848, -42.367376302096623 ], [ 146.6353529756922, -42.48046515388053 ], [ 146.48114090507778, -42.603834810372064 ], [ 146.29094601798667, -42.650098431556387 ], [ 146.069908716772687, -42.56271159154155 ], [ 145.972241072050224, -42.449622739757643 ], [ 145.874573427327761, -42.264568255020343 ], [ 145.751203770836213, -41.961284516145319 ], [ 145.715220954359523, -41.740247214931323 ], [ 145.735782563774762, -41.544911925486396 ], [ 145.776905782605297, -41.472946292533003 ], [ 145.884854232035394, -41.436963476056306 ] ] ] ] } },
{ "type": "Feature", "properties": { "id": null, "Zone": "смешанных лесов", "layer": "australia", "path": "D:/kurse4/semestr7/Diplom/diplom3/data/australia.shp" }, "geometry": { "type": "MultiPolygon", "coordinates": [ [ [ [ 144.718071323830657, -41.162551771815757 ], [ 145.884854232035394, -41.436963476056306 ], [ 145.776905782605297, -41.472946292533003 ], [ 145.735782563774762, -41.544911925486396 ], [ 145.715220954359523, -41.740247214931323 ], [ 145.751203770836213, -41.961284516145319 ], [ 145.874573427327761, -42.264568255020343 ], [ 145.972241072050224, -42.449622739757643 ], [ 146.069908716772687, -42.56271159154155 ], [ 146.29094601798667, -42.650098431556387 ], [ 146.48114090507778, -42.603834810372064 ], [ 146.6353529756922, -42.48046515388053 ], [ 146.73816102276848, -42.367376302096623 ], [ 146.830688265137127, -42.269708657374153 ], [ 146.92835590985959, -42.151479403236436 ], [ 147.026023554582082, -42.028109746744903 ], [ 147.092848785181644, -41.986986527914389 ], [ 147.216218441673192, -41.920161297314813 ], [ 147.241920453442248, -41.853336066715229 ], [ 147.303605281688021, -41.77108962905421 ], [ 148.35986453673587, -42.062445163746439 ], [ 148.017301467073025, -42.407023614268653 ], [ 147.914051955353841, -43.211522312188535 ], [ 147.564564243763925, -42.937688897473905 ], [ 146.870343052354883, -43.634597263362103 ], [ 146.663327264593647, -43.580853773778557 ], [ 146.048377720320332, -43.549744561538844 ], [ 145.431929559510593, -42.693776137056254 ], [ 145.29509036680173, -42.033609714527564 ], [ 144.718071323830657, -41.162551771815757 ] ] ] ] } },
{ "type": "Feature", "properties": { "id": null, "Zone": "области высотной поясности", "layer": "australia", "path": "D:/kurse4/semestr7/Diplom/diplom3/data/australia.shp" }, "geometry": { "type": "MultiPolygon", "coordinates": [ [ [ [ 172.327083940054024, -42.922539756308495 ], [ 172.285960721223518, -43.066471022215289 ], [ 172.085485029424774, -43.210402288122076 ], [ 171.427513528136586, -43.703880914088217 ], [ 170.738699612725526, -44.187078735346724 ], [ 170.116710927914056, -44.716540177789547 ], [ 169.546126266640698, -45.256282424940011 ], [ 169.134894078335606, -45.688076222660378 ], [ 168.775065913568625, -46.037623582719725 ], [ 168.482062979401235, -46.130150825088378 ], [ 167.87035509929737, -46.047904387427351 ], [ 167.726423833390584, -46.001640766243028 ], [ 167.551650153360896, -45.847428695628608 ], [ 167.623615786314303, -45.569846968522661 ], [ 168.137656021695705, -45.055806733141267 ], [ 168.636275050015627, -44.752522994266251 ], [ 169.510143450164009, -44.17679793063909 ], [ 170.630751163295429, -43.385175968151749 ], [ 171.24759944575311, -42.901978146893242 ], [ 171.586866001104823, -42.634677224494915 ], [ 171.915851751748903, -42.511307568003382 ], [ 172.131748650609097, -42.572992396249148 ], [ 172.224275892977744, -42.655238833910175 ], [ 172.306522330638785, -42.727204466863569 ], [ 172.327083940054024, -42.922539756308495 ] ] ] ] } },
{ "type": "Feature", "properties": { "id": null, "Zone": "смешанных лесов", "layer": "australia", "path": "D:/kurse4/semestr7/Diplom/diplom3/data/australia.shp" }, "geometry": { "type": "MultiPolygon", "coordinates": [ [ [ [ 173.247234328502088, -41.331998793300812 ], [ 173.95840538970279, -40.926700534835646 ], [ 174.247586704808157, -41.349155368821712 ], [ 174.24851688058942, -41.770008233406728 ], [ 173.876446568087943, -42.233184096038791 ], [ 173.222739699595706, -42.970038344088614 ], [ 172.711246372770745, -43.372287693048555 ], [ 173.080112746470149, -43.853343601253606 ], [ 172.308583612352493, -43.86569426857136 ], [ 171.452925246463622, -44.242518812843699 ], [ 171.185137974327176, -44.897104180684863 ], [ 170.616697219116531, -45.908928724959736 ], [ 169.831422154009289, -46.355774834987571 ], [ 169.332331170934282, -46.641235446967876 ], [ 168.411353794628553, -46.619944756863632 ], [ 167.763744745146823, -46.290197442409188 ], [ 166.676886021184174, -46.219917494492236 ], [ 166.509144321964669, -45.852704766626189 ], [ 167.046424188503295, -45.110941257508635 ], [ 168.303763462596862, -44.123973077166141 ], [ 168.949408807651565, -43.935819187191434 ], [ 169.667814569373149, -43.555325616226376 ], [ 170.524919875366152, -43.031688327812816 ], [ 171.125089960004004, -42.512753594737823 ], [ 171.569713983443251, -41.767424411792135 ], [ 171.948708937871857, -41.514416599291124 ], [ 172.097227004278693, -40.956104424809716 ], [ 172.798579543344033, -40.493962090823501 ], [ 173.247234328502088, -41.331998793300812 ] ], [ [ 171.915851751748903, -42.511307568003382 ], [ 171.586866001104823, -42.634677224494915 ], [ 171.24759944575311, -42.901978146893242 ], [ 170.630751163295429, -43.385175968151749 ], [ 169.510143450164009, -44.17679793063909 ], [ 168.636275050015627, -44.752522994266251 ], [ 168.137656021695705, -45.055806733141267 ], [ 167.623615786314303, -45.569846968522661 ], [ 167.551650153360896, -45.847428695628608 ], [ 167.726423833390584, -46.001640766243028 ], [ 167.87035509929737, -46.047904387427351 ], [ 168.482062979401235, -46.130150825088378 ], [ 168.775065913568625, -46.037623582719725 ], [ 169.134894078335606, -45.688076222660378 ], [ 169.546126266640698, -45.256282424940011 ], [ 170.116710927914056, -44.716540177789547 ], [ 170.738699612725526, -44.187078735346724 ], [ 171.427513528136586, -43.703880914088217 ], [ 172.085485029424774, -43.210402288122076 ], [ 172.285960721223518, -43.066471022215289 ], [ 172.327083940054024, -42.922539756308495 ], [ 172.306522330638785, -42.727204466863569 ], [ 172.224275892977744, -42.655238833910175 ], [ 172.131748650609097, -42.572992396249148 ], [ 171.915851751748903, -42.511307568003382 ] ] ] ] } },
{ "type": "Feature", "properties": { "id": null, "Zone": "области высотной поясности", "layer": "australia", "path": "D:/kurse4/semestr7/Diplom/diplom3/data/australia.shp" }, "geometry": { "type": "MultiPolygon", "coordinates": [ [ [ [ 177.924982103357365, -38.054578727246721 ], [ 178.00722854101835, -38.111123153138692 ], [ 178.00722854101835, -38.193369590799712 ], [ 177.863297275111563, -38.450389708490412 ], [ 177.637119571543735, -38.697129021473479 ], [ 177.215606578531009, -38.892464310918406 ], [ 176.763251171395382, -39.149484428609099 ], [ 176.578196686658089, -39.262573280393006 ], [ 176.434265420751274, -39.54015500749896 ], [ 176.393142201920767, -39.786894320482027 ], [ 176.228649326598742, -40.085037657003234 ], [ 176.033314037153787, -40.331776969986301 ], [ 175.714609091217341, -40.619639501799881 ], [ 175.580958630018188, -40.732728353583788 ], [ 175.395904145280866, -40.701885939460901 ], [ 175.395904145280866, -40.599077892384628 ], [ 175.467869778234274, -40.290653751155787 ], [ 175.50899299706478, -39.920544781681187 ], [ 175.570677825310554, -39.509312593376073 ], [ 175.457588973526697, -39.149484428609085 ], [ 175.339359719388966, -38.877043103856948 ], [ 175.395904145280923, -38.599461376750995 ], [ 175.570677825310582, -38.434968501428948 ], [ 175.966488806554281, -38.311598844937414 ], [ 176.362299787797951, -38.301318040229788 ], [ 177.040832898501378, -38.260194821399281 ], [ 177.524030719759878, -38.162527176676811 ], [ 177.924982103357365, -38.054578727246721 ] ] ] ] } },
{ "type": "Feature", "properties": { "id": null, "Zone": "переменно-влажных (в том числе муссонных) лесов", "layer": "australia", "path": "D:/kurse4/semestr7/Diplom/diplom3/data/australia.shp" }, "geometry": { "type": "MultiPolygon", "coordinates": [ [ [ [ 175.958490025127503, -37.55538176854612 ], [ 176.763195428776555, -37.881253350578675 ], [ 177.438813104560495, -37.961248467766495 ], [ 178.010354445708657, -37.579824721020174 ], [ 178.517093540762744, -37.695373223624799 ], [ 178.274731073313831, -38.582812595373142 ], [ 177.970460239979275, -39.166342868812976 ], [ 177.206992629299179, -39.145775648760818 ], [ 176.939980503647064, -39.449736423501612 ], [ 177.032946405340113, -39.879942722331464 ], [ 176.8858236026052, -40.065977878582203 ], [ 176.508017206119263, -40.604808038089573 ], [ 176.012440220440226, -41.289624118821472 ], [ 175.239567499082966, -41.688307793953278 ], [ 175.067898391009351, -41.425894870775132 ], [ 174.650972935278475, -41.281820977545401 ], [ 175.227630243223558, -40.459235528323362 ], [ 174.900156691789903, -39.908933200847201 ], [ 173.824046665743936, -39.508854262043513 ], [ 173.852261997775315, -39.146602471677483 ], [ 174.57480187408035, -38.797683200842755 ], [ 174.743473749080977, -38.027807712558428 ], [ 174.697016636450599, -37.381128838857919 ], [ 174.292028436579187, -36.71109221776149 ], [ 174.31900353423552, -36.534823907213912 ], [ 173.840996535535709, -36.121980889634131 ], [ 173.054171177459608, -35.237125339500388 ], [ 172.636005487353771, -34.529106540669432 ], [ 173.007042271209457, -34.450661716450369 ], [ 173.551298456107475, -35.006183363588008 ], [ 174.329390497126212, -35.265495700828623 ], [ 174.612008905330441, -36.156397393540523 ], [ 175.336615838927116, -37.20909799575827 ], [ 175.357596470437613, -36.52619394302117 ], [ 175.808886753642525, -36.798942152657673 ], [ 175.958490025127503, -37.55538176854612 ] ], [ [ 175.966488806554281, -38.311598844937414 ], [ 175.570677825310582, -38.434968501428948 ], [ 175.395904145280923, -38.599461376750995 ], [ 175.339359719388966, -38.877043103856948 ], [ 175.457588973526697, -39.149484428609085 ], [ 175.570677825310554, -39.509312593376073 ], [ 175.50899299706478, -39.920544781681187 ], [ 175.467869778234274, -40.290653751155787 ], [ 175.395904145280866, -40.599077892384628 ], [ 175.395904145280866, -40.701885939460901 ], [ 175.580958630018188, -40.732728353583788 ], [ 175.714609091217341, -40.619639501799881 ], [ 176.033314037153787, -40.331776969986301 ], [ 176.228649326598742, -40.085037657003234 ], [ 176.393142201920767, -39.786894320482027 ], [ 176.434265420751274, -39.54015500749896 ], [ 176.578196686658089, -39.262573280393006 ], [ 176.763251171395382, -39.149484428609099 ], [ 177.215606578531009, -38.892464310918406 ], [ 177.637119571543735, -38.697129021473479 ], [ 177.863297275111563, -38.450389708490412 ], [ 178.00722854101835, -38.193369590799712 ], [ 178.00722854101835, -38.111123153138692 ], [ 177.924982103357365, -38.054578727246721 ], [ 177.524030719759878, -38.162527176676811 ], [ 177.040832898501378, -38.260194821399281 ], [ 176.362299787797951, -38.301318040229788 ], [ 175.966488806554281, -38.311598844937414 ] ] ] ] } },
{ "type": "Feature", "properties": { "id": null, "Zone": "влажных экваториальных лесов", "layer": "australia", "path": "D:/kurse4/semestr7/Diplom/diplom3/data/australia.shp" }, "geometry": { "type": "MultiPolygon", "coordinates": [ [ [ [ 164.459967075862721, -20.120011895429499 ], [ 165.02003624904205, -20.45999114347773 ], [ 165.46000939357512, -20.80002206795826 ], [ 165.779989862326374, -21.080004978115628 ], [ 166.599991489933842, -21.700018812753527 ], [ 167.120011428086912, -22.159990736583492 ], [ 166.740034621444806, -22.39997608814695 ], [ 166.18973229396866, -22.129708347260454 ], [ 165.474375441752215, -21.679606621998232 ], [ 164.829815301775682, -21.149819838141951 ], [ 164.167995233413649, -20.444746595951628 ], [ 164.029605747736014, -20.105645847252354 ], [ 164.459967075862721, -20.120011895429499 ] ] ] ] } },
{ "type": "Feature", "properties": { "id": null, "Zone": "влажных экваториальных лесов", "layer": "australia", "path": "D:/kurse4/semestr7/Diplom/diplom3/data/australia.shp" }, "geometry": { "type": "MultiPolygon", "coordinates": [ [ [ [ 167.107712437201485, -14.933920179913954 ], [ 167.270028111030229, -15.740020847234888 ], [ 167.001207310247935, -15.614602146062516 ], [ 166.79315799384085, -15.668810723536687 ], [ 166.649859247095492, -15.392703545801211 ], [ 166.6291369977464, -14.626497084209605 ], [ 167.107712437201485, -14.933920179913954 ] ] ] ] } },
{ "type": "Feature", "properties": { "id": null, "Zone": "влажных экваториальных лесов", "layer": "australia", "path": "D:/kurse4/semestr7/Diplom/diplom3/data/australia.shp" }, "geometry": { "type": "MultiPolygon", "coordinates": [ [ [ [ 167.2168013857696, -15.89184620530842 ], [ 167.84487674384502, -16.46633310309717 ], [ 167.515181105822876, -16.597849623279991 ], [ 167.180007765977791, -16.159995212470946 ], [ 167.2168013857696, -15.89184620530842 ] ] ] ] } },
{ "type": "Feature", "properties": { "id": null, "Zone": "влажных экваториальных лесов", "layer": "australia", "path": "D:/kurse4/semestr7/Diplom/diplom3/data/australia.shp" }, "geometry": { "type": "MultiPolygon", "coordinates": [ [ [ [ 150.662049595338829, -2.741486097833935 ], [ 150.939965448204475, -2.500002129734007 ], [ 151.479984165654571, -2.779985039891379 ], [ 151.820015090135087, -2.999971612157886 ], [ 152.239989455371131, -3.24000864015364 ], [ 152.640016717742526, -3.659983005389691 ], [ 153.019993524384688, -3.980015150573265 ], [ 153.14003787659874, -4.499983412294092 ], [ 152.827292108368283, -4.766427097190991 ], [ 152.63867313050298, -4.176127211120921 ], [ 152.406025832324929, -3.789742526874583 ], [ 151.953236932583536, -3.462062269711816 ], [ 151.384279413050024, -3.035421644710112 ], [ 150.662049595338829, -2.741486097833935 ] ] ] ] } },
{ "type": "Feature", "properties": { "id": null, "Zone": "влажных экваториальных лесов", "layer": "australia", "path": "D:/kurse4/semestr7/Diplom/diplom3/data/australia.shp" }, "geometry": { "type": "MultiPolygon", "coordinates": [ [ [ [ 148.401825799756864, -5.437755629094717 ], [ 149.298411900020824, -5.58374155031926 ], [ 149.845561965127217, -5.505503431829368 ], [ 149.996250441690279, -5.026101169457654 ], [ 150.139755894164864, -5.001348158389852 ], [ 150.236907586873542, -5.532220147324267 ], [ 150.80746707580812, -5.455842380396874 ], [ 151.089672072554038, -5.113692722192383 ], [ 151.647880894170896, -4.757073662946162 ], [ 151.537861769821461, -4.167807305521933 ], [ 152.136791620084296, -4.14879037843852 ], [ 152.338743117480931, -4.312966403829805 ], [ 152.318692661751697, -4.867661228050771 ], [ 151.982795851854519, -5.478063246282382 ], [ 151.459106887008659, -5.560280450058754 ], [ 151.301390415653884, -5.840728448106752 ], [ 150.754447056276661, -6.083762709175431 ], [ 150.241196730753813, -6.317753594593028 ], [ 149.709963006793316, -6.316513360218025 ], [ 148.890064732050462, -6.026040134305404 ], [ 148.318936802360668, -5.747142429226166 ], [ 148.401825799756864, -5.437755629094717 ] ] ] ] } },
{ "type": "Feature", "properties": { "id": null, "Zone": "влажных экваториальных лесов", "layer": "australia", "path": "D:/kurse4/semestr7/Diplom/diplom3/data/australia.shp" }, "geometry": { "type": "MultiPolygon", "coordinates": [ [ [ [ 154.652503696917279, -5.04243092206189 ], [ 154.759990676084385, -5.339983819198495 ], [ 155.062917922179338, -5.56679168052753 ], [ 155.547746209941693, -6.200654799019645 ], [ 156.019965448224809, -6.540013929880381 ], [ 155.880025669578401, -6.819996840037753 ], [ 155.599991082988765, -6.919990736522522 ], [ 155.166994256815144, -6.535931491729322 ], [ 154.729191522438384, -5.900828138862195 ], [ 154.514114211239644, -5.139117526879986 ], [ 154.652503696917279, -5.04243092206189 ] ] ] ] } },
{ "type": "Feature", "properties": { "id": null, "Zone": "влажных экваториальных лесов", "layer": "australia", "path": "D:/kurse4/semestr7/Diplom/diplom3/data/australia.shp" }, "geometry": { "type": "MultiPolygon", "coordinates": [ [ [ [ 162.119024693040899, -10.482719008021149 ], [ 162.398645868172196, -10.826367282762106 ], [ 161.700032180018354, -10.820011081590211 ], [ 161.319796991214758, -10.204751478723168 ], [ 161.917383254238018, -10.446700534713713 ], [ 162.119024693040899, -10.482719008021149 ] ] ] ] } },
{ "type": "Feature", "properties": { "id": null, "Zone": "влажных экваториальных лесов", "layer": "australia", "path": "D:/kurse4/semestr7/Diplom/diplom3/data/australia.shp" }, "geometry": { "type": "MultiPolygon", "coordinates": [ [ [ [ 160.920028111004854, -8.32000864017396 ], [ 161.280006138349989, -9.120011488484451 ], [ 161.679981724289121, -9.599982191611367 ], [ 161.529396600590587, -9.784312025596485 ], [ 160.788253208660535, -8.917543226764892 ], [ 160.579997186524338, -8.32000864017396 ], [ 160.920028111004854, -8.32000864017396 ] ] ] ] } },
{ "type": "Feature", "properties": { "id": null, "Zone": "влажных экваториальных лесов", "layer": "australia", "path": "D:/kurse4/semestr7/Diplom/diplom3/data/australia.shp" }, "geometry": { "type": "MultiPolygon", "coordinates": [ [ [ [ 159.70294477766663, -9.242949720906815 ], [ 160.362956170898428, -9.400304457235571 ], [ 160.688517694337236, -9.610162448772869 ], [ 160.852228631837875, -9.872937106977048 ], [ 160.4625883323572, -9.895209649294841 ], [ 159.849447463214119, -9.794027194867354 ], [ 159.640002883135139, -9.639979750205278 ], [ 159.70294477766663, -9.242949720906815 ] ] ] ] } },
{ "type": "Feature", "properties": { "id": null, "Zone": "влажных экваториальных лесов", "layer": "australia", "path": "D:/kurse4/semestr7/Diplom/diplom3/data/australia.shp" }, "geometry": { "type": "MultiPolygon", "coordinates": [ [ [ [ 158.359977655265425, -7.320017998893917 ], [ 158.8200012555277, -7.560003350457379 ], [ 159.640002883135139, -8.020026950719632 ], [ 159.875027297198585, -8.337320244991737 ], [ 159.917401971677918, -8.538289890174831 ], [ 159.133677199539363, -8.114181410355428 ], [ 158.586113722974687, -7.754823500197737 ], [ 158.211149530264834, -7.421872246941199 ], [ 158.359977655265425, -7.320017998893917 ] ] ] ] } },
{ "type": "Feature", "properties": { "id": null, "Zone": "влажных экваториальных лесов", "layer": "australia", "path": "D:/kurse4/semestr7/Diplom/diplom3/data/australia.shp" }, "geometry": { "type": "MultiPolygon", "coordinates": [ [ [ [ 156.542827590153991, -6.599338474151452 ], [ 157.140000441718882, -7.021638278840641 ], [ 157.538425734689213, -7.347819919466943 ], [ 157.339419793933246, -7.404767347852592 ], [ 156.902030471014825, -7.176874281445428 ], [ 156.491357863591304, -6.765943291860452 ], [ 156.542827590153991, -6.599338474151452 ] ] ] ] } },
{ "type": "Feature", "properties": { "id": null, "Zone": "саванн и редколесий", "layer": "australia", "path": "D:/kurse4/semestr7/Diplom/diplom3/data/australia.shp" }, "geometry": { "type": "MultiPolygon", "coordinates": [ [ [ [ 143.286375767184325, -8.245491224809079 ], [ 143.413913202080664, -8.983068942910982 ], [ 142.628431431244167, -9.326820570516524 ], [ 142.068258905200253, -9.159595635620022 ], [ 141.033851760013818, -9.117892754760483 ], [ 141.006612398265702, -7.011688912564473 ], [ 141.921604017244562, -7.741626046806049 ], [ 143.286375767184325, -8.245491224809079 ] ] ] ] } },
{ "type": "Feature", "properties": { "id": null, "Zone": "влажных экваториальных лесов", "layer": "australia", "path": "D:/kurse4/semestr7/Diplom/diplom3/data/australia.shp" }, "geometry": { "type": "MultiPolygon", "coordinates": [ [ [ [ 144.744167922138047, -7.630128269077446 ], [ 143.897087844009661, -7.915330498896296 ], [ 143.286375767184325, -8.245491224809079 ], [ 141.921604017244562, -7.741626046806049 ], [ 141.023064918134537, -7.024813956504775 ], [ 141.006612398265645, -5.017212799284676 ], [ 141.150543664172432, -4.95552797103891 ], [ 141.387002172447865, -4.791035095716865 ], [ 141.561775852477524, -4.698507853348215 ], [ 142.003850454905546, -4.760192681593981 ], [ 142.065535283151291, -4.95552797103891 ], [ 141.880480798413998, -5.243390502852489 ], [ 141.870199993706365, -5.305075331098256 ], [ 141.839357579583492, -5.654622691157602 ], [ 141.839357579583492, -5.90136200414067 ], [ 141.962727236075011, -6.055574074755087 ], [ 142.188904939642839, -6.148101317123738 ], [ 142.281432182011486, -6.148101317123738 ], [ 142.49732908087168, -6.148101317123738 ], [ 142.630979542070833, -6.168662926538993 ], [ 142.898280464469167, -6.281751778322899 ], [ 143.03193092566832, -6.435963848937317 ], [ 143.165581386867473, -6.641579943089873 ], [ 143.268389433943753, -6.764949599581408 ], [ 143.484286332803947, -6.84719603724243 ], [ 143.77214886461752, -6.878038451365313 ], [ 144.04973059172346, -6.826634427827175 ], [ 144.224504271753148, -6.764949599581408 ], [ 144.409558756490441, -6.672422357212756 ], [ 144.615174850643001, -6.569614310136479 ], [ 144.882475773041335, -6.487367872475456 ], [ 145.149776695439641, -6.590175919551735 ], [ 145.303988766054061, -6.651860747797501 ], [ 145.345111984884568, -6.806072818411918 ], [ 145.160057500147275, -7.124777764348382 ], [ 144.744167922138047, -7.630128269077446 ] ] ] ] } },
{ "type": "Feature", "properties": { "id": null, "Zone": "области высотной поясности", "layer": "australia", "path": "D:/kurse4/semestr7/Diplom/diplom3/data/australia.shp" }, "geometry": { "type": "MultiPolygon", "coordinates": [ [ [ [ 141.012691774438508, -5.014607352353443 ], [ 141.006552755379829, -3.827046128737353 ], [ 141.685145508969072, -4.148484801490126 ], [ 142.260870572596247, -4.282135262689287 ], [ 142.75434919856238, -4.405504919180821 ], [ 143.453443918681074, -4.611121013333378 ], [ 144.060011396431094, -4.703648255702028 ], [ 144.440401170613342, -4.898983545146956 ], [ 144.779667725965055, -5.258811709913931 ], [ 145.005845429532854, -5.484989413481743 ], [ 145.262865547223555, -5.700886312341927 ], [ 145.807748196727829, -5.855098382956345 ], [ 146.311507627401596, -5.968187234740251 ], [ 146.815267058075364, -6.081276086524157 ], [ 146.794705448660096, -6.235488157138574 ], [ 146.352630846232103, -6.451385055998759 ], [ 146.270384408571118, -6.636439540736058 ], [ 146.404034869770271, -6.944863681964893 ], [ 146.609650963922832, -7.222445409070844 ], [ 146.979759933397446, -7.582273573837818 ], [ 147.267622465211019, -7.911259324481908 ], [ 147.966717185329628, -8.702881286969252 ], [ 148.624688686617816, -9.401976007087944 ], [ 149.149009726706822, -9.782365781270173 ], [ 149.508837891473803, -9.957139461299846 ], [ 149.560241915011943, -9.977701070715101 ], [ 149.560241915011943, -10.090789922499008 ], [ 149.27237938319837, -10.13191314132952 ], [ 148.84058558547801, -9.987981875422729 ], [ 148.429353397172889, -9.628153710655756 ], [ 146.876951886321081, -8.096313809219209 ], [ 145.889994634388813, -7.088794947871683 ], [ 145.345111984884568, -6.806072818411918 ], [ 145.303988766054061, -6.651860747797501 ], [ 145.149776695439641, -6.590175919551735 ], [ 144.882475773041335, -6.487367872475456 ], [ 144.615174850643001, -6.569614310136479 ], [ 144.409558756490441, -6.672422357212756 ], [ 144.224504271753148, -6.764949599581408 ], [ 144.04973059172346, -6.826634427827175 ], [ 143.77214886461752, -6.878038451365313 ], [ 143.484286332803947, -6.84719603724243 ], [ 143.268389433943753, -6.764949599581408 ], [ 143.165581386867473, -6.641579943089873 ], [ 143.03193092566832, -6.435963848937317 ], [ 142.898280464469167, -6.281751778322899 ], [ 142.630979542070833, -6.168662926538993 ], [ 142.49732908087168, -6.148101317123738 ], [ 142.281432182011486, -6.148101317123738 ], [ 142.188904939642839, -6.148101317123738 ], [ 141.962727236075011, -6.055574074755087 ], [ 141.839357579583492, -5.90136200414067 ], [ 141.839357579583492, -5.654622691157602 ], [ 141.870199993706365, -5.305075331098256 ], [ 141.880480798413998, -5.243390502852489 ], [ 142.065535283151291, -4.95552797103891 ], [ 142.003850454905546, -4.760192681593981 ], [ 141.561775852477524, -4.698507853348215 ], [ 141.387002172447865, -4.791035095716865 ], [ 141.150543664172432, -4.95552797103891 ], [ 141.012691774438508, -5.014607352353443 ] ] ] ] } },
{ "type": "Feature", "properties": { "id": null, "Zone": "влажных экваториальных лесов", "layer": "australia", "path": "D:/kurse4/semestr7/Diplom/diplom3/data/australia.shp" }, "geometry": { "type": "MultiPolygon", "coordinates": [ [ [ [ 141.006552755379829, -3.827046128737357 ], [ 141.000210402591847, -2.60015105551566 ], [ 142.735246616791471, -3.28915292726321 ], [ 144.583970982033236, -3.861417738463416 ], [ 145.27317955950997, -4.373737888205049 ], [ 145.829786411725706, -4.876497897972683 ], [ 145.981921828393013, -5.465609226100043 ], [ 147.648073358347574, -6.083659356310847 ], [ 147.891107619416232, -6.614014580922343 ], [ 146.970905389594861, -6.721656589386313 ], [ 147.191873814074938, -7.388024183790023 ], [ 148.084635858349316, -8.044108168167647 ], [ 148.734105259393573, -9.104663588093764 ], [ 149.306835158484432, -9.071435642130091 ], [ 149.266630894161324, -9.514406019736029 ], [ 150.038728469034254, -9.684318129111709 ], [ 149.738798456012205, -9.872937106977048 ], [ 150.801627638959133, -10.293686618697478 ], [ 150.690574985963906, -10.582712904505925 ], [ 150.028393182575826, -10.652476088099952 ], [ 149.782310012001972, -10.393267103723923 ], [ 149.434302057343444, -10.227010584875078 ], [ 149.27237938319837, -10.13191314132952 ], [ 149.560241915011943, -10.090789922499008 ], [ 149.560241915011943, -9.977701070715101 ], [ 149.508837891473803, -9.957139461299846 ], [ 149.149009726706822, -9.782365781270173 ], [ 148.624688686617816, -9.401976007087944 ], [ 147.966717185329628, -8.702881286969252 ], [ 147.267622465211019, -7.911259324481908 ], [ 146.979759933397446, -7.582273573837818 ], [ 146.609650963922832, -7.222445409070844 ], [ 146.404034869770271, -6.944863681964893 ], [ 146.270384408571118, -6.636439540736058 ], [ 146.352630846232103, -6.451385055998759 ], [ 146.794705448660096, -6.235488157138574 ], [ 146.815267058075364, -6.081276086524157 ], [ 146.311507627401596, -5.968187234740251 ], [ 145.807748196727829, -5.855098382956345 ], [ 145.262865547223555, -5.700886312341927 ], [ 145.005845429532854, -5.484989413481743 ], [ 144.779667725965055, -5.258811709913931 ], [ 144.440401170613342, -4.898983545146956 ], [ 144.060011396431094, -4.703648255702028 ], [ 143.453443918681074, -4.611121013333378 ], [ 142.75434919856238, -4.405504919180821 ], [ 142.260870572596247, -4.282135262689287 ], [ 141.685145508969072, -4.148484801490126 ], [ 141.006552755379829, -3.827046128737357 ] ] ] ] } },
{ "type": "Feature", "properties": { "id": null, "Zone": "саванн и редколесий", "layer": "australia", "path": "D:/kurse4/semestr7/Diplom/diplom3/data/australia.shp" }, "geometry": { "type": "MultiPolygon", "coordinates": [ [ [ [ 144.744167922138047, -7.630128269077446 ], [ 145.160057500147275, -7.124777764348382 ], [ 145.345111984884568, -6.806072818411918 ], [ 145.889994634388813, -7.088794947871683 ], [ 146.876951886321081, -8.096313809219209 ], [ 148.429353397172889, -9.628153710655756 ], [ 148.84058558547801, -9.987981875422729 ], [ 149.27237938319837, -10.13191314132952 ], [ 149.434302057343444, -10.227010584875078 ], [ 149.782310012001972, -10.393267103723923 ], [ 148.923137648717272, -10.280922539921384 ], [ 147.913018426707993, -10.13044076908745 ], [ 147.135443150012179, -9.492443536011983 ], [ 146.567880894150562, -8.942554619994155 ], [ 146.048481073184917, -8.067414239131281 ], [ 144.744167922138047, -7.630128269077446 ] ] ] ] } },
{ "type": "Feature", "properties": { "id": null, "Zone": "жестколистных вечнозеленых лесов и кустарников (средиземноморского типа)", "layer": "eurasia", "path": "D:/kurse4/semestr7/Diplom/diplom3/data/eurasia.shp" }, "geometry": { "type": "MultiPolygon", "coordinates": [ [ [ [ -9.034817674180246, 41.880570583659676 ], [ -8.276564117696909, 41.904321315838558 ], [ -7.411755132575259, 41.935579471927291 ], [ -7.312770971627601, 41.935579471927298 ], [ -7.088754186325005, 41.873063159749833 ], [ -6.932463405881334, 41.841805003661094 ], [ -6.82826955225222, 41.862643774386918 ], [ -6.668605515967656, 41.883386949219584 ], [ -6.531317069409243, 41.99809578410477 ], [ -6.32813905483247, 42.274209496221907 ], [ -5.96346056713057, 42.430500276665583 ], [ -5.421652528259176, 42.52427474493178 ], [ -4.765231250395755, 42.545113515657604 ], [ -3.890002879911195, 42.48259720348014 ], [ -2.431288929103589, 42.430500276665583 ], [ -1.087188217288014, 42.357564579125203 ], [ -0.139024149263074, 42.315887037673555 ], [ 0.413203274971233, 42.232531954770266 ], [ 1.163399021100854, 42.24295134013316 ], [ 1.63227136243187, 42.295048266947717 ], [ 2.111563089125795, 42.440919662028477 ], [ 2.205337557391998, 42.638887983923794 ], [ 2.174079401303264, 42.795178764367463 ], [ 2.153240630577441, 42.857695076544935 ], [ 2.33037018174694, 43.430761271505062 ], [ 2.622112971908459, 43.659987749489112 ], [ 3.320211791223525, 43.857956071384429 ], [ 3.882858600820743, 43.982988695739365 ], [ 4.539279878684163, 43.889214227473161 ], [ 5.133184844370115, 43.691245905577844 ], [ 5.654154112515687, 43.576632666585823 ], [ 6.03967137094341, 43.659987749489112 ], [ 6.539801868363159, 43.930891768924809 ], [ 6.90448035606506, 44.12886009082014 ], [ 7.467127165662277, 44.462280422433309 ], [ 8.040193360622407, 44.670668129691535 ], [ 8.727872794574562, 44.785281368683563 ], [ 9.269680833445957, 44.68108751505445 ], [ 9.936521496672288, 44.347667183441281 ], [ 10.520007076995327, 43.972569310376471 ], [ 11.020137574415077, 43.295309261787224 ], [ 11.520268071834826, 42.847275691182034 ], [ 13.093595261634452, 41.85743408170547 ], [ 14.052178715022304, 41.263529116019512 ], [ 14.9586652415956, 40.836334316140146 ], [ 15.708860987725224, 40.10697734073635 ], [ 15.938087465709273, 39.606846843316596 ], [ 16.13605578760459, 39.242168355614695 ], [ 16.313185338774087, 39.263007126340518 ], [ 16.281927182685351, 39.544330531139131 ], [ 16.052700704701302, 40.273687506542927 ], [ 16.125636402241682, 40.742559847873942 ], [ 15.76095791453978, 41.055141408761287 ], [ 14.552309212442054, 41.576110676906858 ], [ 13.520790061513825, 42.305467652310668 ], [ 12.958143251916606, 42.899372617996619 ], [ 12.437173983771036, 43.305728647150161 ], [ 12.187108735061161, 43.628729593400422 ], [ 12.562206608125972, 43.691245905577887 ], [ 12.926885095827874, 43.680826520214978 ], [ 13.526905958722494, 43.587727362637864 ], [ 14.029820997787029, 42.761007798832466 ], [ 15.142569614327925, 41.955139675456849 ], [ 15.926191033601896, 41.961315009115715 ], [ 16.169897088290384, 41.740294908203389 ], [ 15.889345737377797, 41.541082261718216 ], [ 16.785001661860548, 41.179605617836557 ], [ 17.51916873543118, 40.877143459632222 ], [ 18.376687452882521, 40.35562490494263 ], [ 18.480247023195432, 40.168866278639811 ], [ 18.293385044028042, 39.810774441073264 ], [ 17.738380161213314, 40.277671006830346 ], [ 16.869595981522338, 40.44223460546381 ], [ 16.448743116937322, 39.795400702466438 ], [ 17.17148969897147, 39.424699815420681 ], [ 17.052840610429314, 38.902871202137348 ], [ 16.635088331781816, 38.843572496082416 ], [ 16.100960727613, 37.985898749334197 ], [ 15.684086948314473, 37.908849188787016 ], [ 15.687962680736348, 38.214592800441878 ], [ 15.89198123542468, 38.75094249119924 ], [ 16.109332309644287, 38.964547024077703 ], [ 15.718813510814613, 39.544072374014917 ], [ 15.413612501698793, 40.048356838535156 ], [ 14.99849572109818, 40.17294871679087 ], [ 14.703268263414714, 40.604550279292596 ], [ 14.060671827865264, 40.786347968095399 ], [ 13.627985060285397, 41.1882872584616 ], [ 12.888081902730365, 41.253089504555604 ], [ 12.106682570044939, 41.704534817057407 ], [ 11.191906365614216, 42.355425319989699 ], [ 10.511947869517741, 42.93146251074721 ], [ 10.200028924203991, 43.920006822274601 ], [ 9.702488234097842, 44.03627879493132 ], [ 8.888946160526871, 44.366336167979512 ], [ 8.428560825238577, 44.231228135752417 ], [ 7.850766635783144, 43.767147935555244 ], [ 7.435184767291872, 43.693844916349221 ], [ 6.52924523278304, 43.128892320318315 ], [ 4.556962517931424, 43.399650987311595 ], [ 3.100410597352663, 43.075200507167054 ], [ 2.985998976258458, 42.473015041669861 ], [ 3.039484083680549, 41.892120266276905 ], [ 2.091841668312185, 41.226088568683096 ], [ 0.810524529635188, 41.014731960609339 ], [ 0.721331007499401, 40.678318386389236 ], [ 0.106691521819869, 40.123933620762017 ], [ -0.278711310212941, 39.30997813573272 ], [ 0.111290724293838, 38.73851430923304 ], [ -0.467123582349103, 38.292365831041153 ], [ -0.683389451490598, 37.642353827457825 ], [ -1.438382127274849, 37.443063666324221 ], [ -2.146452602538119, 36.674144192037289 ], [ -3.415780808923387, 36.65889964451118 ], [ -4.368900926114719, 36.677839056946155 ], [ -4.995219285492212, 36.324708156879637 ], [ -5.377159796561457, 35.946850083961465 ], [ -5.866432257500904, 36.029816596006057 ], [ -6.236693894872175, 36.367677110330334 ], [ -6.520190802425404, 36.942913316387319 ], [ -7.453725551778092, 37.097787583966067 ], [ -7.855613165711986, 36.838268540996268 ], [ -8.382816127953689, 36.978880113262463 ], [ -8.898856980820327, 36.868809312480778 ], [ -8.746101446965554, 37.651345526676607 ], [ -8.83999752443988, 38.266243394517616 ], [ -9.287463751655224, 38.358485826158599 ], [ -9.526570603869715, 38.737429104154913 ], [ -9.446988898140233, 39.39206614842837 ], [ -9.048305223008427, 39.755093085278773 ], [ -8.977353481471681, 40.159306138665812 ], [ -8.768684047877102, 40.760638943030187 ], [ -8.79085323733031, 41.184334011391257 ], [ -8.990789353867569, 41.543459377603639 ], [ -9.034817674180246, 41.880570583659676 ] ], [ [ -3.994196733540304, 40.794656774688505 ], [ -4.827747562573219, 40.607107838156104 ], [ -5.317458674630057, 40.419558901623695 ], [ -5.723814703783603, 40.169493652913822 ], [ -5.880105484227275, 39.877750862752301 ], [ -5.84884732813854, 39.679782540856984 ], [ -5.650879006243223, 39.65894377013116 ], [ -5.48416884043664, 39.80481516521192 ], [ -5.223684206363854, 39.909009018841033 ], [ -4.848586333299043, 39.950686560292681 ], [ -4.619359855314991, 39.909009018841033 ], [ -4.525585387048787, 39.846492706663568 ], [ -4.306778294427647, 39.825653935937744 ], [ -4.056713045717773, 39.950686560292681 ], [ -3.921261035999924, 40.122606418780705 ], [ -3.822276875052264, 40.169493652913815 ], [ -3.64514732388277, 40.16428396023236 ], [ -3.384662689809985, 40.140840343165799 ], [ -3.092919899648464, 40.112187033417797 ], [ -2.743870489990932, 40.10697734073635 ], [ -2.345328999859569, 40.203356655343278 ], [ -1.941577817046751, 40.17991303827673 ], [ -1.683698029314695, 40.078324030988341 ], [ -1.407584317197541, 39.812629704234105 ], [ -1.240874151390958, 39.656338923790436 ], [ -1.173148146532033, 39.609451689657334 ], [ -1.074163985584375, 39.60424199697588 ], [ -0.975179824636716, 39.625080767701704 ], [ -0.907453819777793, 39.687597079879168 ], [ -0.850147200281779, 39.770952162782471 ], [ -0.792840580785767, 39.927242943226133 ], [ -0.772001810059944, 40.187727577298922 ], [ -0.792840580785767, 40.333598972379683 ], [ -0.907453819777792, 40.541986679637908 ], [ -0.990808902681084, 40.609712684496834 ], [ -1.240874151390957, 40.755584079577588 ], [ -1.730585263447795, 40.880616703932525 ], [ -2.366167770585393, 40.974391172198729 ], [ -3.264839758136503, 40.930108784406357 ], [ -3.994196733540304, 40.794656774688505 ] ], [ [ -4.288544370042557, 37.624558778022731 ], [ -4.788674867462306, 37.499526153667787 ], [ -5.3304829063337, 37.353654758587034 ], [ -5.593572386747213, 37.282021484217005 ], [ -5.843637635457088, 37.13094039645479 ], [ -5.934807257382564, 36.999395656248041 ], [ -6.005138108582215, 36.891294533107825 ], [ -6.039001111011679, 36.728491636812343 ], [ -6.028581725648767, 36.593039627094498 ], [ -5.992113876878574, 36.542245123450279 ], [ -5.916573332997467, 36.537035430768839 ], [ -5.778516476938893, 36.55136208564285 ], [ -5.580548155043572, 36.581317818561196 ], [ -5.424257374599904, 36.655555939271963 ], [ -5.11167581371256, 36.863943646530196 ], [ -4.767836096736483, 37.009815041610956 ], [ -4.340641296857114, 37.020234426973865 ], [ -3.715478175082428, 36.936879344070576 ], [ -3.288283375203059, 36.895201802618928 ], [ -3.07989566794483, 36.92645995870766 ], [ -2.788152877783309, 37.061911968425512 ], [ -2.517248858347612, 37.218202748869182 ], [ -2.288022380363561, 37.520364924393611 ], [ -2.116102521875521, 37.739172017014752 ], [ -2.017118360927863, 37.7808495584664 ], [ -1.725375570766343, 37.822527099918048 ], [ -1.444052165967734, 37.822527099918048 ], [ -1.355487390382986, 37.864204641369682 ], [ -1.311205002590612, 37.973608187680256 ], [ -1.308600156249885, 38.08301173399083 ], [ -1.329438926975708, 38.218463743708682 ], [ -1.298180770886973, 38.294004287589779 ], [ -1.225245073346594, 38.343496368063619 ], [ -1.149704529465485, 38.39950056438925 ], [ -1.13147060508039, 38.495879878996185 ], [ -1.183567531894948, 38.593561616773492 ], [ -1.360697083064442, 38.687336085039696 ], [ -1.735794956129254, 38.687336085039696 ], [ -2.444313160807232, 38.499787148507288 ], [ -3.142411980122298, 38.145528046168302 ], [ -3.746736331171162, 37.801688329192224 ], [ -4.007220965243947, 37.687075090200196 ], [ -4.288544370042557, 37.624558778022731 ] ] ] ] } },
{ "type": "Feature", "properties": { "id": null, "Zone": "области высотной поясности", "layer": "eurasia", "path": "D:/kurse4/semestr7/Diplom/diplom3/data/eurasia.shp" }, "geometry": { "type": "MultiPolygon", "coordinates": [ [ [ [ -5.843637635457088, 37.13094039645479 ], [ -5.593572386747213, 37.282021484217005 ], [ -5.3304829063337, 37.353654758587034 ], [ -4.788674867462306, 37.499526153667787 ], [ -4.288544370042557, 37.624558778022731 ], [ -4.007220965243947, 37.687075090200196 ], [ -3.746736331171162, 37.801688329192224 ], [ -3.142411980122298, 38.145528046168302 ], [ -2.444313160807232, 38.499787148507288 ], [ -1.735794956129254, 38.687336085039696 ], [ -1.360697083064442, 38.687336085039696 ], [ -1.183567531894948, 38.593561616773492 ], [ -1.13147060508039, 38.495879878996185 ], [ -1.149704529465485, 38.39950056438925 ], [ -1.225245073346594, 38.343496368063619 ], [ -1.298180770886973, 38.294004287589779 ], [ -1.329438926975708, 38.218463743708682 ], [ -1.308600156249885, 38.08301173399083 ], [ -1.311205002590612, 37.973608187680256 ], [ -1.355487390382986, 37.864204641369682 ], [ -1.444052165967734, 37.822527099918048 ], [ -1.725375570766343, 37.822527099918048 ], [ -2.017118360927863, 37.7808495584664 ], [ -2.116102521875521, 37.739172017014752 ], [ -2.288022380363561, 37.520364924393611 ], [ -2.517248858347612, 37.218202748869182 ], [ -2.788152877783309, 37.061911968425512 ], [ -3.07989566794483, 36.92645995870766 ], [ -3.288283375203059, 36.895201802618928 ], [ -3.715478175082428, 36.936879344070576 ], [ -4.340641296857114, 37.020234426973865 ], [ -4.767836096736483, 37.009815041610956 ], [ -5.11167581371256, 36.863943646530196 ], [ -5.424257374599904, 36.655555939271963 ], [ -5.580548155043572, 36.581317818561196 ], [ -5.778516476938893, 36.55136208564285 ], [ -5.916573332997467, 36.537035430768839 ], [ -5.992113876878574, 36.542245123450279 ], [ -6.028581725648767, 36.593039627094498 ], [ -6.039001111011679, 36.728491636812343 ], [ -6.005138108582215, 36.891294533107825 ], [ -5.934807257382564, 36.999395656248041 ], [ -5.843637635457088, 37.13094039645479 ] ] ] ] } },
{ "type": "Feature", "properties": { "id": null, "Zone": "области высотной поясности", "layer": "eurasia", "path": "D:/kurse4/semestr7/Diplom/diplom3/data/eurasia.shp" }, "geometry": { "type": "MultiPolygon", "coordinates": [ [ [ [ -0.907453819777792, 40.541986679637908 ], [ -0.792840580785767, 40.333598972379683 ], [ -0.772001810059944, 40.187727577298922 ], [ -0.792840580785767, 39.927242943226133 ], [ -0.850147200281779, 39.770952162782471 ], [ -0.907453819777793, 39.687597079879168 ], [ -0.975179824636716, 39.625080767701704 ], [ -1.074163985584375, 39.60424199697588 ], [ -1.173148146532033, 39.609451689657334 ], [ -1.240874151390958, 39.656338923790436 ], [ -1.407584317197541, 39.812629704234105 ], [ -1.683698029314695, 40.078324030988341 ], [ -1.941577817046751, 40.17991303827673 ], [ -2.345328999859569, 40.203356655343278 ], [ -2.743870489990932, 40.10697734073635 ], [ -3.092919899648464, 40.112187033417797 ], [ -3.384662689809985, 40.140840343165799 ], [ -3.64514732388277, 40.16428396023236 ], [ -3.822276875052264, 40.169493652913815 ], [ -3.921261035999924, 40.122606418780705 ], [ -4.056713045717773, 39.950686560292681 ], [ -4.306778294427647, 39.825653935937744 ], [ -4.525585387048787, 39.846492706663568 ], [ -4.619359855314991, 39.909009018841033 ], [ -4.848586333299043, 39.950686560292681 ], [ -5.223684206363854, 39.909009018841033 ], [ -5.48416884043664, 39.80481516521192 ], [ -5.650879006243223, 39.65894377013116 ], [ -5.84884732813854, 39.679782540856984 ], [ -5.880105484227275, 39.877750862752301 ], [ -5.723814703783603, 40.169493652913822 ], [ -5.317458674630057, 40.419558901623695 ], [ -4.827747562573219, 40.607107838156104 ], [ -3.994196733540304, 40.794656774688505 ], [ -3.264839758136503, 40.930108784406357 ], [ -2.366167770585393, 40.974391172198729 ], [ -1.730585263447795, 40.880616703932525 ], [ -1.240874151390957, 40.755584079577588 ], [ -0.990808902681084, 40.609712684496834 ], [ -0.907453819777792, 40.541986679637908 ] ] ] ] } },
{ "type": "Feature", "properties": { "id": null, "Zone": "области высотной поясности", "layer": "eurasia", "path": "D:/kurse4/semestr7/Diplom/diplom3/data/eurasia.shp" }, "geometry": { "type": "MultiPolygon", "coordinates": [ [ [ [ -7.312770971627601, 41.935579471927298 ], [ -7.555021681315288, 42.119221138948646 ], [ -7.737360925166239, 42.395334851065797 ], [ -7.706102769077503, 42.629771021731301 ], [ -7.46645690573054, 42.916304119211368 ], [ -7.096568725347185, 43.077804592336499 ], [ -6.596438227927436, 43.135111211832509 ], [ -5.528451228229016, 43.150740289876893 ], [ -4.017640350606857, 43.036127050884872 ], [ -2.360958077903942, 42.984030124070308 ], [ -1.502770961910528, 43.034014390630432 ], [ -0.631340107660643, 43.077804592336513 ], [ 0.139694409194803, 43.067385206973604 ], [ 1.254568643026327, 43.025707665521956 ], [ 1.963086847704306, 42.921513811892844 ], [ 2.153240630577441, 42.857695076544935 ], [ 2.174079401303264, 42.795178764367463 ], [ 2.205337557391998, 42.638887983923794 ], [ 2.111563089125795, 42.440919662028477 ], [ 1.811410429554192, 42.349568852593642 ], [ 1.63227136243187, 42.295048266947717 ], [ 1.163399021100854, 42.24295134013316 ], [ 0.413203274971233, 42.232531954770266 ], [ -0.139024149263074, 42.315887037673555 ], [ -1.087188217288014, 42.357564579125203 ], [ -2.431288929103589, 42.430500276665583 ], [ -3.890002879911195, 42.48259720348014 ], [ -4.765231250395755, 42.545113515657604 ], [ -5.421652528259176, 42.52427474493178 ], [ -5.96346056713057, 42.430500276665583 ], [ -6.32813905483247, 42.274209496221907 ], [ -6.531317069409243, 41.99809578410477 ], [ -6.668605515967656, 41.883386949219584 ], [ -6.82826955225222, 41.862643774386918 ], [ -6.932463405881334, 41.841805003661094 ], [ -7.312770971627601, 41.935579471927298 ] ] ] ] } },
{ "type": "Feature", "properties": { "id": null, "Zone": "области высотной поясности", "layer": "eurasia", "path": "D:/kurse4/semestr7/Diplom/diplom3/data/eurasia.shp" }, "geometry": { "type": "MultiPolygon", "coordinates": [ [ [ [ 3.588510964318488, 45.974393723225887 ], [ 3.739592052080704, 45.880619254959683 ], [ 3.796898671576717, 45.713909089153098 ], [ 3.770850208169438, 45.531569845302151 ], [ 3.583301271637032, 45.161681664918795 ], [ 3.307187559519879, 44.630293011410309 ], [ 2.973767227906713, 44.088484972538915 ], [ 2.622112971908459, 43.659987749489112 ], [ 2.33037018174694, 43.430761271505062 ], [ 2.218361789095635, 43.322660148364925 ], [ 2.056861315970506, 43.327869841046379 ], [ 1.983925618430126, 43.442483080038407 ], [ 1.957877155022849, 43.593564167800622 ], [ 2.004764389155949, 43.807161567740309 ], [ 2.192313325688355, 44.296872679797147 ], [ 2.359023491494938, 44.797003177216894 ], [ 2.556991813390256, 45.370069372177021 ], [ 2.786218291374307, 45.797264172056394 ], [ 2.911250915729245, 45.937925874455694 ], [ 3.057122310810005, 45.984813108588796 ], [ 3.322816637564246, 46.026490650040444 ], [ 3.588510964318488, 45.974393723225887 ] ] ] ] } },
{ "type": "Feature", "properties": { "id": null, "Zone": "области высотной поясности", "layer": "eurasia", "path": "D:/kurse4/semestr7/Diplom/diplom3/data/eurasia.shp" }, "geometry": { "type": "MultiPolygon", "coordinates": [ [ [ [ 9.269680833445957, 44.68108751505445 ], [ 8.912816884766229, 44.932455186934739 ], [ 8.537719011701418, 44.97413272838638 ], [ 8.339750689806101, 45.04706842592676 ], [ 8.339750689806101, 45.192939821007521 ], [ 8.537719011701418, 45.34923060145119 ], [ 8.923236270129141, 45.401327528265753 ], [ 9.986013577146107, 44.901197030845999 ], [ 11.121726581703454, 44.421905304152077 ], [ 11.861502942470167, 43.963452348183971 ], [ 12.187108735061161, 43.628729593400422 ], [ 12.437173983771036, 43.305728647150161 ], [ 12.958143251916606, 42.899372617996619 ], [ 13.520790061513825, 42.305467652310668 ], [ 14.552309212442054, 41.576110676906858 ], [ 15.76095791453978, 41.055141408761287 ], [ 16.125636402241682, 40.742559847873942 ], [ 16.052700704701302, 40.273687506542927 ], [ 16.281927182685351, 39.544330531139131 ], [ 16.313185338774087, 39.263007126340518 ], [ 16.13605578760459, 39.242168355614695 ], [ 15.938087465709273, 39.606846843316596 ], [ 15.708860987725224, 40.10697734073635 ], [ 14.9586652415956, 40.836334316140146 ], [ 14.052178715022304, 41.263529116019512 ], [ 13.093595261634452, 41.85743408170547 ], [ 11.520268071834826, 42.847275691182034 ], [ 11.020137574415077, 43.295309261787224 ], [ 10.520007076995327, 43.972569310376471 ], [ 9.936521496672288, 44.347667183441281 ], [ 9.269680833445957, 44.68108751505445 ] ] ] ] } },
{ "type": "Feature", "properties": { "id": null, "Zone": "области высотной поясности", "layer": "eurasia", "path": "D:/kurse4/semestr7/Diplom/diplom3/data/eurasia.shp" }, "geometry": { "type": "MultiPolygon", "coordinates": [ [ [ [ 4.539279878684163, 43.889214227473161 ], [ 4.515836261617584, 44.307292065160048 ], [ 4.609610729883787, 44.682389938224858 ], [ 5.109741227303536, 45.255456133184985 ], [ 5.43274217355379, 45.599295850161063 ], [ 5.682807422263665, 45.755586630604739 ], [ 6.182937919683414, 45.807683557419296 ], [ 6.641390875651517, 45.901458025685493 ], [ 7.183198914522912, 46.120265118306648 ], [ 7.797942650934687, 46.537040532823106 ], [ 8.339750689806081, 46.901719020525007 ], [ 8.756526104322539, 47.058009800968676 ], [ 9.308753528556846, 47.058009800968676 ], [ 9.694270786984569, 46.849622093710451 ], [ 9.82972279670242, 46.833993015666067 ], [ 9.932448357796659, 46.920728054382963 ], [ 10.048529889323561, 47.104897035101764 ], [ 10.366321142892359, 47.532091834981145 ], [ 10.673693011098246, 47.709221386150638 ], [ 11.319694903598755, 47.875931551957223 ], [ 11.913599869284706, 47.933238171453233 ], [ 12.783618547087812, 47.808205547098304 ], [ 13.408781668862497, 47.745689234920839 ], [ 13.908912166282246, 47.724850464195015 ], [ 14.419462049064911, 47.818624932461219 ], [ 14.732043609952255, 48.006173868993621 ], [ 15.096722097654155, 48.047851410445269 ], [ 15.367626117089852, 47.995754483630712 ], [ 15.565594438985169, 47.776947391009571 ], [ 15.565594438985169, 47.547720913025522 ], [ 15.367626117089852, 47.422688288670585 ], [ 14.607010985597316, 47.276816893589825 ], [ 13.992267249185542, 47.214300581412353 ], [ 13.460878595677059, 47.162203654597796 ], [ 13.075361337249337, 47.078848571694508 ], [ 12.950328712894398, 46.870460864436275 ], [ 13.002425639708957, 46.787105781532986 ], [ 13.137877649426803, 46.61518592304494 ], [ 13.137877649426803, 46.474524220645641 ], [ 12.908651171442752, 46.391169137742345 ], [ 12.549182376422307, 46.417217601149623 ], [ 12.34079466916408, 46.464104835282726 ], [ 12.179294196038951, 46.406798215786715 ], [ 12.09593911313566, 46.286975284113232 ], [ 12.064680957046926, 46.120265118306648 ], [ 11.871922327833063, 45.922296796411331 ], [ 11.616647386441734, 45.870199869596775 ], [ 11.429098449909327, 45.880619254959683 ], [ 10.460095611158563, 45.932716181774239 ], [ 9.574447855311091, 45.870199869596775 ], [ 8.740897026278176, 45.70348970379019 ], [ 7.928184967971083, 45.536779537983605 ], [ 7.511409553454625, 45.380488757539936 ], [ 7.188408607204371, 45.015810269838035 ], [ 7.084214753575257, 44.640712396773225 ], [ 7.085976709400344, 44.2364134853892 ], [ 6.90448035606506, 44.12886009082014 ], [ 6.539801868363159, 43.930891768924809 ], [ 6.03967137094341, 43.659987749489112 ], [ 5.654154112515687, 43.576632666585823 ], [ 5.133184844370115, 43.691245905577844 ], [ 4.539279878684163, 43.889214227473161 ] ] ] ] } },
{ "type": "Feature", "properties": { "id": null, "Zone": "области высотной поясности", "layer": "eurasia", "path": "D:/kurse4/semestr7/Diplom/diplom3/data/eurasia.shp" }, "geometry": { "type": "MultiPolygon", "coordinates": [ [ [ [ 13.937630242578308, 45.591015936864622 ], [ 14.101670795496103, 45.792054479374919 ], [ 14.403832971020535, 45.896248333004031 ], [ 14.643478834367498, 45.838941713508021 ], [ 14.924802239166105, 45.69307031842726 ], [ 15.570804131666616, 45.312762752680996 ], [ 16.347048341203518, 44.849100104031436 ], [ 18.170440779713026, 44.302082372478601 ], [ 19.326992554996195, 43.822790645784671 ], [ 20.295995393746956, 43.60398355316353 ], [ 21.067029910602404, 43.364337689816566 ], [ 21.952677666449876, 42.739174568041882 ], [ 23.088390671007229, 42.207785914533382 ], [ 24.18242613411293, 42.009817592638065 ], [ 25.3389779093961, 41.905623739008952 ], [ 25.745333938549646, 41.718074802476551 ], [ 25.91204410435623, 41.436751397677938 ], [ 26.056942172965339, 40.824123440100763 ], [ 25.447677036244158, 40.85254547786144 ], [ 24.925848422960939, 40.947061672523205 ], [ 24.244942446290398, 41.290880002597177 ], [ 23.598940553789891, 41.57220340739579 ], [ 23.296778378265458, 41.593042178121607 ], [ 23.223842680725078, 41.374235085500473 ], [ 23.348875305080014, 41.155427992879332 ], [ 23.213423295362169, 41.061653524613128 ], [ 22.827906036934444, 41.061653524613128 ], [ 22.597308383889015, 41.130487168943205 ], [ 22.05537763844427, 41.149865831052693 ], [ 21.674160597426976, 40.931274522457954 ], [ 21.509853788526147, 40.613619954007923 ], [ 21.520273173889059, 40.165586383402733 ], [ 21.468176247074503, 39.905101749329944 ], [ 21.713031803102925, 39.389342173865842 ], [ 22.317356154151788, 38.868372905720271 ], [ 22.484066319958369, 38.57663011555875 ], [ 22.536163246772929, 38.118177159590651 ], [ 22.598679558950398, 37.472175267090137 ], [ 22.775809110119891, 36.815753989226721 ], [ 22.650776485764954, 36.763657062412165 ], [ 22.463227549232549, 36.89910907213001 ], [ 22.379872466329257, 37.170013091565707 ], [ 22.108968446893559, 37.222110018380263 ], [ 21.942258281086975, 37.055399852573686 ], [ 21.838064427457862, 36.97204476967039 ], [ 21.775548115280394, 37.065819237936594 ], [ 21.775548115280394, 37.27420694519482 ], [ 21.733870573828746, 37.5242721939047 ], [ 21.671354261651278, 37.711821130437102 ], [ 21.650515490925457, 37.97230576450989 ], [ 21.45254716903014, 38.472436261929637 ], [ 20.712770808263425, 39.326825861688377 ], [ 20.264737237658235, 39.931150212737236 ], [ 20.066768915762918, 40.420861324794075 ], [ 20.108446457214562, 40.868894895399272 ], [ 20.056349530400006, 41.327347851367371 ], [ 19.910478135319245, 41.639929412254716 ], [ 19.540027296637106, 41.719986070312757 ], [ 19.371768833094961, 41.877547512370654 ], [ 19.371768163347252, 41.877550679783496 ], [ 19.16246, 41.95502 ], [ 18.88214, 42.28151 ], [ 18.450016883020862, 42.479992245312182 ], [ 18.450016310304818, 42.479991360029317 ], [ 17.509970330483327, 42.849994615239154 ], [ 16.930005730871642, 43.20999848080038 ], [ 16.015384555737683, 43.507215481127218 ], [ 15.174453973052096, 44.243191229827914 ], [ 15.376250441151797, 44.317915350922078 ], [ 14.920309279040509, 44.738483995129457 ], [ 14.901602410550879, 45.076060289076111 ], [ 14.258747592839995, 45.233776760430942 ], [ 13.952254672917036, 44.802123521496867 ], [ 13.656975538801191, 45.136935126315961 ], [ 13.679403110415819, 45.484149074885011 ], [ 13.937630242578308, 45.591015936864622 ] ] ] ] } },
{ "type": "Feature", "properties": { "id": null, "Zone": "широколиственных лесов", "layer": "eurasia", "path": "D:/kurse4/semestr7/Diplom/diplom3/data/eurasia.shp" }, "geometry": { "type": "MultiPolygon", "coordinates": [ [ [ [ 19.888481479581287, 54.866160386771512 ], [ 20.910739130158738, 54.007739838030616 ], [ 21.869322583546591, 53.549286882062511 ], [ 22.827906036934444, 53.40341548698175 ], [ 24.244942446290402, 53.361737945530102 ], [ 25.328558524033191, 53.590964423514158 ], [ 26.141270582340283, 53.77851336004656 ], [ 27.204047889357255, 53.77851336004656 ], [ 29.35044127411701, 53.736835818594919 ], [ 31.038381702908666, 53.611803194239982 ], [ 33.330646482749181, 53.465931799159208 ], [ 34.789360433556787, 53.29922163335263 ], [ 36.206396842912739, 53.153350238271869 ], [ 37.144141525574767, 53.153350238271869 ], [ 37.998531125333514, 53.382576716255919 ], [ 37.790143418075282, 52.903284989561989 ], [ 37.310851691381359, 52.403154492142242 ], [ 36.143880530735274, 51.882185223996672 ], [ 35.226974618799062, 51.757152599641735 ], [ 33.726583126539822, 51.757152599641735 ], [ 32.851354756055258, 51.569603663109326 ], [ 31.851093761215758, 51.06947316568958 ], [ 31.538512200328412, 50.777730375528058 ], [ 31.038381702908666, 50.423471273189065 ], [ 30.100637020246637, 50.319277419559953 ], [ 28.725278152342327, 50.527665126818185 ], [ 27.537468220970418, 50.59018143899565 ], [ 26.89146632846991, 50.423471273189065 ], [ 26.141270582340287, 50.131728483027544 ], [ 25.787011480001297, 49.798308151414382 ], [ 25.682817626372181, 49.339855195446276 ], [ 26.078754270162818, 48.735530844397417 ], [ 26.619336785597795, 48.220726223333472 ], [ 27.068595879638831, 47.301128792770292 ], [ 27.297822357622884, 46.623868744181046 ], [ 27.318661128348708, 45.821576071236862 ], [ 27.27698358689706, 45.467316968897869 ], [ 26.839369401654778, 45.102638481195967 ], [ 26.34965828959794, 44.873412003211911 ], [ 25.693237011735093, 44.692809323587788 ], [ 24.797169870524709, 44.442744074877915 ], [ 24.172006748750022, 44.088484972538929 ], [ 24.100679152124172, 43.741051337247853 ], [ 24.328297529193694, 43.452902465401337 ], [ 25.047235119234582, 43.265353528868928 ], [ 25.984979801896614, 43.171579060602724 ], [ 27.172789733268516, 43.265353528868928 ], [ 28.039095086384719, 43.293171698574184 ], [ 27.673897739378049, 42.577892361006221 ], [ 27.99672041190539, 42.007358710287789 ], [ 28.115524529744416, 41.622886054036243 ], [ 27.131112191816872, 41.494058017173991 ], [ 26.214206279880663, 41.473219246448167 ], [ 25.91204410435623, 41.436751397677938 ], [ 25.745333938549646, 41.718074802476551 ], [ 25.3389779093961, 41.905623739008952 ], [ 24.18242613411293, 42.009817592638065 ], [ 23.088390671007229, 42.207785914533382 ], [ 22.543954573664056, 42.462522070171019 ], [ 21.952677666449876, 42.739174568041882 ], [ 21.067029910602404, 43.364337689816566 ], [ 20.295995393746956, 43.60398355316353 ], [ 19.519457023080697, 43.779330927184944 ], [ 19.326992554996195, 43.822790645784671 ], [ 18.170440779713026, 44.302082372478601 ], [ 16.347048341203518, 44.849100104031436 ], [ 15.900023634003711, 45.116114862023267 ], [ 15.570804131666616, 45.312762752680996 ], [ 15.327626568012997, 45.455923737735141 ], [ 14.924802239166105, 45.69307031842726 ], [ 14.643478834367498, 45.838941713508021 ], [ 14.403832971020535, 45.896248333004031 ], [ 14.101670795496103, 45.792054479374919 ], [ 13.937630242578308, 45.591015936864622 ], [ 13.141606479554296, 45.736691799495418 ], [ 12.328581170306251, 45.381778062514826 ], [ 12.383874952858548, 44.885374253919096 ], [ 12.261453484759102, 44.600482082693986 ], [ 12.589237094786455, 44.091365871754462 ], [ 13.526905958722494, 43.587727362637864 ], [ 12.926885095827874, 43.680826520214978 ], [ 12.562206608125972, 43.691245905577887 ], [ 12.187108735061161, 43.628729593400422 ], [ 11.861502942470167, 43.963452348183971 ], [ 11.121726581703454, 44.421905304152077 ], [ 9.986013577146107, 44.901197030845999 ], [ 8.923236270129141, 45.401327528265753 ], [ 8.537719011701418, 45.34923060145119 ], [ 8.339750689806101, 45.192939821007521 ], [ 8.339750689806101, 45.04706842592676 ], [ 8.537719011701418, 44.97413272838638 ], [ 8.912816884766229, 44.932455186934739 ], [ 9.269680833445957, 44.68108751505445 ], [ 8.727872794574562, 44.785281368683563 ], [ 8.040193360622407, 44.670668129691535 ], [ 7.467127165662277, 44.462280422433309 ], [ 7.085976709400344, 44.2364134853892 ], [ 7.084214753575257, 44.640712396773225 ], [ 7.188408607204371, 45.015810269838035 ], [ 7.511409553454625, 45.380488757539936 ], [ 7.928184967971083, 45.536779537983605 ], [ 8.740897026278176, 45.70348970379019 ], [ 9.574447855311091, 45.870199869596775 ], [ 10.460095611158563, 45.932716181774239 ], [ 11.429098449909327, 45.880619254959683 ], [ 11.616647386441734, 45.870199869596775 ], [ 11.871922327833063, 45.922296796411331 ], [ 12.064680957046926, 46.120265118306648 ], [ 12.09593911313566, 46.286975284113232 ], [ 12.179294196038951, 46.406798215786715 ], [ 12.34079466916408, 46.464104835282726 ], [ 12.549182376422307, 46.417217601149623 ], [ 12.908651171442752, 46.391169137742345 ], [ 13.137877649426803, 46.474524220645641 ], [ 13.137877649426803, 46.61518592304494 ], [ 13.124220657551696, 46.63251979734796 ], [ 13.002425639708957, 46.787105781532986 ], [ 12.950328712894398, 46.870460864436275 ], [ 13.075361337249337, 47.078848571694508 ], [ 13.460878595677059, 47.162203654597796 ], [ 13.992267249185542, 47.214300581412353 ], [ 14.607010985597316, 47.276816893589825 ], [ 15.367626117089852, 47.422688288670585 ], [ 15.565594438985169, 47.547720913025522 ], [ 15.565594438985169, 47.776947391009571 ], [ 15.367626117089852, 47.995754483630712 ], [ 15.096722097654155, 48.047851410445269 ], [ 14.732043609952255, 48.006173868993621 ], [ 14.419462049064911, 47.818624932461219 ], [ 13.908912166282246, 47.724850464195015 ], [ 13.408781668862497, 47.745689234920839 ], [ 12.993293685361698, 47.787238033270917 ], [ 12.783618547087812, 47.808205547098304 ], [ 11.913599869284706, 47.933238171453233 ], [ 11.319694903598755, 47.875931551957223 ], [ 10.673693011098246, 47.709221386150638 ], [ 10.366321142892359, 47.532091834981145 ], [ 10.255402789895173, 47.382988475214432 ], [ 10.048529889323561, 47.104897035101764 ], [ 9.932448357796659, 46.920728054382963 ], [ 9.82972279670242, 46.833993015666067 ], [ 9.694270786984569, 46.849622093710451 ], [ 9.308753528556846, 47.058009800968676 ], [ 8.756526104322539, 47.058009800968676 ], [ 8.339750689806081, 46.901719020525007 ], [ 7.797942650934687, 46.537040532823106 ], [ 7.183198914522912, 46.120265118306648 ], [ 6.852498513716636, 45.986713033365639 ], [ 6.842347679740073, 45.982613658105876 ], [ 6.641390875651517, 45.901458025685493 ], [ 6.182937919683414, 45.807683557419296 ], [ 5.682807422263665, 45.755586630604739 ], [ 5.43274217355379, 45.599295850161063 ], [ 5.109741227303536, 45.255456133184985 ], [ 4.609610729883787, 44.682389938224858 ], [ 4.515836261617584, 44.307292065160048 ], [ 4.539279878684163, 43.889214227473161 ], [ 3.882858600820743, 43.982988695739365 ], [ 3.320211791223525, 43.857956071384429 ], [ 2.622112971908459, 43.659987749489112 ], [ 2.973767227906713, 44.088484972538915 ], [ 3.307187559519879, 44.630293011410309 ], [ 3.583301271637032, 45.161681664918795 ], [ 3.770850208169438, 45.531569845302151 ], [ 3.796898671576717, 45.713909089153098 ], [ 3.739592052080704, 45.880619254959683 ], [ 3.588510964318488, 45.974393723225887 ], [ 3.322816637564246, 46.026490650040444 ], [ 3.057122310810005, 45.984813108588796 ], [ 2.911250915729245, 45.937925874455694 ], [ 2.786218291374307, 45.797264172056394 ], [ 2.556991813390256, 45.370069372177021 ], [ 2.359023491494938, 44.797003177216894 ], [ 2.192313325688355, 44.296872679797147 ], [ 2.004764389155949, 43.807161567740309 ], [ 1.957877155022849, 43.593564167800622 ], [ 1.983925618430126, 43.442483080038407 ], [ 2.056861315970506, 43.327869841046379 ], [ 2.218361789095635, 43.322660148364925 ], [ 2.33037018174694, 43.430761271505062 ], [ 2.153240630577441, 42.857695076544935 ], [ 1.963086847704306, 42.921513811892844 ], [ 1.254568643026327, 43.025707665521956 ], [ 0.139694409194803, 43.067385206973604 ], [ -0.631340107660643, 43.077804592336513 ], [ -1.502770961910528, 43.034014390630432 ], [ -2.360958077903942, 42.984030124070308 ], [ -4.017640350606857, 43.036127050884872 ], [ -5.528451228229016, 43.150740289876893 ], [ -6.596438227927436, 43.135111211832509 ], [ -7.096568725347185, 43.077804592336499 ], [ -7.46645690573054, 42.916304119211368 ], [ -7.706102769077503, 42.629771021731301 ], [ -7.737360925166239, 42.395334851065797 ], [ -7.555021681315288, 42.119221138948646 ], [ -7.312770971627601, 41.935579471927298 ], [ -7.411755132575259, 41.935579471927291 ], [ -8.07498777246265, 41.911607207834976 ], [ -8.276564117696909, 41.904321315838558 ], [ -9.034817674180246, 41.880570583659676 ], [ -8.984433152695672, 42.592775173506269 ], [ -9.392883673530648, 43.026624660812701 ], [ -7.97818966310831, 43.748337714200993 ], [ -6.754491746436756, 43.567909450853925 ], [ -5.411886359061597, 43.574239813809683 ], [ -4.347842779955783, 43.403449205085039 ], [ -3.517531704106091, 43.455900783861303 ], [ -1.901351284177764, 43.422802028978339 ], [ -1.384225226232985, 44.022610378590116 ], [ -1.193797573237418, 46.014917710954862 ], [ -2.225724249673846, 47.064362697938222 ], [ -2.963276129559603, 47.570326646507951 ], [ -4.491554938159481, 47.954954332056374 ], [ -4.592349819344776, 48.68416046812699 ], [ -3.295813971357802, 48.901692409859628 ], [ -1.616510789384961, 48.644421291694542 ], [ -1.933494025063311, 49.776341864615745 ], [ -0.98946895995536, 49.347375800160911 ], [ 1.338761020522696, 50.127173163445264 ], [ 1.6390010921385, 50.9466063502975 ], [ 2.513573032246143, 51.148506171261829 ], [ 3.314971144228537, 51.345780951536085 ], [ 3.31501148496416, 51.34577662473805 ], [ 3.830288527043137, 51.620544542031951 ], [ 4.705997348661185, 53.091798407597764 ], [ 6.074182570020923, 53.510403347378144 ], [ 6.905139601274129, 53.482162177130647 ], [ 7.100424838905269, 53.693932196662672 ], [ 7.936239454793963, 53.748295803433791 ], [ 8.121706170289485, 53.527792466844289 ], [ 8.800734490604668, 54.020785630908904 ], [ 8.572117954145369, 54.395646470754059 ], [ 8.526229282270208, 54.962743638725158 ], [ 8.120310906617533, 55.517722683323598 ], [ 8.089976840862221, 56.540011705137587 ], [ 8.256581658571207, 56.809969387430328 ], [ 8.543437534223415, 57.110002753316948 ], [ 9.424469028367554, 57.172066148499503 ], [ 9.775558709358535, 57.447940782289663 ], [ 10.580005730846125, 57.73001658795485 ], [ 10.546105991262664, 57.215732733786119 ], [ 10.250000034230226, 56.890016181050441 ], [ 10.369992710011957, 56.609981594460791 ], [ 10.912181837618306, 56.458621324277885 ], [ 10.667803989310016, 56.081383368547208 ], [ 10.369992710011957, 56.190007229224733 ], [ 9.649984978889279, 55.469999498102055 ], [ 9.921906365609118, 54.983104153048032 ], [ 9.9395797054529, 54.596641954153256 ], [ 10.950112338920519, 54.363607082733154 ], [ 10.93946699386845, 54.00869334575259 ], [ 11.956252475643282, 54.196485500701158 ], [ 12.518440382546714, 54.470370591847995 ], [ 13.647467075259499, 54.075510972705899 ], [ 14.119686313542559, 53.75702912049104 ], [ 14.802900424873458, 54.050706285205749 ], [ 16.363477003655731, 54.513158677785725 ], [ 17.622831658608675, 54.851535956432912 ], [ 18.620858595461641, 54.682605699270781 ], [ 18.696254510175464, 54.43871877706929 ], [ 19.660640089606403, 54.426083889373928 ], [ 19.888481479581287, 54.866160386771512 ] ], [ [ 19.535380262254439, 49.350274580809241 ], [ 19.056088535560512, 49.537823517341643 ], [ 18.753926360036079, 49.610759214882023 ], [ 18.462183569874561, 49.610759214882023 ], [ 18.128763238261392, 49.444049049075439 ], [ 18.045408155358103, 49.204403185728481 ], [ 18.104972771891852, 49.043983466175312 ], [ 18.639313121044054, 48.902241010204044 ], [ 18.962314067294308, 48.756369615123283 ], [ 18.962314067294308, 48.547981907865058 ], [ 18.889378369753928, 48.360432971332649 ], [ 18.993572223383044, 48.235400346977713 ], [ 19.174364861739889, 48.111378892603867 ], [ 19.462444564714058, 48.110367722622776 ], [ 19.769470656013112, 48.202691148463614 ], [ 20.191801540117858, 48.485465595687586 ], [ 20.660673881448872, 48.443788054235945 ], [ 21.171223764231534, 48.193722805526072 ], [ 21.587999178747992, 48.079109566534044 ], [ 21.900580739635334, 48.141625878711508 ], [ 22.254839841974324, 48.318755429881008 ], [ 22.963358046652303, 48.224980961614804 ], [ 23.546843626975342, 47.860302473912903 ], [ 24.015715968306356, 47.360171976493156 ], [ 24.161587363387117, 47.172623039960747 ], [ 24.338716914556613, 46.693331313266825 ], [ 24.422071997459902, 46.370330367016564 ], [ 24.713814787621423, 46.161942659758338 ], [ 24.958670343649253, 46.092480090672552 ], [ 25.026396348508769, 46.005651879314669 ], [ 25.000347885100897, 45.873672998051418 ], [ 24.724234172984332, 45.818102942782261 ], [ 24.244942446290409, 45.838941713508085 ], [ 23.171745753910528, 45.828522328145169 ], [ 22.588260173587489, 45.307553059999599 ], [ 22.494485705321289, 44.974132728386436 ], [ 22.588260173587489, 44.776164406491105 ], [ 22.932099890563563, 44.651131782136169 ], [ 23.369714075805845, 44.755325635765288 ], [ 24.046974124395089, 45.067907196652627 ], [ 24.692976016895599, 45.234617362459211 ], [ 25.359816680121931, 45.203359206370479 ], [ 25.844318099496732, 45.196412949462172 ], [ 26.27672259205756, 45.243300183595281 ], [ 26.558045996856169, 45.389171578676041 ], [ 26.75601431875149, 45.597559285934274 ], [ 26.75601431875149, 45.795527607829591 ], [ 26.589304152944905, 46.212303022346049 ], [ 26.443432757864144, 46.660336592951246 ], [ 26.255883821331736, 46.9833375392015 ], [ 25.974560416533127, 47.306338485451761 ], [ 25.66197885564636, 47.558140298388459 ], [ 25.151428972863702, 48.120787107985677 ], [ 24.474168924274458, 48.891821624841135 ], [ 23.68229563669319, 49.121048102825185 ], [ 22.776418898212626, 49.027395331409622 ], [ 22.098549061530651, 49.246080727180129 ], [ 21.607808058364213, 49.470107326854091 ], [ 20.5043831010052, 49.246080727180129 ], [ 20.098027071851654, 49.204403185728481 ], [ 19.535380262254439, 49.350274580809241 ] ] ] ] } },
{ "type": "Feature", "properties": { "id": null, "Zone": "области высотной поясности", "layer": "eurasia", "path": "D:/kurse4/semestr7/Diplom/diplom3/data/eurasia.shp" }, "geometry": { "type": "MultiPolygon", "coordinates": [ [ [ [ 18.128763238261392, 49.444049049075439 ], [ 18.462183569874561, 49.610759214882023 ], [ 18.746096953376899, 49.610759214882023 ], [ 18.753926360036079, 49.610759214882023 ], [ 19.056088535560512, 49.537823517341643 ], [ 19.130398123915519, 49.508745852333163 ], [ 19.535380262254439, 49.350274580809241 ], [ 19.69414039858691, 49.309114545463785 ], [ 19.918357845699234, 49.250984096212441 ], [ 20.098027071851654, 49.204403185728481 ], [ 20.5043831010052, 49.246080727180129 ], [ 21.607808058364213, 49.470107326854091 ], [ 22.410599534822687, 49.145411133167407 ], [ 22.776418898212626, 49.027395331409622 ], [ 23.68229563669319, 49.121048102825185 ], [ 24.474168924274458, 48.891821624841135 ], [ 25.151428972863702, 48.120787107985677 ], [ 25.343815632646525, 47.908769156388281 ], [ 25.66197885564636, 47.558140298388459 ], [ 25.974560416533127, 47.306338485451761 ], [ 26.255883821331736, 46.9833375392015 ], [ 26.443432757864144, 46.660336592951246 ], [ 26.589304152944905, 46.212303022346049 ], [ 26.75601431875149, 45.795527607829591 ], [ 26.75601431875149, 45.597559285934274 ], [ 26.558045996856169, 45.389171578676041 ], [ 26.27672259205756, 45.243300183595281 ], [ 25.844318099496732, 45.196412949462172 ], [ 25.359816680121931, 45.203359206370479 ], [ 24.692976016895599, 45.234617362459211 ], [ 24.046974124395089, 45.067907196652627 ], [ 23.369714075805845, 44.755325635765288 ], [ 22.932099890563563, 44.651131782136169 ], [ 22.588260173587489, 44.776164406491105 ], [ 22.494485705321289, 44.974132728386436 ], [ 22.588260173587489, 45.307553059999599 ], [ 23.171745753910528, 45.828522328145169 ], [ 24.244942446290409, 45.838941713508085 ], [ 24.724234172984332, 45.818102942782261 ], [ 25.000347885100897, 45.873672998051418 ], [ 25.026396348508769, 46.005651879314669 ], [ 24.958670343649253, 46.092480090672552 ], [ 24.713814787621423, 46.161942659758338 ], [ 24.422071997459902, 46.370330367016564 ], [ 24.338716914556613, 46.693331313266825 ], [ 24.161587363387117, 47.172623039960747 ], [ 24.015715968306356, 47.360171976493156 ], [ 23.546843626975342, 47.860302473912903 ], [ 23.17999518931105, 48.089582747453086 ], [ 22.963358046652303, 48.224980961614804 ], [ 22.312430897010387, 48.311133084361529 ], [ 22.254839841974324, 48.318755429881008 ], [ 21.900580739635334, 48.141625878711508 ], [ 21.587999178747992, 48.079109566534044 ], [ 21.171223764231534, 48.193722805526072 ], [ 20.660673881448872, 48.443788054235945 ], [ 20.379778526869835, 48.468756530198526 ], [ 20.191801540117858, 48.485465595687586 ], [ 19.769470656013112, 48.202691148463614 ], [ 19.462444564714058, 48.110367722622776 ], [ 19.174364861739889, 48.111378892603867 ], [ 18.993572223383044, 48.235400346977713 ], [ 18.889378369753928, 48.360432971332649 ], [ 18.962314067294308, 48.547981907865058 ], [ 18.962314067294308, 48.756369615123283 ], [ 18.639313121044054, 48.902241010204044 ], [ 18.104972771891852, 49.043983466175312 ], [ 18.045408155358103, 49.204403185728481 ], [ 18.128763238261392, 49.444049049075439 ] ] ] ] } },
{ "type": "Feature", "properties": { "id": null, "Zone": "широколиственных лесов", "layer": "eurasia", "path": "D:/kurse4/semestr7/Diplom/diplom3/data/eurasia.shp" }, "geometry": { "type": "MultiPolygon", "coordinates": [ [ [ [ -9.688524542672454, 53.881362616585299 ], [ -7.572167934591064, 55.131622219454869 ], [ -6.733847011736145, 55.172860012423783 ], [ -5.661948614921968, 54.554603176483809 ], [ -6.197884894220991, 53.867565009163364 ], [ -6.032985398777611, 53.153164170944351 ], [ -6.788856573910849, 52.260117906292336 ], [ -8.561616583683559, 51.669301255899356 ], [ -9.977085740590269, 51.820454820353078 ], [ -9.166282517930782, 52.864628811242682 ], [ -9.688524542672454, 53.881362616585299 ] ] ] ] } },
{ "type": "Feature", "properties": { "id": null, "Zone": "широколиственных лесов", "layer": "eurasia", "path": "D:/kurse4/semestr7/Diplom/diplom3/data/eurasia.shp" }, "geometry": { "type": "MultiPolygon", "coordinates": [ [ [ [ -5.009998745127632, 58.630013332750082 ], [ -4.211494513353557, 58.55084503847911 ], [ -3.005004848635281, 58.635000108466329 ], [ -4.073828497728073, 57.553024807355257 ], [ -3.055001796877718, 57.69001902936094 ], [ -1.959280564776918, 57.684799709699519 ], [ -2.219988165689358, 56.870017401753557 ], [ -3.119003058271176, 55.973793036515474 ], [ -2.085009324543023, 55.9099984808513 ], [ -2.005675679673857, 55.804902850350175 ], [ -1.11499101399221, 54.624986477265395 ], [ -0.4304849918542, 54.464376125702188 ], [ 0.184981316742039, 53.325014146531032 ], [ 0.469976840831805, 52.929999498092002 ], [ 1.681530795914682, 52.739520168664001 ], [ 1.559987827164321, 52.099998480836007 ], [ 1.050561557630942, 51.806760565795685 ], [ 1.449865349950244, 51.289427802121907 ], [ 0.550333693045502, 50.765738837275876 ], [ -0.787517462558696, 50.77498891865622 ], [ -2.489997524414434, 50.500018622431242 ], [ -2.956273972984093, 50.696879991247044 ], [ -3.617448085942385, 50.228355617872751 ], [ -4.542507900399244, 50.341837063185665 ], [ -5.245023159191135, 49.959999904981089 ], [ -5.776566941745273, 50.159677639356858 ], [ -4.309989793301895, 51.210001125689189 ], [ -3.414850633142123, 51.42600861266925 ], [ -3.422719467108379, 51.426848167406092 ], [ -4.98436723471093, 51.593466091511004 ], [ -5.267295701508942, 51.991400458374585 ], [ -4.222346564134909, 52.301355699261364 ], [ -4.77001339356417, 52.840004991255626 ], [ -4.579999152026971, 53.495003770555172 ], [ -3.093830673788716, 53.404547400669685 ], [ -3.092079637047107, 53.404440822963579 ], [ -2.945008510744344, 53.984999701546712 ], [ -3.614700825433033, 54.600936773292574 ], [ -3.630005458989331, 54.615012925833014 ], [ -4.844169073903061, 54.790971177786844 ], [ -5.082526617849283, 55.061600653699372 ], [ -4.7191121077567, 55.508472601943481 ], [ -5.047980922862109, 55.783985500707558 ], [ -5.586397670911197, 55.311146145236819 ], [ -5.644998745130238, 56.275014960344834 ], [ -6.149980841486411, 56.785009670633485 ], [ -6.069859513594714, 57.336069379456262 ], [ -5.786824713555291, 57.818848375064647 ], [ -5.009998745127632, 58.630013332750082 ] ] ] ] } },
{ "type": "Feature", "properties": { "id": null, "Zone": "жестколистных вечнозеленых лесов и кустарников (средиземноморского типа)", "layer": "eurasia", "path": "D:/kurse4/semestr7/Diplom/diplom3/data/eurasia.shp" }, "geometry": { "type": "MultiPolygon", "coordinates": [ [ [ [ 24.925848422960939, 40.947061672523205 ], [ 23.714811232200759, 40.687129218095095 ], [ 24.40799889496401, 40.124992987624069 ], [ 23.899967889102584, 39.962005520175524 ], [ 23.342999301860743, 39.960997829745793 ], [ 22.813987664488934, 40.476005153966526 ], [ 22.626298862404724, 40.25656118423916 ], [ 22.84974775563478, 39.659310818025745 ], [ 23.35002729665257, 39.190011298167235 ], [ 22.973099399515547, 38.970903225249629 ], [ 23.530016310324925, 38.510001125638439 ], [ 24.025024855248887, 38.219992987616422 ], [ 24.040011020613576, 37.655014553369426 ], [ 23.115002882589124, 37.920011298162194 ], [ 23.409971958111043, 37.409990749657368 ], [ 22.774971958108608, 37.305010077456529 ], [ 23.15422529469862, 36.422505804992056 ], [ 22.490028110451078, 36.410000108377403 ], [ 21.670026482843639, 36.844986477194198 ], [ 21.29501061370155, 37.644989325504639 ], [ 21.120034213961333, 38.310323391262727 ], [ 20.730032179454554, 38.769985256498785 ], [ 20.217712029712857, 39.340234686839608 ], [ 20.15001590341052, 39.624997666983973 ], [ 19.980000441170148, 39.694993394523408 ], [ 19.960001661873207, 39.915005805006047 ], [ 19.406081984136733, 40.250773423822466 ], [ 19.319058872157143, 40.727230129553561 ], [ 19.403549838954291, 41.409565741535459 ], [ 19.540027296637106, 41.719986070312757 ], [ 19.910478135319245, 41.639929412254716 ], [ 20.056349530400006, 41.327347851367371 ], [ 20.108446457214562, 40.868894895399272 ], [ 20.066768915762918, 40.420861324794075 ], [ 20.264737237658235, 39.931150212737236 ], [ 20.342704770077546, 39.82598470389258 ], [ 20.712770808263425, 39.326825861688377 ], [ 21.45254716903014, 38.472436261929637 ], [ 21.650515490925457, 37.97230576450989 ], [ 21.671354261651278, 37.711821130437102 ], [ 21.733870573828746, 37.5242721939047 ], [ 21.775548115280394, 37.27420694519482 ], [ 21.775548115280394, 37.065819237936594 ], [ 21.838064427457862, 36.97204476967039 ], [ 21.942258281086975, 37.055399852573686 ], [ 22.108968446893559, 37.222110018380263 ], [ 22.379872466329257, 37.170013091565707 ], [ 22.463227549232549, 36.89910907213001 ], [ 22.650776485764954, 36.763657062412165 ], [ 22.775809110119891, 36.815753989226721 ], [ 22.598679558950398, 37.472175267090137 ], [ 22.536163246772929, 38.118177159590651 ], [ 22.484066319958369, 38.57663011555875 ], [ 22.317356154151788, 38.868372905720271 ], [ 21.713031803102925, 39.389342173865842 ], [ 21.468176247074503, 39.905101749329944 ], [ 21.520273173889059, 40.165586383402733 ], [ 21.509853788526147, 40.613619954007923 ], [ 21.674160597426976, 40.931274522457954 ], [ 22.05537763844427, 41.149865831052693 ], [ 22.597308383889015, 41.130487168943205 ], [ 22.827906036934444, 41.061653524613128 ], [ 23.213423295362169, 41.061653524613128 ], [ 23.348875305080014, 41.155427992879332 ], [ 23.251226982057968, 41.326312558167913 ], [ 23.223842680725078, 41.374235085500473 ], [ 23.296778378265458, 41.593042178121607 ], [ 23.598940553789891, 41.57220340739579 ], [ 23.977867905085535, 41.407186657638007 ], [ 24.244942446290398, 41.290880002597177 ], [ 24.925848422960939, 40.947061672523205 ] ] ] ] } },
{ "type": "Feature", "properties": { "id": null, "Zone": "жестколистных вечнозеленых лесов и кустарников (средиземноморского типа)", "layer": "eurasia", "path": "D:/kurse4/semestr7/Diplom/diplom3/data/eurasia.shp" }, "geometry": { "type": "MultiPolygon", "coordinates": [ [ [ [ 25.91204410435623, 41.436751397677938 ], [ 26.214206279880663, 41.473219246448167 ], [ 27.131112191816872, 41.494058017173991 ], [ 28.115524529744416, 41.622886054036243 ], [ 28.988442824018733, 41.299934190428189 ], [ 28.806438429486743, 41.054962063148558 ], [ 27.619017368284091, 40.999823309893138 ], [ 27.192376743282381, 40.69056570084242 ], [ 26.35800906749779, 40.151993923496505 ], [ 26.04335127127257, 40.617753607743168 ], [ 26.056942172965339, 40.824123440100763 ], [ 25.941595688221209, 41.311807520646617 ], [ 25.91204410435623, 41.436751397677938 ] ] ] ] } },
{ "type": "Feature", "properties": { "id": null, "Zone": "саванн и редколесий", "layer": "eurasia", "path": "D:/kurse4/semestr7/Diplom/diplom3/data/eurasia.shp" }, "geometry": { "type": "MultiPolygon", "coordinates": [ [ [ [ 67.443666619745471, 23.944843654876991 ], [ 68.456999387464393, 24.51827441465057 ], [ 69.1030012799649, 24.768339663360443 ], [ 69.978229650449464, 24.726662121908799 ], [ 70.770102938030732, 24.66414580973133 ], [ 71.249394664724662, 24.810017204812091 ], [ 71.582814996337817, 25.060082453521964 ], [ 71.728686391418577, 25.41434155586095 ], [ 71.812041474321873, 25.851955741103232 ], [ 72.728947386258085, 26.87305550666855 ], [ 73.562498215291015, 27.87331650150805 ], [ 73.89591854690417, 28.456802081831089 ], [ 73.906337932267078, 28.883996881710466 ], [ 73.770885922549226, 29.248675369412368 ], [ 73.450638462217427, 29.97641347911987 ], [ 72.520559678999859, 30.749066861671604 ], [ 71.645331308515296, 31.457585066349584 ], [ 71.103523269643915, 31.791005397962749 ], [ 70.728425396579098, 31.916038022317686 ], [ 70.395005064965929, 31.916038022317686 ], [ 70.160568894299828, 31.747591292283907 ], [ 70.019907191901126, 31.249197359091355 ], [ 69.769841943191238, 30.20725882280021 ], [ 69.31138898722314, 29.12364274505742 ], [ 69.01443650437956, 28.736388922402487 ], [ 68.602870782545168, 28.498479623282734 ], [ 67.415060851173251, 28.081704208766268 ], [ 66.727381417221096, 27.831638960056395 ], [ 66.873252812301857, 28.51931839400855 ], [ 66.873252812301857, 29.269514140138174 ], [ 66.935769124479322, 29.769644637557924 ], [ 67.019124207382617, 29.957193574090329 ], [ 67.331705768269956, 30.10306496917109 ], [ 67.769319953512237, 29.915516032638681 ], [ 67.936030119318815, 29.519579388848047 ], [ 68.186095368028703, 29.102803974331589 ], [ 68.394483075286928, 28.998610120702477 ], [ 68.62370955327097, 29.165320286509058 ], [ 68.97796865560997, 29.561256930299709 ], [ 69.186356362868196, 30.186420052074396 ], [ 69.394744070126421, 31.249197359091362 ], [ 69.262522007122556, 32.5019440780883 ], [ 69.332227757948942, 33.291396890222003 ], [ 69.582293006658816, 33.812366158367581 ], [ 70.290811211336802, 34.541723133771377 ], [ 71.186878352547183, 35.166886255546068 ], [ 71.874557786499324, 35.604500440788343 ], [ 72.291333201015789, 35.625339211514159 ], [ 72.812302469161352, 35.375273962804286 ], [ 73.291594195855282, 34.937659777562004 ], [ 73.749948358051967, 34.317698879527853 ], [ 74.26059703460605, 33.593559065746426 ], [ 74.844082614929093, 32.978815329334651 ], [ 75.354632497711748, 32.551620529455285 ], [ 75.667214058599086, 32.18694204175339 ], [ 75.875601765857311, 31.749327856511108 ], [ 75.906859921946065, 31.457585066349584 ], [ 75.93811807803479, 31.311713671268826 ], [ 76.250699638922143, 30.926196412841101 ], [ 77.000895385051763, 30.592776081227935 ], [ 77.7719299019072, 30.269775134977685 ], [ 81.585424944732793, 28.936093808525008 ], [ 83.502591851508498, 28.352608228201973 ], [ 83.836012183121667, 27.602412482072349 ], [ 84.356981451267231, 27.24815337973336 ], [ 85.669824006994077, 26.51879640432956 ], [ 86.440858523849528, 25.726923116748289 ], [ 86.711762543285218, 24.810017204812084 ], [ 86.711762543285218, 24.289047936666513 ], [ 86.503374836026993, 23.809756209972583 ], [ 86.128276962962175, 23.476335878359421 ], [ 85.503113841187485, 23.55969096126271 ], [ 84.836273177961161, 23.768078668520939 ], [ 84.06523866110571, 24.018143917230816 ], [ 83.085816436992033, 24.184854083037397 ], [ 82.460653315217357, 24.184854083037397 ], [ 81.877167734894314, 23.93478883432752 ], [ 81.439553549652032, 23.580529731988534 ], [ 81.314520925297089, 23.142915546746252 ], [ 81.314520925297089, 22.746978902955618 ], [ 81.814651422716835, 21.892589303196878 ], [ 82.814912417556343, 20.975683391260674 ], [ 84.565369158525456, 20.017099937872821 ], [ 85.638565850905337, 19.735776533074212 ], [ 85.060265740909699, 19.4785788029711 ], [ 83.941005893900012, 18.302009792549725 ], [ 83.189217156917849, 17.671221421778981 ], [ 82.192792189465919, 17.016636053937816 ], [ 82.191241896497189, 16.556664130107848 ], [ 81.692719354177484, 16.310219224507904 ], [ 80.791999139330144, 15.951972357644493 ], [ 80.324895867843878, 15.89918488205835 ], [ 80.025069207686442, 15.136414903214147 ], [ 80.233273553390404, 13.835770778859981 ], [ 80.286293572921863, 13.006260687710835 ], [ 79.862546828128501, 12.056215318240888 ], [ 79.857999302086824, 10.35727509199711 ], [ 79.340511509115998, 10.30885427493962 ], [ 78.885345493489183, 9.546135972527722 ], [ 79.189719679688295, 9.216543687370148 ], [ 78.277940708330505, 8.933046779816934 ], [ 77.941165399084355, 8.252959092639742 ], [ 77.539897902337941, 7.965534776232332 ], [ 77.084250467955044, 8.399485258226596 ], [ 77.110298931362337, 8.847518828831786 ], [ 77.042572926503397, 9.337229940888623 ], [ 76.766459214386259, 10.280184316232107 ], [ 76.334054721825424, 11.275235618390154 ], [ 75.964166541442069, 11.686801340225152 ], [ 75.609907439103083, 12.645384793613005 ], [ 75.491945527368102, 13.138193312890944 ], [ 75.130615712409138, 14.750100636921111 ], [ 74.448145971138473, 16.349476290128017 ], [ 73.968854244444543, 18.079094260371317 ], [ 73.645853298194254, 19.339839889283606 ], [ 73.406207434847289, 19.933744854969557 ], [ 73.21865849831488, 20.267165186582723 ], [ 73.06236771787124, 20.371359040211832 ], [ 72.824475132136797, 20.419503282141534 ], [ 72.630533481745402, 21.356009426351008 ], [ 71.175273471973952, 20.757441311114235 ], [ 70.470458611945105, 20.877330634031384 ], [ 69.164130080038831, 22.0892980005727 ], [ 69.644927606082405, 22.450774644454338 ], [ 69.349596795534353, 22.84317963306269 ], [ 68.176645135373406, 23.691965033456711 ], [ 67.443666619745471, 23.944843654876991 ] ] ] ] } },
{ "type": "Feature", "properties": { "id": null, "Zone": "переменно-влажных (в том числе муссонных) лесов", "layer": "eurasia", "path": "D:/kurse4/semestr7/Diplom/diplom3/data/eurasia.shp" }, "geometry": { "type": "MultiPolygon", "coordinates": [ [ [ [ 72.824475132136797, 20.419503282141534 ], [ 73.21865849831488, 20.267165186582723 ], [ 73.406207434847289, 19.933744854969557 ], [ 73.645853298194254, 19.339839889283606 ], [ 73.968854244444543, 18.079094260371317 ], [ 74.448145971138473, 16.349476290128017 ], [ 75.130615712409138, 14.750100636921111 ], [ 75.491945527368102, 13.138193312890944 ], [ 75.609907439103083, 12.645384793613005 ], [ 75.964166541442069, 11.686801340225152 ], [ 76.334054721825424, 11.275235618390154 ], [ 76.766459214386259, 10.280184316232107 ], [ 77.042572926503397, 9.337229940888623 ], [ 77.110298931362337, 8.847518828831786 ], [ 77.085094854402968, 8.414008705130888 ], [ 77.084250467955044, 8.399485258226596 ], [ 77.085094854402968, 8.414008705130888 ], [ 76.592978957021671, 8.89927623131419 ], [ 76.130061476551077, 10.299630031775521 ], [ 75.746467319648502, 11.308250637248307 ], [ 75.396101108709587, 11.781245022015824 ], [ 74.864815708316826, 12.741935736537897 ], [ 74.616717156883539, 13.992582912649681 ], [ 74.443859490867226, 14.617221787977698 ], [ 73.534199253233396, 15.990652167214961 ], [ 73.119909295549434, 17.928570054592498 ], [ 72.820909458308648, 19.208233547436166 ], [ 72.824475132136797, 20.419503282141534 ] ] ] ] } },
{ "type": "Feature", "properties": { "id": null, "Zone": "области высотной поясности", "layer": "eurasia", "path": "D:/kurse4/semestr7/Diplom/diplom3/data/eurasia.shp" }, "geometry": { "type": "MultiPolygon", "coordinates": [ [ [ [ 31.327519646729492, 39.746206122545665 ], [ 31.494229812536148, 39.478775231564306 ], [ 31.410874729632855, 38.936967192692912 ], [ 31.494229812536148, 38.603546861079742 ], [ 31.765133831971845, 38.395159153821517 ], [ 32.473652036649824, 38.082577592934172 ], [ 33.390557948586029, 37.853351114950122 ], [ 34.05739861181236, 37.832512344224298 ], [ 34.953465753022748, 37.957544968579235 ], [ 35.76617781132984, 38.0200612807567 ], [ 36.558051098911108, 38.311804070918221 ], [ 36.76643880616934, 38.707740714708862 ], [ 36.537212328185291, 39.187032441402785 ], [ 35.516112562619966, 38.853612109789616 ], [ 35.01598206520022, 38.624385631805566 ], [ 34.640884192135402, 38.770257026886327 ], [ 34.411657714151353, 39.187032441402785 ], [ 34.224108777618945, 39.666324168096708 ], [ 33.744817050925022, 39.937228187532412 ], [ 32.911266221892106, 39.853873104629116 ], [ 31.911005227052605, 40.083099582613173 ], [ 31.681778749068553, 40.562391309307095 ], [ 32.348619412294887, 41.000005494549377 ], [ 33.432235490037677, 41.187554431081779 ], [ 34.995143294474374, 40.687423933662025 ], [ 37.704183488831347, 40.228970977693919 ], [ 40.121480893026806, 40.270648519145567 ], [ 42.288713048512392, 40.979166723823539 ], [ 43.582745802592733, 41.092143256182567 ], [ 44.435106433272139, 40.979166723823553 ], [ 45.560351189970447, 40.812289537105926 ], [ 46.310595798596204, 40.437358684952159 ], [ 47.060791544725767, 39.364161992572306 ], [ 47.128517549584686, 39.150564592632612 ], [ 47.071210930088682, 38.957805963418757 ], [ 46.7742584472457, 38.754627948841978 ], [ 46.36790241809215, 38.65564378789432 ], [ 46.143623081248819, 38.741201483712217 ], [ 45.735379266143013, 39.319719143219743 ], [ 45.393689886659942, 39.728840480274201 ], [ 45.008172628232217, 40.166454665516483 ], [ 44.560139057627076, 40.208132206968102 ], [ 44.257976882102589, 40.103938353339018 ], [ 44.091266716296005, 39.76009863636294 ], [ 44.109225294782341, 39.428136298168099 ], [ 44.414267662546315, 38.936967192692904 ], [ 44.622655369804541, 38.561869319628094 ], [ 44.893559389240238, 38.103416363659989 ], [ 45.414528657385816, 37.728318490595179 ], [ 46.081369320612147, 37.790834802772643 ], [ 46.498144735128605, 37.999222510030869 ], [ 46.998275232548352, 38.207610217289101 ], [ 47.519244500693929, 38.374320383095686 ], [ 48.0402137688395, 38.249287758740749 ], [ 48.394472871178493, 38.020061280756693 ], [ 48.686215661340007, 37.644963407691883 ], [ 48.936280910049888, 37.123994139546312 ], [ 49.394733866017987, 36.769735037207319 ], [ 50.842354363819709, 36.872814235983398 ], [ 52.264024692601424, 36.700421657857703 ], [ 53.825789829326418, 36.965030829408235 ], [ 54.43771638166713, 36.915606432288079 ], [ 55.083718274167637, 37.144832910272136 ], [ 55.896430332474729, 37.519930783336946 ], [ 56.180374790273333, 37.93512665460743 ], [ 55.917269103200553, 38.249287758740749 ], [ 55.271267210700046, 38.520191778176446 ], [ 55.312944752151687, 38.749418256160496 ], [ 55.458816147232447, 38.832773339063785 ], [ 56.167334351910426, 38.666063173257207 ], [ 57.105079034572455, 38.270126529466566 ], [ 58.126178800137779, 37.91586742712758 ], [ 58.522115443928413, 37.91586742712758 ], [ 59.293149960783865, 37.728318490595171 ], [ 60.064184477639309, 37.290704305352897 ], [ 60.533056818969591, 36.82183196402179 ], [ 60.835218994494028, 36.311282081239128 ], [ 60.835218994494753, 35.915345437448579 ], [ 60.793541453043105, 35.623602647287065 ], [ 60.803960838405303, 35.206827232770493 ], [ 60.710186370139091, 34.852568130431507 ], [ 60.397604809251746, 34.644180423173282 ], [ 60.043345706913485, 34.727535506076677 ], [ 59.538005516811552, 34.836939052387137 ], [ 59.02224594134816, 35.060955837689846 ], [ 58.417921590299301, 35.269343544948072 ], [ 58.084501258686132, 35.623602647287065 ], [ 57.938629863605371, 36.144571915432635 ], [ 57.584370761266385, 36.68637995430403 ], [ 56.959207639491694, 36.936445203013903 ], [ 56.729981161507645, 36.811412578658967 ], [ 56.4173996006203, 36.227926998335924 ], [ 55.958946644652201, 35.748635271642001 ], [ 55.208750898522574, 35.561086335109593 ], [ 53.9584246549732, 35.561086335109593 ], [ 52.812292265052946, 35.602763876561241 ], [ 51.853708811665086, 35.602763876561241 ], [ 50.853447816825593, 35.165149691318959 ], [ 51.020157982632171, 34.748374276802501 ], [ 53.291583991746862, 33.602241886882233 ], [ 54.208489903683066, 32.997917535833366 ], [ 54.687781630376989, 32.893723682204254 ], [ 55.45881614723244, 32.581142121316908 ], [ 55.875591561748898, 32.331076872607035 ], [ 56.438238371346117, 31.935140228816401 ], [ 56.813336244410927, 31.580881126477411 ], [ 57.271789200379033, 30.934879233976901 ], [ 57.626048302718019, 30.101328404943985 ], [ 57.876113551427892, 29.517842824620946 ], [ 58.147017570863589, 28.934357244297903 ], [ 58.793019463364104, 28.559259371233093 ], [ 59.126439794977266, 28.434226746878153 ], [ 59.459860126590435, 28.434226746878153 ], [ 59.959990624010182, 28.455065517603977 ], [ 60.14753956054259, 28.851002161394611 ], [ 60.126700789816766, 29.538681595346766 ], [ 60.00166816546183, 30.05965086349234 ], [ 59.66824783384866, 30.684813985267027 ], [ 59.29314996078385, 31.26829956559007 ], [ 58.959729629170681, 31.685074980106528 ], [ 58.834697004815752, 32.289399331155387 ], [ 58.688825609734991, 33.01875630655919 ], [ 58.355405278121822, 33.727274511237169 ], [ 58.14180787818141, 34.279501935471366 ], [ 58.147017570863589, 34.477470257366797 ], [ 58.266840502536354, 34.571244725632887 ], [ 58.459599131750934, 34.539986569544261 ], [ 59.168117336428914, 34.081533613576156 ], [ 60.355927267800823, 33.331337867446535 ], [ 60.710186370139098, 33.029175691921999 ], [ 60.908154692034415, 32.591561506679717 ], [ 61.022767931027147, 30.78900783889614 ], [ 61.37702703336614, 30.05965086349234 ], [ 61.814641218608422, 29.830424385508287 ], [ 62.648192047641338, 29.684552990427527 ], [ 63.085806232883613, 29.705391761153351 ], [ 63.669291813206655, 29.934618239137404 ], [ 64.195470774032984, 29.99192485863329 ], [ 64.409068173972656, 29.99713455131474 ], [ 64.570568647097787, 29.950247317181642 ], [ 64.674762500726899, 29.882521312322716 ], [ 64.732069120223628, 29.767908073330819 ], [ 64.747698198267287, 29.627246370931388 ], [ 64.669552808046163, 29.476165283169301 ], [ 64.497632949557428, 29.33550358076986 ], [ 64.205890159395892, 29.220890341777839 ], [ 63.481742876674254, 29.163583722281956 ], [ 62.55441757937443, 29.127115873511642 ], [ 62.387707413567846, 29.043760790608349 ], [ 62.30435233066455, 28.814534312624296 ], [ 62.283513559938726, 28.533210907825683 ], [ 62.429384955019486, 28.178951805486694 ], [ 62.62735327691481, 27.824692703147704 ], [ 63.012870535342536, 27.501691756897447 ], [ 63.440065335222606, 27.371449439861188 ], [ 64.023550915545641, 27.308933127683719 ], [ 64.21109985207805, 27.350610669135364 ], [ 64.69039157877198, 27.496482064216124 ], [ 65.378071012724135, 27.934096249458406 ], [ 65.7948464272406, 28.496743059055625 ], [ 66.044911675950473, 29.080228639378664 ], [ 66.232460612482868, 29.538681595346766 ], [ 66.67007479772515, 29.955457009863224 ], [ 67.503625626758065, 30.914040463251077 ], [ 67.727642412060618, 31.257880180227193 ], [ 67.842255651052653, 31.752800984965482 ], [ 67.842255651052653, 31.940349921497894 ], [ 67.774529646193713, 32.034124389764102 ], [ 67.696384255971893, 32.086221316578651 ], [ 67.586980709661361, 32.101850394622986 ], [ 67.232721607322375, 31.976817770268045 ], [ 66.940978817160854, 31.810107604461464 ], [ 66.477316168511237, 31.419380653352331 ], [ 65.914669358914026, 31.210992946094102 ], [ 65.523942407804896, 31.28913833631589 ], [ 65.294715929820839, 31.435009731396651 ], [ 65.070699144518201, 32.065382545852842 ], [ 64.857101744578557, 32.185205477526274 ], [ 64.502842642239571, 32.185205477526274 ], [ 63.981873374094, 32.16436670680045 ], [ 63.695340276613877, 32.247721789703789 ], [ 63.502581647400078, 32.414431955510324 ], [ 63.377549023045134, 32.831207370026782 ], [ 63.247306706008679, 32.909352760248666 ], [ 62.877418525625387, 32.997917535833366 ], [ 62.335610486753993, 33.164627701639951 ], [ 62.033448311229499, 33.352176638172395 ], [ 61.939673842963359, 33.602241886882233 ], [ 62.043867696592407, 33.883565291680881 ], [ 62.314771716028169, 33.977339759947043 ], [ 62.908676681714056, 34.019017301398733 ], [ 63.179580701149753, 34.123211155027846 ], [ 63.273355169415957, 34.289921320834424 ], [ 63.127483774335261, 34.414953945189325 ], [ 62.752385901270451, 34.477470257366789 ], [ 62.32519110139102, 34.675438579262149 ], [ 62.168900320947408, 34.852568130431607 ], [ 62.148061550221527, 35.040117066964051 ], [ 62.283513559939372, 35.154730305956079 ], [ 62.70028897445583, 35.279762930311016 ], [ 63.419226564496782, 35.415214940028818 ], [ 64.336132476432994, 35.706957730190339 ], [ 66.294976924660347, 35.977861749626037 ], [ 67.399431773128953, 35.998700520351861 ], [ 69.160307899460989, 36.592605486037819 ], [ 69.785471021235679, 36.842670734747692 ], [ 70.473150455187834, 37.488672627248206 ], [ 70.702376933171891, 37.988803124667953 ], [ 70.671118777083151, 38.436836695273144 ], [ 70.493989225913651, 38.613966246442637 ], [ 69.389534377445045, 38.384739768458587 ], [ 67.701593948653397, 37.926286812490481 ], [ 67.389012387766044, 37.947125583216305 ], [ 66.951398202523762, 38.18677144656327 ], [ 66.883672197664168, 38.546240241583611 ], [ 67.076430826878706, 38.822353953700869 ], [ 67.998546431495711, 39.327694143801978 ], [ 69.207195133593444, 39.681953246140964 ], [ 71.473411450027371, 40.093518967976067 ], [ 72.34863982051192, 40.218551592331004 ], [ 72.869609088657498, 40.656165777573285 ], [ 73.140513108093188, 41.239651357896321 ], [ 73.077996795915723, 41.718943084590251 ], [ 72.932125400834295, 42.000266489388792 ], [ 72.69247953748733, 42.172186347876831 ], [ 72.3903173619629, 42.156557269832469 ], [ 71.952703176721286, 41.823136938219363 ], [ 71.157858514291604, 41.143587144529121 ], [ 70.785732016074533, 40.885392255557264 ], [ 70.389795372284581, 40.781198401928222 ], [ 69.910503645590651, 40.739520860476574 ], [ 69.597922084702617, 40.895811640920179 ], [ 69.493728231073504, 41.218812587170433 ], [ 69.493728231073504, 41.500135991969046 ], [ 69.639599626154947, 41.989847104025948 ], [ 69.806309791961539, 42.198234811284181 ], [ 70.139730123574708, 42.635848996526455 ], [ 70.139730123574708, 42.865075474510512 ], [ 70.014697499219764, 43.156818264672026 ], [ 69.61876085542913, 43.323528430478611 ], [ 69.243662982364313, 43.573593679188484 ], [ 68.99359773365444, 43.948691552253301 ], [ 68.86856510929951, 44.282111883866463 ], [ 68.889403880025327, 44.448822049673048 ], [ 69.035275275106088, 44.573854674027984 ], [ 69.264501753090144, 44.51133836185052 ], [ 69.764632250509891, 44.302950654592287 ], [ 70.139730123574708, 44.073724176608238 ], [ 70.723215703897736, 43.677787532817604 ], [ 71.202507430591666, 43.531916137736843 ], [ 71.973541947447117, 43.323528430478611 ], [ 72.848770317931681, 43.115140723220385 ], [ 74.036580249303583, 42.990108098865448 ], [ 74.640904600352442, 43.010946869591265 ], [ 75.099357556320541, 43.198495806123674 ], [ 75.120196327046372, 43.469399825559371 ], [ 74.703420912529907, 43.615271220640132 ], [ 74.078257790755231, 43.865336469350005 ], [ 73.890708854222822, 44.073724176608238 ], [ 74.140774102932696, 44.386305737495576 ], [ 75.141035097772189, 44.261273113140639 ], [ 76.141296092611697, 44.052885405882414 ], [ 77.162395858177007, 43.781981386446716 ], [ 77.558332501967641, 43.719465074269245 ], [ 77.725042667774233, 43.969530322979125 ], [ 77.579171272693472, 44.365466966769759 ], [ 77.829236521403345, 44.865597464189506 ], [ 78.287689477371444, 45.164286511259604 ], [ 79.767242198904867, 45.456029301421125 ], [ 81.10092352535753, 45.768610862308471 ], [ 82.434604851810192, 46.039514881744168 ], [ 82.913896578504122, 45.831127174485943 ], [ 83.22647813939146, 45.185125281985428 ], [ 84.101706509876024, 44.935060033275555 ], [ 86.769069162781364, 44.476607077307449 ], [ 91.895406761333788, 44.205703057871759 ], [ 92.856595061061967, 44.091958100993487 ], [ 93.479153336496324, 43.893121496984413 ], [ 94.013146836345143, 43.706440842565762 ], [ 94.122550382655703, 43.586617910892279 ], [ 94.083477687545184, 43.413829770290484 ], [ 94.013146836345143, 43.294875120730758 ], [ 93.773500972998178, 43.247987886597656 ], [ 92.812312673269986, 43.267958375209723 ], [ 88.832107464637815, 43.684733789726181 ], [ 88.29029942576642, 43.434668541016308 ], [ 88.582042215927942, 43.142925750854786 ], [ 88.707074840282885, 42.7886666485158 ], [ 88.352815737943899, 42.476085087628455 ], [ 85.539581689957828, 42.267697380370237 ], [ 82.580476246890953, 42.142664756015307 ], [ 80.163178842695501, 41.767566882950497 ], [ 77.183234628902824, 40.767305888110997 ], [ 75.682843136643584, 40.037948912707193 ], [ 75.43277788793371, 39.433624561658334 ], [ 75.474455429385358, 38.996010376416052 ], [ 76.03710223898257, 38.099943235205671 ], [ 77.537493731241838, 36.849616991656312 ], [ 78.621109808984642, 36.432841577139854 ], [ 80.621631798663628, 36.099421245526692 ], [ 82.372088539632756, 36.057743704075044 ], [ 83.664092324633771, 36.224453869881629 ], [ 84.62267577802163, 36.432841577139854 ], [ 85.789646938667715, 36.807939450204671 ], [ 90.20746633254214, 38.266653401012256 ], [ 92.958184068350761, 38.975171605690235 ], [ 95.375481472546227, 39.058526688593524 ], [ 98.001166583999904, 39.016849147141883 ], [ 99.251492827549285, 38.683428815528714 ], [ 100.626851695453595, 37.974910610850735 ], [ 101.460402524486511, 36.974649616011234 ], [ 102.544018602229329, 35.640968289558572 ], [ 103.836022387230344, 34.724062377622367 ], [ 105.398930191667034, 34.057221714396029 ], [ 106.58674012303895, 33.890511548589444 ], [ 108.816488590701994, 33.775898309597423 ], [ 110.900365663284276, 33.692543226694127 ], [ 112.036078667841622, 33.473736134072986 ], [ 112.25488576046277, 33.244509656088937 ], [ 112.202788833648214, 33.025702563467796 ], [ 111.713077721591375, 32.806895470846655 ], [ 110.421073936590375, 32.858992397661225 ], [ 108.399713176185557, 32.869411783024134 ], [ 107.628678659330106, 32.723540387943373 ], [ 107.399452181346049, 32.588088378225528 ], [ 107.54532357642681, 32.265087431975275 ], [ 108.191325468927289, 31.983764027176655 ], [ 109.441651712476656, 31.650343695563489 ], [ 110.389815780501593, 31.421117217579436 ], [ 110.754494268203501, 31.191890739595383 ], [ 110.858688121832614, 30.993922417700066 ], [ 110.691977956026022, 30.837631637256397 ], [ 110.202266843969184, 30.837631637256397 ], [ 109.274941546670078, 30.712599012901457 ], [ 108.451810103000071, 30.639663315361076 ], [ 107.816227595862472, 30.629243929998168 ], [ 107.003515537555387, 30.920986720159686 ], [ 104.836283382069809, 31.629504924837661 ], [ 104.16944271884347, 31.671182466289309 ], [ 103.252536806907273, 31.212729510321207 ], [ 102.919116475294103, 30.295823598384999 ], [ 102.835761392390808, 29.337240144997146 ], [ 103.002471558197399, 27.586783404028026 ], [ 103.731828533601174, 26.461489784833578 ], [ 104.231959031020921, 26.211424536123705 ], [ 104.836283382069794, 26.044714370317124 ], [ 105.065509860053837, 25.752971580155602 ], [ 105.023832318602189, 25.450809404631169 ], [ 104.825863996706858, 25.054872760840539 ], [ 104.398669196827484, 24.752710585316109 ], [ 103.783925460415716, 24.315096400073827 ], [ 103.658892836060772, 24.033772995275218 ], [ 103.752667304326977, 23.887901600194457 ], [ 103.950635626222294, 23.825385288016989 ], [ 104.773767069892301, 23.960837297734837 ], [ 105.659414825739773, 24.11712807817851 ], [ 106.326255488966112, 24.137966848904334 ], [ 106.763869674208394, 23.887901600194457 ], [ 107.201483859450661, 23.116867083339013 ], [ 107.555742961789662, 22.554220273741795 ], [ 107.597420503241295, 22.345832566483566 ], [ 107.347355254531422, 22.220799942128629 ], [ 106.378352415780654, 22.179122400676981 ], [ 105.774028064731795, 22.272896868943185 ], [ 104.721670143077745, 22.564639659104706 ], [ 103.440085743439639, 22.970995688258252 ], [ 103.033729714286082, 22.856382449266228 ], [ 103.064987870374821, 22.554220273741795 ], [ 103.294214348358878, 22.314574410394833 ], [ 104.148603948117611, 21.293474644829502 ], [ 105.180123099045844, 19.740986225755698 ], [ 105.169703713682935, 19.480501591682909 ], [ 105.023832318602174, 19.365888352690884 ], [ 104.78418645525521, 19.386727123416708 ], [ 104.367411040738745, 19.355468967327973 ], [ 104.159023333480519, 19.240855728335948 ], [ 104.190281489569259, 19.022048635714807 ], [ 104.440346738279132, 18.740725230916198 ], [ 105.180123099045858, 18.084303953052782 ], [ 106.556007928495688, 16.604283962464805 ], [ 107.64951743005588, 15.323166831881245 ], [ 108.25384178110474, 14.312486451678836 ], [ 108.566423341992078, 13.176773447121489 ], [ 108.660197810258282, 12.436997086354776 ], [ 108.472648873725888, 11.895189047483381 ], [ 108.264261166467648, 11.582607486596039 ], [ 107.993357147031958, 11.551349330507303 ], [ 107.847485751951197, 11.822253349943001 ], [ 107.784969439773732, 12.551610325346802 ], [ 107.191064474087767, 13.864452881073644 ], [ 104.909219079610168, 16.875655250955045 ], [ 103.956476678485302, 18.240954087796879 ], [ 103.20019209189374, 18.309632066312773 ], [ 102.998705682387708, 17.961694647691601 ], [ 102.413004998791621, 17.932781683824288 ], [ 102.113591750092482, 18.109101670804165 ], [ 102.085565646261159, 18.469821211480497 ], [ 102.189759499890258, 18.96995170890024 ], [ 102.429405363237223, 19.54301790386037 ], [ 102.491921675414687, 19.876438235473536 ], [ 102.304372738882293, 20.084825942731765 ], [ 101.991791177994941, 20.022309630554297 ], [ 101.658370846381786, 19.803502537933156 ], [ 101.231176046502412, 19.647211757489487 ], [ 100.981110797792539, 19.647211757489487 ], [ 100.751884319808482, 19.918115776925184 ], [ 100.678948622268109, 20.293213649989994 ], [ 100.897755714889243, 20.584956440151515 ], [ 101.314531129405708, 20.897538001038857 ], [ 101.366628056220264, 21.283055259466582 ], [ 101.001949568518356, 22.00199284950747 ], [ 100.803981246623039, 22.147864244588231 ], [ 100.564335383276074, 22.262477483580255 ], [ 100.397625217469496, 22.012412234870382 ], [ 100.147559968759623, 21.418507269184431 ], [ 99.918333490775566, 20.835021688861389 ], [ 99.928752876138475, 20.022309630554297 ], [ 100.08504365658213, 19.62637298676367 ], [ 100.574754768638968, 19.126242489343923 ], [ 100.751884319808454, 18.834499699182402 ], [ 100.71020677835682, 18.584434450472529 ], [ 100.512238456461489, 18.39688551394012 ], [ 100.126721198033778, 18.167659035956071 ], [ 99.709945783517313, 17.855077475068725 ], [ 99.491138690896179, 17.052784802124549 ], [ 99.439041764081622, 16.802719553414676 ], [ 99.329638217771048, 16.615170616882267 ], [ 99.183766822690302, 16.651638465652457 ], [ 99.053524505653897, 16.938171563132524 ], [ 98.964959730069154, 17.18302711916094 ], [ 98.860765876440041, 17.245543431338412 ], [ 98.83992710571421, 17.068413880168919 ], [ 99.04831481297245, 15.7764100951679 ], [ 99.329638217771034, 14.223921676094093 ], [ 99.345267295815404, 12.984014817907633 ], [ 99.256702520230647, 12.296335383955478 ], [ 99.241073442186291, 12.239028764459466 ], [ 98.991008193476418, 12.509932783895163 ], [ 98.605490935048678, 13.697742715267069 ], [ 98.147037979080579, 16.260911514543281 ], [ 98.167876749806396, 17.615431611721768 ], [ 97.859122755934862, 17.567946071843664 ], [ 98.147037979080608, 18.136400879867345 ], [ 98.37626445706465, 18.907435396722793 ], [ 98.959750037387693, 20.512020742611156 ], [ 98.980588808113524, 21.199700176563308 ], [ 98.813878642306932, 21.824863298337995 ], [ 98.626329705774538, 22.095767317773692 ], [ 98.459619539967946, 21.845702069063819 ], [ 98.209554291258073, 21.241377718014956 ], [ 97.646907481660861, 20.095245328094698 ], [ 97.167615754966931, 19.136661874706846 ], [ 96.855034194079593, 18.67820891873874 ], [ 96.563291403918072, 18.803241543093677 ], [ 96.438258779563128, 19.115823103981022 ], [ 96.563291403918072, 20.095245328094698 ], [ 96.730001569724649, 21.13718386438584 ], [ 97.89697273037072, 24.210902546444704 ], [ 98.292909374161354, 25.252841082735845 ], [ 98.303328759524277, 26.273940848301166 ], [ 98.25123183270972, 26.659458106728891 ], [ 97.959489042548199, 27.003297823704969 ], [ 97.740681949927051, 26.909523355438765 ], [ 97.125938213515283, 25.461228789994074 ], [ 96.730001569724649, 24.929840136485591 ], [ 96.573710789280966, 24.867323824308123 ], [ 96.417420008837297, 25.086130916929264 ], [ 96.334064925934015, 25.680035882615215 ], [ 96.209032301579072, 25.91968174596218 ], [ 95.750579345610973, 25.950939902050912 ], [ 95.354642701820339, 25.711294038703951 ], [ 94.656543882505247, 24.398451482977105 ], [ 94.239768467988782, 23.460706800315076 ], [ 94.041800146093465, 22.564639659104692 ], [ 94.198090926537148, 21.460184810636079 ], [ 94.500253102061578, 20.189019796360885 ], [ 94.406478633795373, 19.740986225755695 ], [ 94.1564133850855, 19.64721175748949 ], [ 93.822993053472331, 19.970212703739744 ], [ 93.166571775608915, 21.23095833265203 ], [ 92.551828039197133, 22.773027366362921 ], [ 92.510150497745485, 23.26273847841976 ], [ 92.572666809922936, 23.658675122210393 ], [ 92.84357082935864, 24.117128078178496 ], [ 93.104055463431422, 24.690194273138626 ], [ 93.083216692705605, 24.992356448663056 ], [ 92.791473902544084, 25.054872760840524 ], [ 92.333020946575971, 25.117389073017993 ], [ 92.103794468591929, 25.232002312010021 ], [ 91.947503688148259, 25.419551248542426 ], [ 91.989181229599907, 25.648777726526479 ], [ 92.135052624680668, 25.752971580155592 ], [ 93.176991160971809, 25.940520516687997 ], [ 94.218929697262951, 26.440651014107747 ], [ 95.135835609199162, 27.107491677334082 ], [ 95.573449794441444, 27.378395696769779 ], [ 95.78183750169967, 27.690977257657121 ], [ 95.573449794441444, 27.982720047818642 ], [ 95.198351921376627, 28.024397589270286 ], [ 94.781576506860176, 27.857687423463702 ], [ 94.156413385085486, 27.586783404028004 ], [ 93.218668702423457, 27.19084676023737 ], [ 91.217512648486434, 26.808648179628022 ], [ 90.11369186427585, 26.586522409188508 ], [ 88.717494225645723, 26.753232574995092 ], [ 86.425229445805215, 27.253363072414842 ], [ 83.502591851508498, 28.352608228201973 ], [ 81.585424944732793, 28.936093808525008 ], [ 80.329540118534439, 29.375310359763784 ], [ 77.7719299019072, 30.269775134977685 ], [ 77.000895385051763, 30.592776081227935 ], [ 76.250699638922143, 30.926196412841101 ], [ 75.93811807803479, 31.311713671268826 ], [ 75.906859921946065, 31.457585066349584 ], [ 75.875601765857311, 31.749327856511108 ], [ 75.667214058599086, 32.18694204175339 ], [ 75.354632497711748, 32.551620529455285 ], [ 74.844082614929093, 32.978815329334651 ], [ 74.26059703460605, 33.593559065746426 ], [ 73.749948358051967, 34.317698879527853 ], [ 73.291594195855282, 34.937659777562004 ], [ 72.812302469161352, 35.375273962804286 ], [ 72.291333201015789, 35.625339211514159 ], [ 71.874557786499324, 35.604500440788343 ], [ 71.555952366383451, 35.401751537078241 ], [ 71.186878352547183, 35.166886255546068 ], [ 70.290811211336802, 34.541723133771377 ], [ 69.582293006658816, 33.812366158367581 ], [ 69.332227757948942, 33.291396890222003 ], [ 69.262522007122556, 32.5019440780883 ], [ 69.394744070126421, 31.249197359091362 ], [ 69.186356362868196, 30.186420052074396 ], [ 68.97796865560997, 29.561256930299709 ], [ 68.62370955327097, 29.165320286509058 ], [ 68.394483075286928, 28.998610120702477 ], [ 68.186095368028703, 29.102803974331589 ], [ 67.936030119318815, 29.519579388848047 ], [ 67.769319953512237, 29.915516032638681 ], [ 67.331705768269956, 30.10306496917109 ], [ 67.019124207382617, 29.957193574090329 ], [ 66.935769124479322, 29.769644637557924 ], [ 66.873252812301857, 29.269514140138174 ], [ 66.873252812301857, 28.51931839400855 ], [ 66.727381417221096, 27.831638960056395 ], [ 66.920140046434966, 27.336718155318149 ], [ 67.35775423167722, 26.378134701930289 ], [ 67.441109314580515, 25.940520516688011 ], [ 67.274399148773938, 25.607100185074842 ], [ 66.982656358612417, 25.64877772652649 ], [ 66.75342988062836, 26.232263306849529 ], [ 66.461687090466839, 26.565683638462694 ], [ 65.815685197966332, 26.482328555559402 ], [ 64.648714037320246, 25.961359287413831 ], [ 63.981873374093915, 25.919681745962187 ], [ 63.940195832642274, 26.086391911768768 ], [ 64.002712144819739, 26.294779619026997 ], [ 63.690130583932401, 26.294779619026997 ], [ 62.669030818367077, 26.065553141042948 ], [ 61.272833179736942, 25.857165433784715 ], [ 60.064184477639245, 25.794649121607257 ], [ 59.251472419332153, 25.961359287413842 ], [ 58.709664380460758, 26.148908223946247 ], [ 58.584631756105821, 26.440651014107765 ], [ 58.793019463364047, 26.586522409188525 ], [ 59.376505043687089, 26.774071345720934 ], [ 59.959990624010132, 26.815748887172578 ], [ 60.376766038526583, 26.919942740801694 ], [ 60.480959892155703, 27.25336307241486 ], [ 59.980829394735949, 27.565944633302202 ], [ 58.438760361025061, 27.878526194189547 ], [ 57.792758468524553, 27.98272004781866 ], [ 57.000885180943278, 27.878526194189547 ], [ 56.250689434813658, 27.670138486931318 ], [ 55.375461064329095, 27.461750779673089 ], [ 54.416877610941242, 27.399234467495617 ], [ 53.249906450295164, 27.711816028382962 ], [ 51.957902665294142, 28.524528086690054 ], [ 51.3744170849711, 29.21220752064221 ], [ 50.207445924325029, 30.504211305643217 ], [ 49.623960344001986, 30.98350303233714 ], [ 49.540605261098698, 31.671182466289295 ], [ 49.769831739082747, 31.942086485724992 ], [ 49.957380675615155, 32.254668046612338 ], [ 49.707315426905282, 32.546410836773859 ], [ 48.707054432065782, 32.671443461128796 ], [ 47.956858685936155, 32.817314856209556 ], [ 47.227501710532358, 33.192412729274366 ], [ 45.977175466982985, 34.130157411936395 ], [ 44.455945203997913, 35.588871362743994 ], [ 43.601555604239181, 36.297389567421973 ], [ 42.747166004480441, 36.776681294115896 ], [ 41.74690500964094, 36.964230230648305 ], [ 40.621611390446503, 37.360166874438939 ], [ 39.600511624881186, 37.818619830407037 ], [ 39.037864815283967, 37.901974913310333 ], [ 38.225152756976875, 37.735264747503749 ], [ 37.662505947379657, 37.422683186616403 ], [ 37.412440698669784, 37.016327157462861 ], [ 36.912310201250037, 36.266131411333234 ], [ 36.620567411088516, 36.047324318712093 ], [ 36.417550083163036, 36.04061697035506 ], [ 36.724761264717628, 37.047585313551593 ], [ 36.724761264717628, 37.339328103713115 ], [ 36.53721232818522, 37.464360728068051 ], [ 36.047501216128381, 37.328908718350199 ], [ 35.568209489434459, 37.276811791535636 ], [ 34.984723909111423, 37.255973020809812 ], [ 34.276205704433437, 37.328908718350192 ], [ 34.026140455723564, 37.29765056226146 ], [ 33.77607520701369, 36.92255268919665 ], [ 33.70313950947331, 36.672487440486776 ], [ 33.515590572940908, 36.5161966600431 ], [ 33.234267168142296, 36.474519118591459 ], [ 32.827911138988753, 36.401583421051072 ], [ 32.442393880561028, 36.505777274680192 ], [ 32.015199080681654, 36.755842523390065 ], [ 31.358777802818238, 36.96423023064829 ], [ 30.785711607858108, 37.162198552543607 ], [ 30.358516807978738, 37.141359781817791 ], [ 30.108451559268865, 37.110101625729051 ], [ 29.847966925196079, 36.860036377019178 ], [ 29.608321061849114, 36.703745596575509 ], [ 29.326997657050505, 36.724584367301333 ], [ 29.160287491243924, 36.839197606293354 ], [ 29.003996710800251, 36.985069001374114 ], [ 28.753931462090378, 37.130940396454875 ], [ 28.316317276848096, 37.141359781817791 ], [ 27.920380633057462, 37.141359781817791 ], [ 27.649476613621765, 37.183037323269431 ], [ 27.430669521000624, 37.391425030527664 ], [ 27.566121530718473, 37.537296425608424 ], [ 27.816186779428346, 37.714425976777918 ], [ 27.857864320879994, 38.027007537665263 ], [ 27.816186779428346, 38.256234015649312 ], [ 27.670315384347585, 38.558396191173742 ], [ 27.524443989266828, 38.714686971617418 ], [ 27.441088906363536, 38.9751716056902 ], [ 27.48276644781518, 39.162720542222608 ], [ 27.732831696525054, 39.391947020206658 ], [ 28.170445881767325, 39.516979644561616 ], [ 28.680995764549987, 39.642012268916552 ], [ 29.618740447212016, 39.829561205448961 ], [ 30.254322954349611, 39.808722434723137 ], [ 30.900324846850122, 39.767044893271489 ], [ 31.327519646729492, 39.746206122545665 ] ] ] ] } },
{ "type": "Feature", "properties": { "id": null, "Zone": "тундры", "layer": "eurasia", "path": "D:/kurse4/semestr7/Diplom/diplom3/data/eurasia.shp" }, "geometry": { "type": "MultiPolygon", "coordinates": [ [ [ [ 179.975680926705564, 66.689000106807612 ], [ 180.0, 64.979708702198479 ], [ 179.99281, 64.97433 ], [ 178.707200000000284, 64.53493 ], [ 177.41128, 64.60821 ], [ 178.313000000000102, 64.07593 ], [ 178.90825000000018, 63.25197 ], [ 179.37034, 62.982620000000111 ], [ 179.48636, 62.56894 ], [ 179.22825, 62.304100000000176 ], [ 177.3643, 62.5219 ], [ 174.569290000000251, 61.76915 ], [ 173.68013, 61.65261 ], [ 172.15, 60.95 ], [ 170.6985, 60.336180000000127 ], [ 170.330850000000282, 59.88177 ], [ 168.90046, 60.57355 ], [ 166.294980000000237, 59.788550000000157 ], [ 165.840000000000146, 60.16 ], [ 164.87674, 59.7316 ], [ 163.53929, 59.86871 ], [ 163.217110000000162, 59.21101 ], [ 162.01733, 58.24328 ], [ 162.05297, 57.83912 ], [ 163.19191, 57.615030000000104 ], [ 163.057940000000144, 56.159240000000125 ], [ 162.129580000000146, 56.12219 ], [ 161.70146, 55.285680000000184 ], [ 162.11749, 54.85514 ], [ 160.368770000000268, 54.34433 ], [ 160.021730000000161, 53.20257 ], [ 158.530940000000101, 52.958680000000186 ], [ 158.23118, 51.94269 ], [ 156.789790000000266, 51.01105 ], [ 156.42, 51.7 ], [ 155.99182, 53.15895 ], [ 155.43366, 55.381030000000123 ], [ 155.914420000000291, 56.767920000000174 ], [ 156.75815, 57.3647 ], [ 156.81035, 57.83204 ], [ 158.364330000000109, 58.05575 ], [ 160.15064, 59.31477 ], [ 161.87204, 60.343 ], [ 163.66969, 61.140900000000101 ], [ 164.47355, 62.55061 ], [ 163.258420000000115, 62.466270000000122 ], [ 163.054599097337359, 62.177406244666955 ], [ 161.304142356368232, 62.4899878055543 ], [ 161.773014697699153, 62.854666293256159 ], [ 161.882418244009727, 63.261022322409708 ], [ 162.106435029312308, 63.573603883297054 ], [ 162.335661507296379, 63.667378351563251 ], [ 162.538839521873172, 63.651749273518895 ], [ 162.976453707115439, 63.641329888155973 ], [ 163.648504063023211, 63.422522795534832 ], [ 164.179892716531782, 63.427732488216328 ], [ 165.263508794274571, 63.823669132006962 ], [ 166.685754896311977, 63.891395136865853 ], [ 167.373434330264132, 64.006008375857874 ], [ 167.456789413167428, 64.26649300993067 ], [ 167.352595559538315, 64.526977644003452 ], [ 166.99312676451791, 64.907285209749759 ], [ 166.904561988933125, 65.183398921866882 ], [ 167.034804305969544, 65.365738165717872 ], [ 167.529725110707801, 65.652271263197903 ], [ 168.055904071534854, 65.782513580234323 ], [ 169.181197690729306, 65.990901287492548 ], [ 169.634440954015929, 66.027369136262706 ], [ 169.931393436858912, 65.928384975315083 ], [ 170.139781144117165, 65.532448331524449 ], [ 170.494040246456137, 65.365738165717872 ], [ 171.640172636376406, 65.699158497331041 ], [ 173.630275240692498, 66.616064409267224 ], [ 174.15124450883809, 66.751516418985048 ], [ 174.474245455088322, 66.751516418985048 ], [ 174.703471933072393, 66.668161336081752 ], [ 174.781617323294199, 66.569177175134101 ], [ 174.739939781842565, 66.449354243460618 ], [ 174.583649001398896, 66.355579775194428 ], [ 174.359632216096287, 66.209708380113682 ], [ 174.265857747830097, 66.100304833803094 ], [ 174.224180206378435, 65.970062516766717 ], [ 174.302325596600269, 65.85023958509322 ], [ 174.4638260697254, 65.813771736323048 ], [ 175.016053493959703, 65.876288048500513 ], [ 175.985056332710485, 66.084675755758752 ], [ 177.079091795816169, 66.157611453299126 ], [ 178.07935279065569, 66.261805306928238 ], [ 179.079613785495184, 66.418096087371907 ], [ 179.975680926705564, 66.689000106807612 ] ], [ [ 163.339829771647885, 60.36313076835058 ], [ 163.136651757071178, 60.503792470749836 ], [ 162.808441118139399, 60.503792470749886 ], [ 162.355197854852747, 60.36313076835058 ], [ 160.167126928641324, 58.831481120002593 ], [ 158.901171607047587, 57.893736437340557 ], [ 157.869652456119326, 57.424864096009543 ], [ 157.322634724566484, 56.955991754678521 ], [ 157.18197302216717, 56.471490335303137 ], [ 157.18197302216717, 55.799439979395345 ], [ 157.244489334344649, 54.736662672378372 ], [ 157.072569475856596, 53.642627209272668 ], [ 157.260118412389005, 53.345674726429692 ], [ 157.369521958699579, 53.189383945986016 ], [ 157.619587207409467, 53.111238555764182 ], [ 158.369782953539101, 53.501965506873361 ], [ 158.713622670515178, 54.236532174958626 ], [ 159.135607777713091, 54.955469764999513 ], [ 159.495076572733524, 55.252422247842489 ], [ 160.120239694508228, 55.596261964818574 ], [ 160.432821255395567, 55.846327213528447 ], [ 160.464079411484306, 56.237054164637627 ], [ 160.260901396907514, 56.377715867036933 ], [ 159.666996431221577, 56.393344945081303 ], [ 159.401302104467334, 56.377715867036933 ], [ 159.416931182511689, 56.565264803569342 ], [ 160.057723382330749, 57.002878988811624 ], [ 160.745402816282905, 58.003139983651124 ], [ 161.089242533258982, 58.690819417603286 ], [ 162.089503528098504, 59.58167686613222 ], [ 163.105393600982353, 60.128694597685069 ], [ 163.339829771647885, 60.36313076835058 ] ], [ [ 172.04395740042537, 63.589292535596151 ], [ 170.688605145797737, 63.011794618406995 ], [ 169.733965731668746, 63.011794618406995 ], [ 169.227181845155798, 62.976437603068881 ], [ 168.967897066009641, 62.76429551104021 ], [ 168.956111394230277, 62.56393909079091 ], [ 169.23307468104548, 62.410725357659089 ], [ 169.262538860493919, 62.245725952747904 ], [ 168.673255271525392, 62.080726547836719 ], [ 166.563620023018075, 61.644656692000012 ], [ 166.445763305224347, 61.42072892819197 ], [ 166.775762115046717, 61.267515195060156 ], [ 167.435759734691487, 61.361800569295113 ], [ 168.095757354336229, 61.573942661323784 ], [ 168.720397958642877, 61.609299676661898 ], [ 170.971461268502651, 61.243943851501413 ], [ 171.761101277720456, 62.15144057851294 ], [ 173.045739501671846, 62.15144057851294 ], [ 173.599666075302281, 62.369475506431286 ], [ 174.200735336050172, 62.705367152143353 ], [ 174.996268181157689, 62.917509244172017 ], [ 175.815372369823933, 63.070722977303838 ], [ 176.510727004806796, 63.235722382215023 ], [ 176.587333871372692, 63.453757310133376 ], [ 176.422334466461507, 63.565721192037401 ], [ 176.01572879007324, 63.577506863816772 ], [ 175.308588483310984, 63.524471340809605 ], [ 174.524841309982861, 63.418400294795269 ], [ 173.552523388184795, 63.306436412891259 ], [ 174.13002130537393, 63.724827761058904 ], [ 174.401091756299479, 63.942862688977257 ], [ 174.336270561512919, 64.048933734991593 ], [ 173.935557721014334, 64.02536239143285 ], [ 173.646808762419766, 63.954648360756629 ], [ 172.998596814554389, 63.872148658301043 ], [ 172.04395740042537, 63.589292535596151 ] ] ] ] } },
{ "type": "Feature", "properties": { "id": null, "Zone": "полупустынь и пустынь", "layer": "eurasia", "path": "D:/kurse4/semestr7/Diplom/diplom3/data/eurasia.shp" }, "geometry": { "type": "MultiPolygon", "coordinates": [ [ [ [ 34.265434744646207, 31.219357309520319 ], [ 34.556371697738911, 31.548823960896996 ], [ 34.488107130681357, 31.605538845337321 ], [ 34.752587111151172, 32.072926337201167 ], [ 35.338983011449592, 32.529045194502267 ], [ 35.651564572336937, 32.904143067567084 ], [ 35.891210435683902, 33.143788930914049 ], [ 36.073549679534835, 33.034385384603496 ], [ 36.3131955428818, 33.1281598528697 ], [ 36.532002635502941, 33.576193423474891 ], [ 36.646615874494969, 33.98254945262844 ], [ 36.86542296711611, 34.451421793959454 ], [ 36.86542296711611, 34.576454418314398 ], [ 36.847189042731017, 34.641575576832601 ], [ 36.782067884212822, 34.680648271943511 ], [ 36.706527340331718, 34.691067657306434 ], [ 36.61535771840623, 34.659809501217687 ], [ 36.448194207512103, 34.593935248344067 ], [ 36.48511540136986, 34.925503827971909 ], [ 36.422599089192389, 35.477731252206219 ], [ 36.417550083163036, 36.04061697035506 ], [ 36.620567411088516, 36.047324318712093 ], [ 36.912310201250037, 36.266131411333234 ], [ 37.167157793273496, 36.648402799368419 ], [ 37.662505947379657, 37.422683186616403 ], [ 38.225152756976875, 37.735264747503749 ], [ 39.037864815283967, 37.901974913310333 ], [ 39.600511624881186, 37.818619830407037 ], [ 40.621611390446503, 37.360166874438939 ], [ 41.37184817510353, 37.096194672429988 ], [ 41.74690500964094, 36.964230230648305 ], [ 42.080098676507468, 36.901756418110828 ], [ 42.747166004480441, 36.776681294115896 ], [ 43.601555604239181, 36.297389567421973 ], [ 44.455945203997913, 35.588871362743994 ], [ 45.578466982289811, 34.512480616436697 ], [ 45.977175466982985, 34.130157411936395 ], [ 47.227501710532358, 33.192412729274366 ], [ 47.956858685936155, 32.817314856209556 ], [ 48.707054432065782, 32.671443461128796 ], [ 49.707315426905282, 32.546410836773859 ], [ 49.957380675615155, 32.254668046612338 ], [ 49.769831739082747, 31.942086485724992 ], [ 49.540605261098698, 31.671182466289295 ], [ 49.623960344001986, 30.98350303233714 ], [ 50.207445924325029, 30.504211305643217 ], [ 51.3744170849711, 29.21220752064221 ], [ 51.957902665294142, 28.524528086690054 ], [ 53.249906450295164, 27.711816028382962 ], [ 54.416877610941242, 27.399234467495617 ], [ 55.375461064329095, 27.461750779673089 ], [ 56.250689434813658, 27.670138486931318 ], [ 57.000885180943278, 27.878526194189547 ], [ 57.792758468524553, 27.98272004781866 ], [ 58.438760361025061, 27.878526194189547 ], [ 59.980829394735949, 27.565944633302202 ], [ 60.480959892155703, 27.25336307241486 ], [ 60.376766038526583, 26.919942740801694 ], [ 59.959990624010132, 26.815748887172578 ], [ 59.376505043687089, 26.774071345720934 ], [ 58.793019463364047, 26.586522409188525 ], [ 58.584631756105821, 26.440651014107765 ], [ 58.709664380460758, 26.148908223946247 ], [ 59.251472419332153, 25.961359287413842 ], [ 60.064184477639245, 25.794649121607257 ], [ 61.272833179736942, 25.857165433784715 ], [ 61.774295273013529, 25.93201052233346 ], [ 62.669030818367077, 26.065553141042948 ], [ 63.690130583932401, 26.294779619026997 ], [ 64.002712144819739, 26.294779619026997 ], [ 63.940195832642274, 26.086391911768768 ], [ 63.981873374093915, 25.919681745962187 ], [ 64.648714037320246, 25.961359287413831 ], [ 65.815685197966332, 26.482328555559402 ], [ 66.461687090466839, 26.565683638462694 ], [ 66.75342988062836, 26.232263306849529 ], [ 66.982656358612417, 25.64877772652649 ], [ 67.274399148773938, 25.607100185074842 ], [ 67.441109314580515, 25.940520516688011 ], [ 67.35775423167722, 26.378134701930289 ], [ 66.920140046434966, 27.336718155318149 ], [ 66.727381417221096, 27.831638960056395 ], [ 67.415060851173251, 28.081704208766268 ], [ 68.602870782545168, 28.498479623282734 ], [ 69.01443650437956, 28.736388922402487 ], [ 69.31138898722314, 29.12364274505742 ], [ 69.769841943191238, 30.20725882280021 ], [ 70.019907191901126, 31.249197359091355 ], [ 70.160568894299828, 31.747591292283907 ], [ 70.395005064965929, 31.916038022317686 ], [ 70.728425396579098, 31.916038022317686 ], [ 71.103523269643915, 31.791005397962749 ], [ 71.645331308515296, 31.457585066349584 ], [ 72.520559678999859, 30.749066861671604 ], [ 73.450638462217427, 29.97641347911987 ], [ 73.770885922549226, 29.248675369412368 ], [ 73.906337932267078, 28.883996881710466 ], [ 73.89591854690417, 28.456802081831089 ], [ 73.562498215291015, 27.87331650150805 ], [ 72.728947386258085, 26.87305550666855 ], [ 71.812041474321873, 25.851955741103232 ], [ 71.728686391418577, 25.41434155586095 ], [ 71.582814996337817, 25.060082453521964 ], [ 71.249394664724662, 24.810017204812091 ], [ 70.958822718710906, 24.721582264720947 ], [ 70.770102938030732, 24.66414580973133 ], [ 69.978229650449464, 24.726662121908799 ], [ 69.1030012799649, 24.768339663360443 ], [ 68.456999387464393, 24.51827441465057 ], [ 67.443666619745471, 23.944843654876991 ], [ 67.145441928989072, 24.663611151624647 ], [ 66.372827589793275, 25.425140896093851 ], [ 64.530407749291129, 25.237038682551429 ], [ 62.905700718034609, 25.218409328710209 ], [ 61.49736290878419, 25.078237006118499 ], [ 59.616134067630846, 25.380156561783778 ], [ 58.525761346272304, 25.609961656185732 ], [ 57.397251417882387, 25.739902045183641 ], [ 56.970765822177555, 26.966106268821363 ], [ 56.492138706290206, 27.143304755150197 ], [ 55.723710158110066, 26.964633490501043 ], [ 54.715089552637266, 26.480657863871514 ], [ 53.493096958231348, 26.812368882753049 ], [ 52.483597853409613, 27.580849107365495 ], [ 51.520762566947418, 27.865689602158298 ], [ 50.852948032439542, 28.814520575469388 ], [ 50.115008579311585, 30.147772528599717 ], [ 49.576850213423995, 29.985715236932407 ], [ 48.941333449098551, 30.317090359004037 ], [ 48.567971225789755, 29.926778265903522 ], [ 47.974519077349896, 29.975819200148504 ], [ 48.18318851094449, 29.534476630159762 ], [ 48.093943312376418, 29.306299343375002 ], [ 48.416094191283946, 28.55200429942667 ], [ 48.807594842327177, 27.689627997339883 ], [ 49.299554477745829, 27.461218166609811 ], [ 49.470913527225662, 27.109999294538085 ], [ 50.152422316290881, 26.689663194275997 ], [ 50.212935418504685, 26.277026882425375 ], [ 50.113303257045942, 25.943972276304251 ], [ 50.239858839728754, 25.608049628190926 ], [ 50.527386509000735, 25.327808335872103 ], [ 50.660556675016892, 24.999895534764022 ], [ 50.810108270069577, 24.754742539971378 ], [ 50.743910760303692, 25.482424221289396 ], [ 51.013351678273494, 26.006991685484195 ], [ 51.286461622936059, 26.114582017515868 ], [ 51.589078810437258, 25.801112779233382 ], [ 51.606700473848811, 25.215670477798739 ], [ 51.38960778179063, 24.627385972588058 ], [ 51.579518670463273, 24.245497137951105 ], [ 51.757440626844186, 24.294072984305469 ], [ 51.794389275932872, 24.019826158132506 ], [ 52.577080519425607, 24.177439276622707 ], [ 53.404006788960146, 24.15131684009917 ], [ 54.008000929587581, 24.121757920828216 ], [ 54.693023716048629, 24.797892360935091 ], [ 55.43902469261414, 25.439145209244941 ], [ 56.070820753814559, 26.055464178973981 ], [ 56.362017449779273, 26.395934353128979 ], [ 56.485679152253738, 26.309117946878633 ], [ 56.39142133975335, 25.895990708921246 ], [ 56.261041701080956, 25.714606431576769 ], [ 56.396847365144005, 24.924732163995486 ], [ 56.845140415276006, 24.241673081961505 ], [ 57.4034525897574, 23.878594468678813 ], [ 58.136947869708251, 23.74793060962881 ], [ 58.72921146020542, 23.565667832935361 ], [ 59.180501743410332, 22.992395331305474 ], [ 59.450097690677033, 22.6602709009656 ], [ 59.808060337162857, 22.533611965418217 ], [ 59.806148309168066, 22.310524807214193 ], [ 59.442191196536385, 21.714540513592027 ], [ 59.282407667889913, 21.43388580981485 ], [ 58.861141391846559, 21.114034532144302 ], [ 58.48798587426694, 20.428985907467094 ], [ 58.034318475176605, 20.481437486243337 ], [ 57.826372511634105, 20.24300242764863 ], [ 57.665762160070955, 19.73600495043307 ], [ 57.788700392493325, 19.067570298737678 ], [ 57.694390903560645, 18.94470958096376 ], [ 57.234263950433814, 18.947991034414287 ], [ 56.609650913321929, 18.574267076079465 ], [ 56.512189162019467, 18.087113348863966 ], [ 56.283520949127933, 17.876066799383963 ], [ 55.661491733630641, 17.884128322821496 ], [ 55.269939406155117, 17.632309068263197 ], [ 55.274900343655133, 17.22835439703762 ], [ 54.791002231674042, 16.950696926333379 ], [ 54.239252964093708, 17.044980577049913 ], [ 53.570508253804576, 16.707662665264706 ], [ 53.108572625547509, 16.651051133688952 ], [ 52.385205926325881, 16.382411200419654 ], [ 52.19172936382509, 15.93843313238402 ], [ 52.1681649107, 15.597420355689948 ], [ 51.172515089732485, 15.175249742081492 ], [ 49.57457645040315, 14.708766587782748 ], [ 48.679230584514158, 14.00320241948566 ], [ 48.238947381387419, 13.948089504446372 ], [ 47.938914015500785, 14.007233181204427 ], [ 47.354453566279716, 13.592219753468383 ], [ 46.717076450391744, 13.399699204965019 ], [ 45.877592807810267, 13.347764390511685 ], [ 45.625050083199881, 13.290946153206763 ], [ 45.406458774605255, 13.026905422411433 ], [ 45.144355910020863, 12.953938300015309 ], [ 44.989533318874415, 12.69958690027471 ], [ 44.494576450382851, 12.721652736863348 ], [ 44.175112745954493, 12.585950425664876 ], [ 43.482958611837127, 12.636800035040084 ], [ 43.222871128112132, 13.220950425667425 ], [ 43.25144819516953, 13.767583726450852 ], [ 43.087943963398061, 14.062630316621309 ], [ 42.892245314308724, 14.802249253798749 ], [ 42.60487267433362, 15.213335272680595 ], [ 42.805015496600049, 15.261962795467255 ], [ 42.702437778500659, 15.718885809791999 ], [ 42.823670688657415, 15.911742255105267 ], [ 42.77933230975097, 16.347891343648683 ], [ 42.649572788266084, 16.774635321514964 ], [ 42.347989129410713, 17.075805568912003 ], [ 42.270887892431226, 17.474721787989125 ], [ 41.754381951673963, 17.833046169500975 ], [ 41.22139122901558, 18.67159963630121 ], [ 40.93934126156654, 19.486485297111756 ], [ 40.247652215339826, 20.174634507726491 ], [ 39.801684604660949, 20.338862209550058 ], [ 39.139399448408284, 21.291904812092934 ], [ 39.023695916506796, 21.986875311770195 ], [ 39.066328973147591, 22.57965566659027 ], [ 38.492772251140082, 23.688451036060854 ], [ 38.023860304523623, 24.078685614512935 ], [ 37.483634881344386, 24.285494696545015 ], [ 37.154817742671185, 24.858482977797308 ], [ 37.209491408036001, 25.084541530858107 ], [ 36.93162723160259, 25.602959499610179 ], [ 36.639603712721225, 25.826227525327223 ], [ 36.249136590323815, 26.570135606384881 ], [ 35.640181512196392, 27.376520494083422 ], [ 35.130186801907882, 28.063351955674719 ], [ 34.632336053207979, 28.058546047471566 ], [ 34.787778761541944, 28.607427273059699 ], [ 34.832220493312946, 28.957483425404845 ], [ 34.956037225084259, 29.356554673778845 ], [ 34.92260257339143, 29.501326198844524 ], [ 34.823243288783814, 29.761080761718219 ], [ 34.26544, 31.21936 ], [ 34.265434744646207, 31.219357309520319 ] ], [ [ 40.832603944044656, 21.476682170793929 ], [ 40.342892831987818, 21.758005575592538 ], [ 39.946956188197184, 21.653811721963425 ], [ 39.82192356384224, 21.435004629342281 ], [ 39.832342949205156, 21.184939380632407 ], [ 40.061569427189205, 20.93487413192253 ], [ 40.738829475778452, 20.486840561317337 ], [ 41.363992597553143, 19.851258054179734 ], [ 41.864123094972896, 18.913513371517702 ], [ 42.405931133844291, 17.902832991315286 ], [ 42.781029006909108, 17.183895401274391 ], [ 43.072771797070622, 16.756700601395032 ], [ 43.291578889691763, 16.173215021071989 ], [ 43.270740118965946, 15.475116201756919 ], [ 43.364514587232144, 14.672823528812733 ], [ 43.562482909127453, 13.860111470505634 ], [ 43.656257377393658, 13.443336055989175 ], [ 43.729193074934038, 13.078657568287273 ], [ 43.885483855377714, 12.943205558569424 ], [ 44.656518372233165, 13.27662589018259 ], [ 45.990199698685835, 13.776756387602344 ], [ 48.563787883324977, 14.620726601998173 ], [ 49.407758097720802, 15.006243860425899 ], [ 49.511951951349921, 15.329244806676156 ], [ 49.178531619736752, 15.548051899297297 ], [ 48.751336819857379, 15.568890670023119 ], [ 48.074076771268132, 15.308406035950332 ], [ 47.678140127477498, 14.933308162885519 ], [ 47.26136471296104, 14.912469392159696 ], [ 47.032138234976983, 15.047921401877545 ], [ 46.646620976549258, 14.902050006796784 ], [ 46.427813883928117, 14.7353398409902 ], [ 46.000619084048743, 14.568629675183615 ], [ 45.740134449975955, 14.631145987361085 ], [ 45.729715064613046, 14.891630621433873 ], [ 45.740134449975955, 15.204212182321218 ], [ 45.302520264733673, 15.381341733490713 ], [ 44.906583620943039, 15.36050296276489 ], [ 44.656518372233165, 15.443858045668183 ], [ 44.541905133241137, 15.735600835829704 ], [ 44.635679601507341, 16.152376250346165 ], [ 44.625260216144426, 16.485796581959331 ], [ 44.468969435700757, 16.8192169135725 ], [ 43.791518589051918, 17.319976711491108 ], [ 43.499966596949989, 17.892413605952388 ], [ 43.499966596949989, 18.392544103372142 ], [ 43.562482909127453, 18.788480747162779 ], [ 43.406192128683784, 19.288611244582526 ], [ 43.072771797070615, 19.496998951840759 ], [ 42.676835153279981, 19.559515264018227 ], [ 42.468447446021749, 19.851258054179748 ], [ 42.239220968037699, 20.309711010147854 ], [ 42.030833260779467, 20.76816396611596 ], [ 41.634896616988826, 20.934874131922545 ], [ 41.155604890294903, 20.997390444100013 ], [ 40.94721718303667, 21.164100609906598 ], [ 40.832603944044656, 21.476682170793929 ] ], [ [ 56.055325959258333, 24.915079340554747 ], [ 55.80526071054846, 25.1443058185388 ], [ 55.565614847201495, 25.165144589264624 ], [ 55.378065910669086, 25.102628277087156 ], [ 55.242613900951241, 24.925498725917659 ], [ 55.128000661959213, 24.727530404022342 ], [ 55.107161891233389, 24.435787613860818 ], [ 55.107161891233389, 24.237819291965501 ], [ 55.180097588773769, 24.050270355433092 ], [ 55.367646525306178, 23.821043877449043 ], [ 55.971970876355044, 23.581398014102078 ], [ 56.253294281153657, 23.237558297125997 ], [ 56.472101373774798, 22.820782882609539 ], [ 56.784682934662143, 22.581137019262574 ], [ 56.90971555901708, 22.529040092448014 ], [ 57.545298066154679, 22.435265624181813 ], [ 57.784943929501644, 22.237297302286493 ], [ 57.899557168493672, 21.976812668213707 ], [ 57.930815324582404, 21.643392336600538 ], [ 57.982912251396961, 21.299552619624457 ], [ 58.180880573292285, 21.268294463535725 ], [ 58.38926828055051, 21.507940326882689 ], [ 58.524720290268363, 21.883038199947503 ], [ 58.597655987808743, 22.258136073012317 ], [ 58.618494758534567, 22.570717633899662 ], [ 58.514300904905447, 22.956234892327387 ], [ 58.305913197647222, 23.154203214222704 ], [ 57.743266388049996, 23.237558297125997 ], [ 57.159780807726953, 23.279235838577641 ], [ 56.930554329742904, 23.362590921480937 ], [ 56.607553383492643, 23.727269409182838 ], [ 56.28455243724239, 24.227399906602589 ], [ 56.232455510427833, 24.665014091844871 ], [ 56.055325959258333, 24.915079340554747 ] ] ] ] } },
{ "type": "Feature", "properties": { "id": null, "Zone": "области высотной поясности", "layer": "eurasia", "path": "D:/kurse4/semestr7/Diplom/diplom3/data/eurasia.shp" }, "geometry": { "type": "MultiPolygon", "coordinates": [ [ [ [ 36.448194207512103, 34.593935248344067 ], [ 36.706527340331718, 34.691067657306434 ], [ 36.782067884212822, 34.680648271943511 ], [ 36.847189042731017, 34.641575576832601 ], [ 36.86542296711611, 34.576454418314398 ], [ 36.86542296711611, 34.451421793959454 ], [ 36.646615874494969, 33.98254945262844 ], [ 36.532002635502941, 33.576193423474891 ], [ 36.3131955428818, 33.1281598528697 ], [ 36.073549679534835, 33.034385384603496 ], [ 35.891210435683902, 33.143788930914049 ], [ 35.857887502617217, 33.359511076556124 ], [ 35.909444360068946, 33.740298742940759 ], [ 36.044896369786791, 34.099767537961206 ], [ 36.195977457549013, 34.33420370862671 ], [ 36.448194207512103, 34.593935248344067 ] ] ] ] } },
{ "type": "Feature", "properties": { "id": null, "Zone": "жестколистных вечнозеленых лесов и кустарников (средиземноморского типа)", "layer": "eurasia", "path": "D:/kurse4/semestr7/Diplom/diplom3/data/eurasia.shp" }, "geometry": { "type": "MultiPolygon", "coordinates": [ [ [ [ 39.955008579270924, 43.434997666999223 ], [ 41.947478177876164, 43.086487413472391 ], [ 43.98967770900682, 42.325872281979848 ], [ 44.239742957716693, 42.044548877181242 ], [ 44.208484801627961, 41.856999940648834 ], [ 43.906322626103524, 41.825741784560094 ], [ 43.479127826224158, 41.825741784560094 ], [ 43.343675816506305, 41.752806087019714 ], [ 43.385353357957953, 41.586095921213129 ], [ 43.582745802592733, 41.092143256182567 ], [ 42.288713048512392, 40.979166723823539 ], [ 40.121480893026806, 40.270648519145567 ], [ 37.704183488831347, 40.228970977693919 ], [ 34.995143294474374, 40.687423933662025 ], [ 33.432235490037677, 41.187554431081779 ], [ 32.348619412294887, 41.000005494549377 ], [ 31.681778749068553, 40.562391309307095 ], [ 31.911005227052605, 40.083099582613173 ], [ 31.590609127142137, 40.116962585042607 ], [ 31.371802034520993, 40.033607502139311 ], [ 31.319705107706437, 39.939833033873114 ], [ 31.327519646729492, 39.746206122545665 ], [ 30.900324846850122, 39.767044893271489 ], [ 30.254322954349611, 39.808722434723137 ], [ 29.618740447212016, 39.829561205448961 ], [ 28.680995764549987, 39.642012268916552 ], [ 28.170445881767325, 39.516979644561616 ], [ 27.732831696525054, 39.391947020206658 ], [ 27.48276644781518, 39.162720542222608 ], [ 27.441088906363536, 38.9751716056902 ], [ 27.524443989266828, 38.714686971617418 ], [ 27.670315384347585, 38.558396191173742 ], [ 27.816186779428346, 38.256234015649312 ], [ 27.857864320879994, 38.027007537665263 ], [ 27.816186779428346, 37.714425976777918 ], [ 27.566121530718473, 37.537296425608424 ], [ 27.430669521000624, 37.391425030527664 ], [ 27.649476613621765, 37.183037323269431 ], [ 27.920380633057462, 37.141359781817791 ], [ 28.316317276848096, 37.141359781817791 ], [ 28.753931462090378, 37.130940396454875 ], [ 29.003996710800251, 36.985069001374114 ], [ 29.160287491243924, 36.839197606293354 ], [ 29.326997657050505, 36.724584367301333 ], [ 29.608321061849114, 36.703745596575509 ], [ 29.847966925196079, 36.860036377019178 ], [ 30.108451559268865, 37.110101625729051 ], [ 30.358516807978738, 37.141359781817791 ], [ 30.785711607858108, 37.162198552543607 ], [ 31.358777802818238, 36.96423023064829 ], [ 32.015199080681654, 36.755842523390065 ], [ 32.442393880561028, 36.505777274680192 ], [ 32.827911138988753, 36.401583421051072 ], [ 33.234267168142296, 36.474519118591459 ], [ 33.515590572940908, 36.5161966600431 ], [ 33.70313950947331, 36.672487440486776 ], [ 33.77607520701369, 36.92255268919665 ], [ 34.026140455723564, 37.29765056226146 ], [ 34.276205704433437, 37.328908718350192 ], [ 34.984723909111423, 37.255973020809812 ], [ 35.568209489434459, 37.276811791535636 ], [ 36.047501216128381, 37.328908718350199 ], [ 36.53721232818522, 37.464360728068051 ], [ 36.724761264717628, 37.339328103713115 ], [ 36.724761264717628, 37.047585313551593 ], [ 36.417550083163036, 36.04061697035506 ], [ 36.422599089192389, 35.477731252206219 ], [ 36.48511540136986, 34.925503827971909 ], [ 36.448194207512103, 34.593935248344067 ], [ 36.195977457549013, 34.33420370862671 ], [ 36.044896369786791, 34.099767537961206 ], [ 35.909444360068946, 33.740298742940759 ], [ 35.857887502617217, 33.359511076556139 ], [ 35.821100701650238, 33.277426459276299 ], [ 35.828440711346481, 33.081019206576627 ], [ 35.651564572336937, 32.904143067567084 ], [ 35.338983011449592, 32.529045194502267 ], [ 35.290817599203464, 32.491580483742929 ], [ 35.132320509546211, 32.368296007532877 ], [ 34.752587111151172, 32.072926337201167 ], [ 34.955417107896778, 32.827376410446377 ], [ 35.098457472480675, 33.080539252244265 ], [ 35.126052687324545, 33.090900376918782 ], [ 35.482206658680127, 33.905450140919442 ], [ 35.979592319489399, 34.610058295219133 ], [ 35.998402540843642, 34.644914048800004 ], [ 35.905023227692226, 35.410009467097325 ], [ 36.149762811026534, 35.821534735653671 ], [ 35.782084995269855, 36.274995429014851 ], [ 36.160821567536999, 36.650605577128331 ], [ 35.550936313628313, 36.565442816711325 ], [ 34.714553256984345, 36.795532131490901 ], [ 34.026894972476384, 36.219960028624016 ], [ 32.509158156064075, 36.107563788389186 ], [ 31.699595167779567, 36.64427521417258 ], [ 30.621624790171097, 36.677864895162301 ], [ 30.391096225717064, 36.26298065850699 ], [ 29.699975620245539, 36.144357408180994 ], [ 28.732902866335422, 36.676831366516467 ], [ 27.641186557737317, 36.658822129862742 ], [ 27.048767937943264, 37.653360907535998 ], [ 26.318218214633045, 38.208133246405396 ], [ 26.804700148228733, 38.985760199533516 ], [ 26.170785353304328, 39.463612168936464 ], [ 27.280019972449391, 40.420013739578309 ], [ 28.81997765474722, 40.460011298172212 ], [ 29.240003696415584, 41.219990749672668 ], [ 31.145933872204441, 41.087621568357022 ], [ 32.347979363745708, 41.736264146484615 ], [ 33.513282911927462, 42.018960069337311 ], [ 35.167703891751785, 42.040224921225416 ], [ 36.913127068842101, 41.33535838476427 ], [ 38.347664829264517, 40.948586127275732 ], [ 39.512606642420195, 41.102762763018553 ], [ 40.373432651538224, 41.013672593747351 ], [ 41.554084100110657, 41.535656236327569 ], [ 41.70317060727271, 41.962942816732919 ], [ 41.453470086438386, 42.64512339941794 ], [ 40.875469191253792, 43.013628038091284 ], [ 40.32139448422032, 43.128633938156845 ], [ 39.955008579270924, 43.434997666999223 ] ] ] ] } },
{ "type": "Feature", "properties": { "id": null, "Zone": "степей", "layer": "eurasia", "path": "D:/kurse4/semestr7/Diplom/diplom3/data/eurasia.shp" }, "geometry": { "type": "MultiPolygon", "coordinates": [ [ [ [ 31.327519646729492, 39.746206122545665 ], [ 31.319705107706437, 39.939833033873114 ], [ 31.371802034520993, 40.033607502139311 ], [ 31.590609127142137, 40.116962585042607 ], [ 31.911005227052605, 40.083099582613173 ], [ 32.911266221892106, 39.853873104629116 ], [ 33.744817050925022, 39.937228187532412 ], [ 34.224108777618945, 39.666324168096708 ], [ 34.411657714151353, 39.187032441402785 ], [ 34.640884192135402, 38.770257026886327 ], [ 35.01598206520022, 38.624385631805566 ], [ 35.516112562619966, 38.853612109789616 ], [ 36.537212328185291, 39.187032441402785 ], [ 36.76643880616934, 38.707740714708862 ], [ 36.558051098911108, 38.311804070918221 ], [ 35.76617781132984, 38.0200612807567 ], [ 34.953465753022748, 37.957544968579235 ], [ 34.05739861181236, 37.832512344224298 ], [ 33.390557948586029, 37.853351114950122 ], [ 32.473652036649824, 38.082577592934172 ], [ 31.765133831971845, 38.395159153821517 ], [ 31.494229812536148, 38.603546861079742 ], [ 31.410874729632855, 38.936967192692912 ], [ 31.494229812536148, 39.478775231564306 ], [ 31.327519646729492, 39.746206122545665 ] ] ] ] } },
{ "type": "Feature", "properties": { "id": null, "Zone": "области высотной поясности", "layer": "eurasia", "path": "D:/kurse4/semestr7/Diplom/diplom3/data/eurasia.shp" }, "geometry": { "type": "MultiPolygon", "coordinates": [ [ [ [ 40.342892831987818, 21.758005575592538 ], [ 40.832603944044656, 21.476682170793929 ], [ 40.94721718303667, 21.164100609906598 ], [ 41.155604890294903, 20.997390444100013 ], [ 41.634896616988826, 20.934874131922545 ], [ 42.030833260779467, 20.76816396611596 ], [ 42.239220968037699, 20.309711010147854 ], [ 42.468447446021749, 19.851258054179748 ], [ 42.676835153279981, 19.559515264018227 ], [ 43.072771797070615, 19.496998951840759 ], [ 43.406192128683784, 19.288611244582526 ], [ 43.562482909127453, 18.788480747162779 ], [ 43.499966596949989, 18.392544103372142 ], [ 43.499966596949989, 17.892413605952388 ], [ 43.791518589051918, 17.319976711491108 ], [ 44.468969435700757, 16.8192169135725 ], [ 44.625260216144426, 16.485796581959331 ], [ 44.635679601507341, 16.152376250346165 ], [ 44.541905133241137, 15.735600835829704 ], [ 44.656518372233165, 15.443858045668183 ], [ 44.906583620943039, 15.36050296276489 ], [ 45.302520264733673, 15.381341733490713 ], [ 45.740134449975955, 15.204212182321218 ], [ 45.729715064613046, 14.891630621433873 ], [ 45.740134449975955, 14.631145987361085 ], [ 46.000619084048743, 14.568629675183615 ], [ 46.427813883928117, 14.7353398409902 ], [ 46.646620976549258, 14.902050006796784 ], [ 47.032138234976983, 15.047921401877545 ], [ 47.26136471296104, 14.912469392159696 ], [ 47.678140127477498, 14.933308162885519 ], [ 48.074076771268132, 15.308406035950332 ], [ 48.751336819857379, 15.568890670023119 ], [ 49.178531619736752, 15.548051899297297 ], [ 49.511951951349921, 15.329244806676156 ], [ 49.407758097720802, 15.006243860425899 ], [ 48.563787883324977, 14.620726601998173 ], [ 45.990199698685835, 13.776756387602344 ], [ 44.656518372233165, 13.27662589018259 ], [ 43.885483855377714, 12.943205558569424 ], [ 43.729193074934038, 13.078657568287273 ], [ 43.656257377393658, 13.443336055989175 ], [ 43.562482909127453, 13.860111470505634 ], [ 43.364514587232144, 14.672823528812733 ], [ 43.270740118965946, 15.475116201756919 ], [ 43.291578889691763, 16.173215021071989 ], [ 43.130416581787017, 16.602981175484647 ], [ 43.072771797070622, 16.756700601395032 ], [ 42.781029006909108, 17.183895401274391 ], [ 42.405931133844291, 17.902832991315286 ], [ 41.864123094972896, 18.913513371517702 ], [ 41.363992597553143, 19.851258054179734 ], [ 40.738829475778452, 20.486840561317337 ], [ 40.061569427189205, 20.93487413192253 ], [ 39.832342949205156, 21.184939380632407 ], [ 39.82192356384224, 21.435004629342281 ], [ 39.946956188197184, 21.653811721963425 ], [ 40.342892831987818, 21.758005575592538 ] ] ] ] } },
{ "type": "Feature", "properties": { "id": null, "Zone": "области высотной поясности", "layer": "eurasia", "path": "D:/kurse4/semestr7/Diplom/diplom3/data/eurasia.shp" }, "geometry": { "type": "MultiPolygon", "coordinates": [ [ [ [ 55.565614847201495, 25.165144589264624 ], [ 55.80526071054846, 25.1443058185388 ], [ 56.04770589495655, 24.922064399498051 ], [ 56.055325959258333, 24.915079340554747 ], [ 56.232455510427833, 24.665014091844871 ], [ 56.28455243724239, 24.227399906602589 ], [ 56.607553383492643, 23.727269409182838 ], [ 56.930554329742904, 23.362590921480937 ], [ 57.159780807726953, 23.279235838577641 ], [ 57.743266388049996, 23.237558297125997 ], [ 58.305913197647222, 23.154203214222704 ], [ 58.514300904905447, 22.956234892327387 ], [ 58.618494758534567, 22.570717633899662 ], [ 58.597655987808743, 22.258136073012317 ], [ 58.524720290268363, 21.883038199947503 ], [ 58.38926828055051, 21.507940326882689 ], [ 58.180880573292285, 21.268294463535725 ], [ 57.982912251396961, 21.299552619624457 ], [ 57.930815324582404, 21.643392336600538 ], [ 57.899557168493672, 21.976812668213707 ], [ 57.784943929501644, 22.237297302286493 ], [ 57.545298066154679, 22.435265624181813 ], [ 56.90971555901708, 22.529040092448014 ], [ 56.784682934662143, 22.581137019262574 ], [ 56.472101373774798, 22.820782882609539 ], [ 56.253294281153657, 23.237558297125997 ], [ 55.971970876355044, 23.581398014102078 ], [ 55.527430560331617, 23.757681242869989 ], [ 55.367646525306178, 23.821043877449043 ], [ 55.180097588773769, 24.050270355433092 ], [ 55.107161891233389, 24.237819291965501 ], [ 55.107161891233389, 24.435787613860818 ], [ 55.128000661959213, 24.727530404022342 ], [ 55.242613900951241, 24.925498725917659 ], [ 55.378065910669086, 25.102628277087156 ], [ 55.565614847201495, 25.165144589264624 ] ] ] ] } },
{ "type": "Feature", "properties": { "id": null, "Zone": "области высотной поясности", "layer": "eurasia", "path": "D:/kurse4/semestr7/Diplom/diplom3/data/eurasia.shp" }, "geometry": { "type": "MultiPolygon", "coordinates": [ [ [ [ 36.675460000000101, 45.244690000000105 ], [ 37.941224505836736, 45.097428788514364 ], [ 39.024840583579532, 44.722330915449554 ], [ 39.608326163902575, 44.388910583836385 ], [ 40.816974866000308, 44.305555500933096 ], [ 42.734141772776027, 44.055490252223215 ], [ 43.692725226163894, 43.768957154743163 ], [ 44.797180074632514, 43.404278667041261 ], [ 45.297310572052254, 43.242778193916124 ], [ 45.953731849915691, 43.253197579279032 ], [ 46.360087879069241, 43.227149115871754 ], [ 46.552846508283103, 43.13337464760555 ], [ 46.693508210682396, 42.971874174480419 ], [ 46.943573459392269, 42.492582447786496 ], [ 47.402026415360375, 41.617354077301925 ], [ 47.594785044574252, 41.289143438370218 ], [ 47.922995683505945, 41.002610340890143 ], [ 48.391868024836967, 40.815061404357735 ], [ 48.709659278405766, 40.611883389780964 ], [ 48.777385283264692, 40.523318614196214 ], [ 48.766965897901784, 40.429544145930016 ], [ 48.579416961369375, 40.20031766794596 ], [ 48.298093556570763, 39.991929960687727 ], [ 48.115754312719815, 39.892945799740069 ], [ 47.870898756691389, 39.918994263147354 ], [ 47.610414122618607, 40.106543199679756 ], [ 47.370768259271642, 40.408705375204192 ], [ 47.037347927658466, 40.669190009276974 ], [ 46.464281732698332, 40.830690482402098 ], [ 45.964151235278578, 40.924464950668302 ], [ 45.354617191548257, 41.143272043289443 ], [ 44.208484801627961, 41.856999940648834 ], [ 44.239742957716693, 42.044548877181242 ], [ 43.98967770900682, 42.325872281979848 ], [ 41.947478177876164, 43.086487413472391 ], [ 39.955008579270924, 43.434997666999223 ], [ 38.68, 44.28 ], [ 37.53912, 44.65721 ], [ 36.675460000000101, 45.244690000000105 ] ] ] ] } },
{ "type": "Feature", "properties": { "id": null, "Zone": "области высотной поясности", "layer": "eurasia", "path": "D:/kurse4/semestr7/Diplom/diplom3/data/eurasia.shp" }, "geometry": { "type": "MultiPolygon", "coordinates": [ [ [ [ 138.717519735916653, 50.531138255272715 ], [ 138.821713589545794, 50.624912723538941 ], [ 138.925907443174879, 50.635332108901828 ], [ 139.024891604122558, 50.604073952813117 ], [ 139.118666072388748, 50.452992865050895 ], [ 139.181182384566227, 50.270653621199948 ], [ 139.170762999203305, 49.874716977409314 ], [ 139.113456379707316, 49.619442036017979 ], [ 139.030101296803991, 49.405844636078271 ], [ 138.425776945755132, 48.468099953416242 ], [ 136.737836516963483, 46.530094275914706 ], [ 135.049896088171806, 44.800476305671395 ], [ 133.11189041067027, 43.508472520670374 ], [ 132.934760859500784, 43.430327130448525 ], [ 132.75763130833127, 43.414698052404162 ], [ 132.564872679117428, 43.419907745085617 ], [ 132.413791591355192, 43.498053135307458 ], [ 132.335646201133358, 43.612666374299479 ], [ 132.340855893814819, 43.737698998654423 ], [ 132.37732374258502, 43.956506091275557 ], [ 132.528404830347228, 44.185732569259613 ], [ 132.653437454702157, 44.310765193614557 ], [ 132.861825161960411, 44.467055974058226 ], [ 133.695375990993313, 45.154735408010389 ], [ 134.924863463816877, 46.321706568656474 ], [ 137.008740536399188, 48.530616265593707 ], [ 137.758936282528794, 49.489199718981567 ], [ 138.321583092126019, 50.135201611482074 ], [ 138.717519735916653, 50.531138255272715 ] ] ] ] } },
{ "type": "Feature", "properties": { "id": null, "Zone": "переменно-влажных (в том числе муссонных) лесов", "layer": "eurasia", "path": "D:/kurse4/semestr7/Diplom/diplom3/data/eurasia.shp" }, "geometry": { "type": "MultiPolygon", "coordinates": [ [ [ [ 134.924863463816877, 46.321706568656474 ], [ 133.695375990993313, 45.154735408010389 ], [ 132.861825161960411, 44.467055974058226 ], [ 132.653437454702157, 44.310765193614557 ], [ 132.528404830347228, 44.185732569259613 ], [ 132.37732374258502, 43.956506091275557 ], [ 132.340855893814819, 43.737698998654423 ], [ 132.335646201133358, 43.612666374299479 ], [ 132.413791591355192, 43.498053135307458 ], [ 132.564872679117428, 43.419907745085617 ], [ 132.75763130833127, 43.414698052404162 ], [ 132.934760859500784, 43.430327130448525 ], [ 132.90627, 42.798490000000129 ], [ 132.278070000000184, 43.284560000000113 ], [ 130.935870000000136, 42.55274 ], [ 130.780004853585126, 42.220010361082579 ], [ 130.780003660046759, 42.220007813203225 ], [ 130.78, 42.220000000000141 ], [ 130.77999231657833, 42.220009604277188 ], [ 130.400030552289024, 42.280003567059708 ], [ 129.965948521037262, 41.94136790625106 ], [ 129.667362095254816, 41.601104437825228 ], [ 129.705189243692473, 40.882827867184332 ], [ 129.188114862179987, 40.661807766271991 ], [ 129.010399611528214, 40.485436102859815 ], [ 128.63336836152672, 40.189846910150308 ], [ 127.96741417858135, 40.025412502597561 ], [ 127.533435500194173, 39.756850083976701 ], [ 127.502119582225305, 39.323930772451533 ], [ 127.385434198110275, 39.213472398427655 ], [ 127.783342726757724, 39.050898342437421 ], [ 128.349716424676615, 38.61224294692785 ], [ 129.212919549680066, 37.432392483055949 ], [ 129.460449660358165, 36.784189154602828 ], [ 129.4683044780665, 35.632140611303953 ], [ 129.091376580929591, 35.082484239231434 ], [ 128.185850457879098, 34.890377102186392 ], [ 127.386519403188402, 34.475673733044118 ], [ 126.485747511908755, 34.39004588473648 ], [ 126.373919712429142, 34.934560451795946 ], [ 126.559231398627787, 35.684540513647903 ], [ 126.117397902532289, 36.725484727519259 ], [ 126.860143263863392, 36.893924058574626 ], [ 126.174758742376241, 37.74968577732804 ], [ 125.689103631697208, 37.940010077459021 ], [ 125.568439162295704, 37.752088731429623 ], [ 125.275330438336198, 37.669070542952724 ], [ 125.240087111513162, 37.857224432927438 ], [ 124.981033156433966, 37.94882090916478 ], [ 124.71216067921938, 38.10834605564979 ], [ 124.985994093933982, 38.54847422947968 ], [ 125.221948683778706, 38.665857245430672 ], [ 125.132858514507518, 38.848559271798592 ], [ 125.386589797060594, 39.387957872061165 ], [ 125.321115757346817, 39.55138458918421 ], [ 124.737482131042398, 39.660344346671621 ], [ 124.265624627785314, 39.928493353834156 ], [ 122.867570428560953, 39.63778758397622 ], [ 122.131387974130902, 39.170451768544666 ], [ 121.054554478032856, 38.897471014962846 ], [ 121.58599490772248, 39.360853583324072 ], [ 121.376757033372684, 39.750261338859488 ], [ 122.168595005381064, 40.422442531896024 ], [ 121.640358514493528, 40.946389878903332 ], [ 120.76862877816194, 40.593388169917539 ], [ 119.63960208544907, 39.898055935214245 ], [ 119.023463983233057, 39.252333075511146 ], [ 118.042748651197911, 39.204273993479703 ], [ 117.532702264477109, 38.737635809884083 ], [ 118.059698520989642, 38.061475531561058 ], [ 118.878149855628322, 37.897325344385933 ], [ 118.911636183753444, 37.448463853498708 ], [ 119.702802362142052, 37.156388658185051 ], [ 120.823457472823605, 37.870427761378011 ], [ 121.711258579597995, 37.48112335870718 ], [ 122.35793745329849, 37.454484157860719 ], [ 122.5199947449658, 36.93061432550185 ], [ 121.104163853033072, 36.651329047180425 ], [ 120.637008905114527, 36.111439520811075 ], [ 119.664561802246055, 35.609790554337721 ], [ 119.151208123858595, 34.909859117160437 ], [ 120.227524855633732, 34.360331936168649 ], [ 120.620369093916551, 33.376722723925141 ], [ 121.229014113450233, 32.460318711877193 ], [ 121.90814578663003, 31.692174384074647 ], [ 121.891919386890379, 30.949351508095106 ], [ 121.264257440273283, 30.676267401648701 ], [ 121.503519321784665, 30.142914943964289 ], [ 122.0921138855891, 29.832520453403149 ], [ 121.938428175953064, 29.018022365834781 ], [ 121.684438511238511, 28.225512600206617 ], [ 121.125661248866493, 28.135673122667185 ], [ 120.395473260582321, 27.053206895449321 ], [ 119.585496860839498, 25.740780544532612 ], [ 118.656871372554519, 24.547390855400241 ], [ 117.281606479970876, 23.624501451099658 ], [ 115.890735304835118, 22.78287323657807 ], [ 114.763827345846238, 22.668074042241667 ], [ 114.152546828265642, 22.22376007739615 ], [ 113.806779819800738, 22.548339748621402 ], [ 113.241077915501592, 22.051367499270455 ], [ 111.843592157032475, 21.550493679281473 ], [ 110.785465529424073, 21.397143866455338 ], [ 110.444039341271676, 20.341032619706329 ], [ 109.889861281373612, 20.282457383703488 ], [ 109.627655063924664, 21.008227037026703 ], [ 109.864488153118316, 21.395050970947523 ], [ 108.522812941524407, 21.715212307211814 ], [ 108.050180291782937, 21.552379869060118 ], [ 106.715067987090094, 20.696850694252021 ], [ 105.881682163519031, 19.752050482659698 ], [ 105.662005649846307, 19.05816518806057 ], [ 106.42681684776602, 18.004120998603227 ], [ 107.361953566519745, 16.697456569887052 ], [ 108.269495070429628, 16.079742336486149 ], [ 108.877106561317476, 15.27669057867044 ], [ 109.335269810017223, 13.426028347217724 ], [ 109.200135939573983, 11.666859239137764 ], [ 108.366129998815452, 11.008320624226272 ], [ 107.220928582795239, 10.364483954301832 ], [ 106.405112746203429, 9.530839748569321 ], [ 105.15826378786511, 8.599759629750494 ], [ 104.795185174582386, 9.241038316276502 ], [ 105.076201613385621, 9.918490505406808 ], [ 104.72427498941795, 10.213326593486705 ], [ 104.859726999135802, 10.536327539736963 ], [ 105.199914992292349, 10.889309800658097 ], [ 105.52656766236214, 11.005199881067981 ], [ 105.985020618330239, 10.984361110342157 ], [ 106.297602179217591, 11.119813120060005 ], [ 106.589344969379113, 11.307362056592414 ], [ 106.860248988814803, 11.547007919939377 ], [ 107.047797925347211, 11.807492554012164 ], [ 107.495831495952402, 11.91168640764128 ], [ 107.847485751951197, 11.822253349943001 ], [ 107.993357147031958, 11.551349330507303 ], [ 108.264261166467648, 11.582607486596039 ], [ 108.472648873725888, 11.895189047483381 ], [ 108.660197810258282, 12.436997086354776 ], [ 108.566423341992078, 13.176773447121489 ], [ 108.25384178110474, 14.312486451678836 ], [ 107.64951743005588, 15.323166831881245 ], [ 107.429496217698386, 15.580935917418026 ], [ 106.556007928495688, 16.604283962464805 ], [ 105.180123099045858, 18.084303953052782 ], [ 104.440346738279132, 18.740725230916198 ], [ 104.190281489569259, 19.022048635714807 ], [ 104.175443014339095, 19.125917962325946 ], [ 104.159023333480519, 19.240855728335948 ], [ 104.367411040738745, 19.355468967327973 ], [ 104.78418645525521, 19.386727123416708 ], [ 105.023832318602174, 19.365888352690884 ], [ 105.169703713682935, 19.480501591682909 ], [ 105.180123099045844, 19.740986225755698 ], [ 104.148603948117611, 21.293474644829502 ], [ 103.294214348358878, 22.314574410394833 ], [ 103.064987870374821, 22.554220273741795 ], [ 103.049221037089509, 22.706632995499771 ], [ 103.50451460166056, 22.703756618739209 ], [ 104.070919893955562, 22.770975103948327 ], [ 104.721670143077745, 22.564639659104706 ], [ 105.774028064731795, 22.272896868943185 ], [ 106.378352415780654, 22.179122400676981 ], [ 106.601810631747455, 22.188733506740068 ], [ 107.347355254531422, 22.220799942128629 ], [ 107.597420503241295, 22.345832566483566 ], [ 107.555742961789662, 22.554220273741795 ], [ 107.201483859450661, 23.116867083339013 ], [ 106.763869674208394, 23.887901600194457 ], [ 106.326255488966112, 24.137966848904334 ], [ 105.659414825739773, 24.11712807817851 ], [ 104.773767069892301, 23.960837297734837 ], [ 103.950635626222294, 23.825385288016989 ], [ 103.752667304326977, 23.887901600194457 ], [ 103.658892836060772, 24.033772995275218 ], [ 103.783925460415716, 24.315096400073827 ], [ 104.398669196827484, 24.752710585316109 ], [ 104.825863996706858, 25.054872760840539 ], [ 105.023832318602189, 25.450809404631169 ], [ 105.065509860053837, 25.752971580155602 ], [ 104.836283382069794, 26.044714370317124 ], [ 104.231959031020921, 26.211424536123705 ], [ 103.731828533601174, 26.461489784833578 ], [ 103.002471558197399, 27.586783404028026 ], [ 102.835761392390808, 29.337240144997146 ], [ 102.919116475294103, 30.295823598384999 ], [ 103.252536806907273, 31.212729510321207 ], [ 104.16944271884347, 31.671182466289309 ], [ 104.836283382069809, 31.629504924837661 ], [ 107.003515537555387, 30.920986720159686 ], [ 107.816227595862472, 30.629243929998168 ], [ 108.451810103000071, 30.639663315361076 ], [ 109.274941546670078, 30.712599012901457 ], [ 110.202266843969184, 30.837631637256397 ], [ 110.691977956026022, 30.837631637256397 ], [ 110.858688121832614, 30.993922417700066 ], [ 110.754494268203501, 31.191890739595383 ], [ 110.389815780501593, 31.421117217579436 ], [ 109.441651712476656, 31.650343695563489 ], [ 108.191325468927289, 31.983764027176655 ], [ 107.54532357642681, 32.265087431975275 ], [ 107.399452181346049, 32.588088378225528 ], [ 107.628678659330106, 32.723540387943373 ], [ 108.399713176185557, 32.869411783024134 ], [ 110.421073936590375, 32.858992397661225 ], [ 111.713077721591375, 32.806895470846655 ], [ 112.202788833648214, 33.025702563467796 ], [ 112.25488576046277, 33.244509656088937 ], [ 112.663846635956531, 33.896589523384542 ], [ 113.268170987005433, 35.563691181450359 ], [ 113.163977133376321, 36.793178654273916 ], [ 113.684946401521884, 38.29357014653317 ], [ 114.935272645071265, 40.148220741131418 ], [ 116.018888722814069, 41.023449111615982 ], [ 118.457024897735323, 41.898677482100553 ], [ 120.499224428865986, 42.607195686778532 ], [ 122.874844291609804, 43.065648642746638 ], [ 125.271302925079439, 43.774166847424617 ], [ 126.292402690644764, 44.274297344844371 ], [ 127.271824914758412, 45.170364486054787 ], [ 127.480212622016651, 45.753850066377836 ], [ 127.45937385129082, 46.191464251620118 ], [ 127.376018768387539, 46.399851958878344 ], [ 126.938404583145257, 46.837466144120626 ], [ 126.396596544273848, 47.066692622104682 ], [ 125.896466046854101, 47.379274182992027 ], [ 125.60472325669258, 47.879404680411774 ], [ 125.500529403063467, 48.358696407105704 ], [ 125.333819237256876, 48.775471821622162 ], [ 125.042076447095354, 49.150569694686979 ], [ 124.812849969111312, 49.567345109203437 ], [ 125.021237676369537, 49.984120523719902 ], [ 125.250464154353594, 50.40089593823636 ], [ 126.104853754112327, 50.817671352752818 ], [ 127.230147373306778, 51.213607996543459 ], [ 128.001181890162229, 51.317801850172572 ], [ 129.709961089679695, 51.171930455091811 ], [ 130.397640523631878, 50.963542747833579 ], [ 130.981126103954921, 50.901026435656114 ], [ 131.293707664842259, 50.671799957672057 ], [ 131.397901518471343, 50.286282699244332 ], [ 131.41874028919716, 50.088314377349015 ], [ 131.335385206293864, 49.84866851400205 ], [ 131.210352581938935, 49.692377733558374 ], [ 131.06448118685816, 49.473570640937233 ], [ 130.991545489317787, 49.233924777590268 ], [ 131.179094425850195, 49.098472767872423 ], [ 131.595869840366646, 49.004698299606218 ], [ 132.106419723149315, 49.160989080049887 ], [ 133.221293956980844, 49.67153896283255 ], [ 134.106941712828331, 50.129991918800656 ], [ 134.784201761417563, 50.452992865050916 ], [ 135.586494434361754, 50.650961186946233 ], [ 136.545077887749613, 50.817671352752818 ], [ 137.159821624161395, 50.744735655212438 ], [ 137.39946748750836, 50.452992865050916 ], [ 137.30569301924217, 49.963281752994078 ], [ 136.972272687628987, 49.265182933679007 ], [ 136.763884980370761, 48.96302075815457 ], [ 137.008740536399188, 48.530616265593707 ], [ 134.924863463816877, 46.321706568656474 ] ], [ [ 128.84515210455811, 42.73222831113349 ], [ 128.386699148590026, 42.763486467222222 ], [ 127.719858485363673, 42.482163062423609 ], [ 127.146792290403539, 42.190420272262088 ], [ 126.54246793935468, 42.117484574721708 ], [ 126.198628222378602, 41.982032565003863 ], [ 126.104853754112398, 41.731967316293982 ], [ 126.073595598023658, 41.440224526132461 ], [ 125.906885432217081, 41.210998048148411 ], [ 125.500529403063524, 40.77338386290613 ], [ 125.260883539716602, 40.544157384922066 ], [ 125.177528456813278, 40.210737053308904 ], [ 125.240044768990771, 40.033607502139404 ], [ 125.542206944515172, 39.929413648510298 ], [ 125.88604666149125, 39.918994263147383 ], [ 126.026708363890563, 39.892945799740097 ], [ 126.136111910201123, 39.783542253429538 ], [ 126.167370066289834, 39.418863765727622 ], [ 126.084014983386567, 39.085443434114467 ], [ 125.896466046854158, 38.626990478146361 ], [ 125.896466046854144, 38.42902215625103 ], [ 126.03191805657201, 38.283150761170269 ], [ 126.427854700362644, 38.116440595363684 ], [ 126.683719924018931, 37.804772854151182 ], [ 127.240566758669743, 37.491277473588994 ], [ 127.381228461069071, 37.069292366391089 ], [ 127.448954465927969, 36.345145083668733 ], [ 127.391647846431979, 35.943998747196645 ], [ 127.490632007379617, 35.699143191168218 ], [ 127.824052338992786, 35.532433025361634 ], [ 128.178311441331772, 35.636626878990747 ], [ 128.36586037786418, 35.970047210603916 ], [ 128.449215460767476, 36.47017770802367 ], [ 128.470054231493293, 37.032824517620888 ], [ 128.39190884127143, 37.329777000463871 ], [ 128.261666524235068, 37.57463255649229 ], [ 127.844891109718617, 37.9497304295571 ], [ 127.032179051411518, 38.595732322057614 ], [ 126.73001687588706, 39.15837913165484 ], [ 126.657081178346672, 39.481380077905094 ], [ 126.719597490524166, 39.804381024155347 ], [ 127.428115695202152, 40.450382916655862 ], [ 128.470054231493293, 41.033868496978904 ], [ 128.928507187461406, 41.596515306576123 ], [ 129.116056123993815, 42.034129491818405 ], [ 129.095217353267998, 42.534259989238159 ], [ 128.84515210455811, 42.73222831113349 ] ] ] ] } },
{ "type": "Feature", "properties": { "id": null, "Zone": "области высотной поясности", "layer": "eurasia", "path": "D:/kurse4/semestr7/Diplom/diplom3/data/eurasia.shp" }, "geometry": { "type": "MultiPolygon", "coordinates": [ [ [ [ 125.906885432217081, 41.210998048148411 ], [ 126.073595598023658, 41.440224526132461 ], [ 126.104853754112398, 41.731967316293982 ], [ 126.198628222378602, 41.982032565003863 ], [ 126.54246793935468, 42.117484574721708 ], [ 127.146792290403539, 42.190420272262088 ], [ 127.719858485363673, 42.482163062423609 ], [ 128.386699148590026, 42.763486467222222 ], [ 128.84515210455811, 42.73222831113349 ], [ 129.095217353267998, 42.534259989238159 ], [ 129.105477983077918, 42.288004873799792 ], [ 129.116056123993815, 42.034129491818405 ], [ 128.928507187461406, 41.596515306576123 ], [ 128.470054231493293, 41.033868496978904 ], [ 127.428115695202152, 40.450382916655862 ], [ 126.719597490524166, 39.804381024155347 ], [ 126.657081178346672, 39.481380077905094 ], [ 126.73001687588706, 39.15837913165484 ], [ 127.032179051411518, 38.595732322057614 ], [ 127.428798257620983, 38.280470901737274 ], [ 127.844891109718617, 37.9497304295571 ], [ 128.261666524235068, 37.57463255649229 ], [ 128.39190884127143, 37.329777000463871 ], [ 128.470054231493293, 37.032824517620888 ], [ 128.449215460767476, 36.47017770802367 ], [ 128.36586037786418, 35.970047210603916 ], [ 128.178311441331772, 35.636626878990747 ], [ 127.824052338992786, 35.532433025361634 ], [ 127.490632007379617, 35.699143191168218 ], [ 127.391647846431979, 35.943998747196645 ], [ 127.448954465927969, 36.345145083668733 ], [ 127.381228461069071, 37.069292366391089 ], [ 127.240566758669743, 37.491277473588994 ], [ 126.683719924018931, 37.804772854151182 ], [ 126.427854700362644, 38.116440595363684 ], [ 126.03191805657201, 38.283150761170269 ], [ 125.896466046854144, 38.42902215625103 ], [ 125.896466046854158, 38.626990478146361 ], [ 126.084014983386567, 39.085443434114467 ], [ 126.167370066289834, 39.418863765727622 ], [ 126.136111910201123, 39.783542253429538 ], [ 126.026708363890563, 39.892945799740097 ], [ 125.88604666149125, 39.918994263147383 ], [ 125.542206944515172, 39.929413648510298 ], [ 125.240044768990771, 40.033607502139404 ], [ 125.177528456813278, 40.210737053308904 ], [ 125.260883539716602, 40.544157384922066 ], [ 125.500529403063524, 40.77338386290613 ], [ 125.503188492448501, 40.776247497628411 ], [ 125.906885432217081, 41.210998048148411 ] ] ] ] } },
{ "type": "Feature", "properties": { "id": null, "Zone": "саванн и редколесий", "layer": "eurasia", "path": "D:/kurse4/semestr7/Diplom/diplom3/data/eurasia.shp" }, "geometry": { "type": "MultiPolygon", "coordinates": [ [ [ [ 94.406478633795373, 19.740986225755695 ], [ 94.500253102061578, 20.189019796360885 ], [ 94.198090926537148, 21.460184810636079 ], [ 94.041800146093465, 22.564639659104692 ], [ 94.239768467988782, 23.460706800315076 ], [ 94.656543882505247, 24.398451482977105 ], [ 95.354642701820339, 25.711294038703951 ], [ 95.750579345610973, 25.950939902050912 ], [ 96.209032301579072, 25.91968174596218 ], [ 96.334064925934015, 25.680035882615215 ], [ 96.417420008837297, 25.086130916929264 ], [ 96.573710789280966, 24.867323824308123 ], [ 96.730001569724649, 24.929840136485591 ], [ 97.125938213515283, 25.461228789994074 ], [ 97.740681949927051, 26.909523355438765 ], [ 97.959489042548199, 27.003297823704969 ], [ 98.25123183270972, 26.659458106728891 ], [ 98.303328759524277, 26.273940848301166 ], [ 98.29632584937805, 25.587655653971186 ], [ 98.292909374161354, 25.252841082735845 ], [ 97.89697273037072, 24.210902546444704 ], [ 97.788941352568798, 23.92635561384142 ], [ 96.730001569724649, 21.13718386438584 ], [ 96.563291403918072, 20.095245328094698 ], [ 96.438258779563128, 19.115823103981022 ], [ 96.563291403918072, 18.803241543093677 ], [ 96.855034194079593, 18.67820891873874 ], [ 96.571105942939752, 18.32481809851333 ], [ 96.362718235681527, 18.178946703432569 ], [ 96.070975445520006, 18.095591620529277 ], [ 95.737555113906836, 18.095591620529277 ], [ 95.320779699390371, 18.241463015610037 ], [ 94.987359367777202, 18.741593513029791 ], [ 94.406478633795373, 19.740986225755695 ] ] ] ] } },
{ "type": "Feature", "properties": { "id": null, "Zone": "влажных экваториальных лесов", "layer": "eurasia", "path": "D:/kurse4/semestr7/Diplom/diplom3/data/eurasia.shp" }, "geometry": { "type": "MultiPolygon", "coordinates": [ [ [ [ 100.557407668055021, 4.767280381688295 ], [ 101.020183492902987, 5.321425165599778 ], [ 101.145216117257917, 4.717100814550911 ], [ 101.259829356249952, 4.352422326849009 ], [ 101.42653952205653, 4.060679536687487 ], [ 101.645346614677663, 3.758517361163054 ], [ 101.822476165847164, 3.643904122171027 ], [ 102.072541414557037, 3.623065351445204 ], [ 102.197574038911981, 3.8001949026147 ], [ 102.239251580363629, 4.185712161042425 ], [ 102.093380185282868, 4.675423273099265 ], [ 101.728701697580959, 5.175553770519017 ], [ 101.364023209879065, 5.634006726487122 ], [ 101.801637395121347, 6.59259017987498 ], [ 102.141186964936381, 6.221636053894628 ], [ 102.371147088635212, 6.128205064310919 ], [ 102.96170535686673, 5.524495144061106 ], [ 103.381214634212171, 4.855001125503748 ], [ 103.438575474056123, 4.181605536308339 ], [ 103.332122023534865, 3.726697902842986 ], [ 103.429428745540491, 3.382868760589005 ], [ 103.502447544368891, 2.791018581550176 ], [ 103.854674106870306, 2.515454006353764 ], [ 104.24793175661145, 1.631141058759084 ], [ 104.228811476663481, 1.293048000489492 ], [ 103.519707472754391, 1.226333726400682 ], [ 102.573615350354771, 1.967115383304687 ], [ 101.390638462329193, 2.760813706875581 ], [ 101.273539666755823, 3.270291652841152 ], [ 100.695435418706637, 3.93913971599487 ], [ 100.557407668055021, 4.767280381688295 ] ] ] ] } },
{ "type": "Feature", "properties": { "id": null, "Zone": "области высотной поясности", "layer": "eurasia", "path": "D:/kurse4/semestr7/Diplom/diplom3/data/eurasia.shp" }, "geometry": { "type": "MultiPolygon", "coordinates": [ [ [ [ 101.364023209879065, 5.634006726487122 ], [ 101.728701697580959, 5.175553770519017 ], [ 102.093380185282868, 4.675423273099265 ], [ 102.239251580363629, 4.185712161042425 ], [ 102.197574038911981, 3.8001949026147 ], [ 102.072541414557037, 3.623065351445204 ], [ 101.822476165847164, 3.643904122171027 ], [ 101.645346614677663, 3.758517361163054 ], [ 101.42653952205653, 4.060679536687487 ], [ 101.259829356249952, 4.352422326849009 ], [ 101.145216117257917, 4.717100814550911 ], [ 101.020183492902987, 5.321425165599778 ], [ 101.041022263628804, 5.488135331406363 ], [ 101.103538575806269, 5.618377648442758 ], [ 101.233780892842674, 5.654845497212948 ], [ 101.364023209879065, 5.634006726487122 ] ] ] ] } },
{ "type": "Feature", "properties": { "id": null, "Zone": "переменно-влажных (в том числе муссонных) лесов", "layer": "eurasia", "path": "D:/kurse4/semestr7/Diplom/diplom3/data/eurasia.shp" }, "geometry": { "type": "MultiPolygon", "coordinates": [ [ [ [ 100.097797479251113, 13.406856390837433 ], [ 100.018732537844556, 12.307001044153354 ], [ 99.47892052612363, 10.846366685423547 ], [ 99.153772414143162, 9.963061428258555 ], [ 99.222398716226763, 9.239255479362427 ], [ 99.873831821698133, 9.20786204674512 ], [ 100.279646844486223, 8.295152899606052 ], [ 100.459274123132758, 7.429572658717177 ], [ 101.017327915452725, 6.856868597842478 ], [ 101.62307905477806, 6.74062246340192 ], [ 101.791979763602839, 6.571435367977296 ], [ 101.411465259401112, 5.737927406392574 ], [ 101.364023209879065, 5.634006726487122 ], [ 101.233780892842674, 5.654845497212948 ], [ 101.103538575806269, 5.618377648442758 ], [ 101.041022263628804, 5.488135331406363 ], [ 101.020183492902987, 5.321425165599778 ], [ 100.557407668055021, 4.767280381688295 ], [ 100.196706170657748, 5.312492580583708 ], [ 100.306260207116523, 6.040561835143905 ], [ 100.085756870527106, 6.464489447450291 ], [ 99.690690545655755, 6.848212795433597 ], [ 99.519641554769635, 7.34345388430276 ], [ 98.988252801512303, 7.907993068875328 ], [ 98.503786248775995, 8.382305202666288 ], [ 98.339661899817003, 7.794511623562386 ], [ 98.150009393305822, 8.350007432483878 ], [ 98.259150018306258, 8.973922837759801 ], [ 98.553550653073046, 9.932959906448545 ], [ 98.457174106848726, 10.67526601810515 ], [ 98.764545526120784, 11.441291612183749 ], [ 98.428338657629851, 12.032986761925685 ], [ 98.509574009192676, 13.122377631070677 ], [ 98.103603957107694, 13.640459703012851 ], [ 97.777732375075175, 14.837285874892642 ], [ 97.597071567782763, 16.100567938699768 ], [ 97.164539829499802, 16.92873444260934 ], [ 96.505768670642993, 16.427240505432849 ], [ 95.369352248112406, 15.714389960182601 ], [ 94.80840457558412, 15.803454291237641 ], [ 94.188804152404543, 16.037936102762018 ], [ 94.533485955791349, 17.277240301985728 ], [ 94.324816522196755, 18.2135139022499 ], [ 93.540988397193644, 19.366492621330025 ], [ 93.663254835996213, 19.726961574781996 ], [ 93.078277622452191, 19.855144965081976 ], [ 92.36855350135562, 20.670883287025347 ], [ 92.082886183646139, 21.19219513598577 ], [ 92.02521528520839, 21.701569729086767 ], [ 91.834890985077436, 22.182935695885565 ], [ 91.41708702999766, 22.765019029221222 ], [ 90.496006300827275, 22.805016587815128 ], [ 90.586956821660976, 22.392793687422866 ], [ 90.272970819055558, 21.836367702720111 ], [ 89.847467075564282, 22.039146023033425 ], [ 89.702049595094934, 21.857115790285306 ], [ 89.418862746135488, 21.966178900637299 ], [ 89.031961297566227, 22.055708319582976 ], [ 88.888765903685425, 21.690588487224748 ], [ 88.208497348995223, 21.703171698487807 ], [ 86.975704380240273, 21.495561631755209 ], [ 87.033168572948867, 20.743307806882413 ], [ 86.499351027373791, 20.151638495356607 ], [ 85.620379519089454, 19.740543823938573 ], [ 84.565369158525456, 20.017099937872821 ], [ 82.814912417556343, 20.975683391260674 ], [ 81.814651422716835, 21.892589303196878 ], [ 81.314520925297089, 22.746978902955618 ], [ 81.314520925297089, 23.142915546746252 ], [ 81.439553549652032, 23.580529731988534 ], [ 81.877167734894314, 23.93478883432752 ], [ 82.460653315217357, 24.184854083037397 ], [ 83.085816436992033, 24.184854083037397 ], [ 84.06523866110571, 24.018143917230816 ], [ 84.836273177961161, 23.768078668520939 ], [ 85.503113841187485, 23.55969096126271 ], [ 86.128276962962175, 23.476335878359421 ], [ 86.503374836026993, 23.809756209972583 ], [ 86.711762543285218, 24.289047936666513 ], [ 86.711762543285218, 24.810017204812084 ], [ 86.440858523849528, 25.726923116748289 ], [ 85.669824006994077, 26.51879640432956 ], [ 85.309248624289751, 26.719116061387517 ], [ 85.17566937004932, 26.793326758187753 ], [ 84.356981451267231, 27.24815337973336 ], [ 84.328255230112617, 27.267687210118495 ], [ 83.836012183121667, 27.602412482072349 ], [ 83.502591851508498, 28.352608228201973 ], [ 86.425229445805215, 27.253363072414842 ], [ 88.161514761300751, 26.874537185397632 ], [ 88.717494225645723, 26.753232574995092 ], [ 90.11369186427585, 26.586522409188508 ], [ 91.217512648486434, 26.808648179628022 ], [ 92.033483514375092, 26.838310451763562 ], [ 92.048230520983964, 26.96730606696806 ], [ 93.218668702423457, 27.19084676023737 ], [ 94.156413385085486, 27.586783404028004 ], [ 94.781576506860176, 27.857687423463702 ], [ 95.198351921376627, 28.024397589270286 ], [ 95.573449794441444, 27.982720047818642 ], [ 95.78183750169967, 27.690977257657121 ], [ 95.573449794441444, 27.378395696769779 ], [ 95.135835609199162, 27.107491677334082 ], [ 94.218929697262951, 26.440651014107747 ], [ 93.176991160971809, 25.940520516687997 ], [ 92.135052624680668, 25.752971580155592 ], [ 91.989181229599907, 25.648777726526479 ], [ 91.947503688148259, 25.419551248542426 ], [ 92.103794468591929, 25.232002312010021 ], [ 92.333020946575971, 25.117389073017993 ], [ 92.791473902544084, 25.054872760840524 ], [ 93.083216692705605, 24.992356448663056 ], [ 93.104055463431422, 24.690194273138626 ], [ 92.84357082935864, 24.117128078178496 ], [ 92.572666809922936, 23.658675122210393 ], [ 92.510150497745485, 23.26273847841976 ], [ 92.551828039197133, 22.773027366362921 ], [ 92.816078255444467, 22.110162417132329 ], [ 93.166571775608915, 21.23095833265203 ], [ 93.822993053472331, 19.970212703739744 ], [ 94.1564133850855, 19.64721175748949 ], [ 94.406478633795373, 19.740986225755695 ], [ 94.987359367777202, 18.741593513029791 ], [ 95.320779699390371, 18.241463015610037 ], [ 95.737555113906836, 18.095591620529277 ], [ 96.070975445520006, 18.095591620529277 ], [ 96.362718235681527, 18.178946703432569 ], [ 96.571105942939752, 18.32481809851333 ], [ 96.855034194079593, 18.67820891873874 ], [ 97.167615754966931, 19.136661874706846 ], [ 97.646907481660861, 20.095245328094698 ], [ 98.209554291258073, 21.241377718014956 ], [ 98.459619539967946, 21.845702069063819 ], [ 98.626329705774538, 22.095767317773692 ], [ 98.813878642306932, 21.824863298337995 ], [ 98.980588808113524, 21.199700176563308 ], [ 98.959750037387693, 20.512020742611156 ], [ 98.677220635627322, 19.735064887770129 ], [ 98.37626445706465, 18.907435396722793 ], [ 98.147037979080608, 18.136400879867345 ], [ 97.859122755934862, 17.567946071843664 ], [ 98.167876749806396, 17.615431611721768 ], [ 98.161789304845726, 17.21974768927814 ], [ 98.147037979080579, 16.260911514543281 ], [ 98.336606389340503, 15.201051766271897 ], [ 98.442704113594601, 14.6078690352149 ], [ 98.605490935048678, 13.697742715267069 ], [ 98.991008193476418, 12.509932783895163 ], [ 99.241073442186291, 12.239028764459466 ], [ 99.256702520230647, 12.296335383955478 ], [ 99.293110208016415, 12.579030371468468 ], [ 99.345267295815404, 12.984014817907633 ], [ 99.551050156732416, 13.198480499960882 ], [ 99.894889873708493, 13.417287592582023 ], [ 100.097797479251113, 13.406856390837433 ] ] ] ] } },
{ "type": "Feature", "properties": { "id": null, "Zone": "саванн и редколесий", "layer": "eurasia", "path": "D:/kurse4/semestr7/Diplom/diplom3/data/eurasia.shp" }, "geometry": { "type": "MultiPolygon", "coordinates": [ [ [ [ 99.345267295815404, 12.984014817907633 ], [ 99.329638217771034, 14.223921676094093 ], [ 99.04831481297245, 15.7764100951679 ], [ 98.83992710571421, 17.068413880168919 ], [ 98.860765876440041, 17.245543431338412 ], [ 98.964959730069154, 17.18302711916094 ], [ 99.053524505653897, 16.938171563132524 ], [ 99.183766822690302, 16.651638465652457 ], [ 99.329638217771048, 16.615170616882267 ], [ 99.439041764081622, 16.802719553414676 ], [ 99.491138690896179, 17.052784802124549 ], [ 99.709945783517313, 17.855077475068725 ], [ 100.126721198033778, 18.167659035956071 ], [ 100.512238456461489, 18.39688551394012 ], [ 100.71020677835682, 18.584434450472529 ], [ 100.751884319808454, 18.834499699182402 ], [ 100.574754768638968, 19.126242489343923 ], [ 100.08504365658213, 19.62637298676367 ], [ 99.928752876138475, 20.022309630554297 ], [ 99.924672294523148, 20.340594996549683 ], [ 99.918333490775566, 20.835021688861389 ], [ 100.147559968759623, 21.418507269184431 ], [ 100.238513161424251, 21.634521101762918 ], [ 100.397625217469496, 22.012412234870382 ], [ 100.564335383276074, 22.262477483580255 ], [ 100.803981246623039, 22.147864244588231 ], [ 101.001949568518356, 22.00199284950747 ], [ 101.090950896983927, 21.826533087675351 ], [ 101.161869513335162, 21.686722101154334 ], [ 101.366628056220264, 21.283055259466582 ], [ 101.355039600428526, 21.197300686607765 ], [ 101.314531129405708, 20.897538001038857 ], [ 100.897755714889243, 20.584956440151515 ], [ 100.678948622268109, 20.293213649989994 ], [ 100.751884319808482, 19.918115776925184 ], [ 100.981110797792539, 19.647211757489487 ], [ 101.231176046502412, 19.647211757489487 ], [ 101.658370846381786, 19.803502537933156 ], [ 101.991791177994941, 20.022309630554297 ], [ 102.304372738882293, 20.084825942731765 ], [ 102.491921675414687, 19.876438235473536 ], [ 102.429405363237223, 19.54301790386037 ], [ 102.189759499890258, 18.96995170890024 ], [ 102.085565646261159, 18.469821211480497 ], [ 102.113591750092482, 18.109101670804165 ], [ 102.413004998791621, 17.932781683824288 ], [ 102.998705682387708, 17.961694647691601 ], [ 103.20019209189374, 18.309632066312773 ], [ 103.956476678485302, 18.240954087796879 ], [ 104.736242138817275, 17.123534652340105 ], [ 104.909219079610168, 16.875655250955045 ], [ 106.729271759355086, 14.47385057311814 ], [ 107.191064474087767, 13.864452881073644 ], [ 107.563700308676573, 13.040731562508938 ], [ 107.784969439773732, 12.551610325346802 ], [ 107.847485751951197, 11.822253349943001 ], [ 107.495831495952402, 11.91168640764128 ], [ 107.047797925347211, 11.807492554012164 ], [ 106.860248988814803, 11.547007919939377 ], [ 106.589344969379113, 11.307362056592414 ], [ 106.297602179217591, 11.119813120060005 ], [ 106.173970519542209, 11.066239400867339 ], [ 105.985020618330239, 10.984361110342157 ], [ 105.52656766236214, 11.005199881067981 ], [ 105.199914992292349, 10.889309800658097 ], [ 104.859726999135802, 10.536327539736963 ], [ 104.72427498941795, 10.213326593486705 ], [ 105.076201613385621, 9.918490505406808 ], [ 104.334334751403475, 10.48654368737523 ], [ 103.497279901139706, 10.632555446815928 ], [ 103.090689731867258, 11.153660590047165 ], [ 102.584932489026698, 12.186594956913282 ], [ 101.687157830819956, 12.645740057826572 ], [ 100.831809523524868, 12.627084865769206 ], [ 100.978467238369205, 13.412721665902566 ], [ 100.097797479251113, 13.406856390837433 ], [ 99.894889873708493, 13.417287592582023 ], [ 99.551050156732416, 13.198480499960882 ], [ 99.345267295815404, 12.984014817907633 ] ] ] ] } },
{ "type": "Feature", "properties": { "id": null, "Zone": "полупустынь и пустынь", "layer": "eurasia", "path": "D:/kurse4/semestr7/Diplom/diplom3/data/eurasia.shp" }, "geometry": { "type": "MultiPolygon", "coordinates": [ [ [ [ 46.68201, 44.609200000000101 ], [ 45.969360927960139, 45.227671105550854 ], [ 45.886005845056843, 45.727801602970608 ], [ 45.948522157234315, 46.457158578374411 ], [ 45.719295679250259, 47.186515553778214 ], [ 45.302520264733801, 47.895033758456201 ], [ 45.302520264733801, 48.499358109505067 ], [ 46.136071093766724, 49.103682460553934 ], [ 47.761495210380915, 49.833039435957737 ], [ 49.845372282963218, 50.645751494264836 ], [ 51.179053609415888, 50.812461660071421 ], [ 52.200153374981213, 50.583235182087364 ], [ 53.20041436982072, 50.18729853829673 ], [ 54.138159052482756, 49.520457875070392 ], [ 55.221775130225552, 48.811939670392412 ], [ 55.930293334903538, 48.666068275311652 ], [ 56.84719924683975, 48.645229504585828 ], [ 57.138942037001272, 48.749423358214941 ], [ 57.555717451517737, 49.062004919102264 ], [ 57.347329744259511, 49.437102792167074 ], [ 56.784682934662285, 50.083104684667589 ], [ 56.605705690081791, 50.560377336882233 ], [ 56.777980000000127, 51.04355 ], [ 57.368168514985328, 51.020849367329625 ], [ 58.38926828055066, 50.416525016280758 ], [ 59.952176084987386, 49.020327377650617 ], [ 61.202502328536767, 48.249292860795165 ], [ 62.640377508618556, 47.999227612085292 ], [ 64.224124083781106, 48.124260236440229 ], [ 65.641160493137065, 48.874455982569856 ], [ 66.641421487976572, 49.37458647998961 ], [ 67.600004941364432, 49.541296645796194 ], [ 68.600265936203925, 49.291231397086321 ], [ 69.392139223785207, 48.41600302660175 ], [ 69.933947262656602, 48.082582694988581 ], [ 70.767498091689532, 48.124260236440229 ], [ 71.601048920722448, 48.374325485150109 ], [ 72.684664998465252, 48.66606827531163 ], [ 73.434860744594872, 48.874455982569856 ], [ 74.143378949272858, 48.874455982569856 ], [ 74.893574695402478, 48.707745816763271 ], [ 75.352027651370577, 48.374325485150109 ], [ 75.935513231693633, 47.832517446278707 ], [ 76.268933563306803, 47.540774656117186 ], [ 77.310872099597958, 47.040644158697432 ], [ 79.123845152744536, 47.01980538797158 ], [ 80.540881562100509, 47.290709407407284 ], [ 81.666175181294946, 47.332386948858925 ], [ 82.562242322505341, 46.998966617245756 ], [ 84.229343980571173, 46.623868744180946 ], [ 85.167088663233216, 46.623868744180946 ], [ 86.083994575169427, 46.686385056358418 ], [ 86.646641384766639, 46.957289075794115 ], [ 87.000900487105639, 47.49909711466551 ], [ 87.1467718821864, 47.936711299907799 ], [ 87.709418691783611, 47.999227612085257 ], [ 88.876389852429696, 47.707484821923735 ], [ 89.897489617995035, 47.082321700149045 ], [ 91.293687256625176, 46.207093329664474 ], [ 92.689884895255304, 45.54025266643815 ], [ 95.19053738235408, 45.02970278365548 ], [ 97.284833840299285, 44.727540608131044 ], [ 98.983193654453856, 44.467055974058262 ], [ 99.452065995784878, 44.529572286235727 ], [ 99.556259849413991, 44.644185525227755 ], [ 99.545840464051082, 44.821315076397248 ], [ 99.337452756792842, 44.998444627566748 ], [ 98.670612093566518, 45.196412949462065 ], [ 95.753184191951306, 46.373803495471073 ], [ 93.585952036465699, 46.915611534342474 ], [ 93.085821539045952, 47.165676783052348 ], [ 92.418980875819614, 47.790839904827038 ], [ 91.960527919851557, 48.791100899666546 ], [ 91.960527919851557, 49.624651728699462 ], [ 92.210593168561431, 49.999749601764279 ], [ 92.960788914691051, 50.228976079748328 ], [ 94.836278280015122, 50.2914923919258 ], [ 96.774283957516658, 49.770523123780222 ], [ 96.232475918645264, 49.374586479989588 ], [ 96.128282065016151, 49.020327377650595 ], [ 96.336669772274377, 48.749423358214898 ], [ 96.545057479532616, 48.624390733859961 ], [ 96.294992230822743, 48.541035650956665 ], [ 95.815700504128813, 48.332647943698433 ], [ 95.711506650499686, 48.165937777891855 ], [ 95.794861733402982, 47.936711299907799 ], [ 96.253314689371095, 47.519935885391341 ], [ 96.607573791710081, 47.1239992416007 ], [ 97.295253225662236, 46.603029973455129 ], [ 98.087126513243518, 46.26960964184196 ], [ 99.12906504953466, 45.998705622406263 ], [ 100.337713751632393, 45.769479144422206 ], [ 101.150425809939492, 45.748640373696389 ], [ 102.088170492601535, 45.811156685873854 ], [ 103.067592716715239, 45.686124061518903 ], [ 106.193408325588692, 44.852573232485987 ], [ 107.735477359299594, 44.47747535942117 ], [ 109.1941913101072, 44.227410110711297 ], [ 110.069419680591764, 44.060699944904712 ], [ 111.11135821688292, 43.727279613291543 ], [ 111.882392733738371, 43.227149115871796 ], [ 112.382523231158117, 42.643663535548747 ], [ 112.382523231158117, 42.268565662483937 ], [ 111.944909045915836, 41.914306560144944 ], [ 111.423939777770258, 41.580886228531774 ], [ 110.236129846398342, 41.268304667644429 ], [ 109.215030080833031, 40.893206794579619 ], [ 108.902448519945679, 40.497270150788978 ], [ 108.56902818833251, 39.851268258288471 ], [ 108.610705729784158, 39.163588824336308 ], [ 108.298124168896805, 37.996617663690223 ], [ 107.506250881315538, 37.100550522479836 ], [ 105.985020618330452, 35.912740591107926 ], [ 104.734694374781085, 35.183383615704123 ], [ 103.836022387230344, 34.724062377622367 ], [ 102.544018602229329, 35.640968289558572 ], [ 101.460402524486511, 36.974649616011234 ], [ 100.626851695453595, 37.974910610850735 ], [ 99.251492827549285, 38.683428815528714 ], [ 98.001166583999904, 39.016849147141883 ], [ 95.375481472546227, 39.058526688593524 ], [ 92.958184068350761, 38.975171605690235 ], [ 90.20746633254214, 38.266653401012256 ], [ 85.789646938667715, 36.807939450204671 ], [ 84.62267577802163, 36.432841577139854 ], [ 83.664092324633771, 36.224453869881629 ], [ 82.372088539632756, 36.057743704075044 ], [ 80.621631798663628, 36.099421245526692 ], [ 78.621109808984642, 36.432841577139854 ], [ 77.537493731241838, 36.849616991656312 ], [ 76.03710223898257, 38.099943235205671 ], [ 75.474455429385358, 38.996010376416052 ], [ 75.43277788793371, 39.433624561658334 ], [ 75.682843136643584, 40.037948912707193 ], [ 76.493650966276235, 40.432091607667509 ], [ 76.543039588461014, 40.456099965674007 ], [ 77.183234628902824, 40.767305888110997 ], [ 80.163178842695501, 41.767566882950497 ], [ 82.580476246890953, 42.142664756015307 ], [ 85.539581689957828, 42.267697380370237 ], [ 88.352815737943899, 42.476085087628455 ], [ 88.707074840282885, 42.7886666485158 ], [ 88.582042215927942, 43.142925750854786 ], [ 88.29029942576642, 43.434668541016308 ], [ 88.832107464637815, 43.684733789726181 ], [ 92.812312673269986, 43.267958375209723 ], [ 93.773500972998178, 43.247987886597656 ], [ 94.013146836345143, 43.294875120730758 ], [ 94.083477687545184, 43.413829770290484 ], [ 94.122550382655703, 43.586617910892279 ], [ 94.013146836345143, 43.706440842565762 ], [ 93.479153336496324, 43.893121496984413 ], [ 92.856595061061967, 44.091958100993487 ], [ 91.895406761333788, 44.205703057871759 ], [ 86.769069162781364, 44.476607077307449 ], [ 84.101706509876024, 44.935060033275555 ], [ 83.22647813939146, 45.185125281985428 ], [ 82.913896578504122, 45.831127174485943 ], [ 82.626717940172483, 45.955987452021432 ], [ 82.434604851810192, 46.039514881744168 ], [ 81.10092352535753, 45.768610862308471 ], [ 79.767242198904867, 45.456029301421125 ], [ 78.287689477371444, 45.164286511259604 ], [ 77.829236521403345, 44.865597464189506 ], [ 77.579171272693472, 44.365466966769759 ], [ 77.725042667774233, 43.969530322979125 ], [ 77.558332501967641, 43.719465074269245 ], [ 77.162395858177007, 43.781981386446716 ], [ 76.141296092611697, 44.052885405882414 ], [ 75.141035097772189, 44.261273113140639 ], [ 74.140774102932696, 44.386305737495576 ], [ 73.890708854222822, 44.073724176608238 ], [ 74.078257790755231, 43.865336469350005 ], [ 74.703420912529907, 43.615271220640132 ], [ 75.120196327046372, 43.469399825559371 ], [ 75.099357556320541, 43.198495806123674 ], [ 74.869523906570521, 43.104472949407757 ], [ 74.640904600352442, 43.010946869591265 ], [ 74.036580249303583, 42.990108098865448 ], [ 73.6299279936011, 43.032913599465708 ], [ 72.848770317931681, 43.115140723220385 ], [ 71.973541947447117, 43.323528430478611 ], [ 71.202507430591666, 43.531916137736843 ], [ 70.723215703897736, 43.677787532817604 ], [ 70.139730123574708, 44.073724176608238 ], [ 69.764632250509891, 44.302950654592287 ], [ 69.264501753090144, 44.51133836185052 ], [ 69.035275275106088, 44.573854674027984 ], [ 68.889403880025327, 44.448822049673048 ], [ 68.86856510929951, 44.282111883866463 ], [ 68.99359773365444, 43.948691552253301 ], [ 69.243662982364313, 43.573593679188484 ], [ 69.61876085542913, 43.323528430478611 ], [ 70.014697499219764, 43.156818264672026 ], [ 70.139730123574708, 42.865075474510512 ], [ 70.139730123574708, 42.635848996526455 ], [ 69.806309791961539, 42.198234811284181 ], [ 69.639599626154947, 41.989847104025948 ], [ 69.531921794958791, 41.628357242154785 ], [ 69.493728231073504, 41.500135991969046 ], [ 69.493728231073504, 41.218812587170433 ], [ 69.597922084702617, 40.895811640920179 ], [ 69.777999031246253, 40.805773167648596 ], [ 69.910503645590651, 40.739520860476574 ], [ 70.389795372284581, 40.781198401928222 ], [ 70.612492321020667, 40.839802862121985 ], [ 70.785732016074533, 40.885392255557264 ], [ 71.157858514291604, 41.143587144529121 ], [ 71.952703176721286, 41.823136938219363 ], [ 72.3903173619629, 42.156557269832469 ], [ 72.69247953748733, 42.172186347876831 ], [ 72.932125400834295, 42.000266489388792 ], [ 73.077996795915723, 41.718943084590251 ], [ 73.140513108093188, 41.239651357896321 ], [ 72.98216488669101, 40.898593650260864 ], [ 72.935817875129402, 40.798769317666604 ], [ 72.869609088657498, 40.656165777573285 ], [ 72.34863982051192, 40.218551592331004 ], [ 71.473411450027371, 40.093518967976067 ], [ 70.659916037550815, 39.945780720652749 ], [ 70.624570191599616, 39.939361590008737 ], [ 69.499107736144452, 39.734967259018042 ], [ 69.207195133593444, 39.681953246140964 ], [ 67.998546431495711, 39.327694143801978 ], [ 67.576592036145755, 39.096453599457526 ], [ 67.076430826878706, 38.822353953700869 ], [ 66.883672197664168, 38.546240241583611 ], [ 66.951398202523762, 38.18677144656327 ], [ 67.389012387766044, 37.947125583216305 ], [ 67.701593948653397, 37.926286812490481 ], [ 68.363772002854276, 38.106137642026525 ], [ 69.389534377445045, 38.384739768458587 ], [ 70.493989225913651, 38.613966246442637 ], [ 70.671118777083151, 38.436836695273144 ], [ 70.675095360824486, 38.379838994980737 ], [ 70.702376933171891, 37.988803124667953 ], [ 70.473150455187834, 37.488672627248206 ], [ 69.785471021235679, 36.842670734747692 ], [ 69.160307899460989, 36.592605486037819 ], [ 67.399431773128953, 35.998700520351861 ], [ 66.294976924660347, 35.977861749626037 ], [ 64.336132476432994, 35.706957730190339 ], [ 63.419226564496782, 35.415214940028818 ], [ 62.70028897445583, 35.279762930311016 ], [ 62.283513559939372, 35.154730305956079 ], [ 62.148061550221527, 35.040117066964051 ], [ 62.168900320947408, 34.852568130431607 ], [ 62.32519110139102, 34.675438579262149 ], [ 62.752385901270451, 34.477470257366789 ], [ 63.127483774335261, 34.414953945189325 ], [ 63.273355169415957, 34.289921320834424 ], [ 63.179580701149753, 34.123211155027846 ], [ 62.908676681714056, 34.019017301398733 ], [ 62.314771716028169, 33.977339759947043 ], [ 62.043867696592407, 33.883565291680881 ], [ 61.939673842963359, 33.602241886882233 ], [ 62.033448311229499, 33.352176638172395 ], [ 62.335610486753993, 33.164627701639951 ], [ 62.877418525625387, 32.997917535833366 ], [ 63.247306706008679, 32.909352760248666 ], [ 63.377549023045134, 32.831207370026782 ], [ 63.502581647400078, 32.414431955510324 ], [ 63.695340276613877, 32.247721789703789 ], [ 63.981873374094, 32.16436670680045 ], [ 64.502842642239571, 32.185205477526274 ], [ 64.857101744578557, 32.185205477526274 ], [ 65.070699144518201, 32.065382545852842 ], [ 65.294715929820839, 31.435009731396651 ], [ 65.523942407804896, 31.28913833631589 ], [ 65.914669358914026, 31.210992946094102 ], [ 66.477316168511237, 31.419380653352331 ], [ 66.940978817160854, 31.810107604461464 ], [ 67.232721607322375, 31.976817770268045 ], [ 67.586980709661361, 32.101850394622986 ], [ 67.696384255971893, 32.086221316578651 ], [ 67.774529646193713, 32.034124389764102 ], [ 67.842255651052653, 31.940349921497894 ], [ 67.842255651052653, 31.752800984965482 ], [ 67.80333790111014, 31.58474706475921 ], [ 67.727642412060618, 31.257880180227193 ], [ 67.503625626758065, 30.914040463251077 ], [ 66.67007479772515, 29.955457009863224 ], [ 66.232460612482868, 29.538681595346766 ], [ 66.044911675950473, 29.080228639378664 ], [ 65.7948464272406, 28.496743059055625 ], [ 65.378071012724135, 27.934096249458406 ], [ 64.69039157877198, 27.496482064216124 ], [ 64.21109985207805, 27.350610669135364 ], [ 64.023550915545641, 27.308933127683719 ], [ 63.440065335222606, 27.371449439861188 ], [ 63.012870535342536, 27.501691756897447 ], [ 62.744534780186029, 27.726513605812357 ], [ 62.62735327691481, 27.824692703147704 ], [ 62.429384955019486, 28.178951805486694 ], [ 62.318667612246621, 28.447836780792219 ], [ 62.283513559938726, 28.533210907825683 ], [ 62.30435233066455, 28.814534312624296 ], [ 62.387707413567846, 29.043760790608349 ], [ 62.55441757937443, 29.127115873511642 ], [ 63.481742876674254, 29.163583722281956 ], [ 64.205890159395892, 29.220890341777839 ], [ 64.497632949557428, 29.33550358076986 ], [ 64.669552808046163, 29.476165283169301 ], [ 64.690727875884718, 29.517103747657515 ], [ 64.747698198267287, 29.627246370931388 ], [ 64.732069120223628, 29.767908073330819 ], [ 64.674762500726899, 29.882521312322716 ], [ 64.570568647097787, 29.950247317181642 ], [ 64.409068173972656, 29.99713455131474 ], [ 64.195470774032984, 29.99192485863329 ], [ 63.669291813206655, 29.934618239137404 ], [ 63.085806232883613, 29.705391761153351 ], [ 62.648192047641338, 29.684552990427527 ], [ 61.814641218608422, 29.830424385508287 ], [ 61.37702703336614, 30.05965086349234 ], [ 61.288038033464403, 30.242863510348858 ], [ 61.022767931027147, 30.78900783889614 ], [ 60.974970952943302, 31.540723948755545 ], [ 60.908154692034415, 32.591561506679717 ], [ 60.710186370139098, 33.029175691921999 ], [ 60.628141698604487, 33.099154970584038 ], [ 60.355927267800823, 33.331337867446535 ], [ 59.168117336428914, 34.081533613576156 ], [ 58.459599131750934, 34.539986569544261 ], [ 58.266840502536354, 34.571244725632887 ], [ 58.147017570863589, 34.477470257366797 ], [ 58.14180787818141, 34.279501935471366 ], [ 58.355405278121822, 33.727274511237169 ], [ 58.688825609734991, 33.01875630655919 ], [ 58.834697004815752, 32.289399331155387 ], [ 58.959729629170681, 31.685074980106528 ], [ 59.29314996078385, 31.26829956559007 ], [ 59.66824783384866, 30.684813985267027 ], [ 60.00166816546183, 30.05965086349234 ], [ 60.126700789816766, 29.538681595346766 ], [ 60.14753956054259, 28.851002161394611 ], [ 59.959990624010182, 28.455065517603977 ], [ 59.459860126590435, 28.434226746878153 ], [ 59.126439794977266, 28.434226746878153 ], [ 58.793019463364104, 28.559259371233093 ], [ 58.147017570863589, 28.934357244297903 ], [ 57.876113551427892, 29.517842824620946 ], [ 57.626048302718019, 30.101328404943985 ], [ 57.271789200379033, 30.934879233976901 ], [ 56.813336244410927, 31.580881126477411 ], [ 56.438238371346117, 31.935140228816401 ], [ 55.875591561748898, 32.331076872607035 ], [ 55.45881614723244, 32.581142121316908 ], [ 54.687781630376989, 32.893723682204254 ], [ 54.208489903683066, 32.997917535833366 ], [ 53.291583991746862, 33.602241886882233 ], [ 51.020157982632171, 34.748374276802501 ], [ 50.853447816825593, 35.165149691318959 ], [ 51.853708811665086, 35.602763876561241 ], [ 52.812292265052946, 35.602763876561241 ], [ 53.9584246549732, 35.561086335109593 ], [ 55.208750898522574, 35.561086335109593 ], [ 55.958946644652201, 35.748635271642001 ], [ 56.4173996006203, 36.227926998335924 ], [ 56.729981161507645, 36.811412578658967 ], [ 56.959207639491694, 36.936445203013903 ], [ 57.584370761266385, 36.68637995430403 ], [ 57.938629863605371, 36.144571915432635 ], [ 58.084501258686132, 35.623602647287065 ], [ 58.417921590299301, 35.269343544948072 ], [ 59.02224594134816, 35.060955837689846 ], [ 59.538005516811552, 34.836939052387137 ], [ 60.043345706913485, 34.727535506076677 ], [ 60.397604809251746, 34.644180423173282 ], [ 60.710186370139091, 34.852568130431507 ], [ 60.803960838405303, 35.206827232770493 ], [ 60.793541453043105, 35.623602647287065 ], [ 60.835218994494753, 35.915345437448579 ], [ 60.835218994494028, 36.311282081239128 ], [ 60.716963464941244, 36.511093148414524 ], [ 60.533056818969591, 36.82183196402179 ], [ 60.064184477639309, 37.290704305352897 ], [ 59.293149960783865, 37.728318490595171 ], [ 58.522115443928413, 37.91586742712758 ], [ 58.126178800137779, 37.91586742712758 ], [ 57.105079034572455, 38.270126529466566 ], [ 56.167334351910426, 38.666063173257207 ], [ 55.458816147232447, 38.832773339063785 ], [ 55.312944752151687, 38.749418256160496 ], [ 55.271267210700046, 38.520191778176446 ], [ 55.917269103200553, 38.249287758740749 ], [ 56.180374790273333, 37.93512665460743 ], [ 55.896430332474729, 37.519930783336946 ], [ 55.083718274167637, 37.144832910272136 ], [ 54.43771638166713, 36.915606432288079 ], [ 53.825789829326418, 36.965030829408235 ], [ 53.921597934795557, 37.198918361961262 ], [ 53.735511102112518, 37.906136176091692 ], [ 53.880928582581845, 38.952093003895357 ], [ 53.101027866432901, 39.290573635407128 ], [ 53.35780805849123, 39.975286363274449 ], [ 52.693972609269821, 40.033629055331971 ], [ 52.915251092343624, 40.876523342444727 ], [ 53.858139275941134, 40.631034450842179 ], [ 54.73684533063215, 40.951014919593462 ], [ 54.008310988181314, 41.551210842447418 ], [ 53.72171349469059, 42.12319143327003 ], [ 52.916749708880076, 41.868116563477329 ], [ 52.814688755103617, 41.135370591794711 ], [ 52.502459751196149, 41.78331553808637 ], [ 52.446339145727222, 42.027150783855575 ], [ 52.692112257707265, 42.443895372073371 ], [ 52.501426222550322, 42.792297878585202 ], [ 51.342427199108215, 43.132974758469345 ], [ 50.891291945200237, 44.031033637053781 ], [ 50.339129266161365, 44.284015611338475 ], [ 50.305642938036272, 44.609835516938915 ], [ 51.278503452363225, 44.514854234386462 ], [ 51.316899041556042, 45.245998236667901 ], [ 52.167389764215727, 45.408391425145112 ], [ 53.040876499245201, 45.259046535821767 ], [ 53.220865512917726, 46.234645901059935 ], [ 53.042736850807785, 46.853006089864493 ], [ 52.042022739475613, 46.804636949239239 ], [ 51.191945428274266, 47.048704738953916 ], [ 50.034083286342479, 46.608989976582222 ], [ 49.101160000000107, 46.399330000000134 ], [ 48.64541, 45.806290000000104 ], [ 47.67591, 45.641490000000147 ], [ 46.68201, 44.609200000000101 ] ] ] ] } },
{ "type": "Feature", "properties": { "id": null, "Zone": "степей", "layer": "eurasia", "path": "D:/kurse4/semestr7/Diplom/diplom3/data/eurasia.shp" }, "geometry": { "type": "MultiPolygon", "coordinates": [ [ [ [ 28.678390918208581, 44.206571339985537 ], [ 27.980292098893514, 44.331603964340481 ], [ 27.626032996554521, 44.612927369139086 ], [ 27.542677913651229, 44.915089544663523 ], [ 27.599984533147321, 45.217251720188003 ], [ 27.777114084316818, 45.488155739623707 ], [ 28.318922123188212, 45.967447466317637 ], [ 29.072106967899291, 46.517677720722496 ], [ 30.282976264097037, 47.301128792770307 ], [ 31.314495415025192, 47.83251744627875 ], [ 34.857086438415102, 48.874455982569899 ], [ 37.336900154788033, 49.562135416522047 ], [ 38.399677461805005, 50.249814850474209 ], [ 39.545809851725288, 51.041688138055484 ], [ 41.81723586084, 51.812722654910935 ], [ 44.547114825922804, 52.208659298701576 ], [ 47.006089771569918, 52.45872454741145 ], [ 48.548158805280821, 52.729628566847147 ], [ 50.048550297540075, 52.979693815557027 ], [ 51.153005146008695, 52.875499961927908 ], [ 52.382492618832259, 52.667112254669675 ], [ 54.132949359801394, 52.667112254669675 ], [ 55.945922412947994, 52.354530693782337 ], [ 56.800312012706733, 52.146142986524104 ], [ 57.4046363637556, 51.708528801281822 ], [ 58.446574900046755, 51.520979864749414 ], [ 59.11341556327308, 51.541818635475238 ], [ 59.363480811982953, 51.812722654910935 ], [ 59.863611309402707, 52.45872454741145 ], [ 62.885233064647053, 53.240178449629816 ], [ 65.802660966262266, 53.448566156888049 ], [ 68.178280829006084, 53.365211073984753 ], [ 69.720349862716986, 53.511082469065521 ], [ 71.033192418443832, 53.761147717775394 ], [ 72.908681783767904, 54.427988381001732 ], [ 74.075652944414003, 54.615537317534134 ], [ 75.221785334334257, 54.386310839550084 ], [ 76.284562641351258, 53.886180342130331 ], [ 78.118374465223681, 53.656953864146274 ], [ 81.348383927726246, 53.615276322694626 ], [ 83.432261000308543, 53.552760010517162 ], [ 84.890974951116149, 53.469404927613894 ], [ 85.828719633778192, 53.052629513097436 ], [ 87.662531457650616, 52.1148848304354 ], [ 88.662792452490109, 51.406366625757414 ], [ 88.016790559989602, 50.989591211240956 ], [ 86.828980628617686, 50.822881045434372 ], [ 85.745364550874896, 50.864558586886019 ], [ 84.932652492567797, 50.989591211240956 ], [ 84.161617975712346, 51.031268752692604 ], [ 83.682326249018431, 50.770784118619808 ], [ 83.630229322203874, 50.499880099184111 ], [ 83.8386170294621, 50.114362840756385 ], [ 84.213714902526917, 49.947652674949801 ], [ 84.901394336479072, 49.614232343336639 ], [ 85.359847292447185, 49.364167094626758 ], [ 85.662009467971615, 49.155779387368526 ], [ 85.766203321600727, 48.916133524021568 ], [ 85.641170697245784, 48.613971348497131 ], [ 85.505718687527946, 48.436841797327638 ], [ 85.557815614342502, 48.218034704706497 ], [ 85.922494102044396, 48.072163309625736 ], [ 86.495560297004531, 47.988808226722441 ], [ 87.1467718821864, 47.936711299907799 ], [ 87.000900487105639, 47.49909711466551 ], [ 86.646641384766639, 46.957289075794115 ], [ 86.083994575169427, 46.686385056358418 ], [ 85.167088663233216, 46.623868744180946 ], [ 84.229343980571173, 46.623868744180946 ], [ 83.006750759018615, 46.898952219030271 ], [ 82.562242322505341, 46.998966617245756 ], [ 81.666175181294946, 47.332386948858925 ], [ 80.540881562100509, 47.290709407407284 ], [ 79.123845152744536, 47.01980538797158 ], [ 77.310872099597958, 47.040644158697432 ], [ 76.268933563306803, 47.540774656117186 ], [ 75.935513231693633, 47.832517446278707 ], [ 75.352027651370577, 48.374325485150109 ], [ 74.893574695402478, 48.707745816763271 ], [ 74.143378949272858, 48.874455982569856 ], [ 73.434860744594872, 48.874455982569856 ], [ 72.684664998465252, 48.66606827531163 ], [ 71.601048920722448, 48.374325485150109 ], [ 70.767498091689532, 48.124260236440229 ], [ 69.933947262656602, 48.082582694988581 ], [ 69.392139223785207, 48.41600302660175 ], [ 68.600265936203925, 49.291231397086321 ], [ 67.600004941364432, 49.541296645796194 ], [ 66.641421487976572, 49.37458647998961 ], [ 65.641160493137065, 48.874455982569856 ], [ 64.224124083781106, 48.124260236440229 ], [ 62.640377508618556, 47.999227612085292 ], [ 61.202502328536767, 48.249292860795165 ], [ 59.952176084987386, 49.020327377650617 ], [ 58.38926828055066, 50.416525016280758 ], [ 57.368168514985328, 51.020849367329625 ], [ 56.777980000000127, 51.04355 ], [ 56.605705690081791, 50.560377336882233 ], [ 56.784682934662285, 50.083104684667589 ], [ 57.347329744259511, 49.437102792167074 ], [ 57.555717451517737, 49.062004919102264 ], [ 57.138942037001272, 48.749423358214941 ], [ 56.84719924683975, 48.645229504585828 ], [ 55.930293334903538, 48.666068275311652 ], [ 55.221775130225552, 48.811939670392412 ], [ 54.138159052482756, 49.520457875070392 ], [ 53.20041436982072, 50.18729853829673 ], [ 52.200153374981213, 50.583235182087364 ], [ 51.179053609415888, 50.812461660071421 ], [ 49.845372282963218, 50.645751494264836 ], [ 48.62837639124136, 50.171123096493311 ], [ 48.287830040423593, 50.038310019674384 ], [ 47.761495210380915, 49.833039435957737 ], [ 46.777314468387942, 49.391419872242942 ], [ 46.136071093766724, 49.103682460553934 ], [ 45.302520264733801, 48.499358109505067 ], [ 45.302520264733801, 47.895033758456201 ], [ 45.719295679250259, 47.186515553778214 ], [ 45.948522157234315, 46.457158578374411 ], [ 45.886005845056843, 45.727801602970608 ], [ 45.969360927960139, 45.227671105550854 ], [ 46.68201, 44.609200000000101 ], [ 47.59094, 43.66016 ], [ 47.49252, 42.986580000000117 ], [ 48.584370000000149, 41.80888 ], [ 48.584353396113421, 41.808868791620668 ], [ 49.110263706260696, 41.282286688800511 ], [ 49.618914829309603, 40.572924302729959 ], [ 50.084829542853129, 40.526157131505812 ], [ 50.392821079312682, 40.256561184239118 ], [ 49.569202101444795, 40.176100979160665 ], [ 49.395259230350376, 39.399481716462248 ], [ 49.223228387250707, 39.049218858387931 ], [ 48.856532423707591, 38.815486355131782 ], [ 48.883249139202491, 38.320245266262617 ], [ 49.199612257693339, 37.582874253889884 ], [ 50.14777143738462, 37.374566555321337 ], [ 50.842354363819709, 36.872814235983398 ], [ 49.394733866017987, 36.769735037207319 ], [ 48.936280910049888, 37.123994139546312 ], [ 48.686215661340007, 37.644963407691883 ], [ 48.394472871178493, 38.020061280756693 ], [ 48.0402137688395, 38.249287758740749 ], [ 47.519244500693929, 38.374320383095686 ], [ 46.998275232548352, 38.207610217289101 ], [ 46.498144735128605, 37.999222510030869 ], [ 46.081369320612147, 37.790834802772643 ], [ 45.414528657385816, 37.728318490595179 ], [ 44.893559389240238, 38.103416363659989 ], [ 44.622655369804541, 38.561869319628094 ], [ 44.414267662546315, 38.936967192692904 ], [ 44.109225294782341, 39.428136298168099 ], [ 44.091266716296005, 39.76009863636294 ], [ 44.257976882102589, 40.103938353339018 ], [ 44.560139057627076, 40.208132206968102 ], [ 45.008172628232217, 40.166454665516483 ], [ 45.393689886659942, 39.728840480274201 ], [ 45.735379266143013, 39.319719143219743 ], [ 46.143623081248819, 38.741201483712217 ], [ 46.36790241809215, 38.65564378789432 ], [ 46.7742584472457, 38.754627948841978 ], [ 47.071210930088682, 38.957805963418757 ], [ 47.128517549584686, 39.150564592632612 ], [ 47.125967601155338, 39.158606737679008 ], [ 47.060791544725767, 39.364161992572306 ], [ 46.310595798596204, 40.437358684952159 ], [ 45.560351189970447, 40.812289537105926 ], [ 44.435106433272139, 40.979166723823553 ], [ 43.582745802592733, 41.092143256182567 ], [ 43.385353357957953, 41.586095921213129 ], [ 43.343675816506305, 41.752806087019714 ], [ 43.479127826224158, 41.825741784560094 ], [ 43.906322626103524, 41.825741784560094 ], [ 44.208484801627961, 41.856999940648834 ], [ 45.075706716466733, 41.316957202772009 ], [ 45.354617191548257, 41.143272043289443 ], [ 45.964151235278578, 40.924464950668302 ], [ 46.464281732698332, 40.830690482402098 ], [ 47.037347927658466, 40.669190009276974 ], [ 47.370768259271642, 40.408705375204192 ], [ 47.610414122618607, 40.106543199679756 ], [ 47.870898756691389, 39.918994263147354 ], [ 48.115754312719815, 39.892945799740069 ], [ 48.298093556570763, 39.991929960687727 ], [ 48.579416961369375, 40.20031766794596 ], [ 48.766965897901784, 40.429544145930016 ], [ 48.777385283264692, 40.523318614196214 ], [ 48.709659278405766, 40.611883389780964 ], [ 48.391868024836967, 40.815061404357735 ], [ 47.922995683505945, 41.002610340890143 ], [ 47.738979364715036, 41.163259508088572 ], [ 47.594785044574252, 41.289143438370218 ], [ 47.402026415360375, 41.617354077301925 ], [ 46.943573459392269, 42.492582447786496 ], [ 46.693508210682396, 42.971874174480419 ], [ 46.552846508283103, 43.13337464760555 ], [ 46.360087879069241, 43.227149115871754 ], [ 45.953731849915691, 43.253197579279032 ], [ 45.297310572052254, 43.242778193916124 ], [ 44.797180074632514, 43.404278667041261 ], [ 43.692725226163894, 43.768957154743163 ], [ 42.734141772776027, 44.055490252223215 ], [ 40.816974866000308, 44.305555500933096 ], [ 39.608326163902575, 44.388910583836385 ], [ 39.024840583579532, 44.722330915449554 ], [ 37.941224505836736, 45.097428788514364 ], [ 36.675460000000101, 45.244690000000105 ], [ 37.403170000000102, 45.40451000000013 ], [ 38.23295, 46.24087 ], [ 37.67372, 46.63657 ], [ 39.147670000000119, 47.044750000000136 ], [ 39.1212, 47.26336 ], [ 38.223538038899335, 47.10218984637595 ], [ 37.425137159989902, 47.02222056740419 ], [ 36.759854770664447, 46.698700263041019 ], [ 35.823684523264888, 46.64596446388714 ], [ 34.96234174982385, 46.273196519549742 ], [ 35.012658970047369, 45.737725199825491 ], [ 35.02078779474607, 45.651218980484657 ], [ 35.51000857925311, 45.40999339454612 ], [ 36.529997999830186, 45.46998973243717 ], [ 36.334712762199274, 45.113215643894023 ], [ 35.239999220528205, 44.939996242851748 ], [ 33.882511020652885, 44.361478583344194 ], [ 33.326420932760129, 44.564877020844904 ], [ 33.546924269349404, 45.034770819674861 ], [ 32.454174432105503, 45.327466132176085 ], [ 32.630804477679192, 45.51918569597899 ], [ 33.588162062318418, 45.851568508480227 ], [ 33.435988094713366, 45.971917370797485 ], [ 33.29856733575474, 46.080598456397809 ], [ 31.744140252415207, 46.333347886737329 ], [ 31.67530724460255, 46.706245022155542 ], [ 30.748748813609211, 46.583100084004116 ], [ 30.377608676888883, 46.03241018328572 ], [ 29.603289015427436, 45.293308010431126 ], [ 29.626543409958771, 45.035390936862399 ], [ 29.141611769331835, 44.820210272799045 ], [ 28.8378577003202, 44.913873806328056 ], [ 28.678390918208581, 44.206571339985537 ] ] ] ] } },
{ "type": "Feature", "properties": { "id": null, "Zone": "области высотной поясности", "layer": "eurasia", "path": "D:/kurse4/semestr7/Diplom/diplom3/data/eurasia.shp" }, "geometry": { "type": "MultiPolygon", "coordinates": [ [ [ [ 88.662792452490109, 51.406366625757414 ], [ 89.001422476784825, 51.958594049991781 ], [ 89.459875432752938, 52.729628566847232 ], [ 89.918328388721051, 53.083887669186225 ], [ 90.606007822673206, 53.104726439912049 ], [ 91.106138320092953, 52.833822420476352 ], [ 91.502074963883587, 52.14614298652419 ], [ 91.898011607674235, 51.479302323297851 ], [ 92.273109480739052, 51.104204450233041 ], [ 92.752401207432982, 50.874977972248985 ], [ 93.06498276832032, 50.854139201523161 ], [ 93.273370475578545, 51.041688138055569 ], [ 93.460919412110954, 51.562657406201147 ], [ 93.377564329207672, 52.417047005959887 ], [ 93.210854163401081, 53.542340625154331 ], [ 93.315048017030193, 54.063309893299909 ], [ 93.481758182836785, 54.271697600558142 ], [ 94.065243763159827, 54.500924078542191 ], [ 95.419763860338321, 54.625956702897128 ], [ 97.003510435500871, 54.542601619993839 ], [ 97.9412551181629, 54.292536371283958 ], [ 101.67139507808524, 52.917177503379619 ], [ 102.734172385102227, 52.417047005959866 ], [ 103.025915175263748, 52.125304215798344 ], [ 103.150947799618677, 51.812722654910999 ], [ 103.234302882521973, 51.270914616039605 ], [ 103.307238580062503, 51.041688138055648 ], [ 103.421851819054382, 50.874977972248963 ], [ 103.536465058046559, 50.708267806442485 ], [ 103.838627233570833, 50.604073952813266 ], [ 104.13037002373251, 50.614493338176281 ], [ 104.432532199256954, 50.760364733257049 ], [ 104.984759623491243, 50.968752440515253 ], [ 105.568245203814286, 51.23965645995095 ], [ 106.11005324268568, 51.593915562289943 ], [ 106.901926530266962, 52.094046059709697 ], [ 107.839671212928991, 52.656692869306916 ], [ 108.860770978494173, 53.500663083702683 ], [ 108.902448519945821, 54.000793581122437 ], [ 108.631544500510117, 54.250858829832318 ], [ 107.589605964218975, 54.10498743475155 ], [ 106.964442842444285, 54.250858829832318 ], [ 106.818571447363524, 54.542601619993839 ], [ 106.881087759540989, 55.292797366123466 ], [ 108.339801710348581, 56.543123609672818 ], [ 109.673483036801258, 56.939060253463452 ], [ 110.194452304946836, 57.251641814350805 ], [ 110.632066490189118, 57.501707063060678 ], [ 111.236390841237991, 57.814288623948023 ], [ 111.736521338657738, 57.960160019028784 ], [ 112.236651836077499, 57.793449853222199 ], [ 112.320006918980781, 57.626739687415615 ], [ 112.236651836077499, 57.355835667979918 ], [ 112.257490606803316, 57.147447960721685 ], [ 112.507555855513189, 57.043254107092572 ], [ 113.195235289465344, 57.043254107092572 ], [ 113.862075952691683, 56.897382712011812 ], [ 114.403883991563077, 56.730672546205227 ], [ 114.841498176805374, 56.418090985317882 ], [ 115.174918508418529, 56.042993112253065 ], [ 115.633371464386641, 55.751250322091543 ], [ 116.091824420354754, 55.626217697736607 ], [ 116.487761064145388, 55.688734009914072 ], [ 116.654471229951966, 55.87628294644648 ], [ 116.967052790839318, 56.334735902414586 ], [ 117.508860829710713, 56.688995004753579 ], [ 117.800603619872234, 56.9807377949151 ], [ 118.008991327130474, 57.543384604512326 ], [ 117.88395870277553, 57.814288623948023 ], [ 117.508860829710713, 57.960160019028784 ], [ 116.758665083581093, 58.147708955561193 ], [ 116.383567210516276, 58.251902809190305 ], [ 115.883436713096515, 58.41861297499689 ], [ 115.383306215676768, 58.585323140803474 ], [ 115.091563425515247, 58.772872077335883 ], [ 114.966530801160303, 58.877065930964996 ], [ 114.86233694753119, 59.189647491852341 ], [ 115.112402196241064, 59.37719642838475 ], [ 115.675049005838289, 59.502229052739686 ], [ 116.696148771403614, 59.668939218546271 ], [ 117.508860829710713, 59.502229052739686 ], [ 118.217379034388699, 59.231325033303989 ], [ 118.654993219630981, 58.939582243142468 ], [ 119.030091092695798, 58.772872077335883 ], [ 119.551060360841376, 58.689516994432587 ], [ 120.030352087535306, 58.689516994432587 ], [ 120.405449960600109, 58.710355765158411 ], [ 120.780547833664926, 58.647839452980939 ], [ 120.988935540923165, 58.439451745722714 ], [ 121.072290623826447, 58.001837560480425 ], [ 121.030613082374799, 57.689255999593087 ], [ 121.030613082374799, 57.418351980157382 ], [ 121.301517101810504, 57.230803043624974 ], [ 121.676614974875321, 57.251641814350798 ], [ 122.364294408827476, 57.585062145963967 ], [ 122.947779989150519, 57.897643706851312 ], [ 123.531265569473561, 58.210225267738657 ], [ 124.07307360834497, 58.501968057900179 ], [ 124.656559188668012, 58.710355765158411 ], [ 125.886046661491591, 58.710355765158404 ], [ 127.928246192622254, 58.522806828625995 ], [ 128.90766841673593, 58.376935433545235 ], [ 129.282766289800747, 58.21022526773865 ], [ 129.51199276778479, 58.106031414109538 ], [ 129.637025392139748, 57.939321248302953 ], [ 129.470315226333156, 57.626739687415608 ], [ 128.991023499639226, 57.376674438705734 ], [ 127.428115695202493, 56.272219590237114 ], [ 126.990501509960211, 55.855444175720649 ], [ 126.823791344153634, 55.396991219752543 ], [ 127.05301782213769, 55.271958595397606 ], [ 127.553148319557437, 55.313636136849254 ], [ 128.949345958187564, 55.605378927010776 ], [ 130.595608845527607, 56.313897131688762 ], [ 132.658647147384045, 57.314158126528255 ], [ 134.867556844321285, 58.231064038464467 ], [ 135.909495380612441, 58.710355765158397 ], [ 136.347109565854737, 59.18964749185232 ], [ 136.618013585290441, 59.731455530723721 ], [ 136.659691126742075, 61.127653169353863 ], [ 136.30543202440316, 62.669722203064765 ], [ 135.59691381972516, 62.898948681048822 ], [ 134.346587576175779, 63.149013929758695 ], [ 133.929812161659328, 63.482434261371864 ], [ 133.304649039884623, 63.607466885726801 ], [ 132.679485918109947, 63.565789344275153 ], [ 131.262449508753974, 63.46159549064604 ], [ 130.137155889559551, 63.565789344275153 ], [ 129.053539811816734, 63.857532134436681 ], [ 127.990762504799775, 64.170113695324019 ], [ 127.198889217218493, 64.461856485485541 ], [ 126.448693471088873, 64.774438046372893 ], [ 125.761014037136704, 65.295407314518471 ], [ 125.073334603184577, 66.670766182422796 ], [ 125.198367227539507, 67.69186594798812 ], [ 125.594303871330141, 68.379545381940275 ], [ 125.844369120040028, 68.879675879360022 ], [ 126.948823968508663, 69.963291957102825 ], [ 127.699019714638283, 70.255034747264347 ], [ 128.532570543671198, 70.317551059441811 ], [ 129.199411206897537, 70.130002122909403 ], [ 129.53283153851072, 69.838259332747882 ], [ 129.616186621414016, 69.4006451475056 ], [ 129.699541704317284, 68.608771859924332 ], [ 129.970445723752988, 67.983608738149641 ], [ 130.220510972462876, 67.295929304197486 ], [ 130.470576221172735, 66.462378475164556 ], [ 130.845674094237552, 65.733021499760753 ], [ 131.283288279479848, 65.295407314518471 ], [ 131.783418776899595, 65.378762397421767 ], [ 132.929551166819863, 66.087280602099753 ], [ 133.658908142223652, 66.337345850809626 ], [ 134.971750697950512, 66.691604953148612 ], [ 135.28433225883785, 66.920831431132669 ], [ 135.28433225883785, 67.48347824072988 ], [ 135.15929963448292, 68.191996445407867 ], [ 135.534397507547737, 68.462900464843571 ], [ 136.534658502387231, 68.358706611214458 ], [ 137.201499165613569, 68.066963821052937 ], [ 140.202282150132106, 66.983347743310148 ], [ 141.244220686423262, 66.233151997180514 ], [ 141.869383808197938, 65.232891002341006 ], [ 142.286159222714389, 64.816115587824555 ], [ 142.869644803037431, 64.691082963469611 ], [ 143.53648546626377, 64.732760504921259 ], [ 143.953260880780249, 65.149535919437724 ], [ 143.953260880780249, 65.482956251050894 ], [ 143.994938422231883, 66.024764289922288 ], [ 144.578424002554925, 66.441539704438739 ], [ 146.245525660620757, 66.441539704438739 ], [ 149.454696352397491, 65.607988875405823 ], [ 150.746700137398534, 64.982825753631133 ], [ 151.205153093366619, 64.482695256211386 ], [ 151.246830634818281, 63.899209675888343 ], [ 150.996765386108393, 63.39907917846859 ], [ 150.121537015623858, 63.06565884685542 ], [ 148.829533230622815, 62.565528349435667 ], [ 148.371080274654702, 62.315463100725793 ], [ 148.329402733203068, 62.06539785201592 ], [ 148.662823064816223, 61.731977520402751 ], [ 149.788116684010674, 61.565267354596166 ], [ 150.788377678850168, 61.690299978951103 ], [ 152.830577209980845, 62.523850807984019 ], [ 153.99754837062693, 63.44075671992023 ], [ 154.706066575304902, 64.086758612420724 ], [ 155.060325677643903, 64.524372797663005 ], [ 155.122841989821353, 64.941148212179456 ], [ 154.872776741111494, 65.024503295082752 ], [ 154.622711492401606, 64.982825753631104 ], [ 154.039225912078564, 64.941148212179456 ], [ 153.830838204820338, 65.232891002340992 ], [ 154.164258536433493, 65.524633792502513 ], [ 154.706066575304902, 65.733021499760738 ], [ 156.373168233370734, 66.233151997180485 ], [ 157.144202750226185, 66.253990767906316 ], [ 157.977753579259115, 65.712182729034907 ], [ 158.477884076678862, 65.357923626695921 ], [ 159.1447247399052, 65.024503295082752 ], [ 159.62401646659913, 64.607727880566301 ], [ 159.62401646659913, 64.10759738314654 ], [ 159.97827556893813, 63.857532134436667 ], [ 160.249179588373806, 63.857532134436667 ], [ 160.957697793051778, 64.190952466049836 ], [ 161.374473207568229, 64.691082963469583 ], [ 161.270279353939117, 65.191213460889344 ], [ 160.811826397971004, 65.607988875405795 ], [ 160.603438690712778, 65.962247977744795 ], [ 160.686793773616074, 66.399862162987077 ], [ 161.020214105229229, 66.629088640971119 ], [ 161.478667061197342, 66.64992741169695 ], [ 162.916542241279132, 66.379023392261246 ], [ 164.125190943376879, 66.128958143551372 ], [ 164.917064230958147, 66.149796914277204 ], [ 165.875647684346006, 66.524894787342006 ], [ 166.146551703781711, 66.837476348229359 ], [ 166.063196620878415, 67.004186514035936 ], [ 165.062935626038893, 67.212574221294176 ], [ 164.187707255554329, 67.441800699278218 ], [ 164.229384797005991, 67.629349635810627 ], [ 164.896225460232301, 67.816898572343035 ], [ 165.271323333297119, 67.858576113794683 ], [ 165.417194728377893, 68.108641362504557 ], [ 165.271323333297119, 68.379545381940261 ], [ 164.396094962812555, 68.442061694117726 ], [ 163.604221675231287, 68.796320796456712 ], [ 163.854286923941174, 68.98386973298912 ], [ 164.833709148054851, 69.088063586618233 ], [ 165.646421206361936, 68.858837108634191 ], [ 167.167651469347049, 68.546255547746853 ], [ 168.647204190880473, 67.900253655246345 ], [ 169.626626414994149, 67.69186594798812 ], [ 170.501854785478713, 67.69186594798812 ], [ 171.147856677979235, 67.941931196697993 ], [ 171.606309633947319, 68.191996445407867 ], [ 172.168956443544545, 68.608771859924332 ], [ 173.106701126206588, 68.817159567182557 ], [ 174.482059994110898, 68.837998337908374 ], [ 175.523998530402054, 68.587933089198501 ], [ 176.50342075451573, 68.400384152666092 ], [ 178.503942744194717, 67.837737343068895 ], [ 179.233299719598534, 67.587672094359021 ], [ 179.129105865969422, 67.441800699278261 ], [ 178.691491680727125, 67.275090533471669 ], [ 178.649814139275492, 67.087541596939275 ], [ 179.129105865969422, 67.025025284761796 ], [ 180.004334236453985, 66.962508972584331 ], [ 179.975680926705564, 66.689000106807612 ], [ 179.079613785495184, 66.418096087371907 ], [ 178.07935279065569, 66.261805306928238 ], [ 177.079091795816169, 66.157611453299126 ], [ 175.985056332710485, 66.084675755758752 ], [ 175.016053493959703, 65.876288048500513 ], [ 174.4638260697254, 65.813771736323048 ], [ 174.302325596600269, 65.85023958509322 ], [ 174.224180206378435, 65.970062516766717 ], [ 174.265857747830097, 66.100304833803094 ], [ 174.359632216096287, 66.209708380113682 ], [ 174.583649001398896, 66.355579775194428 ], [ 174.739939781842565, 66.449354243460618 ], [ 174.781617323294199, 66.569177175134101 ], [ 174.703471933072393, 66.668161336081752 ], [ 174.474245455088322, 66.751516418985048 ], [ 174.15124450883809, 66.751516418985048 ], [ 173.630275240692498, 66.616064409267224 ], [ 171.640172636376406, 65.699158497331041 ], [ 170.494040246456137, 65.365738165717872 ], [ 170.139781144117165, 65.532448331524449 ], [ 169.931393436858912, 65.928384975315083 ], [ 169.634440954015929, 66.027369136262706 ], [ 169.181197690729306, 65.990901287492548 ], [ 168.055904071534854, 65.782513580234323 ], [ 167.529725110707801, 65.652271263197903 ], [ 167.034804305969544, 65.365738165717872 ], [ 166.904561988933125, 65.183398921866882 ], [ 166.99312676451791, 64.907285209749759 ], [ 167.352595559538315, 64.526977644003452 ], [ 167.456789413167428, 64.26649300993067 ], [ 167.373434330264132, 64.006008375857874 ], [ 166.685754896311977, 63.891395136865853 ], [ 165.263508794274571, 63.823669132006962 ], [ 164.179892716531782, 63.427732488216328 ], [ 163.648504063023211, 63.422522795534832 ], [ 162.976453707115439, 63.641329888155973 ], [ 162.538839521873172, 63.651749273518895 ], [ 162.335661507296379, 63.667378351563251 ], [ 162.106435029312308, 63.573603883297054 ], [ 161.882418244009727, 63.261022322409708 ], [ 161.773014697699153, 62.854666293256159 ], [ 161.304142356368232, 62.4899878055543 ], [ 159.394789988615059, 62.555108964072772 ], [ 156.99833135514541, 62.409237568992012 ], [ 155.393746009257029, 61.888268300846434 ], [ 154.330968702240057, 61.096395013265159 ], [ 153.83083820482031, 60.596264515845405 ], [ 153.330707707400563, 60.325360496409708 ], [ 151.934510068770436, 60.325360496409708 ], [ 150.225730869252942, 60.367038037861356 ], [ 148.07933748449318, 60.367038037861356 ], [ 146.183009348443278, 60.700458369474525 ], [ 143.494807924812136, 60.783813452377835 ], [ 141.5568022473106, 60.283682954958081 ], [ 139.431247633276655, 58.741613921247179 ], [ 135.305171029563667, 55.928379873261086 ], [ 133.929812161659356, 55.344894292938044 ], [ 132.762841001013271, 55.136506585679811 ], [ 131.720902464722116, 55.011473961324874 ], [ 131.220771967302369, 54.803086254066649 ], [ 131.304127050205636, 54.46966592245348 ], [ 131.929290171980341, 54.386310839550191 ], [ 132.221032962141862, 54.052890507937022 ], [ 132.304388045045158, 53.761147717775501 ], [ 132.137677879238566, 53.386049844710683 ], [ 132.762841001013271, 53.344372303259036 ], [ 133.346326581336314, 53.552760010517268 ], [ 134.013167244562624, 53.677792634872205 ], [ 134.93007315649885, 53.677792634872205 ], [ 135.055105780853779, 53.51108246906562 ], [ 135.138460863757075, 52.969274430194226 ], [ 134.763362990692258, 52.385788849871176 ], [ 134.429942659079103, 51.927335893903077 ], [ 134.638330366337328, 51.593915562289908 ], [ 135.263493488112005, 51.55223802083826 ], [ 135.680268902628484, 51.55223802083826 ], [ 135.846979068435019, 51.323011542854204 ], [ 135.680268902628455, 50.989591211241034 ], [ 135.586494434361754, 50.650961186946233 ], [ 134.784201761417563, 50.452992865050916 ], [ 134.106941712828331, 50.129991918800656 ], [ 133.221293956980844, 49.67153896283255 ], [ 132.106419723149315, 49.160989080049887 ], [ 131.595869840366646, 49.004698299606218 ], [ 131.179094425850195, 49.098472767872423 ], [ 130.991545489317787, 49.233924777590268 ], [ 131.06448118685816, 49.473570640937233 ], [ 131.210352581938935, 49.692377733558374 ], [ 131.335385206293864, 49.84866851400205 ], [ 131.41874028919716, 50.088314377349015 ], [ 131.397901518471343, 50.286282699244332 ], [ 131.293707664842259, 50.671799957672057 ], [ 130.981126103954921, 50.901026435656114 ], [ 130.397640523631878, 50.963542747833579 ], [ 130.168414045648291, 51.218817689225091 ], [ 130.272607899277403, 51.510560479386612 ], [ 130.470576221172706, 51.646012489104464 ], [ 130.626867001616375, 51.823142040273957 ], [ 130.585189460164742, 51.979432820717626 ], [ 130.38722113826941, 52.166981757250035 ], [ 130.157994660285368, 52.354530693782444 ], [ 129.928768182301326, 52.646273483943965 ], [ 130.06422019201915, 52.896338732653838 ], [ 130.137155889559551, 53.03179074237169 ], [ 130.001703879841699, 53.198500908178275 ], [ 128.699280709477762, 53.26101722035574 ], [ 128.022020660888501, 53.156823366726627 ], [ 127.344760612299211, 53.34437230325905 ], [ 126.261144534556422, 53.761147717775508 ], [ 125.240044768991098, 53.886180342130444 ], [ 123.906363442538421, 54.261278215195262 ], [ 123.114490154957153, 54.532182234630959 ], [ 122.260100555198406, 54.761408712615015 ], [ 121.176484477455645, 54.657214858985895 ], [ 119.967835775357912, 54.09456804938867 ], [ 118.738348302534348, 53.448566156888155 ], [ 118.196540263662953, 52.906758118016761 ], [ 114.403883991563163, 52.260756225516261 ], [ 111.486456089947936, 51.427205396483338 ], [ 110.632066490189189, 51.010429981966894 ], [ 110.559130792648915, 50.848929508841827 ], [ 110.590388948737541, 50.635332108902077 ], [ 110.965486821802358, 50.156040382208147 ], [ 111.054051597387229, 49.93723328958707 ], [ 111.069680675431471, 49.697587426240041 ], [ 111.095729138838863, 49.338118631219658 ], [ 111.028003133979837, 49.051585533739527 ], [ 110.814405734040264, 48.884875367932999 ], [ 110.486195095108428, 48.822359055755477 ], [ 109.652644266075512, 48.759842743578005 ], [ 109.074368378434045, 48.707745816763506 ], [ 108.678431734643411, 48.634810119223125 ], [ 108.464834334703639, 48.488938724142315 ], [ 108.048058920187174, 48.051324538900033 ], [ 107.693799817848188, 47.69706543656104 ], [ 107.501041188634403, 47.551194041480329 ], [ 107.235346861880075, 47.488677729302815 ], [ 106.964442842444384, 47.592871582931927 ], [ 106.735216364460328, 47.905453143819273 ], [ 106.448683266980339, 48.249292860795379 ], [ 106.448683266980339, 48.509777494868167 ], [ 106.547667427927919, 48.759842743578012 ], [ 106.823781140045156, 49.228715084909062 ], [ 107.110314237525145, 49.572554801885111 ], [ 108.423156793251991, 50.510299484547147 ], [ 108.839932207768456, 50.86455858688614 ], [ 108.944126061397569, 51.260495230676774 ], [ 108.610705729784399, 51.57307679156412 ], [ 106.964442842444384, 51.448044167209183 ], [ 105.964181847604877, 50.739525962531197 ], [ 105.380696267281834, 49.697587426240048 ], [ 105.115001940527677, 49.478780333618936 ], [ 104.755533145507201, 49.364167094626872 ], [ 103.880304775022637, 49.510038489707632 ], [ 101.754750160988678, 49.989330216401562 ], [ 101.004554414859058, 50.093524070030682 ], [ 100.191842356551959, 49.697587426240041 ], [ 100.045970961471198, 49.489199718981816 ], [ 99.504162922599804, 49.259973240997759 ], [ 97.837061264533958, 49.468360948255992 ], [ 96.774283957516658, 49.770523123780222 ], [ 96.353406245804877, 49.883662293595222 ], [ 94.836278280015122, 50.2914923919258 ], [ 94.437110809676525, 50.278186809581179 ], [ 92.960788914691051, 50.228976079748328 ], [ 92.210593168561431, 49.999749601764279 ], [ 91.960527919851557, 49.624651728699462 ], [ 91.960527919851557, 48.791100899666546 ], [ 92.418980875819614, 47.790839904827038 ], [ 93.085821539045952, 47.165676783052348 ], [ 93.585952036465699, 46.915611534342474 ], [ 95.753184191951306, 46.373803495471073 ], [ 98.670612093566518, 45.196412949462065 ], [ 99.337452756792842, 44.998444627566748 ], [ 99.545840464051082, 44.821315076397248 ], [ 99.556259849413991, 44.644185525227755 ], [ 99.452065995784878, 44.529572286235727 ], [ 98.983193654453856, 44.467055974058262 ], [ 97.284833840299285, 44.727540608131044 ], [ 95.19053738235408, 45.02970278365548 ], [ 92.689884895255304, 45.54025266643815 ], [ 91.293687256625176, 46.207093329664474 ], [ 90.840081108096669, 46.491443452622647 ], [ 89.897489617995035, 47.082321700149045 ], [ 88.876389852429696, 47.707484821923735 ], [ 87.709418691783611, 47.999227612085257 ], [ 87.1467718821864, 47.936711299907799 ], [ 86.495560297004531, 47.988808226722441 ], [ 85.922494102044396, 48.072163309625736 ], [ 85.75319237009866, 48.139884002404031 ], [ 85.557815614342502, 48.218034704706497 ], [ 85.505718687527946, 48.436841797327638 ], [ 85.641170697245784, 48.613971348497131 ], [ 85.766203321600727, 48.916133524021568 ], [ 85.662009467971615, 49.155779387368526 ], [ 85.359847292447185, 49.364167094626758 ], [ 84.901394336479072, 49.614232343336639 ], [ 84.213714902526917, 49.947652674949801 ], [ 83.8386170294621, 50.114362840756385 ], [ 83.630229322203874, 50.499880099184111 ], [ 83.682326249018431, 50.770784118619808 ], [ 83.913348066876111, 50.896339454412036 ], [ 84.161617975712346, 51.031268752692604 ], [ 84.932652492567797, 50.989591211240956 ], [ 85.745364550874896, 50.864558586886019 ], [ 86.828980628617686, 50.822881045434372 ], [ 88.016790559989602, 50.989591211240956 ], [ 88.662792452490109, 51.406366625757414 ] ] ] ] } },
{ "type": "Feature", "properties": { "id": null, "Zone": "области высотной поясности", "layer": "eurasia", "path": "D:/kurse4/semestr7/Diplom/diplom3/data/eurasia.shp" }, "geometry": { "type": "MultiPolygon", "coordinates": [ [ [ [ 96.545057479532616, 48.624390733859961 ], [ 97.316091996388437, 48.697326431400619 ], [ 98.243417293687557, 48.551455036319858 ], [ 98.920677342276804, 48.165937777892132 ], [ 99.254097673889973, 47.738742978012759 ], [ 99.691711859132255, 47.269870636681745 ], [ 100.243939283366558, 46.832256451439463 ], [ 102.088170492601535, 45.811156685873854 ], [ 101.150425809939492, 45.748640373696389 ], [ 100.337713751632393, 45.769479144422206 ], [ 99.12906504953466, 45.998705622406263 ], [ 98.087126513243518, 46.26960964184196 ], [ 97.295253225662236, 46.603029973455129 ], [ 96.607573791710081, 47.1239992416007 ], [ 96.253314689371095, 47.519935885391341 ], [ 95.794861733402982, 47.936711299907799 ], [ 95.711506650499686, 48.165937777891855 ], [ 95.815700504128813, 48.332647943698433 ], [ 96.294992230822743, 48.541035650956665 ], [ 96.545057479532616, 48.624390733859961 ] ] ] ] } },
{ "type": "Feature", "properties": { "id": null, "Zone": "лесостепей", "layer": "eurasia", "path": "D:/kurse4/semestr7/Diplom/diplom3/data/eurasia.shp" }, "geometry": { "type": "MultiPolygon", "coordinates": [ [ [ [ 99.254097673889973, 47.738742978012759 ], [ 98.920677342276804, 48.165937777892132 ], [ 98.243417293687557, 48.551455036319858 ], [ 97.316091996388437, 48.697326431400619 ], [ 96.545057479532616, 48.624390733859961 ], [ 96.336669772274377, 48.749423358214898 ], [ 96.128282065016151, 49.020327377650595 ], [ 96.232475918645264, 49.374586479989588 ], [ 96.774283957516658, 49.770523123780222 ], [ 97.837061264533958, 49.468360948255992 ], [ 99.504162922599804, 49.259973240997759 ], [ 100.045970961471198, 49.489199718981816 ], [ 100.191842356551959, 49.697587426240041 ], [ 101.004554414859058, 50.093524070030682 ], [ 101.754750160988678, 49.989330216401562 ], [ 103.880304775022637, 49.510038489707632 ], [ 104.755533145507201, 49.364167094626872 ], [ 105.115001940527677, 49.478780333618936 ], [ 105.380696267281834, 49.697587426240048 ], [ 105.770713546574243, 50.394046853547913 ], [ 105.964181847604877, 50.739525962531197 ], [ 106.964442842444384, 51.448044167209183 ], [ 108.610705729784399, 51.57307679156412 ], [ 108.944126061397569, 51.260495230676774 ], [ 108.839932207768456, 50.86455858688614 ], [ 108.423156793251991, 50.510299484547147 ], [ 107.602466641391075, 49.92409223321792 ], [ 107.110314237525145, 49.572554801885111 ], [ 106.823781140045156, 49.228715084909062 ], [ 106.547667427927919, 48.759842743578012 ], [ 106.182988940226139, 49.020327377650851 ], [ 105.432793194096519, 48.926552909384654 ], [ 104.682597447966884, 48.739003972852245 ], [ 104.119950638369659, 48.551455036319837 ], [ 103.348916121514208, 48.218034704706668 ], [ 102.890463165546109, 48.030485768174259 ], [ 102.286138814497235, 47.94713068527097 ], [ 101.494265526915967, 47.999227612085527 ], [ 100.994135029496221, 47.915872529182238 ], [ 100.066809732197072, 47.749162363375667 ], [ 99.254097673889973, 47.738742978012759 ] ] ] ] } },
{ "type": "Feature", "properties": { "id": null, "Zone": "лесостепей", "layer": "eurasia", "path": "D:/kurse4/semestr7/Diplom/diplom3/data/eurasia.shp" }, "geometry": { "type": "MultiPolygon", "coordinates": [ [ [ [ 94.065243763159827, 54.500924078542191 ], [ 93.481758182836785, 54.271697600558142 ], [ 93.315048017030193, 54.063309893299909 ], [ 93.210854163401081, 53.542340625154331 ], [ 93.377564329207672, 52.417047005959887 ], [ 93.460919412110954, 51.562657406201147 ], [ 93.273370475578545, 51.041688138055569 ], [ 93.06498276832032, 50.854139201523161 ], [ 92.752401207432982, 50.874977972248985 ], [ 92.273109480739052, 51.104204450233041 ], [ 91.898011607674235, 51.479302323297851 ], [ 91.502074963883587, 52.14614298652419 ], [ 91.106138320092953, 52.833822420476352 ], [ 90.606007822673206, 53.104726439912049 ], [ 89.918328388721051, 53.083887669186225 ], [ 89.459875432752938, 52.729628566847232 ], [ 89.001422476784825, 51.958594049991781 ], [ 88.662792452490109, 51.406366625757414 ], [ 87.662531457650616, 52.1148848304354 ], [ 85.828719633778192, 53.052629513097436 ], [ 84.890974951116149, 53.469404927613894 ], [ 83.432261000308543, 53.552760010517162 ], [ 81.348383927726246, 53.615276322694626 ], [ 78.118374465223681, 53.656953864146274 ], [ 77.192884055649756, 53.77264016534302 ], [ 76.284562641351258, 53.886180342130331 ], [ 75.840739288227198, 54.095038390659298 ], [ 75.221785334334257, 54.386310839550084 ], [ 74.075652944414003, 54.615537317534134 ], [ 72.908681783767904, 54.427988381001732 ], [ 72.533376106510701, 54.294546362421393 ], [ 71.033192418443832, 53.761147717775394 ], [ 69.720349862716986, 53.511082469065521 ], [ 68.178280829006084, 53.365211073984753 ], [ 65.802660966262266, 53.448566156888049 ], [ 62.885233064647053, 53.240178449629816 ], [ 60.760193964824985, 52.690599372089629 ], [ 59.863611309402707, 52.45872454741145 ], [ 58.889398777970861, 52.27117561087924 ], [ 58.847721236519213, 52.64627348394405 ], [ 58.826882465793389, 53.104726439912156 ], [ 58.826882465793389, 53.542340625154438 ], [ 58.847721236519213, 54.08414866402584 ], [ 58.931076319422523, 54.323794527372783 ], [ 59.076947714503262, 54.521762849268121 ], [ 59.337432348576073, 54.771828097977981 ], [ 59.660433294826312, 54.876021951607107 ], [ 59.973014855713657, 54.876021951607107 ], [ 61.327534952892151, 54.938538263784579 ], [ 63.203024318216215, 55.146925971042812 ], [ 63.776090513176378, 55.146925971042783 ], [ 64.130349615515371, 55.053151502776579 ], [ 64.390834249588167, 54.855183180881276 ], [ 64.890964747007914, 54.605117932171403 ], [ 65.141029995717787, 54.64679547362303 ], [ 65.495289098056787, 54.792666868703812 ], [ 66.130871605194372, 54.928118878421643 ], [ 66.82897042450945, 54.938538263784572 ], [ 71.455177525642142, 55.188603512494453 ], [ 74.706025758870538, 55.063570888139509 ], [ 77.373388411775878, 55.146925971042805 ], [ 79.999073523229569, 55.563701385559263 ], [ 81.791207805650345, 55.563701385559263 ], [ 83.374954380812895, 55.563701385559263 ], [ 85.083733580330374, 55.730411551365847 ], [ 86.469511833597636, 55.839815097676649 ], [ 90.501813969044363, 55.105248429591157 ], [ 94.065243763159827, 54.500924078542191 ] ] ] ] } },
{ "type": "Feature", "properties": { "id": null, "Zone": "степей", "layer": "eurasia", "path": "D:/kurse4/semestr7/Diplom/diplom3/data/eurasia.shp" }, "geometry": { "type": "MultiPolygon", "coordinates": [ [ [ [ 108.678431734643411, 48.634810119223125 ], [ 110.309065543939084, 48.520196880231104 ], [ 110.975906207165409, 48.228454090069576 ], [ 111.351004080230226, 48.124260236440463 ], [ 111.642746870391747, 48.124260236440463 ], [ 111.997005972730733, 48.270131631521224 ], [ 112.455458928698846, 48.582713192408569 ], [ 113.018105738296057, 48.895294753295914 ], [ 114.455980918377847, 49.457941562893133 ], [ 115.485695428531358, 49.805177313834747 ], [ 116.678800897286123, 49.888531399121405 ], [ 117.727667922332046, 49.874716977409591 ], [ 118.394508585558384, 49.687168040877189 ], [ 118.727928917171553, 49.270392626360731 ], [ 118.977994165881427, 48.811939670392626 ], [ 119.061349248784722, 48.103421465714639 ], [ 119.061349248784722, 47.540774656117421 ], [ 118.582057522090793, 46.415481036922984 ], [ 117.498441444348003, 45.081799710470314 ], [ 115.74798470337889, 43.373020510952834 ], [ 113.89333410878065, 41.768435165064467 ], [ 111.83029580692417, 39.601203009578882 ], [ 110.913389894987958, 37.225583146835064 ], [ 110.579969563374789, 36.266999693447211 ], [ 110.079839065955042, 35.683514113124168 ], [ 109.454675944180352, 35.26673869860771 ], [ 107.995961993372745, 34.8916408255429 ], [ 105.398930191667034, 34.057221714396029 ], [ 103.836022387230344, 34.724062377622367 ], [ 104.734694374781085, 35.183383615704123 ], [ 105.985020618330452, 35.912740591107926 ], [ 107.506250881315538, 37.100550522479836 ], [ 108.298124168896805, 37.996617663690223 ], [ 108.610705729784158, 39.163588824336308 ], [ 108.56902818833251, 39.851268258288471 ], [ 108.902448519945679, 40.497270150788978 ], [ 109.215030080833031, 40.893206794579619 ], [ 110.236129846398342, 41.268304667644429 ], [ 111.423939777770258, 41.580886228531774 ], [ 111.944909045915836, 41.914306560144944 ], [ 112.382523231158117, 42.268565662483937 ], [ 112.382523231158117, 42.643663535548747 ], [ 111.882392733738371, 43.227149115871796 ], [ 111.402956853664563, 43.538134551595348 ], [ 111.11135821688292, 43.727279613291543 ], [ 110.069419680591764, 44.060699944904712 ], [ 109.1941913101072, 44.227410110711297 ], [ 107.735477359299594, 44.47747535942117 ], [ 106.193408325588692, 44.852573232485987 ], [ 103.067592716715239, 45.686124061518903 ], [ 102.088170492601535, 45.811156685873854 ], [ 100.243939283366558, 46.832256451439463 ], [ 99.691711859132255, 47.269870636681745 ], [ 99.254097673889973, 47.738742978012759 ], [ 100.066809732197072, 47.749162363375667 ], [ 100.994135029496221, 47.915872529182238 ], [ 101.494265526915967, 47.999227612085527 ], [ 102.286138814497235, 47.94713068527097 ], [ 102.890463165546109, 48.030485768174259 ], [ 103.348916121514208, 48.218034704706668 ], [ 104.119950638369659, 48.551455036319837 ], [ 104.682597447966884, 48.739003972852245 ], [ 105.432793194096519, 48.926552909384654 ], [ 106.182988940226139, 49.020327377650851 ], [ 106.547667427927919, 48.759842743578012 ], [ 106.448683266980339, 48.509777494868167 ], [ 106.448683266980339, 48.249292860795379 ], [ 106.735216364460328, 47.905453143819273 ], [ 106.964442842444384, 47.592871582931927 ], [ 107.235346861880075, 47.488677729302815 ], [ 107.501041188634403, 47.551194041480329 ], [ 107.693799817848188, 47.69706543656104 ], [ 108.048058920187174, 48.051324538900033 ], [ 108.464834334703639, 48.488938724142315 ], [ 108.678431734643411, 48.634810119223125 ] ] ] ] } },
{ "type": "Feature", "properties": { "id": null, "Zone": "лесостепей", "layer": "eurasia", "path": "D:/kurse4/semestr7/Diplom/diplom3/data/eurasia.shp" }, "geometry": { "type": "MultiPolygon", "coordinates": [ [ [ [ 118.196540263662953, 52.906758118016761 ], [ 118.227798419751807, 52.45872454741162 ], [ 118.727928917171567, 51.771045113459465 ], [ 120.103287785075878, 51.250075845313887 ], [ 122.082971004029048, 50.645751494265028 ], [ 123.312458476852612, 50.12478222611945 ], [ 124.250203159514641, 49.624651728699703 ], [ 124.812849969111312, 49.567345109203437 ], [ 125.042076447095354, 49.150569694686979 ], [ 125.333819237256876, 48.775471821622162 ], [ 125.500529403063467, 48.358696407105704 ], [ 125.60472325669258, 47.879404680411774 ], [ 125.896466046854101, 47.379274182992027 ], [ 126.396596544273848, 47.066692622104682 ], [ 126.938404583145257, 46.837466144120626 ], [ 127.376018768387539, 46.399851958878344 ], [ 127.45937385129082, 46.191464251620118 ], [ 127.480212622016651, 45.753850066377836 ], [ 127.271824914758412, 45.170364486054787 ], [ 126.292402690644764, 44.274297344844371 ], [ 125.271302925079439, 43.774166847424617 ], [ 122.874844291609804, 43.065648642746638 ], [ 120.499224428865986, 42.607195686778532 ], [ 118.457024897735323, 41.898677482100553 ], [ 116.018888722814069, 41.023449111615982 ], [ 114.935272645071265, 40.148220741131418 ], [ 113.684946401521884, 38.29357014653317 ], [ 113.163977133376321, 36.793178654273916 ], [ 113.268170987005433, 35.563691181450359 ], [ 112.663846635956531, 33.896589523384542 ], [ 112.25488576046277, 33.244509656088937 ], [ 112.036078667841622, 33.473736134072986 ], [ 110.900365663284276, 33.692543226694127 ], [ 108.816488590701994, 33.775898309597423 ], [ 106.58674012303895, 33.890511548589444 ], [ 105.398930191667034, 34.057221714396029 ], [ 107.995961993372745, 34.8916408255429 ], [ 109.454675944180352, 35.26673869860771 ], [ 110.079839065955042, 35.683514113124168 ], [ 110.579969563374789, 36.266999693447211 ], [ 110.913389894987958, 37.225583146835064 ], [ 111.83029580692417, 39.601203009578882 ], [ 113.89333410878065, 41.768435165064467 ], [ 115.74798470337889, 43.373020510952834 ], [ 117.498441444348003, 45.081799710470314 ], [ 118.582057522090793, 46.415481036922984 ], [ 118.743031521104768, 46.793419991129703 ], [ 119.061349248784722, 47.540774656117421 ], [ 119.061349248784722, 47.596827800315793 ], [ 119.061349248784722, 48.103421465714639 ], [ 118.977994165881427, 48.811939670392626 ], [ 118.727928917171553, 49.270392626360731 ], [ 118.394508585558384, 49.687168040877189 ], [ 118.319319212313161, 49.708315052102407 ], [ 117.727667922332046, 49.874716977409591 ], [ 116.678800897286123, 49.888531399121405 ], [ 115.485695428531358, 49.805177313834747 ], [ 114.455980918377847, 49.457941562893133 ], [ 113.018105738296057, 48.895294753295914 ], [ 112.455458928698846, 48.582713192408569 ], [ 111.997005972730733, 48.270131631521224 ], [ 111.642746870391747, 48.124260236440463 ], [ 111.351004080230226, 48.124260236440463 ], [ 110.975906207165409, 48.228454090069576 ], [ 110.309065543939084, 48.520196880231104 ], [ 108.678431734643411, 48.634810119223125 ], [ 109.074368378434045, 48.707745816763506 ], [ 109.652644266075512, 48.759842743578005 ], [ 110.486195095108428, 48.822359055755477 ], [ 110.814405734040264, 48.884875367932999 ], [ 111.028003133979837, 49.051585533739527 ], [ 111.072743043277399, 49.240869765382818 ], [ 111.095729138838863, 49.338118631219658 ], [ 111.069680675431471, 49.697587426240041 ], [ 111.054051597387229, 49.93723328958707 ], [ 110.965486821802358, 50.156040382208147 ], [ 110.590388948737541, 50.635332108902077 ], [ 110.559130792648915, 50.848929508841827 ], [ 110.632066490189189, 51.010429981966894 ], [ 111.486456089947936, 51.427205396483338 ], [ 114.403883991563163, 52.260756225516261 ], [ 118.196540263662953, 52.906758118016761 ] ] ] ] } },
{ "type": "Feature", "properties": { "id": null, "Zone": "хвойных лесов (тайги)", "layer": "eurasia", "path": "D:/kurse4/semestr7/Diplom/diplom3/data/eurasia.shp" }, "geometry": { "type": "MultiPolygon", "coordinates": [ [ [ [ 130.397640523631878, 50.963542747833579 ], [ 129.709961089679695, 51.171930455091811 ], [ 128.001181890162229, 51.317801850172572 ], [ 127.230147373306778, 51.213607996543459 ], [ 127.053895933082899, 51.151593600909131 ], [ 126.104853754112327, 50.817671352752818 ], [ 125.250464154353594, 50.40089593823636 ], [ 125.021237676369537, 49.984120523719902 ], [ 124.812849969111312, 49.567345109203437 ], [ 124.250203159514641, 49.624651728699703 ], [ 123.312458476852612, 50.12478222611945 ], [ 122.082971004029048, 50.645751494265028 ], [ 120.103287785075878, 51.250075845313887 ], [ 119.909630344948496, 51.32343093627123 ], [ 118.727928917171567, 51.771045113459465 ], [ 118.227798419751807, 52.45872454741162 ], [ 118.196540263662953, 52.906758118016761 ], [ 118.738348302534348, 53.448566156888155 ], [ 119.967835775357912, 54.09456804938867 ], [ 121.176484477455645, 54.657214858985895 ], [ 122.260100555198406, 54.761408712615015 ], [ 123.114490154957153, 54.532182234630959 ], [ 123.906363442538421, 54.261278215195262 ], [ 125.240044768991098, 53.886180342130444 ], [ 126.261144534556422, 53.761147717775508 ], [ 127.344760612299211, 53.34437230325905 ], [ 128.022020660888501, 53.156823366726627 ], [ 128.699280709477762, 53.26101722035574 ], [ 130.001703879841699, 53.198500908178275 ], [ 130.137155889559551, 53.03179074237169 ], [ 130.06422019201915, 52.896338732653838 ], [ 129.928768182301326, 52.646273483943965 ], [ 130.157994660285368, 52.354530693782444 ], [ 130.38722113826941, 52.166981757250035 ], [ 130.585189460164742, 51.979432820717626 ], [ 130.626867001616375, 51.823142040273957 ], [ 130.470576221172706, 51.646012489104464 ], [ 130.272607899277403, 51.510560479386612 ], [ 130.168414045648291, 51.218817689225091 ], [ 130.397640523631878, 50.963542747833579 ] ] ] ] } },
{ "type": "Feature", "properties": { "id": null, "Zone": "хвойных лесов (тайги)", "layer": "eurasia", "path": "D:/kurse4/semestr7/Diplom/diplom3/data/eurasia.shp" }, "geometry": { "type": "MultiPolygon", "coordinates": [ [ [ [ 132.90627, 42.798490000000129 ], [ 132.934760859500784, 43.430327130448525 ], [ 133.11189041067027, 43.508472520670374 ], [ 135.049896088171806, 44.800476305671395 ], [ 136.737836516963483, 46.530094275914706 ], [ 138.425776945755132, 48.468099953416242 ], [ 139.030101296803991, 49.405844636078271 ], [ 139.113456379707316, 49.619442036017979 ], [ 139.170762999203305, 49.874716977409314 ], [ 139.181182384566227, 50.270653621199948 ], [ 139.118666072388748, 50.452992865050895 ], [ 139.024891604122558, 50.604073952813117 ], [ 138.925907443174879, 50.635332108901828 ], [ 138.821713589545794, 50.624912723538941 ], [ 138.717519735916653, 50.531138255272715 ], [ 138.321583092126019, 50.135201611482074 ], [ 137.758936282528794, 49.489199718981567 ], [ 137.008740536399188, 48.530616265593707 ], [ 136.763884980370761, 48.96302075815457 ], [ 136.972272687628987, 49.265182933679007 ], [ 137.30569301924217, 49.963281752994078 ], [ 137.39946748750836, 50.452992865050916 ], [ 137.159821624161395, 50.744735655212438 ], [ 136.545077887749613, 50.817671352752818 ], [ 135.586494434361754, 50.650961186946233 ], [ 135.680268902628455, 50.989591211241034 ], [ 135.846979068435019, 51.323011542854204 ], [ 135.680268902628484, 51.55223802083826 ], [ 135.263493488112005, 51.55223802083826 ], [ 134.638330366337328, 51.593915562289908 ], [ 134.429942659079103, 51.927335893903077 ], [ 134.763362990692258, 52.385788849871176 ], [ 135.138460863757075, 52.969274430194226 ], [ 135.055105780853779, 53.51108246906562 ], [ 134.93007315649885, 53.677792634872205 ], [ 134.013167244562624, 53.677792634872205 ], [ 133.346326581336314, 53.552760010517268 ], [ 132.762841001013271, 53.344372303259036 ], [ 132.137677879238566, 53.386049844710683 ], [ 132.304388045045158, 53.761147717775501 ], [ 132.221032962141862, 54.052890507937022 ], [ 131.929290171980341, 54.386310839550191 ], [ 131.304127050205636, 54.46966592245348 ], [ 131.220771967302369, 54.803086254066649 ], [ 131.720902464722116, 55.011473961324874 ], [ 132.762841001013271, 55.136506585679811 ], [ 133.929812161659356, 55.344894292938044 ], [ 135.305171029563667, 55.928379873261086 ], [ 139.431247633276655, 58.741613921247179 ], [ 141.5568022473106, 60.283682954958081 ], [ 143.494807924812136, 60.783813452377835 ], [ 146.183009348443278, 60.700458369474525 ], [ 148.07933748449318, 60.367038037861356 ], [ 150.225730869252942, 60.367038037861356 ], [ 151.934510068770436, 60.325360496409708 ], [ 153.330707707400563, 60.325360496409708 ], [ 155.216616458087486, 60.439973735401836 ], [ 154.218060000000264, 59.758180000000152 ], [ 155.04375, 59.14495 ], [ 152.81185, 58.88385 ], [ 151.26573000000019, 58.78089 ], [ 151.33815, 59.50396 ], [ 149.78371, 59.655730000000176 ], [ 148.54481, 59.16448 ], [ 145.48722, 59.33637 ], [ 142.19782, 59.039980000000128 ], [ 138.958480000000236, 57.08805 ], [ 135.12619, 54.72959 ], [ 136.70171, 54.603550000000155 ], [ 137.19342, 53.97732 ], [ 138.1647, 53.755010000000198 ], [ 138.80463, 54.25455 ], [ 139.90151, 54.189680000000124 ], [ 141.34531, 53.089570000000151 ], [ 141.37923, 52.23877 ], [ 140.59742000000017, 51.239670000000103 ], [ 140.51308, 50.045530000000156 ], [ 140.061930000000189, 48.44671000000011 ], [ 138.554720000000202, 46.99965 ], [ 138.21971, 46.30795 ], [ 136.86232, 45.143500000000131 ], [ 135.515350000000126, 43.989 ], [ 134.86939000000018, 43.39821 ], [ 133.536870000000249, 42.81147 ], [ 132.90627, 42.798490000000129 ] ] ] ] } },
{ "type": "Feature", "properties": { "id": null, "Zone": "хвойных лесов (тайги)", "layer": "eurasia", "path": "D:/kurse4/semestr7/Diplom/diplom3/data/eurasia.shp" }, "geometry": { "type": "MultiPolygon", "coordinates": [ [ [ [ 142.209748976815433, 54.225475979216874 ], [ 142.654786411713019, 54.365880845753892 ], [ 142.914615513276544, 53.704577541714784 ], [ 143.260847609632094, 52.740760403039062 ], [ 143.235267775647628, 51.756660264688762 ], [ 143.648007440362846, 50.747600409541505 ], [ 144.65414757708561, 48.976390692737539 ], [ 143.173927850517202, 49.306551418650315 ], [ 142.558668247650132, 47.861575018904951 ], [ 143.533492466404027, 46.836728013692522 ], [ 143.505277134372648, 46.137907619809525 ], [ 142.747700636973832, 46.740764878926512 ], [ 142.092030064054541, 45.966755276058834 ], [ 141.906925083585008, 46.805928860046563 ], [ 142.018442824470867, 47.780132961612964 ], [ 141.904444614835029, 48.85918854429957 ], [ 142.135800002205713, 49.615163072297392 ], [ 142.179983351815281, 50.952342434281903 ], [ 141.594075962490024, 51.9354348822025 ], [ 141.682546014573688, 53.301966457728795 ], [ 142.606934035410745, 53.762145087287934 ], [ 142.209748976815433, 54.225475979216874 ] ] ] ] } },
{ "type": "Feature", "properties": { "id": null, "Zone": "переменно-влажных (в том числе муссонных) лесов", "layer": "eurasia", "path": "D:/kurse4/semestr7/Diplom/diplom3/data/eurasia.shp" }, "geometry": { "type": "MultiPolygon", "coordinates": [ [ [ [ 141.380548944259999, 43.388824774746439 ], [ 143.599001778441249, 42.466533984379538 ], [ 143.183849725517234, 41.995214748699198 ], [ 141.6114909201724, 42.6787905950561 ], [ 141.067286411706675, 41.584593817707969 ], [ 139.955106235920994, 41.56955597591103 ], [ 139.81754357315998, 42.563758856774385 ], [ 140.312087030193254, 43.333272610032687 ], [ 141.380548944259999, 43.388824774746439 ] ] ] ] } },
{ "type": "Feature", "properties": { "id": null, "Zone": "хвойных лесов (тайги)", "layer": "eurasia", "path": "D:/kurse4/semestr7/Diplom/diplom3/data/eurasia.shp" }, "geometry": { "type": "MultiPolygon", "coordinates": [ [ [ [ 141.380548944259999, 43.388824774746439 ], [ 141.671952345953855, 44.772125352551463 ], [ 141.967644891527982, 45.551483466161343 ], [ 143.142870314709739, 44.510358384776971 ], [ 143.910161981379474, 44.174099839853739 ], [ 144.613426548439634, 43.960882880217483 ], [ 145.320825230083074, 44.384732977875409 ], [ 145.543137241802697, 43.262088324550618 ], [ 144.059661899999867, 42.988358262700558 ], [ 143.183849725517234, 41.995214748699198 ], [ 143.599001778441249, 42.466533984379538 ], [ 141.380548944259999, 43.388824774746439 ] ] ] ] } },
{ "type": "Feature", "properties": { "id": null, "Zone": "лесотундры", "layer": "eurasia", "path": "D:/kurse4/semestr7/Diplom/diplom3/data/eurasia.shp" }, "geometry": { "type": "MultiPolygon", "coordinates": [ [ [ [ 155.216616458087486, 60.439973735401836 ], [ 153.330707707400563, 60.325360496409708 ], [ 153.83083820482031, 60.596264515845405 ], [ 154.330968702240057, 61.096395013265159 ], [ 155.393746009257029, 61.888268300846434 ], [ 156.99833135514541, 62.409237568992012 ], [ 159.394789988615059, 62.555108964072772 ], [ 161.304142356368232, 62.4899878055543 ], [ 163.048468355681877, 62.178261696990972 ], [ 163.054599097337359, 62.177406244666955 ], [ 163.048468355681877, 62.178261696990972 ], [ 162.65791, 61.6425 ], [ 160.12148, 60.54423 ], [ 159.30232, 61.773960000000102 ], [ 156.72068, 61.43442 ], [ 155.216616458087486, 60.439973735401836 ] ] ] ] } },
{ "type": "Feature", "properties": { "id": null, "Zone": "тундры", "layer": "eurasia", "path": "D:/kurse4/semestr7/Diplom/diplom3/data/eurasia.shp" }, "geometry": { "type": "MultiPolygon", "coordinates": [ [ [ [ 160.940530000000308, 69.437280000000101 ], [ 162.27907, 69.64204 ], [ 164.05248, 69.66823 ], [ 165.940370000000144, 69.47199 ], [ 167.83567, 69.582690000000127 ], [ 169.577630000000113, 68.6938 ], [ 170.816880000000197, 69.01363 ], [ 170.008200000000102, 69.65276 ], [ 170.453450000000203, 70.09703 ], [ 173.643910000000119, 69.81743 ], [ 175.724030000000198, 69.877250000000174 ], [ 178.6, 69.4 ], [ 180.0, 68.96363636363651 ], [ 180.0, 66.962818560902477 ], [ 179.129105865969422, 67.025025284761796 ], [ 178.649814139275492, 67.087541596939275 ], [ 178.691491680727125, 67.275090533471669 ], [ 179.129105865969422, 67.441800699278261 ], [ 179.233299719598534, 67.587672094359021 ], [ 178.503942744194717, 67.837737343068895 ], [ 176.50342075451573, 68.400384152666092 ], [ 175.523998530402054, 68.587933089198501 ], [ 174.482059994110898, 68.837998337908374 ], [ 173.106701126206588, 68.817159567182557 ], [ 172.168956443544545, 68.608771859924332 ], [ 171.606309633947319, 68.191996445407867 ], [ 171.147856677979235, 67.941931196697993 ], [ 170.501854785478713, 67.69186594798812 ], [ 169.626626414994149, 67.69186594798812 ], [ 168.647204190880473, 67.900253655246345 ], [ 167.167651469347049, 68.546255547746853 ], [ 165.646421206361936, 68.858837108634191 ], [ 164.833709148054851, 69.088063586618233 ], [ 163.854286923941174, 68.98386973298912 ], [ 163.604221675231287, 68.796320796456712 ], [ 164.396094962812555, 68.442061694117726 ], [ 165.271323333297119, 68.379545381940261 ], [ 165.417194728377893, 68.108641362504557 ], [ 165.271323333297119, 67.858576113794683 ], [ 164.896225460232301, 67.816898572343035 ], [ 164.229384797005991, 67.629349635810627 ], [ 162.812348387650076, 68.093012284460414 ], [ 162.166346495149554, 68.197206138089527 ], [ 161.499505831923216, 68.426432616073583 ], [ 161.124407958858399, 68.843208030590034 ], [ 160.940530000000308, 69.437280000000101 ] ] ] ] } },
{ "type": "Feature", "properties": { "id": null, "Zone": "лесостепей", "layer": "eurasia", "path": "D:/kurse4/semestr7/Diplom/diplom3/data/eurasia.shp" }, "geometry": { "type": "MultiPolygon", "coordinates": [ [ [ [ 37.998531125333514, 53.382576716255919 ], [ 39.071727817713146, 53.880970649449168 ], [ 39.988633729649358, 54.006003273804104 ], [ 40.90553964158557, 54.006003273804104 ], [ 41.780768012070141, 54.547811312675506 ], [ 42.906061631264578, 54.881231644288668 ], [ 44.864906079491945, 55.047941810095253 ], [ 46.823750527719298, 54.79787656138538 ], [ 48.324142019978552, 54.381101146868914 ], [ 49.074337766108187, 54.214390981062337 ], [ 49.907888595141102, 54.297746063965626 ], [ 51.158214838690483, 54.79787656138538 ], [ 52.825316496756322, 55.256329517353485 ], [ 53.992287657402414, 55.298007058805126 ], [ 55.117581276596852, 54.922909185740316 ], [ 55.909454564178127, 54.297746063965626 ], [ 56.451262603049528, 53.464195234932703 ], [ 56.800312012706733, 52.146142986524104 ], [ 55.945922412947994, 52.354530693782337 ], [ 54.132949359801394, 52.667112254669675 ], [ 52.382492618832259, 52.667112254669675 ], [ 51.153005146008695, 52.875499961927908 ], [ 50.048550297540075, 52.979693815557027 ], [ 48.548158805280821, 52.729628566847147 ], [ 47.006089771569918, 52.45872454741145 ], [ 44.547114825922804, 52.208659298701576 ], [ 41.81723586084, 51.812722654910935 ], [ 39.545809851725288, 51.041688138055484 ], [ 38.399677461805005, 50.249814850474209 ], [ 37.95200563680018, 49.960144846059322 ], [ 37.336900154788033, 49.562135416522047 ], [ 34.857086438415102, 48.874455982569899 ], [ 31.314495415025192, 47.83251744627875 ], [ 30.282976264097037, 47.301128792770307 ], [ 29.629082462863643, 46.878049438796779 ], [ 29.072106967899291, 46.517677720722496 ], [ 28.862972446414062, 46.437889309263831 ], [ 28.885351867497192, 46.381245997318572 ], [ 28.318922123188212, 45.967447466317637 ], [ 28.115948627621531, 45.787893989470184 ], [ 27.777114084316818, 45.488155739623707 ], [ 27.599984533147321, 45.217251720188003 ], [ 27.542677913651229, 44.915089544663523 ], [ 27.626032996554521, 44.612927369139086 ], [ 27.980292098893514, 44.331603964340481 ], [ 28.67401078087866, 44.207355842193884 ], [ 28.558081495891997, 43.707461656258133 ], [ 28.039095086384719, 43.293171698574184 ], [ 27.172789733268516, 43.265353528868928 ], [ 25.984979801896614, 43.171579060602724 ], [ 25.047235119234582, 43.265353528868928 ], [ 24.328297529193694, 43.452902465401337 ], [ 24.100679152124172, 43.741051337247853 ], [ 24.172006748750022, 44.088484972538929 ], [ 24.797169870524709, 44.442744074877915 ], [ 25.693237011735093, 44.692809323587788 ], [ 26.34965828959794, 44.873412003211911 ], [ 26.839369401654778, 45.102638481195967 ], [ 27.27698358689706, 45.467316968897869 ], [ 27.318661128348708, 45.821576071236862 ], [ 27.297822357622884, 46.623868744181046 ], [ 27.068595879638831, 47.301128792770292 ], [ 26.619336785597795, 48.220726223333472 ], [ 26.078754270162818, 48.735530844397417 ], [ 25.682817626372181, 49.339855195446276 ], [ 25.787011480001297, 49.798308151414382 ], [ 26.141270582340287, 50.131728483027544 ], [ 26.89146632846991, 50.423471273189065 ], [ 27.537468220970418, 50.59018143899565 ], [ 28.725278152342327, 50.527665126818185 ], [ 30.100637020246637, 50.319277419559953 ], [ 31.038381702908666, 50.423471273189065 ], [ 31.538512200328412, 50.777730375528058 ], [ 31.851093761215758, 51.06947316568958 ], [ 32.851354756055258, 51.569603663109326 ], [ 33.726583126539822, 51.757152599641735 ], [ 34.37726224861575, 51.757152599641735 ], [ 35.226974618799062, 51.757152599641735 ], [ 36.143880530735274, 51.882185223996672 ], [ 37.310851691381359, 52.403154492142242 ], [ 37.790143418075282, 52.903284989561989 ], [ 37.998531125333514, 53.382576716255919 ] ] ] ] } },
{ "type": "Feature", "properties": { "id": null, "Zone": "смешанных лесов", "layer": "eurasia", "path": "D:/kurse4/semestr7/Diplom/diplom3/data/eurasia.shp" }, "geometry": { "type": "MultiPolygon", "coordinates": [ [ [ [ 24.604214308376186, 59.465853786855021 ], [ 26.089173655525443, 58.819759311469227 ], [ 28.485632288995085, 57.861175858081367 ], [ 30.069378864157635, 57.569433067919846 ], [ 32.069900853836643, 57.756982004452254 ], [ 33.299388326660193, 57.923692170258839 ], [ 36.008428521017166, 57.756982004452226 ], [ 39.759407251665309, 56.965108716870958 ], [ 43.760451231023318, 56.131557887838035 ], [ 47.303042254413228, 56.089880346386394 ], [ 49.887049824415271, 56.214912970741331 ], [ 51.262408692319596, 56.173235429289683 ], [ 54.033965198854048, 55.860653868402359 ], [ 55.701066856919887, 55.548072307515014 ], [ 56.868038017565979, 55.902331409854007 ], [ 58.160041802567001, 56.590010843806169 ], [ 58.660172299986755, 56.652527155983634 ], [ 59.014431402325741, 56.610849614531986 ], [ 58.347590739099402, 55.818976326950718 ], [ 58.01417040748624, 55.15213566372438 ], [ 57.784943929502191, 54.443617459046401 ], [ 57.618233763695599, 53.526711547110189 ], [ 57.597394992969782, 52.81819334243221 ], [ 57.722427617324719, 52.463934240093216 ], [ 58.180880573292825, 52.213868991383336 ], [ 58.639333529260924, 52.203449606020413 ], [ 58.889398777970861, 52.27117561087924 ], [ 59.863611309402707, 52.45872454741145 ], [ 59.363480811982953, 51.812722654910935 ], [ 59.11341556327308, 51.541818635475238 ], [ 58.446574900046755, 51.520979864749414 ], [ 57.4046363637556, 51.708528801281822 ], [ 56.800312012706733, 52.146142986524104 ], [ 56.451262603049528, 53.464195234932703 ], [ 55.909454564178127, 54.297746063965626 ], [ 55.117581276596852, 54.922909185740316 ], [ 53.992287657402414, 55.298007058805126 ], [ 52.825316496756322, 55.256329517353485 ], [ 51.158214838690483, 54.79787656138538 ], [ 49.907888595141102, 54.297746063965626 ], [ 49.074337766108187, 54.214390981062337 ], [ 48.324142019978552, 54.381101146868914 ], [ 46.823750527719298, 54.79787656138538 ], [ 44.864906079491945, 55.047941810095253 ], [ 42.906061631264578, 54.881231644288668 ], [ 41.780768012070141, 54.547811312675506 ], [ 40.90553964158557, 54.006003273804104 ], [ 39.988633729649358, 54.006003273804104 ], [ 39.071727817713146, 53.880970649449168 ], [ 37.998531125333514, 53.382576716255919 ], [ 37.144141525574767, 53.153350238271869 ], [ 36.206396842912739, 53.153350238271869 ], [ 34.789360433556787, 53.29922163335263 ], [ 33.330646482749181, 53.465931799159208 ], [ 32.513773546158959, 53.517914622396773 ], [ 31.038381702908666, 53.611803194239982 ], [ 29.35044127411701, 53.736835818594919 ], [ 27.204047889357255, 53.77851336004656 ], [ 26.141270582340283, 53.77851336004656 ], [ 25.328558524033191, 53.590964423514158 ], [ 24.244942446290402, 53.361737945530102 ], [ 23.592582321139876, 53.380925008034531 ], [ 22.827906036934444, 53.40341548698175 ], [ 21.869322583546591, 53.549286882062511 ], [ 20.910739130158738, 54.007739838030616 ], [ 20.505295314378966, 54.34820322573789 ], [ 19.888481479581287, 54.866160386771512 ], [ 21.268448927503467, 55.190481675835315 ], [ 21.055800408622417, 56.031076361711065 ], [ 21.090423618257972, 56.783872789122938 ], [ 21.581866489353672, 57.411870632549935 ], [ 22.524341261492879, 57.753374335350763 ], [ 23.318452996522097, 57.006236477274868 ], [ 24.120729607853431, 57.025692654032767 ], [ 24.312862583114622, 57.793423570376973 ], [ 24.428927850042161, 58.383413397853289 ], [ 24.061198357853186, 58.257374579493408 ], [ 23.426560092876684, 58.612753404364625 ], [ 23.339795363058645, 59.187240302153384 ], [ 24.604214308376186, 59.465853786855021 ] ] ] ] } },
{ "type": "Feature", "properties": { "id": null, "Zone": "области высотной поясности", "layer": "eurasia", "path": "D:/kurse4/semestr7/Diplom/diplom3/data/eurasia.shp" }, "geometry": { "type": "MultiPolygon", "coordinates": [ [ [ [ 59.014431402325741, 56.610849614531986 ], [ 59.123834948636322, 56.683785312072366 ], [ 59.238448187628329, 56.72025316084256 ], [ 59.373900197346195, 56.756721009612747 ], [ 59.504142514382593, 56.756721009612761 ], [ 59.644804216781893, 56.741091931568384 ], [ 59.780256226499723, 56.70462408279819 ], [ 59.894869465491773, 56.626478692576356 ], [ 59.983434241076523, 56.506655760902881 ], [ 60.014692397165255, 56.267009897555909 ], [ 59.941756699624875, 55.923170180579838 ], [ 59.92091792889903, 55.657475853825588 ], [ 59.879240387447403, 55.464717224611732 ], [ 59.660433294826312, 54.876021951607107 ], [ 59.337432348576073, 54.771828097977981 ], [ 59.076947714503262, 54.521762849268121 ], [ 58.931076319422523, 54.323794527372783 ], [ 58.847721236519213, 54.08414866402584 ], [ 58.826882465793389, 53.542340625154438 ], [ 58.826882465793389, 53.104726439912156 ], [ 58.847721236519213, 52.64627348394405 ], [ 58.889398777970861, 52.27117561087924 ], [ 58.639333529260924, 52.203449606020413 ], [ 58.180880573292825, 52.213868991383336 ], [ 57.722427617324719, 52.463934240093216 ], [ 57.597394992969782, 52.81819334243221 ], [ 57.618233763695599, 53.526711547110189 ], [ 57.784943929502191, 54.443617459046401 ], [ 58.01417040748624, 55.15213566372438 ], [ 58.347590739099402, 55.818976326950718 ], [ 59.014431402325741, 56.610849614531986 ] ] ] ] } },
{ "type": "Feature", "properties": { "id": null, "Zone": "смешанных лесов", "layer": "eurasia", "path": "D:/kurse4/semestr7/Diplom/diplom3/data/eurasia.shp" }, "geometry": { "type": "MultiPolygon", "coordinates": [ [ [ [ 59.92091792889903, 55.657475853825588 ], [ 61.197292635855703, 56.240961434148645 ], [ 63.322847249889641, 56.918221482737891 ], [ 64.489818410535733, 57.157867346084856 ], [ 65.46924063464941, 57.209964272899413 ], [ 66.209016995416121, 57.17870611681068 ], [ 66.448662858763086, 57.1057704192703 ], [ 66.459082244125995, 56.959899024189539 ], [ 66.167339453964473, 56.595220536487638 ], [ 66.000629288157896, 56.303477746326116 ], [ 66.031887444246635, 56.011734956164588 ], [ 66.229855766141952, 55.886702331809651 ], [ 66.584114868480953, 55.740830936728912 ], [ 67.365568770699312, 55.834605404995109 ], [ 69.105606126305531, 56.188864507334102 ], [ 70.376771140580743, 56.23054204878575 ], [ 71.345773979331526, 56.23054204878575 ], [ 72.189744193727364, 56.376413443866511 ], [ 73.127488876389393, 56.53270422431018 ], [ 73.836007081067379, 56.595220536487652 ], [ 74.554944671108274, 56.4597685267698 ], [ 74.846687461269795, 56.251380819511574 ], [ 75.607302592762323, 56.084670653704997 ], [ 76.440853421795254, 56.18886450733411 ], [ 77.399436875183113, 56.668156234028039 ], [ 79.170732386878058, 56.876543941286272 ], [ 81.129576835105425, 57.001576565641209 ], [ 82.942549888252017, 57.334996897254378 ], [ 83.984488424543173, 57.605900916690075 ], [ 85.193137126640906, 57.855966165399948 ], [ 86.110043038577118, 57.835127394674124 ], [ 86.818561243255104, 57.605900916690054 ], [ 87.256175428497386, 57.022415336367011 ], [ 87.693789613739668, 56.876543941286251 ], [ 88.318952735514358, 57.022415336367011 ], [ 89.173342335273105, 57.35583566798018 ], [ 90.0694094764835, 57.501707063060941 ], [ 91.007154159145529, 57.334996897254356 ], [ 91.403090802936163, 57.168286731447772 ], [ 91.590639739468571, 56.980737794915363 ], [ 91.569800968742754, 56.605639921850553 ], [ 91.132186783500472, 56.293058360963208 ], [ 90.507023661725782, 56.105509424430799 ], [ 90.090248247209317, 55.834605404995102 ], [ 90.34031349591919, 55.688734009914342 ], [ 90.715411368984007, 55.77208909281763 ], [ 91.382252032210346, 55.87628294644675 ], [ 91.77818867600098, 55.87628294644675 ], [ 92.069931466162501, 55.709572780640165 ], [ 91.903221300355924, 55.355313678301172 ], [ 91.819866217452628, 55.105248429591299 ], [ 91.986576383259205, 54.855183180881419 ], [ 86.469511833597636, 55.839815097676649 ], [ 85.083733580330374, 55.730411551365847 ], [ 83.374954380812895, 55.563701385559263 ], [ 81.791207805650345, 55.563701385559263 ], [ 79.999073523229569, 55.563701385559263 ], [ 77.373388411775878, 55.146925971042805 ], [ 74.706025758870538, 55.063570888139509 ], [ 71.455177525642142, 55.188603512494453 ], [ 70.869157171034388, 55.156926736569709 ], [ 68.268727603532184, 55.016362976164181 ], [ 66.82897042450945, 54.938538263784572 ], [ 66.130871605194372, 54.928118878421643 ], [ 65.495289098056787, 54.792666868703812 ], [ 65.141029995717787, 54.64679547362303 ], [ 64.890964747007914, 54.605117932171403 ], [ 64.390834249588167, 54.855183180881276 ], [ 64.130349615515371, 55.053151502776579 ], [ 63.776090513176378, 55.146925971042783 ], [ 63.203024318216215, 55.146925971042812 ], [ 61.327534952892151, 54.938538263784579 ], [ 59.973014855713657, 54.876021951607107 ], [ 59.660433294826312, 54.876021951607107 ], [ 59.879240387447403, 55.464717224611732 ], [ 59.92091792889903, 55.657475853825588 ] ] ] ] } },
{ "type": "Feature", "properties": { "id": null, "Zone": "широколиственных лесов", "layer": "eurasia", "path": "D:/kurse4/semestr7/Diplom/diplom3/data/eurasia.shp" }, "geometry": { "type": "MultiPolygon", "coordinates": [ [ [ [ 10.903913608451603, 55.779954738988721 ], [ 12.370904168353292, 56.111407375708794 ], [ 12.690006137755603, 55.609990953180741 ], [ 12.089991082414684, 54.800014553437919 ], [ 11.043543328504226, 55.36486379660424 ], [ 10.903913608451603, 55.779954738988721 ] ] ] ] } },
{ "type": "Feature", "properties": { "id": null, "Zone": "смешанных лесов", "layer": "eurasia", "path": "D:/kurse4/semestr7/Diplom/diplom3/data/eurasia.shp" }, "geometry": { "type": "MultiPolygon", "coordinates": [ [ [ [ 5.665835402050419, 58.588155422593701 ], [ 5.308234490590678, 59.663231919993834 ], [ 4.992078077828978, 61.970998033284317 ], [ 5.912900424837886, 62.614472968182724 ], [ 8.553411085655739, 63.45400828719648 ], [ 10.527709181366758, 64.486038316497499 ], [ 12.358346795306373, 65.879725857193179 ], [ 14.761145867581604, 67.810641587995164 ], [ 16.435927361728943, 68.563205471461728 ], [ 19.184028354578459, 69.817444159617779 ], [ 21.378416375420585, 70.2551693793461 ], [ 23.023742303161526, 70.202071845166202 ], [ 24.546543409938465, 71.030496731237221 ], [ 26.370049676221811, 70.986261705195389 ], [ 23.041503436873882, 69.640291010852849 ], [ 21.416079320259687, 69.744484864481961 ], [ 19.457234872032327, 69.265193137788032 ], [ 17.993868442464333, 68.567391262477358 ], [ 17.644261818885727, 68.431642308755102 ], [ 16.768878614985482, 68.013936672631402 ], [ 15.393674580496844, 67.410542543189777 ], [ 14.643478834367217, 66.660346797060143 ], [ 11.788567244929464, 64.472275870848733 ], [ 10.121465586863625, 63.326143480928465 ], [ 8.391847616620312, 62.430076339718099 ], [ 7.245715226700048, 61.888268300846697 ], [ 6.328809314763836, 61.471492886330239 ], [ 6.037066524602315, 61.096395013265429 ], [ 6.037066524602315, 60.575425745119851 ], [ 6.120421607505606, 59.887746311167689 ], [ 6.016227753876492, 59.241744418667182 ], [ 5.665835402050419, 58.588155422593701 ] ] ] ] } },
{ "type": "Feature", "properties": { "id": null, "Zone": "области высотной поясности", "layer": "eurasia", "path": "D:/kurse4/semestr7/Diplom/diplom3/data/eurasia.shp" }, "geometry": { "type": "MultiPolygon", "coordinates": [ [ [ [ 5.665835402050419, 58.588155422593701 ], [ 6.016227753876492, 59.241744418667182 ], [ 6.120421607505606, 59.887746311167689 ], [ 6.037066524602315, 60.575425745119851 ], [ 6.037066524602315, 61.096395013265429 ], [ 6.328809314763836, 61.471492886330239 ], [ 7.245715226700048, 61.888268300846697 ], [ 8.391847616620312, 62.430076339718099 ], [ 10.121465586863625, 63.326143480928465 ], [ 11.788567244929464, 64.472275870848733 ], [ 14.643478834367217, 66.660346797060143 ], [ 15.393674580496844, 67.410542543189777 ], [ 16.768878614985482, 68.013936672631402 ], [ 17.644261818885727, 68.431642308755102 ], [ 17.993868442464333, 68.567391262477358 ], [ 19.457234872032327, 69.265193137788032 ], [ 21.416079320259687, 69.744484864481961 ], [ 23.041503436873882, 69.640291010852849 ], [ 26.370049676221811, 70.986261705195389 ], [ 28.165547316202943, 71.185474351680554 ], [ 26.964402026010056, 70.562406615470593 ], [ 25.229574363085288, 69.859098103473997 ], [ 23.662049594830759, 68.891247463650544 ], [ 20.936787593565754, 68.025286279601573 ], [ 17.769294443240661, 66.608249870245601 ], [ 15.101931790335319, 64.649405422018248 ], [ 13.476507673721125, 63.524111802823803 ], [ 13.059732259204667, 62.940626222500761 ], [ 11.992064243221563, 61.80036245385655 ], [ 10.736209323275403, 60.450393120764915 ], [ 10.277756367307298, 60.304521725684154 ], [ 9.600496318718051, 60.158650330603393 ], [ 8.933655655491714, 60.148230945240485 ], [ 8.287653762991201, 60.085714633063013 ], [ 8.037588514281325, 59.87732692580478 ], [ 7.870878348474742, 59.408454584473766 ], [ 7.662490641216512, 58.897904701691104 ], [ 6.912294895086884, 58.533226213989202 ], [ 6.412164397667132, 58.32483850673097 ], [ 5.665835402050419, 58.588155422593701 ] ] ] ] } },
{ "type": "Feature", "properties": { "id": null, "Zone": "широколиственных лесов", "layer": "eurasia", "path": "D:/kurse4/semestr7/Diplom/diplom3/data/eurasia.shp" }, "geometry": { "type": "MultiPolygon", "coordinates": [ [ [ [ 11.027368605196868, 58.856149400459358 ], [ 16.447709588291474, 57.041118069071885 ], [ 15.879785597403783, 56.104301866268663 ], [ 14.666681349352075, 56.200885118222175 ], [ 14.100721062891465, 55.407781073622651 ], [ 12.942910597392057, 55.361737372450577 ], [ 12.625100538797028, 56.30708018658197 ], [ 11.787942335668674, 57.441817125063068 ], [ 11.027368605196868, 58.856149400459358 ] ] ] ] } },
{ "type": "Feature", "properties": { "id": null, "Zone": "смешанных лесов", "layer": "eurasia", "path": "D:/kurse4/semestr7/Diplom/diplom3/data/eurasia.shp" }, "geometry": { "type": "MultiPolygon", "coordinates": [ [ [ [ 9.600496318718051, 60.158650330603393 ], [ 10.277756367307298, 60.304521725684154 ], [ 10.736209323275403, 60.450393120764915 ], [ 13.997476941866703, 60.023198320885584 ], [ 15.664578599932543, 60.169069715966344 ], [ 17.119554884518124, 61.341165676510968 ], [ 17.831346062906391, 60.636583360427409 ], [ 18.787721795332089, 60.081914374422595 ], [ 17.86922488777634, 58.953766181058697 ], [ 16.829185011470088, 58.719826972073392 ], [ 16.447709588291474, 57.041118069071885 ], [ 11.027368605196868, 58.856149400459358 ], [ 10.356556837616067, 59.469807033925356 ], [ 8.382000359743586, 58.313288479233215 ], [ 7.048748406613271, 58.078884182357285 ], [ 6.412164397667132, 58.32483850673097 ], [ 6.412164397667132, 58.32483850673097 ], [ 6.912294895086884, 58.533226213989202 ], [ 7.662490641216512, 58.897904701691104 ], [ 7.870878348474742, 59.408454584473766 ], [ 8.037588514281325, 59.87732692580478 ], [ 8.287653762991201, 60.085714633063013 ], [ 8.933655655491714, 60.148230945240485 ], [ 9.600496318718051, 60.158650330603393 ] ] ] ] } },
{ "type": "Feature", "properties": { "id": null, "Zone": "тундры", "layer": "eurasia", "path": "D:/kurse4/semestr7/Diplom/diplom3/data/eurasia.shp" }, "geometry": { "type": "MultiPolygon", "coordinates": [ [ [ [ 26.964402026010056, 70.562406615470593 ], [ 28.165547316202943, 71.185474351680554 ], [ 31.293418409965454, 70.453787746859902 ], [ 30.005435011522792, 70.186258856884891 ], [ 31.101042202597625, 69.558101088056219 ], [ 31.10108, 69.558110000000113 ], [ 32.132720000000177, 69.905950000000189 ], [ 33.77547, 69.301420000000121 ], [ 36.51396, 69.06342 ], [ 40.292340000000138, 67.9324 ], [ 41.05987, 67.45713000000012 ], [ 41.125950000000103, 66.79158 ], [ 38.967533964084097, 67.478268548048803 ], [ 37.092044598760026, 68.040915357646014 ], [ 34.758102277467856, 68.374335689259183 ], [ 32.215772248917446, 68.832788645227282 ], [ 30.632025673754903, 69.124531435388803 ], [ 28.881568932785772, 70.020598576599184 ], [ 26.964402026010056, 70.562406615470593 ] ] ] ] } },
{ "type": "Feature", "properties": { "id": null, "Zone": "лесотундры", "layer": "eurasia", "path": "D:/kurse4/semestr7/Diplom/diplom3/data/eurasia.shp" }, "geometry": { "type": "MultiPolygon", "coordinates": [ [ [ [ 25.229574363085288, 69.859098103473997 ], [ 26.964402026010056, 70.562406615470593 ], [ 28.881568932785772, 70.020598576599184 ], [ 30.200047883758277, 69.345662923125175 ], [ 30.632025673754903, 69.124531435388803 ], [ 32.215772248917446, 68.832788645227282 ], [ 34.758102277467856, 68.374335689259183 ], [ 37.092044598760026, 68.040915357646014 ], [ 38.967533964084097, 67.478268548048803 ], [ 41.125950000000103, 66.79158 ], [ 40.01583, 66.266180000000134 ], [ 38.321532071583576, 66.707234031193337 ], [ 36.466881476985336, 67.16568698716145 ], [ 33.382743409563531, 67.644978713855394 ], [ 30.402799195770847, 67.895043962565268 ], [ 28.110534415930317, 68.249303064904254 ], [ 26.776853089477648, 68.95782126958224 ], [ 25.229574363085288, 69.859098103473997 ] ] ] ] } },
{ "type": "Feature", "properties": { "id": null, "Zone": "хвойных лесов (тайги)", "layer": "eurasia", "path": "D:/kurse4/semestr7/Diplom/diplom3/data/eurasia.shp" }, "geometry": { "type": "MultiPolygon", "coordinates": [ [ [ [ 10.736209323275403, 60.450393120764915 ], [ 11.992064243221563, 61.80036245385655 ], [ 13.059732259204667, 62.940626222500761 ], [ 13.476507673721125, 63.524111802823803 ], [ 15.101931790335319, 64.649405422018248 ], [ 17.769294443240661, 66.608249870245601 ], [ 20.936787593565754, 68.025286279601573 ], [ 22.324113789067798, 68.46611385300973 ], [ 23.662049594830759, 68.891247463650544 ], [ 25.229574363085288, 69.859098103473997 ], [ 25.92952051435287, 69.451385362163293 ], [ 26.776853089477648, 68.95782126958224 ], [ 28.110534415930317, 68.249303064904254 ], [ 29.041757848395026, 68.105386716250621 ], [ 30.402799195770847, 67.895043962565268 ], [ 33.382743409563531, 67.644978713855394 ], [ 36.466881476985336, 67.16568698716145 ], [ 38.321532071583576, 66.707234031193337 ], [ 40.01583, 66.266180000000134 ], [ 38.38295, 65.999530000000107 ], [ 33.918710000000146, 66.75961 ], [ 33.18444, 66.63253 ], [ 34.814770000000124, 65.900150000000167 ], [ 34.878574253078739, 65.436212877048206 ], [ 34.94391, 64.41437000000019 ], [ 36.23129, 64.10945 ], [ 37.01273, 63.849830000000111 ], [ 37.141970000000185, 64.33471 ], [ 36.539579035089787, 64.76446 ], [ 37.17604, 65.143220000000156 ], [ 39.59345, 64.520790000000204 ], [ 40.4356, 64.76446 ], [ 39.762600000000191, 65.49682 ], [ 40.97587049278534, 66.009135211878302 ], [ 42.697673924006388, 65.790328119257182 ], [ 44.677357142959572, 65.790328119257182 ], [ 46.802911756993517, 65.977877055789577 ], [ 49.428596868447222, 66.227942304499464 ], [ 52.28350845788497, 66.144587221596183 ], [ 55.430162837484247, 65.977877055789591 ], [ 58.035009178212121, 65.68613426562807 ], [ 61.744310367408609, 65.561101641273154 ], [ 60.306435187326827, 64.935938519498464 ], [ 59.59791698264884, 64.206581544094661 ], [ 59.222819109584023, 63.331353173610097 ], [ 59.076947714503262, 62.351930949496413 ], [ 58.847721236519213, 61.184959788850328 ], [ 58.660172299986804, 59.851278462397659 ], [ 58.7435273828901, 59.246954111348785 ], [ 59.222819109584023, 59.017727633364736 ], [ 59.973014855713657, 59.351147964977905 ], [ 60.368951499504291, 60.03882739893006 ], [ 60.619016748214165, 61.122443476672856 ], [ 60.660694289665813, 62.289414637318941 ], [ 60.744049372569108, 63.206320549255153 ], [ 61.077469704182278, 64.039871378288083 ], [ 61.911020533215193, 64.519163104981999 ], [ 62.890442757328877, 65.060971143853408 ], [ 63.682316044910152, 64.373291709901252 ], [ 64.661738269023829, 64.0607101490139 ], [ 65.828709429669914, 64.164904002643013 ], [ 68.204329292413746, 64.581679417159435 ], [ 69.996463574834507, 64.873422207320957 ], [ 72.392922208304157, 64.540001875707787 ], [ 75.789641836613328, 63.977355066110562 ], [ 78.498682030970315, 64.102387690465505 ], [ 85.333798829040248, 65.748650577805535 ], [ 88.001161481945587, 66.498846323935155 ], [ 90.710201676302574, 66.290458616676929 ], [ 92.210593168561829, 65.706973036353887 ], [ 94.752923197112239, 65.248520080385788 ], [ 98.337191761953832, 64.998454831675886 ], [ 101.421329829375637, 65.040132373127534 ], [ 103.130109028893116, 64.456646792804491 ], [ 103.713594609216173, 64.498324334256125 ], [ 104.192886335910089, 64.790067124417646 ], [ 104.151208794458455, 65.123487456030816 ], [ 108.902448519946091, 65.227681309659943 ], [ 112.590910938416741, 64.810905895143478 ], [ 114.883175718257263, 64.602518187885238 ], [ 120.759709062939351, 64.852583436595125 ], [ 125.761014037136704, 65.295407314518471 ], [ 126.448693471088873, 64.774438046372893 ], [ 127.198889217218493, 64.461856485485541 ], [ 127.990762504799775, 64.170113695324019 ], [ 129.053539811816734, 63.857532134436681 ], [ 130.137155889559551, 63.565789344275153 ], [ 131.262449508753974, 63.46159549064604 ], [ 132.679485918109947, 63.565789344275153 ], [ 133.304649039884623, 63.607466885726801 ], [ 133.929812161659328, 63.482434261371864 ], [ 134.346587576175779, 63.149013929758695 ], [ 135.59691381972516, 62.898948681048822 ], [ 136.30543202440316, 62.669722203064765 ], [ 136.659691126742075, 61.127653169353863 ], [ 136.618013585290441, 59.731455530723721 ], [ 136.347109565854737, 59.18964749185232 ], [ 135.909495380612441, 58.710355765158397 ], [ 134.867556844321285, 58.231064038464467 ], [ 132.658647147384045, 57.314158126528255 ], [ 130.595608845527607, 56.313897131688762 ], [ 128.949345958187564, 55.605378927010776 ], [ 127.553148319557437, 55.313636136849254 ], [ 127.05301782213769, 55.271958595397606 ], [ 126.823791344153634, 55.396991219752543 ], [ 126.990501509960211, 55.855444175720649 ], [ 127.428115695202493, 56.272219590237114 ], [ 128.991023499639226, 57.376674438705734 ], [ 129.470315226333156, 57.626739687415608 ], [ 129.637025392139748, 57.939321248302953 ], [ 129.51199276778479, 58.106031414109538 ], [ 129.282766289800747, 58.21022526773865 ], [ 128.90766841673593, 58.376935433545235 ], [ 127.928246192622254, 58.522806828625995 ], [ 125.886046661491591, 58.710355765158404 ], [ 124.656559188668012, 58.710355765158411 ], [ 124.07307360834497, 58.501968057900179 ], [ 123.531265569473561, 58.210225267738657 ], [ 122.947779989150519, 57.897643706851312 ], [ 122.364294408827476, 57.585062145963967 ], [ 121.676614974875321, 57.251641814350798 ], [ 121.301517101810504, 57.230803043624974 ], [ 121.030613082374799, 57.418351980157382 ], [ 121.030613082374799, 57.689255999593087 ], [ 121.072290623826447, 58.001837560480425 ], [ 120.988935540923165, 58.439451745722714 ], [ 120.780547833664926, 58.647839452980939 ], [ 120.405449960600109, 58.710355765158411 ], [ 120.030352087535306, 58.689516994432587 ], [ 119.551060360841376, 58.689516994432587 ], [ 119.030091092695798, 58.772872077335883 ], [ 118.654993219630981, 58.939582243142468 ], [ 118.217379034388699, 59.231325033303989 ], [ 117.508860829710713, 59.502229052739686 ], [ 116.696148771403614, 59.668939218546271 ], [ 115.675049005838289, 59.502229052739686 ], [ 115.112402196241064, 59.37719642838475 ], [ 114.86233694753119, 59.189647491852341 ], [ 114.966530801160303, 58.877065930964996 ], [ 115.091563425515247, 58.772872077335883 ], [ 115.383306215676768, 58.585323140803474 ], [ 115.883436713096515, 58.41861297499689 ], [ 116.383567210516276, 58.251902809190305 ], [ 116.758665083581093, 58.147708955561193 ], [ 117.508860829710713, 57.960160019028784 ], [ 117.88395870277553, 57.814288623948023 ], [ 118.008991327130474, 57.543384604512326 ], [ 117.800603619872234, 56.9807377949151 ], [ 117.508860829710713, 56.688995004753579 ], [ 116.967052790839318, 56.334735902414586 ], [ 116.654471229951966, 55.87628294644648 ], [ 116.487761064145388, 55.688734009914072 ], [ 116.091824420354754, 55.626217697736607 ], [ 115.633371464386641, 55.751250322091543 ], [ 115.174918508418529, 56.042993112253065 ], [ 114.841498176805374, 56.418090985317882 ], [ 114.403883991563077, 56.730672546205227 ], [ 113.862075952691683, 56.897382712011812 ], [ 113.195235289465344, 57.043254107092572 ], [ 112.507555855513189, 57.043254107092572 ], [ 112.257490606803316, 57.147447960721685 ], [ 112.236651836077499, 57.355835667979918 ], [ 112.320006918980781, 57.626739687415615 ], [ 112.236651836077499, 57.793449853222199 ], [ 111.736521338657738, 57.960160019028784 ], [ 111.236390841237991, 57.814288623948023 ], [ 110.632066490189118, 57.501707063060678 ], [ 110.194452304946836, 57.251641814350805 ], [ 109.673483036801258, 56.939060253463452 ], [ 108.339801710348581, 56.543123609672818 ], [ 106.881087759540989, 55.292797366123466 ], [ 106.818571447363524, 54.542601619993839 ], [ 106.964442842444285, 54.250858829832318 ], [ 107.589605964218975, 54.10498743475155 ], [ 108.631544500510117, 54.250858829832318 ], [ 108.902448519945821, 54.000793581122437 ], [ 108.860770978494173, 53.500663083702683 ], [ 107.839671212928991, 52.656692869306916 ], [ 106.901926530266962, 52.094046059709697 ], [ 106.11005324268568, 51.593915562289943 ], [ 105.568245203814286, 51.23965645995095 ], [ 104.984759623491243, 50.968752440515253 ], [ 104.432532199256954, 50.760364733257049 ], [ 104.13037002373251, 50.614493338176281 ], [ 103.838627233570833, 50.604073952813266 ], [ 103.536465058046559, 50.708267806442485 ], [ 103.421851819054382, 50.874977972248963 ], [ 103.307238580062503, 51.041688138055648 ], [ 103.234302882521973, 51.270914616039605 ], [ 103.150947799618677, 51.812722654910999 ], [ 103.025915175263748, 52.125304215798344 ], [ 102.734172385102227, 52.417047005959866 ], [ 101.67139507808524, 52.917177503379619 ], [ 97.9412551181629, 54.292536371283958 ], [ 97.003510435500871, 54.542601619993839 ], [ 95.419763860338321, 54.625956702897128 ], [ 94.065243763159827, 54.500924078542191 ], [ 91.986576383259205, 54.855183180881419 ], [ 91.819866217452628, 55.105248429591299 ], [ 91.903221300355924, 55.355313678301172 ], [ 92.069931466162501, 55.709572780640165 ], [ 91.77818867600098, 55.87628294644675 ], [ 91.382252032210346, 55.87628294644675 ], [ 90.715411368984007, 55.77208909281763 ], [ 90.34031349591919, 55.688734009914342 ], [ 90.090248247209317, 55.834605404995102 ], [ 90.507023661725782, 56.105509424430799 ], [ 91.132186783500472, 56.293058360963208 ], [ 91.569800968742754, 56.605639921850553 ], [ 91.590639739468571, 56.980737794915363 ], [ 91.403090802936163, 57.168286731447772 ], [ 91.007154159145529, 57.334996897254356 ], [ 90.0694094764835, 57.501707063060941 ], [ 89.173342335273105, 57.35583566798018 ], [ 88.318952735514358, 57.022415336367011 ], [ 87.693789613739668, 56.876543941286251 ], [ 87.256175428497386, 57.022415336367011 ], [ 86.818561243255104, 57.605900916690054 ], [ 86.110043038577118, 57.835127394674124 ], [ 85.193137126640906, 57.855966165399948 ], [ 83.984488424543173, 57.605900916690075 ], [ 82.942549888252017, 57.334996897254378 ], [ 81.129576835105425, 57.001576565641209 ], [ 79.170732386878058, 56.876543941286272 ], [ 77.399436875183113, 56.668156234028039 ], [ 76.440853421795254, 56.18886450733411 ], [ 75.607302592762323, 56.084670653704997 ], [ 74.846687461269795, 56.251380819511574 ], [ 74.554944671108274, 56.4597685267698 ], [ 73.836007081067379, 56.595220536487652 ], [ 73.127488876389393, 56.53270422431018 ], [ 72.189744193727364, 56.376413443866511 ], [ 71.345773979331526, 56.23054204878575 ], [ 70.376771140580743, 56.23054204878575 ], [ 69.105606126305531, 56.188864507334102 ], [ 67.365568770699312, 55.834605404995109 ], [ 66.584114868480953, 55.740830936728912 ], [ 66.229855766141952, 55.886702331809651 ], [ 66.031887444246635, 56.011734956164588 ], [ 66.000629288157896, 56.303477746326116 ], [ 66.167339453964473, 56.595220536487638 ], [ 66.459082244125995, 56.959899024189539 ], [ 66.448662858763086, 57.1057704192703 ], [ 66.209016995416121, 57.17870611681068 ], [ 65.46924063464941, 57.209964272899413 ], [ 64.489818410535733, 57.157867346084856 ], [ 63.322847249889641, 56.918221482737891 ], [ 61.197292635855703, 56.240961434148645 ], [ 59.92091792889903, 55.657475853825588 ], [ 59.941756699624875, 55.923170180579838 ], [ 60.014692397165255, 56.267009897555909 ], [ 59.983434241076523, 56.506655760902881 ], [ 59.894869465491773, 56.626478692576356 ], [ 59.780256226499723, 56.70462408279819 ], [ 59.644804216781893, 56.741091931568384 ], [ 59.504142514382593, 56.756721009612761 ], [ 59.373900197346195, 56.756721009612747 ], [ 59.238448187628329, 56.72025316084256 ], [ 59.123834948636322, 56.683785312072366 ], [ 59.014431402325741, 56.610849614531986 ], [ 58.660172299986755, 56.652527155983634 ], [ 58.160041802567001, 56.590010843806169 ], [ 56.868038017565979, 55.902331409854007 ], [ 55.701066856919887, 55.548072307515014 ], [ 54.033965198854048, 55.860653868402359 ], [ 51.262408692319596, 56.173235429289683 ], [ 49.887049824415271, 56.214912970741331 ], [ 47.303042254413228, 56.089880346386394 ], [ 43.760451231023318, 56.131557887838035 ], [ 39.759407251665309, 56.965108716870958 ], [ 36.008428521017166, 57.756982004452226 ], [ 33.299388326660193, 57.923692170258839 ], [ 32.069900853836643, 57.756982004452254 ], [ 30.069378864157635, 57.569433067919846 ], [ 28.485632288995085, 57.861175858081367 ], [ 27.579408992264554, 58.223665176773579 ], [ 26.089173655525443, 58.819759311469227 ], [ 24.604214308376186, 59.465853786855021 ], [ 25.864189080516638, 59.611090399811332 ], [ 27.050845929267609, 59.448719157989487 ], [ 27.98112, 59.475370000000112 ], [ 27.981126857000987, 59.475373334325269 ], [ 29.1177, 60.028050000000121 ], [ 28.070001921525666, 60.503519127968232 ], [ 28.069997592895277, 60.503516547275837 ], [ 26.255172967236973, 60.423960679762502 ], [ 24.496623976344523, 60.057316392651657 ], [ 22.869694858499457, 59.846373196036225 ], [ 22.290763787533592, 60.391921291741539 ], [ 21.322244093519316, 60.720169989659524 ], [ 21.544866163832694, 61.705329494871791 ], [ 21.059211053153689, 62.60739329695874 ], [ 21.536029493910803, 63.18973501245587 ], [ 22.442744174903993, 63.817810370531291 ], [ 24.730511508897536, 64.902343655040838 ], [ 25.398067661243942, 65.111426500093742 ], [ 25.294043003040404, 65.534346421970454 ], [ 23.903378533633802, 66.006927395279618 ], [ 22.18317345550193, 65.723740546320172 ], [ 21.21351687997722, 65.026005357515274 ], [ 21.369631381930958, 64.413587958424287 ], [ 19.77887576669022, 63.609554348395037 ], [ 17.847779168375212, 62.74940013289681 ], [ 17.119554884518124, 61.341165676510968 ], [ 15.664578599932543, 60.169069715966344 ], [ 13.997476941866703, 60.023198320885584 ], [ 10.736209323275403, 60.450393120764915 ] ] ] ] } },
{ "type": "Feature", "properties": { "id": null, "Zone": "области высотной поясности", "layer": "eurasia", "path": "D:/kurse4/semestr7/Diplom/diplom3/data/eurasia.shp" }, "geometry": { "type": "MultiPolygon", "coordinates": [ [ [ [ 61.744310367408609, 65.561101641273154 ], [ 63.109249849950082, 66.238361689862344 ], [ 63.796929283902237, 66.634298333652978 ], [ 63.901123137531357, 66.946879894540331 ], [ 63.901123137531357, 67.738753182121599 ], [ 63.901123137531357, 68.113851055186416 ], [ 64.380414864225287, 68.447271386799571 ], [ 65.338998317613132, 68.30139999171881 ], [ 66.443453166081753, 67.697075640669951 ], [ 66.464291936807584, 67.217783913976021 ], [ 65.985000210113654, 66.801008499459556 ], [ 64.818029049467569, 66.217522919136513 ], [ 63.505186493740716, 65.446488402281076 ], [ 62.890442757328877, 65.060971143853408 ], [ 61.911020533215193, 64.519163104981999 ], [ 61.077469704182278, 64.039871378288083 ], [ 60.744049372569108, 63.206320549255153 ], [ 60.660694289665813, 62.289414637318941 ], [ 60.619016748214165, 61.122443476672856 ], [ 60.368951499504291, 60.03882739893006 ], [ 59.973014855713657, 59.351147964977905 ], [ 59.222819109584023, 59.017727633364736 ], [ 58.7435273828901, 59.246954111348785 ], [ 58.660172299986804, 59.851278462397659 ], [ 58.847721236519213, 61.184959788850328 ], [ 59.076947714503262, 62.351930949496413 ], [ 59.222819109584023, 63.331353173610097 ], [ 59.59791698264884, 64.206581544094661 ], [ 60.306435187326827, 64.935938519498464 ], [ 61.744310367408609, 65.561101641273154 ] ] ] ] } },
{ "type": "Feature", "properties": { "id": null, "Zone": "лесотундры", "layer": "eurasia", "path": "D:/kurse4/semestr7/Diplom/diplom3/data/eurasia.shp" }, "geometry": { "type": "MultiPolygon", "coordinates": [ [ [ [ 63.901123137531357, 68.113851055186416 ], [ 63.901123137531357, 66.946879894540331 ], [ 63.796929283902237, 66.634298333652978 ], [ 63.109249849950082, 66.238361689862344 ], [ 61.744310367408609, 65.561101641273154 ], [ 58.035009178212121, 65.68613426562807 ], [ 55.430162837484247, 65.977877055789591 ], [ 52.28350845788497, 66.144587221596183 ], [ 49.428596868447222, 66.227942304499464 ], [ 46.802911756993517, 65.977877055789577 ], [ 44.677357142959572, 65.790328119257182 ], [ 42.697673924006388, 65.790328119257182 ], [ 40.980304768298708, 66.008571703341048 ], [ 42.093090000000132, 66.47623 ], [ 43.01604, 66.418580000000134 ], [ 43.949750000000108, 66.06908 ], [ 44.53226, 66.756340000000137 ], [ 44.875325464854974, 66.853105426274098 ], [ 45.562020000000132, 67.010050000000149 ], [ 46.349150000000122, 66.667670000000101 ], [ 47.89416000000017, 66.884550000000104 ], [ 48.13876, 67.52238 ], [ 48.825574940568792, 67.310255959071924 ], [ 49.626565190342617, 67.21257422129456 ], [ 52.981607277200133, 67.196945143250218 ], [ 56.982651256558128, 67.176106372524373 ], [ 59.295754807124482, 67.301138996879317 ], [ 61.442148191884243, 67.530365474863373 ], [ 63.901123137531357, 68.113851055186416 ] ] ] ] } },
{ "type": "Feature", "properties": { "id": null, "Zone": "тундры", "layer": "eurasia", "path": "D:/kurse4/semestr7/Diplom/diplom3/data/eurasia.shp" }, "geometry": { "type": "MultiPolygon", "coordinates": [ [ [ [ 43.45282, 68.57079 ], [ 46.250000000000114, 68.25 ], [ 46.82134, 67.68997 ], [ 45.55517, 67.56652 ], [ 45.562020000000132, 67.010050000000149 ], [ 44.53226, 66.756340000000137 ], [ 43.69839, 67.35245 ], [ 44.187950000000171, 67.950510000000122 ], [ 43.45282, 68.57079 ] ] ] ] } },
{ "type": "Feature", "properties": { "id": null, "Zone": "тундры", "layer": "eurasia", "path": "D:/kurse4/semestr7/Diplom/diplom3/data/eurasia.shp" }, "geometry": { "type": "MultiPolygon", "coordinates": [ [ [ [ 48.13876, 67.52238 ], [ 50.227660000000128, 67.998670000000175 ], [ 53.717430000000149, 68.857380000000148 ], [ 54.47171, 68.80815 ], [ 53.48582000000016, 68.20131 ], [ 54.72628, 68.09702 ], [ 55.442680000000109, 68.43866 ], [ 57.31702, 68.46628 ], [ 58.802000000000135, 68.88082 ], [ 59.941420000000107, 68.27844 ], [ 61.077840000000208, 68.94069 ], [ 60.03, 69.52 ], [ 60.55, 69.85 ], [ 63.504000000000133, 69.54739 ], [ 64.888115, 69.234835 ], [ 68.512160000000165, 68.092330000000118 ], [ 69.180680000000109, 68.615630000000124 ], [ 68.16444, 69.14436 ], [ 68.13522, 69.356490000000122 ], [ 66.930080000000146, 69.454610000000116 ], [ 67.25976, 69.92873 ], [ 66.724920000000168, 70.708890000000167 ], [ 66.69466, 71.028970000000186 ], [ 68.010268240029603, 70.842427597098947 ], [ 70.026419307752974, 70.842427597098947 ], [ 71.698730658500281, 71.029976533631356 ], [ 72.47011, 71.09019 ], [ 72.79188, 70.39114 ], [ 72.56470000000013, 69.02085 ], [ 73.66787, 68.4079 ], [ 73.2387, 67.7404 ], [ 72.370781014408081, 67.130521561561778 ], [ 71.495552643923517, 67.224296029827983 ], [ 69.74509590295439, 67.146150639606134 ], [ 67.494508664565501, 67.224296029827968 ], [ 66.464291936807584, 67.217783913976021 ], [ 66.443453166081753, 67.697075640669951 ], [ 65.338998317613132, 68.30139999171881 ], [ 64.380414864225287, 68.447271386799571 ], [ 63.901123137531357, 68.113851055186416 ], [ 61.442148191884243, 67.530365474863373 ], [ 59.295754807124482, 67.301138996879317 ], [ 56.982651256558128, 67.176106372524373 ], [ 52.981607277200133, 67.196945143250218 ], [ 49.626565190342617, 67.21257422129456 ], [ 48.825574940568792, 67.310255959071924 ], [ 48.13876, 67.52238 ] ] ] ] } },
{ "type": "Feature", "properties": { "id": null, "Zone": "арктических пустынь", "layer": "eurasia", "path": "D:/kurse4/semestr7/Diplom/diplom3/data/eurasia.shp" }, "geometry": { "type": "MultiPolygon", "coordinates": [ [ [ [ 73.46481647751375, 71.22534000918607 ], [ 73.1011, 71.447170000000199 ], [ 74.89082000000019, 72.121190000000126 ], [ 74.65926, 72.83227 ], [ 75.158010000000104, 72.854970000000151 ], [ 75.683510000000126, 72.300560000000132 ], [ 75.28898, 71.3355600000001 ], [ 73.46481647751375, 71.22534000918607 ] ] ] ] } },
{ "type": "Feature", "properties": { "id": null, "Zone": "арктических пустынь", "layer": "eurasia", "path": "D:/kurse4/semestr7/Diplom/diplom3/data/eurasia.shp" }, "geometry": { "type": "MultiPolygon", "coordinates": [ [ [ [ 72.47011, 71.09019 ], [ 71.698730658500281, 71.029976533631356 ], [ 70.026419307752974, 70.842427597098947 ], [ 68.010268240029603, 70.842427597098947 ], [ 66.69466, 71.028970000000186 ], [ 68.54006, 71.934500000000185 ], [ 69.19636, 72.843360000000189 ], [ 69.94, 73.04 ], [ 72.58754, 72.776290000000131 ], [ 72.79603, 72.22006 ], [ 71.84811, 71.40898 ], [ 72.47011, 71.09019 ] ] ] ] } },
{ "type": "Feature", "properties": { "id": null, "Zone": "тундры", "layer": "eurasia", "path": "D:/kurse4/semestr7/Diplom/diplom3/data/eurasia.shp" }, "geometry": { "type": "MultiPolygon", "coordinates": [ [ [ [ 73.920990000000131, 66.789460000000133 ], [ 74.186510000000112, 67.28429 ], [ 75.052, 67.760470000000112 ], [ 74.469260000000133, 68.32899 ], [ 74.93584, 68.98918 ], [ 73.84236, 69.07146 ], [ 73.60187000000019, 69.62763 ], [ 74.3998, 70.63175 ], [ 73.1011, 71.447170000000199 ], [ 73.46481647751375, 71.22534000918607 ], [ 75.28898, 71.3355600000001 ], [ 76.35911, 71.152870000000178 ], [ 79.271018970996266, 71.514477953006846 ], [ 81.5, 71.75 ], [ 85.366359408299502, 72.420964479580149 ], [ 92.962091337861978, 73.389967318330946 ], [ 98.2447197168581, 74.390228313170439 ], [ 105.058997744202244, 75.109165903211334 ], [ 108.028522572632028, 75.046649591033869 ], [ 110.151250000000118, 74.47673 ], [ 109.4, 74.18 ], [ 110.64, 74.04 ], [ 112.11919, 73.787740000000156 ], [ 113.019540000000234, 73.976930000000152 ], [ 113.529580000000237, 73.335050000000138 ], [ 115.249156629129658, 72.702287884378762 ], [ 121.31323891034414, 71.733285045628023 ], [ 124.439054519217592, 71.311299938430096 ], [ 124.01706941201968, 71.076863767764593 ], [ 123.298131821978785, 70.889314831232184 ], [ 121.907143876030105, 71.014347455587128 ], [ 118.750070111067913, 71.326929016474452 ], [ 115.374189253484587, 71.670768733450529 ], [ 109.247590660092627, 72.858578664822417 ], [ 105.871709802509301, 73.139902069621016 ], [ 101.15172823311039, 73.23367653788722 ], [ 95.275194888428274, 72.483480791757628 ], [ 92.712026089152062, 71.889575826071678 ], [ 89.711243104633539, 70.983089299498374 ], [ 85.460133876565649, 69.795279368126458 ], [ 81.896704082449915, 68.763760217198225 ], [ 79.989956561037118, 68.029193549112961 ], [ 79.099099112508185, 67.591579363870679 ], [ 77.161093435006649, 67.216481490805862 ], [ 75.488782084259356, 66.935158086007249 ], [ 73.920990000000131, 66.789460000000133 ] ] ] ] } },
{ "type": "Feature", "properties": { "id": null, "Zone": "арктических пустынь", "layer": "eurasia", "path": "D:/kurse4/semestr7/Diplom/diplom3/data/eurasia.shp" }, "geometry": { "type": "MultiPolygon", "coordinates": [ [ [ [ 76.35911, 71.152870000000178 ], [ 75.903130000000147, 71.87401 ], [ 77.57665, 72.26717 ], [ 79.652020000000107, 72.32011 ], [ 81.5, 71.75 ], [ 76.35911, 71.152870000000178 ] ] ] ] } },
{ "type": "Feature", "properties": { "id": null, "Zone": "арктических пустынь", "layer": "eurasia", "path": "D:/kurse4/semestr7/Diplom/diplom3/data/eurasia.shp" }, "geometry": { "type": "MultiPolygon", "coordinates": [ [ [ [ 81.5, 71.75 ], [ 80.61071, 72.582850000000121 ], [ 80.51109, 73.6482 ], [ 82.25, 73.850000000000136 ], [ 84.65526, 73.80591000000021 ], [ 86.822300000000155, 73.93688 ], [ 86.00956, 74.459670000000187 ], [ 87.166820000000143, 75.11643 ], [ 88.31571, 75.14393 ], [ 90.26, 75.64 ], [ 92.90058, 75.773330000000101 ], [ 93.23421, 76.0472 ], [ 95.860000000000184, 76.1400000000001 ], [ 96.67821, 75.91548 ], [ 98.92254000000014, 76.44689 ], [ 100.759670000000142, 76.43028 ], [ 101.03532, 76.86189 ], [ 101.990840000000105, 77.287540000000149 ], [ 104.351600000000133, 77.69792 ], [ 106.066640000000177, 77.37389 ], [ 104.705000000000155, 77.1274 ], [ 106.97013, 76.97419 ], [ 107.240000000000123, 76.48 ], [ 108.153800000000103, 76.72335 ], [ 111.077260000000194, 76.71 ], [ 113.33151, 76.22224 ], [ 114.13417, 75.84764 ], [ 113.88539, 75.327790000000164 ], [ 112.77918, 75.031860000000108 ], [ 110.151250000000118, 74.47673 ], [ 108.028522572632028, 75.046649591033869 ], [ 105.058997744202244, 75.109165903211334 ], [ 98.2447197168581, 74.390228313170439 ], [ 92.962091337861978, 73.389967318330946 ], [ 85.366359408299502, 72.420964479580149 ], [ 81.5, 71.75 ] ] ] ] } },
{ "type": "Feature", "properties": { "id": null, "Zone": "арктических пустынь", "layer": "eurasia", "path": "D:/kurse4/semestr7/Diplom/diplom3/data/eurasia.shp" }, "geometry": { "type": "MultiPolygon", "coordinates": [ [ [ [ 93.31288, 79.4265 ], [ 97.88385, 80.746975 ], [ 100.186655, 79.780135 ], [ 99.93976, 78.88094 ], [ 97.75794, 78.7562 ], [ 94.97259, 79.044745 ], [ 93.31288, 79.4265 ] ] ] ] } },
{ "type": "Feature", "properties": { "id": null, "Zone": "тундры", "layer": "eurasia", "path": "D:/kurse4/semestr7/Diplom/diplom3/data/eurasia.shp" }, "geometry": { "type": "MultiPolygon", "coordinates": [ [ [ [ 54.427613559797578, 73.6275475124976 ], [ 56.986785516188029, 73.333043524866227 ], [ 55.419335971910925, 72.371267605266027 ], [ 55.622837762276333, 71.540594794390316 ], [ 57.535692579992315, 70.720463975702117 ], [ 56.944979282463883, 70.632743231886664 ], [ 53.677375115784173, 70.762657782668455 ], [ 53.412016635965394, 71.206661688920221 ], [ 51.601894565645665, 71.474759019650449 ], [ 51.455753615124216, 72.014881089965129 ], [ 52.478275180883543, 72.229441636840974 ], [ 52.444168735570877, 72.774731350384812 ], [ 54.427613559797578, 73.6275475124976 ] ] ] ] } },
{ "type": "Feature", "properties": { "id": null, "Zone": "арктических пустынь", "layer": "eurasia", "path": "D:/kurse4/semestr7/Diplom/diplom3/data/eurasia.shp" }, "geometry": { "type": "MultiPolygon", "coordinates": [ [ [ [ 61.170044386647476, 76.251883450008123 ], [ 57.906069284346266, 75.077907747122566 ], [ 56.986785516188029, 73.333043524866227 ], [ 54.427613559797578, 73.6275475124976 ], [ 53.50828982932515, 73.749813951300197 ], [ 55.902458937407658, 74.627486477345357 ], [ 55.631932814359686, 75.081412258597183 ], [ 61.170044386647476, 76.251883450008123 ] ] ] ] } },
{ "type": "Feature", "properties": { "id": null, "Zone": "тундры", "layer": "eurasia", "path": "D:/kurse4/semestr7/Diplom/diplom3/data/eurasia.shp" }, "geometry": { "type": "MultiPolygon", "coordinates": [ [ [ [ 150.680276555710236, 70.576733270344846 ], [ 149.992597121758081, 70.107860929013825 ], [ 150.05511343393556, 69.826537524215226 ], [ 150.649018399621497, 69.482697807239134 ], [ 151.930602799259617, 69.107599934174331 ], [ 152.93086379409911, 68.701243905020775 ], [ 153.493510603696336, 68.232371563689767 ], [ 153.462252447607597, 67.826015534536211 ], [ 153.055896418454068, 67.763499222358746 ], [ 151.961860955348357, 68.076080783246084 ], [ 150.742792867887715, 68.451178656310901 ], [ 148.773529034297439, 69.045083621996852 ], [ 146.679232576352234, 69.607730431594078 ], [ 144.991292147560557, 70.264151709457508 ], [ 143.20957725050269, 70.67050773861105 ], [ 141.740443914332189, 70.858056675143459 ], [ 150.680276555710236, 70.576733270344846 ] ] ] ] } },
{ "type": "Feature", "properties": { "id": null, "Zone": "арктических пустынь", "layer": "eurasia", "path": "D:/kurse4/semestr7/Diplom/diplom3/data/eurasia.shp" }, "geometry": { "type": "MultiPolygon", "coordinates": [ [ [ [ 152.96890000000019, 70.84222 ], [ 150.680276555710236, 70.576733270344846 ], [ 141.740443914332189, 70.858056675143459 ], [ 138.98972617852354, 70.733024050788515 ], [ 133.355443543529276, 70.279780787501622 ], [ 131.214259851450947, 70.279780787501622 ], [ 124.439054519217592, 71.311299938430096 ], [ 121.31323891034414, 71.733285045628023 ], [ 115.249156629129658, 72.702287884378762 ], [ 113.529580000000237, 73.335050000000138 ], [ 113.96881, 73.59488 ], [ 115.56782, 73.75285 ], [ 118.776330000000144, 73.58772 ], [ 119.02, 73.12 ], [ 123.20066, 72.97122 ], [ 123.257770000000164, 73.73503 ], [ 125.380000000000109, 73.56 ], [ 126.97644, 73.565490000000125 ], [ 128.59126, 73.03871 ], [ 129.05157, 72.39872 ], [ 128.46, 71.98 ], [ 129.715990000000147, 71.19304000000011 ], [ 131.288580000000252, 70.786990000000117 ], [ 132.253500000000145, 71.836300000000108 ], [ 133.857660000000237, 71.386420000000101 ], [ 135.56193, 71.655250000000137 ], [ 137.49755, 71.34763 ], [ 138.234090000000151, 71.62803 ], [ 139.86983, 71.487830000000145 ], [ 139.14791, 72.416190000000142 ], [ 140.46817, 72.849410000000148 ], [ 149.5, 72.2 ], [ 150.351180000000113, 71.60643 ], [ 152.96890000000019, 70.84222 ] ] ] ] } },
{ "type": "Feature", "properties": { "id": null, "Zone": "области высотной поясности", "layer": "eurasia", "path": "D:/kurse4/semestr7/Diplom/diplom3/data/eurasia.shp" }, "geometry": { "type": "MultiPolygon", "coordinates": [ [ [ [ 103.713594609216173, 64.498324334256125 ], [ 103.626330182879698, 64.492091160946373 ], [ 103.130109028893116, 64.456646792804491 ], [ 101.421329829375637, 65.040132373127534 ], [ 100.323387096758992, 65.653573686369072 ], [ 99.90140198956108, 65.856751700945836 ], [ 98.963657306899051, 66.091187871611353 ], [ 98.447897731434921, 65.95052616921204 ], [ 98.072799858370118, 65.637944608324702 ], [ 97.447636736595427, 65.559799218102867 ], [ 97.10379701961935, 65.669202764413427 ], [ 96.634924678288328, 65.95052616921204 ], [ 96.46300481980029, 66.372511276409952 ], [ 96.166052336957307, 66.794496383607878 ], [ 95.697179995626286, 66.857012695785343 ], [ 95.650292761493191, 66.669463759252935 ], [ 95.68155091758193, 66.528802056853635 ], [ 95.978503400424898, 66.122446027700079 ], [ 96.056648790646733, 65.762977232679631 ], [ 95.712809073670655, 65.528541062014128 ], [ 95.400227512783317, 65.544170140058498 ], [ 94.665660844698053, 65.919268013123315 ], [ 94.181159425322676, 66.372511276409952 ], [ 93.540367225503616, 66.857012695785343 ], [ 92.915204103728925, 66.700721915341674 ], [ 92.540106230664108, 66.481914822720526 ], [ 92.039975733244361, 66.184962339877558 ], [ 91.696136016268284, 66.231849574010653 ], [ 91.680506938223914, 66.669463759252935 ], [ 92.024346655199992, 67.044561632317752 ], [ 91.946201264978157, 67.310255959071995 ], [ 91.102231050582319, 67.24773964689453 ], [ 90.352035304452698, 67.200852412761421 ], [ 89.633097714411804, 67.294626881027625 ], [ 89.601839558323064, 67.544692129737498 ], [ 90.101970055742811, 67.810386456491742 ], [ 91.117860128626688, 68.01356447106852 ], [ 91.758652328445748, 68.232371563689668 ], [ 92.086862967377456, 68.544953124577006 ], [ 92.493218996530999, 69.013825465908027 ], [ 92.274411903909865, 69.232632558529161 ], [ 91.414812611469671, 69.201374402440436 ], [ 90.570842397073832, 69.29514887070664 ], [ 90.000381048454443, 69.373294260928461 ], [ 89.594025019300901, 69.654617665727073 ], [ 89.468992394945957, 69.967199226614412 ], [ 89.71905764365583, 70.107860929013711 ], [ 90.125413672809387, 70.15474816314682 ], [ 90.719318638495338, 70.107860929013711 ], [ 91.821168640623213, 70.09223185096937 ], [ 94.603144532520574, 69.701504899860154 ], [ 96.228568649134772, 69.701504899860154 ], [ 98.229090638813773, 69.982828304658767 ], [ 100.167096316315309, 70.045344616836232 ], [ 100.831332133200917, 70.060973694880644 ], [ 101.386164403775965, 69.857795680303823 ], [ 101.612786035419276, 69.467068729194693 ], [ 101.519011567153086, 68.966938231774947 ], [ 100.886033906356204, 68.451178656310773 ], [ 100.229612628492788, 68.263629719778365 ], [ 99.104319009298337, 68.513694968488238 ], [ 98.705777519167015, 68.404291422177721 ], [ 98.510414043612386, 68.169855251512161 ], [ 98.533857660678962, 67.826015534536126 ], [ 98.697962980144794, 67.57595028582621 ], [ 99.791998443250506, 66.950787164051519 ], [ 102.792781427769015, 65.981784325300751 ], [ 103.597678947053936, 65.630130069302496 ], [ 104.151208794458455, 65.123487456030816 ], [ 104.192886335910089, 64.790067124417646 ], [ 103.713594609216173, 64.498324334256125 ] ] ] ] } },
{ "type": "Feature", "properties": { "id": null, "Zone": "лесотундры", "layer": "eurasia", "path": "D:/kurse4/semestr7/Diplom/diplom3/data/eurasia.shp" }, "geometry": { "type": "MultiPolygon", "coordinates": [ [ [ [ 66.464291936807584, 67.217783913976021 ], [ 72.370781014408081, 67.130521561561778 ], [ 73.2387, 67.7404 ], [ 71.28, 66.320000000000107 ], [ 72.42301, 66.17267000000021 ], [ 72.82077, 66.53267 ], [ 73.920990000000131, 66.789460000000133 ], [ 75.488782084259356, 66.935158086007249 ], [ 77.161093435006649, 67.216481490805862 ], [ 79.099099112508185, 67.591579363870679 ], [ 79.989956561037118, 68.029193549112961 ], [ 81.896704082449915, 68.763760217198225 ], [ 85.460133876565649, 69.795279368126458 ], [ 89.711243104633539, 70.983089299498374 ], [ 92.712026089152062, 71.889575826071678 ], [ 95.275194888428274, 72.483480791757628 ], [ 101.15172823311039, 73.23367653788722 ], [ 105.871709802509301, 73.139902069621016 ], [ 109.247590660092627, 72.858578664822417 ], [ 115.374189253484587, 71.670768733450529 ], [ 123.298131821978785, 70.889314831232184 ], [ 124.01706941201968, 71.076863767764593 ], [ 124.439054519217592, 71.311299938430096 ], [ 131.214259851450947, 70.279780787501622 ], [ 133.355443543529276, 70.279780787501622 ], [ 138.98972617852354, 70.733024050788515 ], [ 141.740443914332189, 70.858056675143459 ], [ 143.20957725050269, 70.67050773861105 ], [ 144.991292147560557, 70.264151709457508 ], [ 146.679232576352234, 69.607730431594078 ], [ 148.773529034297439, 69.045083621996852 ], [ 150.742792867887715, 68.451178656310901 ], [ 151.961860955348357, 68.076080783246084 ], [ 153.055896418454068, 67.763499222358746 ], [ 153.462252447607597, 67.826015534536211 ], [ 153.493510603696336, 68.232371563689767 ], [ 152.93086379409911, 68.701243905020775 ], [ 151.930602799259617, 69.107599934174331 ], [ 150.649018399621497, 69.482697807239134 ], [ 150.05511343393556, 69.826537524215226 ], [ 149.992597121758081, 70.107860929013825 ], [ 150.680276555710236, 70.576733270344846 ], [ 152.96890000000019, 70.84222 ], [ 157.00688, 71.03141 ], [ 158.99779, 70.86672 ], [ 159.830310000000168, 70.45324 ], [ 159.70866, 69.72198 ], [ 160.940530000000308, 69.437280000000101 ], [ 161.124407958858399, 68.843208030590034 ], [ 161.499505831923216, 68.426432616073583 ], [ 162.166346495149554, 68.197206138089527 ], [ 162.812348387650076, 68.093012284460414 ], [ 164.229384797005991, 67.629349635810627 ], [ 164.187707255554329, 67.441800699278218 ], [ 165.062935626038893, 67.212574221294176 ], [ 166.063196620878415, 67.004186514035936 ], [ 166.146551703781711, 66.837476348229359 ], [ 165.875647684346006, 66.524894787342006 ], [ 164.917064230958147, 66.149796914277204 ], [ 164.125190943376879, 66.128958143551372 ], [ 162.916542241279132, 66.379023392261246 ], [ 161.478667061197342, 66.64992741169695 ], [ 161.020214105229229, 66.629088640971119 ], [ 160.686793773616074, 66.399862162987077 ], [ 160.603438690712778, 65.962247977744795 ], [ 160.811826397971004, 65.607988875405795 ], [ 161.270279353939117, 65.191213460889344 ], [ 161.374473207568229, 64.691082963469583 ], [ 160.957697793051778, 64.190952466049836 ], [ 160.249179588373806, 63.857532134436667 ], [ 159.97827556893813, 63.857532134436667 ], [ 159.62401646659913, 64.10759738314654 ], [ 159.62401646659913, 64.607727880566301 ], [ 159.1447247399052, 65.024503295082752 ], [ 158.477884076678862, 65.357923626695921 ], [ 157.977753579259115, 65.712182729034907 ], [ 157.144202750226185, 66.253990767906316 ], [ 156.373168233370734, 66.233151997180485 ], [ 154.706066575304902, 65.733021499760738 ], [ 154.164258536433493, 65.524633792502513 ], [ 153.830838204820338, 65.232891002340992 ], [ 154.039225912078564, 64.941148212179456 ], [ 154.622711492401606, 64.982825753631104 ], [ 154.872776741111494, 65.024503295082752 ], [ 155.122841989821353, 64.941148212179456 ], [ 155.060325677643903, 64.524372797663005 ], [ 154.706066575304902, 64.086758612420724 ], [ 153.99754837062693, 63.44075671992023 ], [ 152.830577209980845, 62.523850807984019 ], [ 150.788377678850168, 61.690299978951103 ], [ 149.788116684010674, 61.565267354596166 ], [ 148.662823064816223, 61.731977520402751 ], [ 148.329402733203068, 62.06539785201592 ], [ 148.371080274654702, 62.315463100725793 ], [ 148.829533230622815, 62.565528349435667 ], [ 150.121537015623858, 63.06565884685542 ], [ 150.996765386108393, 63.39907917846859 ], [ 151.246830634818281, 63.899209675888343 ], [ 151.205153093366619, 64.482695256211386 ], [ 150.746700137398534, 64.982825753631133 ], [ 149.454696352397491, 65.607988875405823 ], [ 146.245525660620757, 66.441539704438739 ], [ 144.578424002554925, 66.441539704438739 ], [ 143.994938422231883, 66.024764289922288 ], [ 143.953260880780249, 65.482956251050894 ], [ 143.953260880780249, 65.149535919437724 ], [ 143.53648546626377, 64.732760504921259 ], [ 142.869644803037431, 64.691082963469611 ], [ 142.286159222714389, 64.816115587824555 ], [ 141.869383808197938, 65.232891002341006 ], [ 141.244220686423262, 66.233151997180514 ], [ 140.202282150132106, 66.983347743310148 ], [ 137.201499165613569, 68.066963821052937 ], [ 136.534658502387231, 68.358706611214458 ], [ 135.534397507547737, 68.462900464843571 ], [ 135.15929963448292, 68.191996445407867 ], [ 135.28433225883785, 67.48347824072988 ], [ 135.28433225883785, 66.920831431132669 ], [ 134.971750697950512, 66.691604953148612 ], [ 133.658908142223652, 66.337345850809626 ], [ 132.929551166819863, 66.087280602099753 ], [ 131.783418776899595, 65.378762397421767 ], [ 131.283288279479848, 65.295407314518471 ], [ 130.845674094237552, 65.733021499760753 ], [ 130.470576221172735, 66.462378475164556 ], [ 130.220510972462876, 67.295929304197486 ], [ 129.970445723752988, 67.983608738149641 ], [ 129.699541704317284, 68.608771859924332 ], [ 129.616186621414016, 69.4006451475056 ], [ 129.53283153851072, 69.838259332747882 ], [ 129.199411206897537, 70.130002122909403 ], [ 128.532570543671198, 70.317551059441811 ], [ 127.699019714638283, 70.255034747264347 ], [ 126.948823968508663, 69.963291957102825 ], [ 125.844369120040028, 68.879675879360022 ], [ 125.594303871330141, 68.379545381940275 ], [ 125.198367227539507, 67.69186594798812 ], [ 125.073334603184577, 66.670766182422796 ], [ 125.761014037136704, 65.295407314518471 ], [ 120.759709062939351, 64.852583436595125 ], [ 114.883175718257263, 64.602518187885238 ], [ 112.590910938416741, 64.810905895143478 ], [ 108.902448519946091, 65.227681309659943 ], [ 104.151208794458455, 65.123487456030816 ], [ 103.597678947053936, 65.630130069302496 ], [ 102.792781427769015, 65.981784325300751 ], [ 99.791998443250506, 66.950787164051519 ], [ 98.697962980144794, 67.57595028582621 ], [ 98.533857660678962, 67.826015534536126 ], [ 98.510414043612386, 68.169855251512161 ], [ 98.705777519167015, 68.404291422177721 ], [ 99.104319009298337, 68.513694968488238 ], [ 100.229612628492788, 68.263629719778365 ], [ 100.886033906356204, 68.451178656310773 ], [ 101.519011567153086, 68.966938231774947 ], [ 101.612786035419276, 69.467068729194693 ], [ 101.386164403775965, 69.857795680303823 ], [ 100.831332133200917, 70.060973694880644 ], [ 100.167096316315309, 70.045344616836232 ], [ 98.229090638813773, 69.982828304658767 ], [ 96.228568649134772, 69.701504899860154 ], [ 94.603144532520574, 69.701504899860154 ], [ 91.821168640623213, 70.09223185096937 ], [ 90.719318638495338, 70.107860929013711 ], [ 90.125413672809387, 70.15474816314682 ], [ 89.71905764365583, 70.107860929013711 ], [ 89.468992394945957, 69.967199226614412 ], [ 89.594025019300901, 69.654617665727073 ], [ 90.000381048454443, 69.373294260928461 ], [ 90.570842397073832, 69.29514887070664 ], [ 91.414812611469671, 69.201374402440436 ], [ 92.274411903909865, 69.232632558529161 ], [ 92.493218996530999, 69.013825465908027 ], [ 92.086862967377456, 68.544953124577006 ], [ 91.758652328445748, 68.232371563689668 ], [ 91.117860128626688, 68.01356447106852 ], [ 90.101970055742811, 67.810386456491742 ], [ 89.601839558323064, 67.544692129737498 ], [ 89.633097714411804, 67.294626881027625 ], [ 90.352035304452698, 67.200852412761421 ], [ 91.102231050582319, 67.24773964689453 ], [ 91.946201264978157, 67.310255959071995 ], [ 92.024346655199992, 67.044561632317752 ], [ 91.680506938223914, 66.669463759252935 ], [ 91.696136016268284, 66.231849574010653 ], [ 92.039975733244361, 66.184962339877558 ], [ 92.540106230664108, 66.481914822720526 ], [ 92.915204103728925, 66.700721915341674 ], [ 93.540367225503616, 66.857012695785343 ], [ 94.181159425322676, 66.372511276409952 ], [ 94.665660844698053, 65.919268013123315 ], [ 95.400227512783317, 65.544170140058498 ], [ 95.712809073670655, 65.528541062014128 ], [ 96.056648790646733, 65.762977232679631 ], [ 95.978503400424898, 66.122446027700079 ], [ 95.68155091758193, 66.528802056853635 ], [ 95.650292761493191, 66.669463759252935 ], [ 95.697179995626286, 66.857012695785343 ], [ 96.166052336957307, 66.794496383607878 ], [ 96.46300481980029, 66.372511276409952 ], [ 96.634924678288328, 65.95052616921204 ], [ 97.10379701961935, 65.669202764413427 ], [ 97.447636736595427, 65.559799218102867 ], [ 98.072799858370118, 65.637944608324702 ], [ 98.447897731434921, 65.95052616921204 ], [ 98.963657306899051, 66.091187871611353 ], [ 99.90140198956108, 65.856751700945836 ], [ 100.323387096758992, 65.653573686369072 ], [ 101.421329829375637, 65.040132373127534 ], [ 98.337191761953832, 64.998454831675886 ], [ 94.752923197112239, 65.248520080385788 ], [ 92.210593168561829, 65.706973036353887 ], [ 90.710201676302574, 66.290458616676929 ], [ 88.001161481945587, 66.498846323935155 ], [ 85.333798829040248, 65.748650577805535 ], [ 78.498682030970315, 64.102387690465505 ], [ 75.789641836613328, 63.977355066110562 ], [ 72.392922208304157, 64.540001875707787 ], [ 69.996463574834507, 64.873422207320957 ], [ 68.204329292413746, 64.581679417159435 ], [ 65.828709429669914, 64.164904002643013 ], [ 64.661738269023829, 64.0607101490139 ], [ 63.682316044910152, 64.373291709901252 ], [ 62.890442757328877, 65.060971143853408 ], [ 63.505186493740716, 65.446488402281076 ], [ 64.818029049467569, 66.217522919136513 ], [ 65.985000210113654, 66.801008499459556 ], [ 66.464291936807584, 67.217783913976021 ] ], [ [ 108.145740657964879, 71.248783626252433 ], [ 106.723494555927459, 71.467590718873581 ], [ 106.238993136552068, 71.217525470163693 ], [ 106.70786547788309, 70.701765894699577 ], [ 107.426803067923984, 70.326668021634759 ], [ 106.989188882681702, 70.045344616836161 ], [ 105.817008029354156, 69.764021212037548 ], [ 105.098070439313261, 69.52958504137203 ], [ 105.332506609978779, 69.076341778085379 ], [ 106.207734980463343, 68.810647451331135 ], [ 107.489319380101449, 68.669985748931836 ], [ 109.255405199114946, 68.576211280665632 ], [ 110.302553428087549, 68.544953124576892 ], [ 110.833942081596035, 68.998196387863544 ], [ 110.990232862039718, 69.764021212037548 ], [ 110.865200237684775, 70.373555255767869 ], [ 110.411956974398123, 70.811169441010151 ], [ 109.38043782346989, 71.076863767764394 ], [ 108.145740657964879, 71.248783626252433 ] ] ] ] } },
{ "type": "Feature", "properties": { "id": null, "Zone": "влажных экваториальных лесов", "layer": "eurasia", "path": "D:/kurse4/semestr7/Diplom/diplom3/data/eurasia.shp" }, "geometry": { "type": "MultiPolygon", "coordinates": [ [ [ [ 95.293026157617291, 5.479820868344788 ], [ 97.484882033277103, 5.246320909033955 ], [ 98.369169142655664, 4.268370266126396 ], [ 99.142558628335806, 3.590349636240873 ], [ 99.693997837322414, 3.174328518075143 ], [ 100.641433546961622, 2.099381211755741 ], [ 101.658012323007341, 2.083697414555161 ], [ 102.498271112073226, 1.398700466310231 ], [ 103.07684044801303, 0.561361395668868 ], [ 103.838396030698362, 0.104541734208695 ], [ 103.437645298274902, -0.711945896002902 ], [ 104.010788608824043, -1.059211521004286 ], [ 104.369991489684892, -1.084843031421059 ], [ 104.539490187602212, -1.782371514496766 ], [ 104.887892694114015, -2.340425306816705 ], [ 105.622111444116968, -2.428843682468099 ], [ 106.108593377712651, -3.061776625178965 ], [ 105.85744591677414, -4.305524997579774 ], [ 105.817655063909399, -5.85235564537242 ], [ 104.710384149191441, -5.873284600450632 ], [ 103.868213332130779, -5.037314955264996 ], [ 102.584260695406897, -4.220258884298183 ], [ 102.156173130300999, -3.614146009946801 ], [ 101.399113397225065, -2.799777113459164 ], [ 100.902502882900151, -2.050262139497832 ], [ 100.141980828860653, -0.650347588710986 ], [ 99.263739862060277, 0.183141587724634 ], [ 98.970011020913262, 1.042882391764536 ], [ 98.601351352943055, 1.823506577965574 ], [ 97.699597609449853, 2.45318390544206 ], [ 97.176942173249842, 3.308790594898596 ], [ 96.424016554757259, 3.868859768077925 ], [ 95.380876092513503, 4.970782172053688 ], [ 95.293026157617291, 5.479820868344788 ] ], [ [ 98.260348794902654, 3.449843069787264 ], [ 97.353862268329351, 4.293813284183095 ], [ 96.822473614820865, 4.622023923114807 ], [ 96.400488507622953, 4.715798391381011 ], [ 96.197310493046174, 4.60639484507044 ], [ 96.13479418086871, 4.528249454848604 ], [ 96.228568649134914, 4.309442362227463 ], [ 97.447636736595555, 3.371697679565428 ], [ 97.979025390104042, 2.605872855391433 ], [ 98.651075746011841, 2.246404060370986 ], [ 98.901140994721715, 2.027596967749845 ], [ 99.135577165387218, 1.480579236196991 ], [ 99.370013336052736, 0.886674270511036 ], [ 99.885772911516852, 0.058333134159573 ], [ 101.136099155066233, -1.754639918987028 ], [ 102.011327525550797, -3.083111552758243 ], [ 102.573974335148023, -3.598871128222363 ], [ 103.246024691055808, -4.020856235420279 ], [ 103.558606251943147, -3.802049142799136 ], [ 103.324170081277643, -3.348805879512486 ], [ 102.370796320571245, -1.973447011608169 ], [ 100.792259438090156, 0.449060085268753 ], [ 99.370013336052736, 2.293291294504088 ], [ 98.82299560449988, 2.996599806500614 ], [ 98.260348794902654, 3.449843069787264 ] ] ] ] } },
{ "type": "Feature", "properties": { "id": null, "Zone": "влажных экваториальных лесов", "layer": "eurasia", "path": "D:/kurse4/semestr7/Diplom/diplom3/data/eurasia.shp" }, "geometry": { "type": "MultiPolygon", "coordinates": [ [ [ [ 109.663260125773746, 2.006466986494956 ], [ 110.396135288537096, 1.663774725751395 ], [ 111.168852980597478, 1.850636704918813 ], [ 111.370081007942048, 2.697303371588859 ], [ 111.796928338672899, 2.885896511238059 ], [ 112.995614862115218, 3.102394924324855 ], [ 113.712935418758676, 3.893509426281156 ], [ 114.204016554828371, 4.525873928236805 ], [ 114.599961379048722, 4.900011298029966 ], [ 115.450710483869813, 5.447729803891534 ], [ 116.220741001451017, 6.143191229675566 ], [ 116.72510298061971, 6.924771429873999 ], [ 117.129626092600475, 6.92805288332454 ], [ 117.643393182446275, 6.422166449403249 ], [ 117.689075148592309, 5.987490139180154 ], [ 118.34769127815224, 5.708695786965492 ], [ 119.181903924639968, 5.407835598162207 ], [ 119.11069380094176, 5.016128241389808 ], [ 118.439727004064082, 4.966518866389606 ], [ 118.618320754064797, 4.478202419447555 ], [ 117.882034946770176, 4.137551377779516 ], [ 117.313232456533498, 3.234428208830593 ], [ 118.048329705885394, 2.287690131027333 ], [ 117.875627069165972, 1.827640692548925 ], [ 118.996747267738158, 0.902219143066063 ], [ 117.811858351717802, 0.784241848143708 ], [ 117.478338657706033, 0.102474676917026 ], [ 117.521643507966644, -0.803723239753268 ], [ 116.560048455879468, -1.48766082113621 ], [ 116.5337968282752, -2.483517347832901 ], [ 116.148083937648664, -4.012726332214022 ], [ 116.00085778204911, -3.657037448749058 ], [ 114.864803094544556, -4.106984144714396 ], [ 114.468651564595064, -3.495703627133828 ], [ 113.75567182826407, -3.43916961020652 ], [ 113.256994256647516, -3.118775729996905 ], [ 112.068126255340673, -3.478392022316051 ], [ 111.703290643360049, -2.994442233902654 ], [ 111.048240187628238, -3.049425957861211 ], [ 110.223846063276, -2.934032484553455 ], [ 110.070935500124335, -1.592874037282463 ], [ 109.571947869913998, -1.314906507984475 ], [ 109.091873813922504, -0.459506524257094 ], [ 108.952657505328204, 0.415375474444318 ], [ 109.069136183714079, 1.341933905437614 ], [ 109.663260125773746, 2.006466986494956 ] ], [ [ 116.710475426278165, 5.919237400797313 ], [ 116.491668333657046, 5.895793783730761 ], [ 116.288490319080253, 5.606655839909967 ], [ 115.788359821660507, 4.622023923114831 ], [ 114.209822939179418, 2.262033138415378 ], [ 113.334594568694854, 1.464950158152648 ], [ 112.740689603008903, 1.246143065531506 ], [ 112.193671871456047, 1.042965050954733 ], [ 111.474734281415152, 1.042965050954733 ], [ 111.159137811326616, 0.976478176269481 ], [ 110.974603783995391, 0.839787036377958 ], [ 111.005861940084131, 0.69131079495647 ], [ 111.287185344882744, 0.652238099845551 ], [ 111.763872225235943, 0.738198029089571 ], [ 112.318704495810977, 0.839787036377958 ], [ 112.912609461496928, 0.839787036377958 ], [ 113.311150951628292, 0.792899802244857 ], [ 113.389296341850127, 0.527205475490613 ], [ 113.256449178473019, 0.238067531669819 ], [ 112.943867617585667, 0.089591290248331 ], [ 111.810759459369038, 0.06614767318178 ], [ 111.365330735104578, -0.160473958461545 ], [ 111.216854493683087, -0.496499136415441 ], [ 111.216854493683087, -1.004444172857377 ], [ 111.435661586304221, -1.44205835809966 ], [ 111.779501303280298, -1.692123606809536 ], [ 111.959235700790515, -1.6139782165877 ], [ 112.029566551990172, -1.293582116678171 ], [ 112.248373644611306, -1.168549492323233 ], [ 112.435922581143714, -1.231065804500702 ], [ 112.600027900609575, -1.371727506900008 ], [ 112.928238539541283, -1.35609842885564 ], [ 113.217376483362088, -1.043516867968295 ], [ 113.514328966205056, -0.441797363260156 ], [ 113.920684995358613, -0.051070412150975 ], [ 114.303597407445622, -0.004183178017873 ], [ 115.225713012063295, 0.011445900026494 ], [ 115.616439963172468, 0.32402746091384 ], [ 116.132199538636598, 0.88667427051106 ], [ 116.56981372387888, 1.855677109261829 ], [ 116.601071879967606, 2.183887748193541 ], [ 116.022795992326024, 2.465211152992151 ], [ 115.991537836237285, 2.668389167568925 ], [ 116.491668333657032, 4.059377113517611 ], [ 116.937097057921505, 4.637653001159197 ], [ 117.085573299342997, 5.083081725423664 ], [ 117.038686065209887, 5.544139527732499 ], [ 116.929282518899328, 5.856721088619842 ], [ 116.710475426278165, 5.919237400797313 ] ] ] ] } },
{ "type": "Feature", "properties": { "id": null, "Zone": "влажных экваториальных лесов", "layer": "eurasia", "path": "D:/kurse4/semestr7/Diplom/diplom3/data/eurasia.shp" }, "geometry": { "type": "MultiPolygon", "coordinates": [ [ [ [ 106.051645949327025, -5.895918877794472 ], [ 107.265008579540194, -5.954985039904081 ], [ 108.072091099074669, -6.345762220895224 ], [ 108.486846144649263, -6.42198495852574 ], [ 108.623478631628956, -6.777673841990705 ], [ 110.539227329553285, -6.877357679881726 ], [ 110.759575636845852, -6.465186455921747 ], [ 112.614811232556406, -6.946035658397626 ], [ 112.978768345188058, -7.594213148634594 ], [ 114.478935174621142, -7.776527601760328 ], [ 115.705526971501058, -8.370806573116873 ], [ 114.564511346496488, -8.751816908404855 ], [ 113.464733514460846, -8.348947442257405 ], [ 112.559672479300971, -8.376180922075221 ], [ 111.982679317857063, -7.8734239733568 ], [ 111.070650949449714, -7.583401476288331 ], [ 110.505731442664356, -7.474882483225436 ], [ 109.825866547734378, -7.490511561269804 ], [ 109.427667270955112, -7.740664157749762 ], [ 108.693655226681329, -7.641600437046243 ], [ 108.27776329959633, -7.766657403192576 ], [ 106.454102004016121, -7.354899590690934 ], [ 106.280624220812314, -6.924899997590252 ], [ 105.365486281355516, -6.851416110871206 ], [ 106.051645949327025, -5.895918877794472 ] ], [ [ 108.075409806765293, -6.880977517539483 ], [ 107.247068670413825, -6.646541346873975 ], [ 106.887599875393377, -6.521508722519036 ], [ 106.598461931572587, -6.435548793275017 ], [ 106.254622214596509, -6.451177871319384 ], [ 106.293694909707426, -6.646541346873975 ], [ 106.567203775483847, -6.8731629785173 ], [ 106.911043492459925, -7.232631773537746 ], [ 107.340843138680029, -7.349849858870501 ], [ 107.684682855656106, -7.248260851582113 ], [ 108.044151650676554, -7.217002695493379 ], [ 108.130111579920566, -7.037268297983156 ], [ 108.075409806765293, -6.880977517539483 ] ] ] ] } },
{ "type": "Feature", "properties": { "id": null, "Zone": "влажных экваториальных лесов", "layer": "eurasia", "path": "D:/kurse4/semestr7/Diplom/diplom3/data/eurasia.shp" }, "geometry": { "type": "MultiPolygon", "coordinates": [ [ [ [ 125.065989211121803, 1.64325918213153 ], [ 125.240500522971502, 1.419836127117605 ], [ 124.437035353697397, 0.427881171058957 ], [ 123.685504998876695, 0.235593166500891 ], [ 122.723083123872868, 0.431136786293337 ], [ 121.056724888189109, 0.381217352699394 ], [ 120.183083123862716, 0.237246812334234 ], [ 120.040869582195484, -0.519657891444837 ], [ 120.935905389490728, -1.408905938323393 ], [ 121.475820754076196, -0.95596200928513 ], [ 123.340564813328456, -0.615672702643138 ], [ 123.25839928598441, -1.076213067228309 ], [ 122.822715285331611, -0.930950616055853 ], [ 122.388529901215293, -1.516858005381117 ], [ 121.508273553555512, -1.904482924002458 ], [ 122.454572381684301, -3.186058444840924 ], [ 122.271896193532498, -3.529500013852712 ], [ 123.170962762546552, -4.683693129091701 ], [ 123.162332798353802, -5.340603936385996 ], [ 122.628515252778755, -5.634591159694466 ], [ 122.236394484548015, -5.282933037948268 ], [ 122.719569126477012, -4.464171644715826 ], [ 121.738233677254357, -4.851331475446543 ], [ 121.489463332201268, -4.574552504091265 ], [ 121.619171177253861, -4.188477878438682 ], [ 120.898181593917656, -3.602105401222794 ], [ 120.972388950688782, -2.627642917494939 ], [ 120.305452915529855, -2.931603692235733 ], [ 120.390047235191673, -4.097579034037274 ], [ 120.430716587405371, -5.528241062037793 ], [ 119.796543410319487, -5.673400160345665 ], [ 119.366905552244887, -5.37987802492782 ], [ 119.653606398600175, -4.459417412944973 ], [ 119.498835483886012, -3.494411716326532 ], [ 119.078344354327044, -3.487021986508793 ], [ 118.767768996252869, -2.801999200047718 ], [ 119.18097374885869, -2.147103773612805 ], [ 119.323393996255106, -1.353147067880464 ], [ 119.82599897672587, 0.154254462073482 ], [ 120.035701938966298, 0.566477362465761 ], [ 120.885779250167616, 1.30922272379685 ], [ 121.666816847826965, 1.013943589681091 ], [ 122.927566766451804, 0.875192368977409 ], [ 124.077522414242878, 0.917101955566125 ], [ 125.065989211121803, 1.64325918213153 ] ], [ [ 120.297348837460433, -1.676494528765167 ], [ 120.109799900928039, -1.535832826365862 ], [ 119.812847418085056, -1.332654811789087 ], [ 119.625298481552647, -1.293582116678169 ], [ 119.554967630352991, -1.379542045922189 ], [ 119.484636779153348, -1.535832826365862 ], [ 119.429935005998061, -1.903116160408492 ], [ 119.367418693820582, -2.192254104229286 ], [ 119.2658296865322, -2.614239211427201 ], [ 119.195498835332543, -3.0440388576473 ], [ 119.328345998709665, -3.090926091780402 ], [ 119.484636779153348, -3.051853396669484 ], [ 119.695629332752304, -3.32536226244591 ], [ 119.734702027863221, -3.536354816044868 ], [ 119.875363730262521, -3.559798433111419 ], [ 119.93788004244, -3.200329638090973 ], [ 120.04728358875056, -2.715828218715588 ], [ 120.258276142349516, -2.504835665116631 ], [ 120.586486781281238, -2.387617579783876 ], [ 120.883439264124206, -2.332915806628591 ], [ 120.883439264124206, -2.137552331074 ], [ 120.625559476392155, -1.832785309208839 ], [ 120.539599547148129, -1.762454458009187 ], [ 120.297348837460433, -1.676494528765167 ] ] ] ] } },
{ "type": "Feature", "properties": { "id": null, "Zone": "влажных экваториальных лесов", "layer": "eurasia", "path": "D:/kurse4/semestr7/Diplom/diplom3/data/eurasia.shp" }, "geometry": { "type": "MultiPolygon", "coordinates": [ [ [ [ 123.579981724136687, -10.359987481327956 ], [ 123.459989048354998, -10.239994805546223 ], [ 123.550009393407436, -9.900015557497987 ], [ 123.980008986508096, -9.290026950724716 ], [ 124.968682489116233, -8.892790215697083 ], [ 125.086246372580263, -8.65688730228468 ], [ 125.947072381698263, -8.432094821815035 ], [ 126.644704217638548, -8.398246758663852 ], [ 126.957243280139835, -8.273344821814398 ], [ 127.33592817597463, -8.397316582882603 ], [ 126.967991978056546, -8.668256117388893 ], [ 125.925885044458596, -9.106007175333353 ], [ 125.088520135601087, -9.393173109579294 ], [ 124.435950148619327, -10.140000909061449 ], [ 123.579981724136687, -10.359987481327956 ] ] ] ] } },
{ "type": "Feature", "properties": { "id": null, "Zone": "влажных экваториальных лесов", "layer": "eurasia", "path": "D:/kurse4/semestr7/Diplom/diplom3/data/eurasia.shp" }, "geometry": { "type": "MultiPolygon", "coordinates": [ [ [ [ 119.920928582846045, -8.444858900591122 ], [ 120.715091994307571, -8.236964613480914 ], [ 121.341668735846511, -8.536739597206072 ], [ 122.007364536630433, -8.460620212440148 ], [ 122.903537225436068, -8.094234307490765 ], [ 122.756982863456315, -8.649807631060696 ], [ 121.2544905945701, -8.933666273639957 ], [ 119.924390903809581, -8.810417982623839 ], [ 119.920928582846045, -8.444858900591122 ] ] ] ] } },
{ "type": "Feature", "properties": { "id": null, "Zone": "влажных экваториальных лесов", "layer": "eurasia", "path": "D:/kurse4/semestr7/Diplom/diplom3/data/eurasia.shp" }, "geometry": { "type": "MultiPolygon", "coordinates": [ [ [ [ 117.083737420725299, -8.457157891476591 ], [ 117.632024367342098, -8.449303073768228 ], [ 117.900018345207755, -8.095681247594939 ], [ 118.260616489740443, -8.362383314653293 ], [ 118.878459914222077, -8.280682875199844 ], [ 119.126506789223072, -8.705824883665088 ], [ 117.970401645989284, -8.906639499551304 ], [ 117.277730747549015, -9.040894870645594 ], [ 116.740140822416649, -9.032936700072646 ], [ 117.083737420725299, -8.457157891476591 ] ] ] ] } },
{ "type": "Feature", "properties": { "id": null, "Zone": "влажных экваториальных лесов", "layer": "eurasia", "path": "D:/kurse4/semestr7/Diplom/diplom3/data/eurasia.shp" }, "geometry": { "type": "MultiPolygon", "coordinates": [ [ [ [ 119.900309686361567, -9.361340427287502 ], [ 120.425755649905341, -9.665921319215798 ], [ 120.775501743656747, -9.969675388227429 ], [ 120.715608758630452, -10.239581394087885 ], [ 120.295014276206885, -10.258649997603591 ], [ 118.967808465654713, -9.557969252158074 ], [ 119.900309686361567, -9.361340427287502 ] ] ] ] } },
{ "type": "Feature", "properties": { "id": null, "Zone": "влажных экваториальных лесов", "layer": "eurasia", "path": "D:/kurse4/semestr7/Diplom/diplom3/data/eurasia.shp" }, "geometry": { "type": "MultiPolygon", "coordinates": [ [ [ [ 130.471344028851775, -3.093764336767634 ], [ 130.834836053592824, -3.858472181822776 ], [ 129.990546502808172, -3.446300957862796 ], [ 129.155248651242346, -3.362636813982248 ], [ 128.590683628453633, -3.428679294451264 ], [ 127.898891229362349, -3.393435967628207 ], [ 128.135879347852836, -2.843650404474971 ], [ 129.370997756060945, -2.802154229344595 ], [ 130.471344028851775, -3.093764336767634 ] ] ] ] } },
{ "type": "Feature", "properties": { "id": null, "Zone": "влажных экваториальных лесов", "layer": "eurasia", "path": "D:/kurse4/semestr7/Diplom/diplom3/data/eurasia.shp" }, "geometry": { "type": "MultiPolygon", "coordinates": [ [ [ [ 125.989033644719257, -3.177273451351305 ], [ 127.000651483264974, -3.129317722184446 ], [ 127.249215122588907, -3.45906503663889 ], [ 126.874922723498855, -3.790982761249587 ], [ 126.183802118027359, -3.607376397316564 ], [ 125.989033644719257, -3.177273451351305 ] ] ] ] } },
{ "type": "Feature", "properties": { "id": null, "Zone": "влажных экваториальных лесов", "layer": "eurasia", "path": "D:/kurse4/semestr7/Diplom/diplom3/data/eurasia.shp" }, "geometry": { "type": "MultiPolygon", "coordinates": [ [ [ [ 127.932377557487484, 2.174596258956569 ], [ 128.004156121940866, 1.628531398928345 ], [ 128.594559360875508, 1.540810655112878 ], [ 128.688248732620707, 1.132385972494063 ], [ 128.635952183141342, 0.258485826006194 ], [ 128.120169712436109, 0.356412665199286 ], [ 127.968034295768859, -0.252077325037519 ], [ 128.379998813999691, -0.7800037573313 ], [ 128.100015903842291, -0.899996433113031 ], [ 127.696474644075067, -0.266598402511534 ], [ 127.399490187693686, 1.011721503092545 ], [ 127.600511509309058, 1.810690822757195 ], [ 127.932377557487484, 2.174596258956569 ] ] ] ] } },
{ "type": "Feature", "properties": { "id": null, "Zone": "влажных экваториальных лесов", "layer": "eurasia", "path": "D:/kurse4/semestr7/Diplom/diplom3/data/eurasia.shp" }, "geometry": { "type": "MultiPolygon", "coordinates": [ [ [ [ 121.883547804859091, 11.891755072471994 ], [ 122.483821242361486, 11.582187404827538 ], [ 123.120216506035945, 11.583660183147856 ], [ 123.100837843926456, 11.16593374271649 ], [ 122.637713657726692, 10.74130849857417 ], [ 122.002610304859573, 10.441016750526089 ], [ 121.967366978036523, 10.905691229694625 ], [ 122.038370396005547, 11.415840969279998 ], [ 121.883547804859091, 11.891755072471994 ] ] ] ] } },
{ "type": "Feature", "properties": { "id": null, "Zone": "влажных экваториальных лесов", "layer": "eurasia", "path": "D:/kurse4/semestr7/Diplom/diplom3/data/eurasia.shp" }, "geometry": { "type": "MultiPolygon", "coordinates": [ [ [ [ 122.947410516451896, 10.881868394408061 ], [ 123.498849725438447, 10.94062449792392 ], [ 123.337774285984722, 10.267383938025404 ], [ 124.077935825701203, 11.232725531453738 ], [ 123.98243777882584, 10.278778591345755 ], [ 123.623183221532713, 9.950090643753299 ], [ 123.309920688979389, 9.318268744336706 ], [ 122.995883009941664, 9.022188625520414 ], [ 122.38005496631942, 9.713360907424217 ], [ 122.5860889018671, 9.981044826696134 ], [ 122.837081333508749, 10.261156927934225 ], [ 122.947410516451896, 10.881868394408061 ] ] ] ] } },
{ "type": "Feature", "properties": { "id": null, "Zone": "влажных экваториальных лесов", "layer": "eurasia", "path": "D:/kurse4/semestr7/Diplom/diplom3/data/eurasia.shp" }, "geometry": { "type": "MultiPolygon", "coordinates": [ [ [ [ 123.487687616063468, 8.69300975182118 ], [ 123.841154412939829, 8.240324204944372 ], [ 124.601469761250215, 8.514157619659002 ], [ 124.764612257995623, 8.960409450715488 ], [ 125.471390822451554, 8.986996975129657 ], [ 125.412117954612768, 9.760334784377534 ], [ 126.2227144715431, 9.286074327018866 ], [ 126.306636997585144, 8.782487494334561 ], [ 126.376813592637447, 8.414706325713297 ], [ 126.478512811387887, 7.750354112168978 ], [ 126.537423944200611, 7.189380601424545 ], [ 126.196772902532587, 6.274294338400054 ], [ 125.831420526229067, 7.293715318221842 ], [ 125.363852166852212, 6.786485297060949 ], [ 125.683160841983693, 6.049656887227272 ], [ 125.396511672060626, 5.581003322772276 ], [ 124.219787632342388, 6.161355495626154 ], [ 123.938719517106904, 6.885135606306136 ], [ 124.243662144061275, 7.360610459823661 ], [ 123.610212437027485, 7.83352732994274 ], [ 123.29607140512519, 7.418875637232759 ], [ 122.825505812675374, 7.457374579290204 ], [ 122.085499302255727, 6.899424139834836 ], [ 121.91992801319256, 7.192119452336015 ], [ 122.312358840017055, 8.034962063016465 ], [ 122.942397902519588, 8.316236883981134 ], [ 123.487687616063468, 8.69300975182118 ] ], [ [ 124.954814094681865, 8.279228185496736 ], [ 124.493756292373035, 8.224526412341451 ], [ 124.228061965618792, 8.052606553853412 ], [ 124.157731114419136, 7.802541305143535 ], [ 124.345280050951544, 7.529032439367109 ], [ 124.407796363129023, 7.349298041856885 ], [ 124.485941753350858, 6.794465771281848 ], [ 124.540643526506145, 6.481884210394504 ], [ 124.759450619127279, 6.528771444527605 ], [ 124.868854165437853, 6.825723927370582 ], [ 125.111104875125548, 7.880686695365371 ], [ 125.048588562948069, 8.162010100163982 ], [ 124.954814094681865, 8.279228185496736 ] ] ] ] } },
{ "type": "Feature", "properties": { "id": null, "Zone": "влажных экваториальных лесов", "layer": "eurasia", "path": "D:/kurse4/semestr7/Diplom/diplom3/data/eurasia.shp" }, "geometry": { "type": "MultiPolygon", "coordinates": [ [ [ [ 119.511496209797514, 11.3696680770272 ], [ 119.689676548339889, 10.554291490109875 ], [ 119.029458449378922, 10.003653265823829 ], [ 118.504580926590364, 9.316382554558047 ], [ 117.174274530100661, 8.367499904814679 ], [ 117.664477166821371, 9.066888739452892 ], [ 118.38691369026175, 9.684499619989211 ], [ 118.98734215706105, 10.376292019080523 ], [ 119.511496209797514, 11.3696680770272 ] ] ] ] } },
{ "type": "Feature", "properties": { "id": null, "Zone": "переменно-влажных (в том числе муссонных) лесов", "layer": "eurasia", "path": "D:/kurse4/semestr7/Diplom/diplom3/data/eurasia.shp" }, "geometry": { "type": "MultiPolygon", "coordinates": [ [ [ [ 120.286487664878749, 16.034628811095345 ], [ 120.390047235191673, 17.599081122299523 ], [ 120.715867140791914, 18.505227362537525 ], [ 121.321308221523509, 18.504064642810945 ], [ 121.937601353036399, 18.218552354398355 ], [ 122.246006300954292, 18.478949896717097 ], [ 122.336956821787993, 18.224882717354106 ], [ 122.174279412933174, 17.810282701076403 ], [ 122.515653924653293, 17.093504746971973 ], [ 122.252310825693925, 16.262444362854069 ], [ 121.662786086108213, 15.931017564350142 ], [ 120.286487664878749, 16.034628811095345 ] ], [ [ 121.657078627320388, 17.570715082873065 ], [ 121.281980754255571, 18.055216502248449 ], [ 121.063173661634437, 18.102103736381551 ], [ 120.891253803146398, 17.930183877893512 ], [ 120.734963022702715, 17.47694061460686 ], [ 120.70370486661399, 16.945551961098374 ], [ 120.859995647057659, 16.554825009989194 ], [ 120.969399193368233, 16.320388839323684 ], [ 121.125689973811902, 16.132839902791279 ], [ 121.391384300566145, 16.367276073456786 ], [ 121.45390061274361, 16.445421463678624 ], [ 121.688336783409127, 17.039326429364579 ], [ 121.657078627320388, 17.570715082873065 ] ] ] ] } },
{ "type": "Feature", "properties": { "id": null, "Zone": "влажных экваториальных лесов", "layer": "eurasia", "path": "D:/kurse4/semestr7/Diplom/diplom3/data/eurasia.shp" }, "geometry": { "type": "MultiPolygon", "coordinates": [ [ [ [ 120.286487664878749, 16.034628811095345 ], [ 121.662786086108213, 15.931017564350142 ], [ 121.505069614753424, 15.124813544164622 ], [ 121.728828566577207, 14.328376369682275 ], [ 122.258925409027256, 14.218202216035991 ], [ 122.701275669445693, 14.336541245984378 ], [ 123.950295037940293, 13.782130642141027 ], [ 123.85510704965867, 13.237771104378425 ], [ 124.18128869028493, 12.997527370653501 ], [ 124.077419061378293, 12.536676947474575 ], [ 123.298035109552245, 13.02752553959894 ], [ 122.928651971529945, 13.552919826710422 ], [ 122.671355015148706, 13.185836289925092 ], [ 122.034649692880521, 13.784481919810304 ], [ 121.126384718918573, 13.636687323455547 ], [ 120.62863732308324, 13.857655747935596 ], [ 120.679383579593861, 14.271015529838294 ], [ 120.991819289230534, 14.52539276779504 ], [ 120.693336216312673, 14.756670640517312 ], [ 120.56414513558299, 14.396279201713796 ], [ 120.070428501466438, 14.970869452367126 ], [ 119.920928582846045, 15.406346747290739 ], [ 119.88377322802819, 16.363704331929995 ], [ 120.286487664878749, 16.034628811095345 ] ] ] ] } },
{ "type": "Feature", "properties": { "id": null, "Zone": "влажных экваториальных лесов", "layer": "eurasia", "path": "D:/kurse4/semestr7/Diplom/diplom3/data/eurasia.shp" }, "geometry": { "type": "MultiPolygon", "coordinates": [ [ [ [ 120.323436313967449, 13.466413479053825 ], [ 121.180128208502111, 13.429697373910443 ], [ 121.527393833503496, 13.069590155484519 ], [ 121.262190382981586, 12.205560207564403 ], [ 120.833896112146562, 12.704496161342433 ], [ 120.323436313967449, 13.466413479053825 ] ] ] ] } },
{ "type": "Feature", "properties": { "id": null, "Zone": "влажных экваториальных лесов", "layer": "eurasia", "path": "D:/kurse4/semestr7/Diplom/diplom3/data/eurasia.shp" }, "geometry": { "type": "MultiPolygon", "coordinates": [ [ [ [ 124.266761509295691, 12.557760931849671 ], [ 125.227116327007877, 12.53572093347718 ], [ 125.502551711123544, 12.162694606978292 ], [ 125.783464797062209, 11.046121934447783 ], [ 125.01188398651226, 11.311454576050409 ], [ 125.032761265158172, 10.975816148314692 ], [ 125.277449172060187, 10.358722032101284 ], [ 124.801819289245771, 10.134678859899864 ], [ 124.760168084818531, 10.837995103392258 ], [ 124.459101190286049, 10.889929917845592 ], [ 124.302521600441708, 11.495370998577187 ], [ 124.891012811381529, 11.415582587118536 ], [ 124.877990350444009, 11.794189968304947 ], [ 124.266761509295691, 12.557760931849671 ] ] ] ] } },
{ "type": "Feature", "properties": { "id": null, "Zone": "переменно-влажных (в том числе муссонных) лесов", "layer": "eurasia", "path": "D:/kurse4/semestr7/Diplom/diplom3/data/eurasia.shp" }, "geometry": { "type": "MultiPolygon", "coordinates": [ [ [ [ 108.62621748254044, 19.367887885001906 ], [ 109.119055617308035, 19.821038519769345 ], [ 110.211598748822809, 20.101253973872033 ], [ 110.786550734502214, 20.077534491450052 ], [ 111.010051304164577, 19.695929877190721 ], [ 110.570646600386766, 19.255879218009269 ], [ 110.339187860151469, 18.678395087147592 ], [ 109.475209588663645, 18.197700913968575 ], [ 108.655207961056163, 18.507681993071387 ], [ 108.62621748254044, 19.367887885001906 ] ], [ [ 110.02123002328895, 19.21958281655381 ], [ 109.630503072179778, 19.282099128731279 ], [ 109.325736050314617, 19.172695582420708 ], [ 109.0912998796491, 18.875743099577729 ], [ 109.169445269870948, 18.641306928912222 ], [ 109.317921511292425, 18.516274304557282 ], [ 109.677390306312873, 18.531903382601648 ], [ 109.989971867200225, 18.617863311845671 ], [ 110.146262647643894, 18.852299482511178 ], [ 110.161891725688264, 19.039848419043587 ], [ 110.02123002328895, 19.21958281655381 ] ] ] ] } },
{ "type": "Feature", "properties": { "id": null, "Zone": "области высотной поясности", "layer": "eurasia", "path": "D:/kurse4/semestr7/Diplom/diplom3/data/eurasia.shp" }, "geometry": { "type": "MultiPolygon", "coordinates": [ [ [ [ 109.325736050314617, 19.172695582420708 ], [ 109.630503072179778, 19.282099128731279 ], [ 110.02123002328895, 19.21958281655381 ], [ 110.161891725688264, 19.039848419043587 ], [ 110.146262647643894, 18.852299482511178 ], [ 109.989971867200225, 18.617863311845671 ], [ 109.677390306312873, 18.531903382601648 ], [ 109.317921511292425, 18.516274304557282 ], [ 109.169445269870948, 18.641306928912222 ], [ 109.0912998796491, 18.875743099577729 ], [ 109.325736050314617, 19.172695582420708 ] ] ] ] } },
{ "type": "Feature", "properties": { "id": null, "Zone": "переменно-влажных (в том числе муссонных) лесов", "layer": "eurasia", "path": "D:/kurse4/semestr7/Diplom/diplom3/data/eurasia.shp" }, "geometry": { "type": "MultiPolygon", "coordinates": [ [ [ [ 121.495044386888779, 25.295458889257386 ], [ 121.951243931161457, 24.997595933527037 ], [ 121.777817824389928, 24.3942735865194 ], [ 121.367940683499597, 24.158371478573866 ], [ 121.02410096652352, 23.955193463997091 ], [ 120.734963022702715, 23.509764739732628 ], [ 120.555228625192498, 22.751754454580816 ], [ 120.747079705896226, 21.970571397382113 ], [ 120.220083449383679, 22.814860948166739 ], [ 120.106188592612398, 23.556262722258236 ], [ 120.694679803552248, 24.538450832613737 ], [ 121.495044386888779, 25.295458889257386 ] ] ] ] } },
{ "type": "Feature", "properties": { "id": null, "Zone": "области высотной поясности", "layer": "eurasia", "path": "D:/kurse4/semestr7/Diplom/diplom3/data/eurasia.shp" }, "geometry": { "type": "MultiPolygon", "coordinates": [ [ [ [ 121.777817824389928, 24.3942735865194 ], [ 121.175632358892742, 22.790857245367167 ], [ 120.747079705896226, 21.970571397382113 ], [ 120.555228625192498, 22.751754454580816 ], [ 120.734963022702715, 23.509764739732628 ], [ 121.02410096652352, 23.955193463997091 ], [ 121.777817824389928, 24.3942735865194 ] ] ] ] } },
{ "type": "Feature", "properties": { "id": null, "Zone": "области высотной поясности", "layer": "eurasia", "path": "D:/kurse4/semestr7/Diplom/diplom3/data/eurasia.shp" }, "geometry": { "type": "MultiPolygon", "coordinates": [ [ [ [ 106.723494555927459, 71.467590718873581 ], [ 108.145740657964879, 71.248783626252433 ], [ 109.38043782346989, 71.076863767764394 ], [ 110.411956974398123, 70.811169441010151 ], [ 110.865200237684775, 70.373555255767869 ], [ 110.990232862039718, 69.764021212037548 ], [ 110.833942081596035, 68.998196387863544 ], [ 110.302553428087549, 68.544953124576892 ], [ 109.255405199114946, 68.576211280665632 ], [ 107.489319380101449, 68.669985748931836 ], [ 106.207734980463343, 68.810647451331135 ], [ 105.332506609978779, 69.076341778085379 ], [ 105.098070439313261, 69.52958504137203 ], [ 105.817008029354156, 69.764021212037548 ], [ 106.989188882681702, 70.045344616836161 ], [ 107.426803067923984, 70.326668021634759 ], [ 106.70786547788309, 70.701765894699577 ], [ 106.238993136552068, 71.217525470163693 ], [ 106.723494555927459, 71.467590718873581 ] ] ] ] } },
{ "type": "Feature", "properties": { "id": null, "Zone": "области высотной поясности", "layer": "eurasia", "path": "D:/kurse4/semestr7/Diplom/diplom3/data/eurasia.shp" }, "geometry": { "type": "MultiPolygon", "coordinates": [ [ [ [ 163.136651757071178, 60.503792470749836 ], [ 163.339829771647885, 60.36313076835058 ], [ 163.105393600982353, 60.128694597685069 ], [ 162.089503528098504, 59.58167686613222 ], [ 161.089242533258982, 58.690819417603286 ], [ 160.745402816282905, 58.003139983651124 ], [ 160.057723382330749, 57.002878988811624 ], [ 159.416931182511689, 56.565264803569342 ], [ 159.401302104467334, 56.377715867036933 ], [ 159.666996431221577, 56.393344945081303 ], [ 160.260901396907514, 56.377715867036933 ], [ 160.464079411484306, 56.237054164637627 ], [ 160.432821255395567, 55.846327213528447 ], [ 160.120239694508228, 55.596261964818574 ], [ 159.495076572733524, 55.252422247842489 ], [ 159.135607777713091, 54.955469764999513 ], [ 158.713622670515178, 54.236532174958626 ], [ 158.369782953539101, 53.501965506873361 ], [ 157.619587207409467, 53.111238555764182 ], [ 157.369521958699579, 53.189383945986016 ], [ 157.260118412389005, 53.345674726429692 ], [ 157.072569475856596, 53.642627209272668 ], [ 157.244489334344649, 54.736662672378372 ], [ 157.18197302216717, 55.799439979395345 ], [ 157.18197302216717, 56.471490335303137 ], [ 157.322634724566484, 56.955991754678521 ], [ 157.869652456119326, 57.424864096009543 ], [ 158.901171607047587, 57.893736437340557 ], [ 160.167126928641324, 58.831481120002593 ], [ 162.355197854852747, 60.36313076835058 ], [ 162.808441118139399, 60.503792470749886 ], [ 163.136651757071178, 60.503792470749836 ] ] ] ] } },
{ "type": "Feature", "properties": { "id": null, "Zone": "области высотной поясности", "layer": "eurasia", "path": "D:/kurse4/semestr7/Diplom/diplom3/data/eurasia.shp" }, "geometry": { "type": "MultiPolygon", "coordinates": [ [ [ [ 96.400488507622953, 4.715798391381011 ], [ 96.822473614820865, 4.622023923114807 ], [ 97.353862268329351, 4.293813284183095 ], [ 98.260348794902654, 3.449843069787264 ], [ 98.82299560449988, 2.996599806500614 ], [ 99.370013336052736, 2.293291294504088 ], [ 100.792259438090156, 0.449060085268753 ], [ 102.370796320571245, -1.973447011608169 ], [ 103.324170081277643, -3.348805879512486 ], [ 103.558606251943147, -3.802049142799136 ], [ 103.246024691055808, -4.020856235420279 ], [ 102.573974335148023, -3.598871128222363 ], [ 102.011327525550797, -3.083111552758243 ], [ 101.136099155066233, -1.754639918987028 ], [ 99.885772911516852, 0.058333134159573 ], [ 99.370013336052736, 0.886674270511036 ], [ 99.135577165387218, 1.480579236196991 ], [ 98.901140994721715, 2.027596967749845 ], [ 98.651075746011841, 2.246404060370986 ], [ 97.979025390104042, 2.605872855391433 ], [ 97.447636736595555, 3.371697679565428 ], [ 96.228568649134914, 4.309442362227463 ], [ 96.13479418086871, 4.528249454848604 ], [ 96.197310493046174, 4.60639484507044 ], [ 96.400488507622953, 4.715798391381011 ] ] ] ] } },
{ "type": "Feature", "properties": { "id": null, "Zone": "области высотной поясности", "layer": "eurasia", "path": "D:/kurse4/semestr7/Diplom/diplom3/data/eurasia.shp" }, "geometry": { "type": "MultiPolygon", "coordinates": [ [ [ [ 109.427667270955112, -7.740664157749762 ], [ 109.825866547734378, -7.490511561269804 ], [ 110.505731442664356, -7.474882483225436 ], [ 111.070650949449714, -7.583401476288331 ], [ 111.982679317857063, -7.8734239733568 ], [ 112.559672479300971, -8.376180922075221 ], [ 111.522061395312448, -8.302128594600973 ], [ 110.586149530074323, -8.122604668819001 ], [ 109.427667270955112, -7.740664157749762 ] ] ] ] } },
{ "type": "Feature", "properties": { "id": null, "Zone": "области высотной поясности", "layer": "eurasia", "path": "D:/kurse4/semestr7/Diplom/diplom3/data/eurasia.shp" }, "geometry": { "type": "MultiPolygon", "coordinates": [ [ [ [ 106.254622214596509, -6.451177871319384 ], [ 106.598461931572587, -6.435548793275017 ], [ 106.887599875393377, -6.521508722519036 ], [ 107.247068670413825, -6.646541346873975 ], [ 108.075409806765293, -6.880977517539483 ], [ 108.130111579920566, -7.037268297983156 ], [ 108.044151650676554, -7.217002695493379 ], [ 107.684682855656106, -7.248260851582113 ], [ 107.340843138680029, -7.349849858870501 ], [ 106.911043492459925, -7.232631773537746 ], [ 106.567203775483847, -6.8731629785173 ], [ 106.293694909707426, -6.646541346873975 ], [ 106.254622214596509, -6.451177871319384 ] ] ] ] } },
{ "type": "Feature", "properties": { "id": null, "Zone": "области высотной поясности", "layer": "eurasia", "path": "D:/kurse4/semestr7/Diplom/diplom3/data/eurasia.shp" }, "geometry": { "type": "MultiPolygon", "coordinates": [ [ [ [ 120.539599547148129, -1.762454458009187 ], [ 120.625559476392155, -1.832785309208839 ], [ 120.883439264124206, -2.137552331074 ], [ 120.883439264124206, -2.332915806628591 ], [ 120.586486781281238, -2.387617579783876 ], [ 120.258276142349516, -2.504835665116631 ], [ 120.04728358875056, -2.715828218715588 ], [ 119.93788004244, -3.200329638090973 ], [ 119.875363730262521, -3.559798433111419 ], [ 119.734702027863221, -3.536354816044868 ], [ 119.695629332752304, -3.32536226244591 ], [ 119.484636779153348, -3.051853396669484 ], [ 119.328345998709665, -3.090926091780402 ], [ 119.195498835332543, -3.0440388576473 ], [ 119.2658296865322, -2.614239211427201 ], [ 119.367418693820582, -2.192254104229286 ], [ 119.429935005998061, -1.903116160408492 ], [ 119.484636779153348, -1.535832826365862 ], [ 119.554967630352991, -1.379542045922189 ], [ 119.625298481552647, -1.293582116678169 ], [ 119.812847418085056, -1.332654811789087 ], [ 120.109799900928039, -1.535832826365862 ], [ 120.297348837460433, -1.676494528765167 ], [ 120.539599547148129, -1.762454458009187 ] ] ] ] } },
{ "type": "Feature", "properties": { "id": null, "Zone": "области высотной поясности", "layer": "eurasia", "path": "D:/kurse4/semestr7/Diplom/diplom3/data/eurasia.shp" }, "geometry": { "type": "MultiPolygon", "coordinates": [ [ [ [ 124.954814094681865, 8.279228185496736 ], [ 125.048588562948069, 8.162010100163982 ], [ 125.111104875125548, 7.880686695365371 ], [ 124.868854165437853, 6.825723927370582 ], [ 124.759450619127279, 6.528771444527605 ], [ 124.540643526506145, 6.481884210394504 ], [ 124.485941753350858, 6.794465771281848 ], [ 124.407796363129023, 7.349298041856885 ], [ 124.345280050951544, 7.529032439367109 ], [ 124.157731114419136, 7.802541305143535 ], [ 124.228061965618792, 8.052606553853412 ], [ 124.493756292373035, 8.224526412341451 ], [ 124.954814094681865, 8.279228185496736 ] ] ] ] } },
{ "type": "Feature", "properties": { "id": null, "Zone": "области высотной поясности", "layer": "eurasia", "path": "D:/kurse4/semestr7/Diplom/diplom3/data/eurasia.shp" }, "geometry": { "type": "MultiPolygon", "coordinates": [ [ [ [ 121.063173661634437, 18.102103736381551 ], [ 121.281980754255571, 18.055216502248449 ], [ 121.657078627320388, 17.570715082873065 ], [ 121.688336783409127, 17.039326429364579 ], [ 121.45390061274361, 16.445421463678624 ], [ 121.391384300566145, 16.367276073456786 ], [ 121.125689973811902, 16.132839902791279 ], [ 120.969399193368233, 16.320388839323684 ], [ 120.859995647057659, 16.554825009989194 ], [ 120.70370486661399, 16.945551961098374 ], [ 120.734963022702715, 17.47694061460686 ], [ 120.891253803146398, 17.930183877893512 ], [ 121.063173661634437, 18.102103736381551 ] ] ] ] } },
{ "type": "Feature", "properties": { "id": null, "Zone": "переменно-влажных (в том числе муссонных) лесов", "layer": "eurasia", "path": "D:/kurse4/semestr7/Diplom/diplom3/data/eurasia.shp" }, "geometry": { "type": "MultiPolygon", "coordinates": [ [ [ [ 136.723830601142424, 37.304984239240326 ], [ 137.390611607004473, 36.82739065199884 ], [ 138.85760216690619, 37.827484646143461 ], [ 139.426404657142825, 38.215962225897613 ], [ 140.054790073812001, 39.43880748143637 ], [ 139.883379347899847, 40.563312486323682 ], [ 140.305782505453635, 41.195005194659529 ], [ 141.36897342342661, 41.378559882160275 ], [ 141.914263136970476, 39.991616115878685 ], [ 141.884600864834965, 39.180864569651476 ], [ 140.959489373945814, 38.174000962876619 ], [ 140.976387567305267, 37.142074286440192 ], [ 140.599769728762112, 36.343983466124499 ], [ 140.774074334882584, 35.842877102190215 ], [ 140.2532792502451, 35.138113918593646 ], [ 138.975527785396196, 34.667600002576137 ], [ 137.217598911691255, 34.606285915661829 ], [ 135.792983026268928, 33.464805202766627 ], [ 135.120982700745401, 33.849071153289003 ], [ 135.07943484918269, 34.596544908174806 ], [ 133.340316196832021, 34.375938218720805 ], [ 132.15677086805124, 33.904933376596517 ], [ 130.986144647343451, 33.885761420216241 ], [ 132.000036248909964, 33.149992377244544 ], [ 131.33279015515734, 31.450354519164822 ], [ 130.686317987185987, 31.029579169228246 ], [ 130.202419875204896, 31.418237616495432 ], [ 130.447676222862128, 32.319474595665696 ], [ 129.814691603718927, 32.610309556604363 ], [ 129.408463169472554, 33.296055813117519 ], [ 130.353935174684636, 33.604150702441672 ], [ 130.878450962447175, 34.232742824840017 ], [ 131.884229364143891, 34.749713853487918 ], [ 132.617672967662429, 35.433393052709405 ], [ 134.608300815977714, 35.731617743465804 ], [ 135.677537876528845, 35.527134100886869 ], [ 136.723830601142424, 37.304984239240326 ] ], [ [ 140.965140918225273, 40.230091068883688 ], [ 140.564428077726689, 40.312590771339281 ], [ 140.411214344594867, 40.112234351089981 ], [ 140.411214344594867, 39.711521510591382 ], [ 140.458357031712353, 39.263665982975304 ], [ 139.539074632921455, 37.684385964539651 ], [ 138.784791639041742, 37.142245062688602 ], [ 137.064083559253618, 36.505818786602596 ], [ 136.557299672740697, 36.057963258986518 ], [ 136.604442359858183, 35.78689280806099 ], [ 136.934441169680554, 35.421536982900506 ], [ 137.511939086869717, 35.327251608665541 ], [ 138.65514924946865, 35.704393105605398 ], [ 139.303361197334027, 36.364390725250146 ], [ 140.281571955021775, 37.755099995215872 ], [ 141.012283605342759, 39.181166280519712 ], [ 141.094783307798366, 39.888306587281946 ], [ 140.965140918225273, 40.230091068883688 ] ] ] ] } },
{ "type": "Feature", "properties": { "id": null, "Zone": "области высотной поясности", "layer": "eurasia", "path": "D:/kurse4/semestr7/Diplom/diplom3/data/eurasia.shp" }, "geometry": { "type": "MultiPolygon", "coordinates": [ [ [ [ 140.564428077726689, 40.312590771339281 ], [ 140.965140918225273, 40.230091068883688 ], [ 141.094783307798366, 39.888306587281946 ], [ 141.012283605342759, 39.181166280519712 ], [ 140.281571955021775, 37.755099995215872 ], [ 139.303361197334027, 36.364390725250146 ], [ 138.65514924946865, 35.704393105605398 ], [ 137.511939086869717, 35.327251608665541 ], [ 136.934441169680554, 35.421536982900506 ], [ 136.604442359858183, 35.78689280806099 ], [ 136.557299672740697, 36.057963258986518 ], [ 137.064083559253618, 36.505818786602596 ], [ 138.784791639041742, 37.142245062688602 ], [ 139.539074632921455, 37.684385964539651 ], [ 140.458357031712353, 39.263665982975304 ], [ 140.411214344594867, 39.711521510591382 ], [ 140.411214344594867, 40.112234351089981 ], [ 140.564428077726689, 40.312590771339281 ] ] ] ] } },
{ "type": "Feature", "properties": { "id": null, "Zone": "переменно-влажных (в том числе муссонных) лесов", "layer": "eurasia", "path": "D:/kurse4/semestr7/Diplom/diplom3/data/eurasia.shp" }, "geometry": { "type": "MultiPolygon", "coordinates": [ [ [ [ 132.924372593314729, 34.060298570282043 ], [ 133.492968377822194, 33.944620876596673 ], [ 133.904106073136347, 34.364931138642632 ], [ 134.638428176003856, 34.149233710256354 ], [ 134.766379022358535, 33.806334743783623 ], [ 134.203415968970887, 33.201177883429636 ], [ 133.792950067276536, 33.521985175097598 ], [ 133.280268182508848, 33.289570420864891 ], [ 133.014858026257798, 32.704567369104737 ], [ 132.363114862192674, 32.989382025681394 ], [ 132.371176385630235, 33.463642483040061 ], [ 132.924372593314729, 34.060298570282043 ] ] ] ] } },
{ "type": "Feature", "properties": { "id": null, "Zone": "области высотной поясности", "layer": "eurasia", "path": "D:/kurse4/semestr7/Diplom/diplom3/data/eurasia.shp" }, "geometry": { "type": "MultiPolygon", "coordinates": [ [ [ [ 170.688605145797737, 63.011794618406995 ], [ 172.04395740042537, 63.589292535596151 ], [ 172.998596814554389, 63.872148658301043 ], [ 173.646808762419766, 63.954648360756629 ], [ 173.935557721014334, 64.02536239143285 ], [ 174.336270561512919, 64.048933734991593 ], [ 174.401091756299479, 63.942862688977257 ], [ 174.13002130537393, 63.724827761058904 ], [ 173.552523388184795, 63.306436412891259 ], [ 174.524841309982861, 63.418400294795269 ], [ 175.308588483310984, 63.524471340809605 ], [ 176.01572879007324, 63.577506863816772 ], [ 176.422334466461507, 63.565721192037401 ], [ 176.587333871372692, 63.453757310133376 ], [ 176.510727004806796, 63.235722382215023 ], [ 175.815372369823933, 63.070722977303838 ], [ 174.996268181157689, 62.917509244172017 ], [ 174.200735336050172, 62.705367152143353 ], [ 173.599666075302281, 62.369475506431286 ], [ 173.045739501671846, 62.15144057851294 ], [ 171.761101277720456, 62.15144057851294 ], [ 170.971461268502651, 61.243943851501413 ], [ 168.720397958642877, 61.609299676661898 ], [ 168.095757354336229, 61.573942661323784 ], [ 167.435759734691487, 61.361800569295113 ], [ 166.775762115046717, 61.267515195060156 ], [ 166.445763305224347, 61.42072892819197 ], [ 166.563620023018075, 61.644656692000012 ], [ 168.673255271525392, 62.080726547836719 ], [ 169.262538860493919, 62.245725952747904 ], [ 169.23307468104548, 62.410725357659089 ], [ 168.956111394230277, 62.56393909079091 ], [ 168.967897066009641, 62.76429551104021 ], [ 169.227181845155798, 62.976437603068881 ], [ 169.733965731668746, 63.011794618406995 ], [ 170.688605145797737, 63.011794618406995 ] ] ] ] } },
{ "type": "Feature", "properties": { "id": null, "Zone": "области высотной поясности", "layer": "eurasia", "path": "D:/kurse4/semestr7/Diplom/diplom3/data/eurasia.shp" }, "geometry": { "type": "MultiPolygon", "coordinates": [ [ [ [ 131.867537876513609, -0.695461114101789 ], [ 132.380116408416711, -0.369537855636949 ], [ 132.950884108253206, -0.677975677311429 ], [ 133.021598138929448, -0.93726045645758 ], [ 133.009812467150056, -1.184759563824362 ], [ 132.868384405797627, -1.444044342970514 ], [ 132.538385595975257, -1.550115388984849 ], [ 132.349814847505314, -1.514758373646737 ], [ 131.913744991668608, -1.396901655853032 ], [ 131.748745586757423, -1.243687922721215 ], [ 131.736959914978058, -0.949046128236951 ], [ 131.867537876513609, -0.695461114101789 ] ] ] ] } },
{ "type": "Feature", "properties": { "id": null, "Zone": "переменно-влажных (в том числе муссонных) лесов", "layer": "eurasia", "path": "D:/kurse4/semestr7/Diplom/diplom3/data/eurasia.shp" }, "geometry": { "type": "MultiPolygon", "coordinates": [ [ [ [ 138.407913853102286, -6.232849216337485 ], [ 140.311036134470157, -6.712239628349146 ], [ 141.023064918134537, -7.024813956504775 ], [ 141.033851760013818, -9.117892754760483 ], [ 140.143415155192542, -8.29716765710095 ], [ 139.127766554928087, -8.096042982620979 ], [ 138.881476678625006, -8.380935153846075 ], [ 137.614473911692869, -8.41168263105974 ], [ 138.039099155835174, -7.597882175327321 ], [ 138.668621454014783, -7.320224704623087 ], [ 138.407913853102286, -6.232849216337485 ] ] ] ] } },
{ "type": "Feature", "properties": { "id": null, "Zone": "влажных экваториальных лесов", "layer": "eurasia", "path": "D:/kurse4/semestr7/Diplom/diplom3/data/eurasia.shp" }, "geometry": { "type": "MultiPolygon", "coordinates": [ [ [ [ 135.989250116113453, -4.54654387778907 ], [ 138.366400290873997, -5.144745281692863 ], [ 139.321039705003017, -5.380458717280275 ], [ 140.216750760235186, -5.368673045500904 ], [ 141.006612398265645, -5.017212799284676 ], [ 141.023064918134509, -7.024813956504769 ], [ 141.006689171120541, -7.017625148638606 ], [ 140.311036134470157, -6.712239628349146 ], [ 138.407913853102286, -6.232849216337485 ], [ 137.927839797110778, -5.393365573756 ], [ 135.989250116113453, -4.54654387778907 ] ] ] ] } },
{ "type": "Feature", "properties": { "id": null, "Zone": "области высотной поясности", "layer": "eurasia", "path": "D:/kurse4/semestr7/Diplom/diplom3/data/eurasia.shp" }, "geometry": { "type": "MultiPolygon", "coordinates": [ [ [ [ 141.006552755379829, -3.827046128737357 ], [ 141.006612398265645, -5.017212799284676 ], [ 140.216750760235186, -5.368673045500904 ], [ 139.321039705003017, -5.380458717280275 ], [ 138.366400290873997, -5.144745281692863 ], [ 135.989250116113453, -4.54654387778907 ], [ 135.164597609599753, -4.462931410340822 ], [ 134.323914870549913, -3.930821088417698 ], [ 135.019269505532776, -3.695107652830287 ], [ 136.209622355249195, -3.624393622154064 ], [ 136.775334600658994, -3.636179293933434 ], [ 137.60033162521492, -3.789393027065251 ], [ 138.94389820806316, -4.249034226460703 ], [ 139.674609858384144, -4.355105272475037 ], [ 140.051751355324001, -4.307962585357555 ], [ 140.629249272513164, -3.919035416638327 ], [ 141.006552755379829, -3.827046128737357 ] ] ] ] } },
{ "type": "Feature", "properties": { "id": null, "Zone": "влажных экваториальных лесов", "layer": "eurasia", "path": "D:/kurse4/semestr7/Diplom/diplom3/data/eurasia.shp" }, "geometry": { "type": "MultiPolygon", "coordinates": [ [ [ [ 141.006552755379829, -3.827046128737357 ], [ 140.629249272513164, -3.919035416638327 ], [ 140.051751355324001, -4.307962585357555 ], [ 139.674609858384144, -4.355105272475037 ], [ 138.94389820806316, -4.249034226460703 ], [ 137.60033162521492, -3.789393027065251 ], [ 136.775334600658994, -3.636179293933434 ], [ 136.209622355249195, -3.624393622154064 ], [ 135.019269505532776, -3.695107652830287 ], [ 134.323914870549913, -3.930821088417698 ], [ 135.164597609599753, -4.462931410340822 ], [ 133.662880487197867, -3.538853448097541 ], [ 133.367704705946721, -4.024818617370315 ], [ 132.983955519747269, -4.112978610860253 ], [ 132.756940952689035, -3.746282647317123 ], [ 132.753788690319254, -3.31178720460705 ], [ 131.989804315316178, -2.820551039240499 ], [ 133.066844517143409, -2.460417982598436 ], [ 133.780030959203543, -2.479848321140182 ], [ 133.69621178602614, -2.214541517753702 ], [ 132.232373488494261, -2.212526136894319 ], [ 131.836221958544741, -1.617161960459647 ], [ 130.942839797082854, -1.432522067880783 ], [ 130.519558140180095, -0.937720228686089 ], [ 131.867537876513609, -0.695461114101789 ], [ 131.736959914978058, -0.949046128236951 ], [ 131.748745586757423, -1.243687922721215 ], [ 131.913744991668608, -1.396901655853032 ], [ 132.349814847505314, -1.514758373646737 ], [ 132.538385595975257, -1.550115388984849 ], [ 132.868384405797627, -1.444044342970514 ], [ 133.009812467150056, -1.184759563824362 ], [ 133.021598138929448, -0.93726045645758 ], [ 132.950884108253206, -0.677975677311429 ], [ 132.380116408416711, -0.369537855636949 ], [ 133.985548130428356, -0.780210463060456 ], [ 134.143367954647715, -1.151867364103623 ], [ 134.422627394753022, -2.769184665542376 ], [ 135.457602980694674, -3.367752780779149 ], [ 136.293314243718839, -2.307042331556154 ], [ 137.440737746327557, -1.703513278819365 ], [ 138.329727411044701, -1.702686455902693 ], [ 139.184920689042883, -2.051295668143673 ], [ 139.926684198160444, -2.409051608900313 ], [ 141.000210402591847, -2.60015105551566 ], [ 141.006552755379829, -3.827046128737357 ] ] ] ] } },
{ "type": "Feature", "properties": { "id": null, "Zone": "влажных экваториальных лесов", "layer": "eurasia", "path": "D:/kurse4/semestr7/Diplom/diplom3/data/eurasia.shp" }, "geometry": { "type": "MultiPolygon", "coordinates": [ [ [ [ 134.499625278867882, -5.445042006047871 ], [ 134.727001580952162, -5.737582289252167 ], [ 134.724624465066711, -6.214400730009288 ], [ 134.210133905168846, -6.89523772545472 ], [ 134.112775506730941, -6.142467136259 ], [ 134.290335728085836, -5.783057549669017 ], [ 134.499625278867882, -5.445042006047871 ] ] ] ] } },
{ "type": "Feature", "properties": { "id": null, "Zone": "саванн и редколесий", "layer": "eurasia", "path": "D:/kurse4/semestr7/Diplom/diplom3/data/eurasia.shp" }, "geometry": { "type": "MultiPolygon", "coordinates": [ [ [ [ 79.872468703128533, 6.76346344647493 ], [ 79.695166863935128, 8.200843410673386 ], [ 80.147800734379643, 9.824077663609557 ], [ 80.838817986986555, 9.268426825391188 ], [ 81.304319289071771, 8.56420624433369 ], [ 81.787959018891399, 7.523055324733164 ], [ 81.637322218760588, 6.481775214051922 ], [ 81.323748878720593, 6.617355154118946 ], [ 80.993750068898208, 7.12413904063188 ], [ 80.710893946193323, 7.35985247621929 ], [ 80.19232438790101, 7.265567101984326 ], [ 79.872468703128533, 6.76346344647493 ] ] ] ] } },
{ "type": "Feature", "properties": { "id": null, "Zone": "переменно-влажных (в том числе муссонных) лесов", "layer": "eurasia", "path": "D:/kurse4/semestr7/Diplom/diplom3/data/eurasia.shp" }, "geometry": { "type": "MultiPolygon", "coordinates": [ [ [ [ 79.872468703128533, 6.76346344647493 ], [ 80.19232438790101, 7.265567101984326 ], [ 80.710893946193323, 7.35985247621929 ], [ 80.993750068898208, 7.12413904063188 ], [ 81.323748878720593, 6.617355154118946 ], [ 81.637322218760588, 6.481775214051922 ], [ 81.218019647144331, 6.197141424988288 ], [ 80.348356968104412, 5.968369859232155 ], [ 79.872468703128533, 6.76346344647493 ] ] ] ] } },
{ "type": "Feature", "properties": { "id": null, "Zone": "жестколистных вечнозеленых лесов и кустарников (средиземноморского типа)", "layer": "eurasia", "path": "D:/kurse4/semestr7/Diplom/diplom3/data/eurasia.shp" }, "geometry": { "type": "MultiPolygon", "coordinates": [ [ [ [ 12.570943637755136, 38.126381130519661 ], [ 13.741156447004613, 38.034965521795328 ], [ 14.761249220446189, 38.143873602850462 ], [ 15.520376010813806, 38.231155096991429 ], [ 15.160242954171736, 37.444045518537763 ], [ 15.309897902089006, 37.134219468731828 ], [ 15.099988234119422, 36.619987290995397 ], [ 14.335228712631988, 36.996630967754726 ], [ 13.826732618879959, 37.104531358380157 ], [ 12.431003859108756, 37.612949937483748 ], [ 12.570943637755136, 38.126381130519661 ] ], [ [ 14.3929188436753, 37.672600292760336 ], [ 14.015777346735442, 37.590100590304743 ], [ 13.838992270044884, 37.35438715471733 ], [ 14.145419736308519, 37.236530436923623 ], [ 14.428275859013411, 37.189387749806144 ], [ 14.616846607483339, 37.118673719129916 ], [ 14.711131981718303, 36.965459985998102 ], [ 14.884970640464019, 37.100995211460869 ], [ 14.917381237857287, 37.430994021283247 ], [ 14.758274668835785, 37.595993426194433 ], [ 14.3929188436753, 37.672600292760336 ] ] ] ] } },
{ "type": "Feature", "properties": { "id": null, "Zone": "области высотной поясности", "layer": "eurasia", "path": "D:/kurse4/semestr7/Diplom/diplom3/data/eurasia.shp" }, "geometry": { "type": "MultiPolygon", "coordinates": [ [ [ [ 14.015777346735442, 37.590100590304743 ], [ 14.3929188436753, 37.672600292760336 ], [ 14.758274668835785, 37.595993426194433 ], [ 14.917381237857287, 37.430994021283247 ], [ 14.884970640464019, 37.100995211460869 ], [ 14.711131981718303, 36.965459985998102 ], [ 14.616846607483339, 37.118673719129916 ], [ 14.428275859013411, 37.189387749806144 ], [ 14.145419736308519, 37.236530436923623 ], [ 13.838992270044884, 37.35438715471733 ], [ 14.015777346735442, 37.590100590304743 ] ] ] ] } },
{ "type": "Feature", "properties": { "id": null, "Zone": "жестколистных вечнозеленых лесов и кустарников (средиземноморского типа)", "layer": "eurasia", "path": "D:/kurse4/semestr7/Diplom/diplom3/data/eurasia.shp" }, "geometry": { "type": "MultiPolygon", "coordinates": [ [ [ [ 8.159998406617689, 40.950007229163759 ], [ 8.709990675500109, 40.899984442705225 ], [ 9.210011834356266, 41.209991360024176 ], [ 9.80997521326492, 40.500008856766129 ], [ 9.669518670295616, 39.17737641047178 ], [ 9.214817742559433, 39.240473334300148 ], [ 8.806935662479674, 38.906617743478506 ], [ 8.428302443077115, 39.171847032216547 ], [ 8.388253208050912, 40.378310858718763 ], [ 8.159998406617689, 40.950007229163759 ] ] ] ] } },
{ "type": "Feature", "properties": { "id": null, "Zone": "жестколистных вечнозеленых лесов и кустарников (средиземноморского типа)", "layer": "eurasia", "path": "D:/kurse4/semestr7/Diplom/diplom3/data/eurasia.shp" }, "geometry": { "type": "MultiPolygon", "coordinates": [ [ [ [ 8.746009148807559, 42.628121853193917 ], [ 9.390000848028876, 43.00998484961471 ], [ 9.560016310269134, 42.152491970379522 ], [ 9.229752231491773, 41.380006822264455 ], [ 8.775723097375362, 41.583611965494427 ], [ 8.544212680707773, 42.256516628583057 ], [ 8.746009148807559, 42.628121853193917 ] ] ] ] } },
{ "type": "Feature", "properties": { "id": null, "Zone": "тундры", "layer": "eurasia", "path": "D:/kurse4/semestr7/Diplom/diplom3/data/eurasia.shp" }, "geometry": { "type": "MultiPolygon", "coordinates": [ [ [ [ -22.134922451250887, 66.41046865504687 ], [ -20.57628373867955, 65.732112128351432 ], [ -19.05684160000159, 66.276600857194765 ], [ -17.798623826559052, 65.993853257909777 ], [ -16.167818976292125, 66.526792304135867 ], [ -14.508695441129234, 66.455892239031428 ], [ -14.739637417041607, 65.808748277440301 ], [ -13.60973222497981, 65.126671047619865 ], [ -14.909833746794902, 64.364081936288684 ], [ -17.794438035543422, 63.678749091233854 ], [ -18.656245896874992, 63.49638296167582 ], [ -19.97275468594276, 63.643634955491528 ], [ -22.762971971110158, 63.960178941495386 ], [ -21.778484259517683, 64.402115790455511 ], [ -23.955043911219111, 64.891129869233495 ], [ -22.184402635170358, 65.084968166760305 ], [ -22.227423265053332, 65.378593655042735 ], [ -24.326184047939336, 65.611189276788465 ], [ -23.650514695723089, 66.262519029395222 ], [ -22.134922451250887, 66.41046865504687 ] ] ] ] } },
{ "type": "Feature", "properties": { "id": null, "Zone": "вечные снега и льды", "layer": "eurasia", "path": "D:/kurse4/semestr7/Diplom/diplom3/data/eurasia.shp" }, "geometry": { "type": "MultiPolygon", "coordinates": [ [ [ [ 17.59441, 77.63796 ], [ 17.1182, 76.80941 ], [ 15.91315, 76.77045 ], [ 13.76259, 77.38035 ], [ 14.66956, 77.73565 ], [ 13.1706, 78.02493 ], [ 11.22231, 78.8693 ], [ 10.44453, 79.65239 ], [ 13.17077, 80.01046 ], [ 13.71852, 79.66039 ], [ 15.14282, 79.67431 ], [ 15.52255, 80.01608 ], [ 16.99085, 80.05086 ], [ 18.25183, 79.70175 ], [ 21.54383, 78.95611 ], [ 19.02737, 78.5626 ], [ 18.47172, 77.82669 ], [ 17.59441, 77.63796 ] ] ] ] } },
{ "type": "Feature", "properties": { "id": null, "Zone": "вечные снега и льды", "layer": "eurasia", "path": "D:/kurse4/semestr7/Diplom/diplom3/data/eurasia.shp" }, "geometry": { "type": "MultiPolygon", "coordinates": [ [ [ [ 20.45599205901064, 80.598155626132254 ], [ 21.907944777115404, 80.357679348462042 ], [ 22.919252557067381, 80.657144273593431 ], [ 25.447625359811866, 80.407340399894522 ], [ 27.407505730913446, 80.056405748200419 ], [ 25.92465050629815, 79.517833970854511 ], [ 23.024465773213617, 79.400011705229034 ], [ 20.075188429451828, 79.566823228667218 ], [ 19.897266473070914, 79.84236196564747 ], [ 18.462263624757867, 79.859880276194431 ], [ 17.368015170977458, 80.318896186026976 ], [ 20.45599205901064, 80.598155626132254 ] ] ] ] } },
{ "type": "Feature", "properties": { "id": null, "Zone": "вечные снега и льды", "layer": "eurasia", "path": "D:/kurse4/semestr7/Diplom/diplom3/data/eurasia.shp" }, "geometry": { "type": "MultiPolygon", "coordinates": [ [ [ [ 22.88426, 78.45494 ], [ 23.28134, 78.07954 ], [ 24.72412, 77.85385 ], [ 22.49032, 77.44493 ], [ 20.72601, 77.67704 ], [ 21.41611, 77.93504 ], [ 20.8119, 78.25463 ], [ 22.88426, 78.45494 ] ] ] ] } },
{ "type": "Feature", "properties": { "id": null, "Zone": "вечные снега и льды", "layer": "eurasia", "path": "D:/kurse4/semestr7/Diplom/diplom3/data/eurasia.shp" }, "geometry": { "type": "MultiPolygon", "coordinates": [ [ [ [ 61.170044386647476, 76.251883450008123 ], [ 64.498368361270167, 76.439055487769267 ], [ 66.210977003855135, 76.80978221303117 ], [ 68.157059767534804, 76.939696763812933 ], [ 68.852211134725081, 76.544811306454605 ], [ 68.180572544227601, 76.233641669409067 ], [ 64.637326287703019, 75.737754625136247 ], [ 61.583507521414759, 75.260884507946841 ], [ 58.477082147053352, 74.309056301562848 ], [ 56.986785516188029, 73.333043524866227 ], [ 57.906069284346266, 75.077907747122566 ], [ 61.170044386647476, 76.251883450008123 ] ] ] ] } },
{ "type": "Feature", "properties": { "id": null, "Zone": "вечные снега и льды", "layer": "eurasia", "path": "D:/kurse4/semestr7/Diplom/diplom3/data/eurasia.shp" }, "geometry": { "type": "MultiPolygon", "coordinates": [ [ [ [ 48.318477410684608, 80.784009914869984 ], [ 48.522806023966673, 80.514568996900167 ], [ 49.097189568890855, 80.753985907708397 ], [ 50.039767693894618, 80.918885403151776 ], [ 51.522932977103665, 80.699725653801934 ], [ 51.13618655783128, 80.54728017854093 ], [ 49.793684523320707, 80.415427761548202 ], [ 48.894411248577548, 80.339566758943747 ], [ 48.754936557821772, 80.175468248200886 ], [ 47.586119012244183, 80.010181179515328 ], [ 46.502825962109632, 80.247246812654296 ], [ 47.072455275262939, 80.559424140129508 ], [ 44.846958042181143, 80.589809882317141 ], [ 46.799138624871233, 80.771917629713684 ], [ 48.318477410684608, 80.784009914869984 ] ] ] ] } },
{ "type": "Feature", "properties": { "id": null, "Zone": "вечные снега и льды", "layer": "eurasia", "path": "D:/kurse4/semestr7/Diplom/diplom3/data/eurasia.shp" }, "geometry": { "type": "MultiPolygon", "coordinates": [ [ [ [ 95.940895, 81.2504 ], [ 97.88385, 80.746975 ], [ 93.31288, 79.4265 ], [ 92.5454, 80.14379 ], [ 91.18107, 80.34146 ], [ 93.77766, 81.0246 ], [ 95.940895, 81.2504 ] ] ] ] } },
{ "type": "Feature", "properties": { "id": null, "Zone": "вечные снега и льды", "layer": "eurasia", "path": "D:/kurse4/semestr7/Diplom/diplom3/data/eurasia.shp" }, "geometry": { "type": "MultiPolygon", "coordinates": [ [ [ [ 101.2649, 79.23399 ], [ 102.08635, 79.34641 ], [ 102.837815, 79.28129 ], [ 105.37243, 78.71334 ], [ 105.07547, 78.30689 ], [ 99.43814, 77.921 ], [ 101.2649, 79.23399 ] ] ] ] } },
{ "type": "Feature", "properties": { "id": null, "Zone": "вечные снега и льды", "layer": "eurasia", "path": "D:/kurse4/semestr7/Diplom/diplom3/data/eurasia.shp" }, "geometry": { "type": "MultiPolygon", "coordinates": [ [ [ [ 145.086285, 75.562625 ], [ 144.3, 74.82 ], [ 140.61381, 74.84768 ], [ 138.95544, 74.61148 ], [ 136.97439, 75.26167 ], [ 137.51176, 75.94917 ], [ 138.831075, 76.13676 ], [ 141.471615, 76.09289 ], [ 145.086285, 75.562625 ] ] ] ] } },
{ "type": "Feature", "properties": { "id": null, "Zone": "вечные снега и льды", "layer": "eurasia", "path": "D:/kurse4/semestr7/Diplom/diplom3/data/eurasia.shp" }, "geometry": { "type": "MultiPolygon", "coordinates": [ [ [ [ 142.06207, 73.85758 ], [ 143.48283, 73.47525 ], [ 143.60385, 73.21244 ], [ 142.08763, 73.20544 ], [ 140.038155, 73.31692 ], [ 139.86312, 73.36983 ], [ 140.81171, 73.76506 ], [ 142.06207, 73.85758 ] ] ] ] } },
{ "type": "Feature", "properties": { "id": null, "Zone": "вечные снега и льды", "layer": "eurasia", "path": "D:/kurse4/semestr7/Diplom/diplom3/data/eurasia.shp" }, "geometry": { "type": "MultiPolygon", "coordinates": [ [ [ [ 146.358485, 75.49682 ], [ 150.73167, 75.08406 ], [ 149.575925, 74.68892 ], [ 147.977465, 74.778355 ], [ 146.11919, 75.17298 ], [ 146.358485, 75.49682 ] ] ] ] } },
{ "type": "Feature", "properties": { "id": null, "Zone": "арктических пустынь", "layer": "eurasia", "path": "D:/kurse4/semestr7/Diplom/diplom3/data/eurasia.shp" }, "geometry": { "type": "MultiPolygon", "coordinates": [ [ [ [ 178.7253, 71.0988 ], [ 180.0, 71.515714336428289 ], [ 180.0, 70.832199208546726 ], [ 178.903425, 70.78114 ], [ 178.7253, 71.0988 ] ] ] ] } },
{ "type": "Feature", "properties": { "id": null, "Zone": "арктических пустынь", "layer": "eurasia", "path": "D:/kurse4/semestr7/Diplom/diplom3/data/eurasia.shp" }, "geometry": { "type": "MultiPolygon", "coordinates": [ [ [ [ -179.994058649372846, 67.301779146097829 ], [ -180.0, 68.963636363636354 ], [ -177.55, 68.2 ], [ -174.92825, 67.20589 ], [ -175.01425, 66.58435 ], [ -174.33983, 66.33556 ], [ -174.57182, 67.06219 ], [ -171.85731, 66.91308 ], [ -172.946226925309276, 66.017140922146424 ], [ -174.348721867054394, 65.958212563249575 ], [ -177.000498017412752, 66.535710480438738 ], [ -179.994058649372846, 67.301779146097829 ] ] ] ] } },
{ "type": "Feature", "properties": { "id": null, "Zone": "тундры", "layer": "eurasia", "path": "D:/kurse4/semestr7/Diplom/diplom3/data/eurasia.shp" }, "geometry": { "type": "MultiPolygon", "coordinates": [ [ [ [ -179.994058649372846, 67.301779146097829 ], [ -177.000498017412752, 66.535710480438738 ], [ -174.348721867054394, 65.958212563249575 ], [ -172.946226925309276, 66.017140922146424 ], [ -171.85731, 66.91308 ], [ -169.89958, 65.97724 ], [ -170.89107, 65.54139 ], [ -172.53025, 65.43791 ], [ -172.555, 64.46079 ], [ -172.95533, 64.25269 ], [ -173.89184, 64.2826 ], [ -174.65392, 64.63125 ], [ -175.98353, 64.92288 ], [ -176.20716, 65.35667 ], [ -177.22266, 65.52024 ], [ -178.35993, 65.39052 ], [ -178.90332, 65.74044 ], [ -178.68611, 66.11211 ], [ -179.88377, 65.87456 ], [ -179.43268, 65.40411 ], [ -180.0, 64.979708702198394 ], [ -180.0, 68.963636363636354 ], [ -179.994058649372846, 67.301779146097829 ] ] ] ] } },
{ "type": "Feature", "properties": { "id": null, "Zone": "арктических пустынь", "layer": "eurasia", "path": "D:/kurse4/semestr7/Diplom/diplom3/data/eurasia.shp" }, "geometry": { "type": "MultiPolygon", "coordinates": [ [ [ [ -180.0, 71.515714336428275 ], [ -179.871875, 71.55762 ], [ -179.02433, 71.55553 ], [ -177.577945, 71.26948 ], [ -177.663575, 71.13277 ], [ -178.69378, 70.89302 ], [ -180.0, 70.832199208546726 ], [ -180.0, 71.515714336428275 ] ] ] ] } },
{ "type": "Feature", "properties": { "id": null, "Zone": "области высотной поясности", "layer": "eurasia", "path": "D:/kurse4/semestr7/Diplom/diplom3/data/eurasia.shp" }, "geometry": { "type": "MultiPolygon", "coordinates": [ [ [ [ 111.159137811326616, 0.976478176269481 ], [ 111.474734281415152, 1.042965050954733 ], [ 112.193671871456047, 1.042965050954733 ], [ 112.740689603008903, 1.246143065531506 ], [ 113.334594568694854, 1.464950158152648 ], [ 114.209822939179418, 2.262033138415378 ], [ 115.788359821660507, 4.622023923114831 ], [ 116.288490319080253, 5.606655839909967 ], [ 116.491668333657046, 5.895793783730761 ], [ 116.710475426278165, 5.919237400797313 ], [ 116.929282518899328, 5.856721088619842 ], [ 117.038686065209887, 5.544139527732499 ], [ 117.085573299342997, 5.083081725423664 ], [ 116.937097057921505, 4.637653001159197 ], [ 116.491668333657032, 4.059377113517611 ], [ 115.991537836237285, 2.668389167568925 ], [ 116.022795992326024, 2.465211152992151 ], [ 116.601071879967606, 2.183887748193541 ], [ 116.56981372387888, 1.855677109261829 ], [ 116.132199538636598, 0.88667427051106 ], [ 115.616439963172468, 0.32402746091384 ], [ 115.225713012063295, 0.011445900026494 ], [ 114.303597407445622, -0.004183178017873 ], [ 113.920684995358613, -0.051070412150975 ], [ 113.514328966205056, -0.441797363260156 ], [ 113.217376483362088, -1.043516867968295 ], [ 112.928238539541283, -1.35609842885564 ], [ 112.600027900609575, -1.371727506900008 ], [ 112.435922581143714, -1.231065804500702 ], [ 112.248373644611306, -1.168549492323233 ], [ 112.029566551990172, -1.293582116678171 ], [ 111.959235700790515, -1.6139782165877 ], [ 111.779501303280298, -1.692123606809536 ], [ 111.435661586304221, -1.44205835809966 ], [ 111.216854493683087, -1.004444172857377 ], [ 111.216854493683087, -0.496499136415441 ], [ 111.365330735104578, -0.160473958461545 ], [ 111.810759459369038, 0.06614767318178 ], [ 112.943867617585667, 0.089591290248331 ], [ 113.256449178473019, 0.238067531669819 ], [ 113.389296341850127, 0.527205475490613 ], [ 113.311150951628292, 0.792899802244857 ], [ 112.912609461496928, 0.839787036377958 ], [ 112.318704495810977, 0.839787036377958 ], [ 111.763872225235943, 0.738198029089571 ], [ 111.287185344882744, 0.652238099845551 ], [ 111.005861940084131, 0.69131079495647 ], [ 110.974603783995391, 0.839787036377958 ], [ 111.159137811326616, 0.976478176269481 ] ] ] ] } },
{ "type": "Feature", "properties": { "id": null, "Zone": "переменно-влажных (в том числе муссонных) лесов", "layer": "northamerica", "path": "D:/kurse4/semestr7/Diplom/diplom3/data/northamerica.shp" }, "geometry": { "type": "MultiPolygon", "coordinates": [ [ [ [ -97.702945522842242, 24.272343044526735 ], [ -97.776041836319052, 22.93257986092766 ], [ -97.872366706111109, 22.44421173755336 ], [ -97.699043952204192, 21.898689480064263 ], [ -97.388959520236767, 21.411018988525825 ], [ -97.189333462293291, 20.635433254473128 ], [ -96.525575527720321, 19.890930894444068 ], [ -96.292127244841765, 19.320371405509547 ], [ -95.900884975959968, 18.82802419684873 ], [ -94.839063483442715, 18.562717393462208 ], [ -94.425729539756219, 18.144370835843347 ], [ -93.548651292682393, 18.423836981677937 ], [ -92.786113857783505, 18.524838568592259 ], [ -92.037348192090406, 18.704569200103435 ], [ -91.407903408559264, 18.87608327888023 ], [ -90.771869879910867, 19.284120388256781 ], [ -90.533589850613055, 19.867418117751299 ], [ -90.490893565508316, 20.360439581259563 ], [ -90.102279147559983, 20.371234426202573 ], [ -89.36822969143536, 20.468388030689656 ], [ -88.439873026336571, 20.630310704834795 ], [ -87.802977174699024, 20.835412758751968 ], [ -87.25244008260556, 21.083694192441182 ], [ -86.811982388032959, 21.331514797444754 ], [ -86.845907965832623, 20.849864610268355 ], [ -87.383291185235862, 20.25540477139873 ], [ -87.62105445021075, 19.646553046135921 ], [ -87.436750454441778, 19.472403469312269 ], [ -87.586560431655926, 19.040130113190742 ], [ -87.837191128271513, 18.25981598558343 ], [ -88.090664028663184, 18.516647854074051 ], [ -88.300031094093697, 18.499982204659901 ], [ -88.296336229184817, 18.353272813383271 ], [ -88.106812913754382, 18.348673610909287 ], [ -88.123478563168504, 18.07667470954101 ], [ -88.285354987322805, 17.644142971258034 ], [ -88.197866787452654, 17.489475409408456 ], [ -88.302640753924436, 17.131693630435663 ], [ -88.239517991879907, 17.036066392479555 ], [ -88.355428229510565, 16.530774237529627 ], [ -88.55182451043585, 16.265467434143147 ], [ -88.732433641295941, 16.233634751851355 ], [ -88.930612759135272, 15.887273464415076 ], [ -88.604586147805847, 15.70638011317736 ], [ -88.51836402052686, 15.855389105690975 ], [ -88.225022752622024, 15.727722479713904 ], [ -88.121153123715374, 15.688655096901357 ], [ -87.901812506852423, 15.864458319558196 ], [ -87.615680101252337, 15.878798529519202 ], [ -87.522920905288458, 15.797278957578783 ], [ -87.367762417332131, 15.846940009011291 ], [ -86.903191291028179, 15.756712958229571 ], [ -86.440945604177386, 15.782835394753192 ], [ -86.119233974944336, 15.893448798073962 ], [ -86.001954311857844, 16.005405788634391 ], [ -85.683317430346278, 15.953651841693954 ], [ -85.444003872402561, 15.885749009662447 ], [ -85.182443610357211, 15.909158433490632 ], [ -84.983721889978824, 15.995923163308703 ], [ -84.526979743167146, 15.857223619037427 ], [ -84.368255581382584, 15.835157782448732 ], [ -84.063054572266822, 15.648244126849136 ], [ -83.773976610026125, 15.424071763566872 ], [ -83.410381232420377, 15.270902818253774 ], [ -83.147219000974133, 14.995829169164111 ], [ -83.233234422523935, 14.899866034398102 ], [ -83.284161546547594, 14.676623846897201 ], [ -83.182126430987282, 14.31070302983845 ], [ -83.412499966144452, 13.970077826386557 ], [ -83.519831916014681, 13.567699286345883 ], [ -83.552207200845544, 13.127054348193086 ], [ -83.498515387694269, 12.869292303921227 ], [ -83.473323126951982, 12.419087225794428 ], [ -83.626104499022915, 12.320850328007566 ], [ -83.719613003255063, 11.893124497927728 ], [ -83.650857510090717, 11.62903209070012 ], [ -83.855470343750397, 11.373311265503787 ], [ -83.808935716471552, 11.103043524617275 ], [ -83.655611741861577, 10.938764146361422 ], [ -83.402319708982958, 10.395438137244653 ], [ -83.015676642575173, 9.992982082555557 ], [ -82.546196255203483, 9.566134751824677 ], [ -82.187122565423408, 9.207448635286781 ], [ -82.207586432610967, 8.9955752628901 ], [ -81.808566860669288, 8.950616766796173 ], [ -81.714154018872037, 9.031955471223583 ], [ -81.439287075511544, 8.786234035675719 ], [ -80.947301601876759, 8.858503526235907 ], [ -80.521901211250082, 9.111072089062432 ], [ -79.914599778955989, 9.312765204297619 ], [ -79.573302781884308, 9.611610012241528 ], [ -79.021191779277927, 9.552931423374105 ], [ -79.058450486960368, 9.454565334506526 ], [ -78.500887620747193, 9.420458889193881 ], [ -78.055927700498017, 9.247730414258299 ], [ -77.729513515926413, 8.946844387238869 ], [ -77.353360765273862, 8.67050466555807 ], [ -76.836673957003569, 8.638749497914716 ], [ -76.913034788144628, 8.083102599410262 ], [ -77.431107957656991, 7.638061224798734 ], [ -77.753413865861404, 7.709839789252143 ], [ -77.881571417945253, 7.223771267114785 ], [ -78.214936082660117, 7.512254950384161 ], [ -78.429160732726075, 8.052041123888927 ], [ -78.182095709938636, 8.319182440621773 ], [ -78.435465257465694, 8.387705389840789 ], [ -78.622120530903942, 8.718124497915028 ], [ -79.120307176413746, 8.996092027213024 ], [ -79.55787736684519, 8.932374986197146 ], [ -79.760578172510051, 8.584515082224399 ], [ -80.164481167303336, 8.333315944853595 ], [ -80.382659064439622, 8.298408514840432 ], [ -80.4806892564973, 8.090307522001069 ], [ -80.003689948227162, 7.547524115423372 ], [ -80.276670701808996, 7.419754136581716 ], [ -80.42115800649708, 7.271571966984765 ], [ -80.886400926420805, 7.220541490096537 ], [ -81.059542812814726, 7.817921047390597 ], [ -81.189715745757951, 7.64790558515034 ], [ -81.51951473664468, 7.706610012233909 ], [ -81.721311204744467, 8.108962714058435 ], [ -82.131441209628917, 8.175392767769637 ], [ -82.390934414382571, 8.292362372262289 ], [ -82.82008134635042, 8.290863755725823 ], [ -82.850958014644817, 8.073822740099956 ], [ -82.965783047197363, 8.225027980985985 ], [ -83.508437262694315, 8.446926581247283 ], [ -83.711473965169077, 8.656836249216866 ], [ -83.596313035806645, 8.830443223501419 ], [ -83.632641567707836, 9.051385809765321 ], [ -83.909885626953738, 9.290802720573581 ], [ -84.303401658856359, 9.487354030795714 ], [ -84.647644212568665, 9.615537421095709 ], [ -84.12733247160439, 9.835465761825573 ], [ -83.949217530044734, 9.619568862965387 ], [ -83.225962918863118, 9.069031770871918 ], [ -82.868657192704774, 8.807266343618522 ], [ -82.508105730153005, 8.594058593379513 ], [ -82.065517087489638, 8.388956539462338 ], [ -81.828030498743431, 8.313392624861272 ], [ -81.676902669541306, 8.318790047332778 ], [ -81.601338754940258, 8.383559116990835 ], [ -81.617531022354768, 8.507699833835442 ], [ -81.768658851556893, 8.675019930452084 ], [ -82.060119665018149, 8.788365802353681 ], [ -82.313798521178867, 8.928698786612802 ], [ -82.610656757111613, 9.090621460757939 ], [ -82.896720148101366, 9.37128742927618 ], [ -83.020860864945973, 9.592581750607868 ], [ -83.155796426733588, 9.824670916882567 ], [ -83.42566755030883, 9.991991013499209 ], [ -83.619974759282997, 10.040567815742751 ], [ -83.825076813200155, 10.083747195514793 ], [ -83.85746134802919, 10.245669869659931 ], [ -84.19017859570485, 10.793450018756674 ], [ -84.35593075228104, 10.999225572142905 ], [ -84.673069017256267, 11.082657172078143 ], [ -84.904561307501055, 11.411513123504932 ], [ -84.861381927729028, 11.659794557194143 ], [ -84.699459253583882, 11.767743006624235 ], [ -84.483562354723702, 11.800127541453262 ], [ -84.278460300806529, 11.854101766168309 ], [ -84.084153091832363, 12.037614130199465 ], [ -83.933025262630224, 12.404638858261778 ], [ -83.846666503086155, 12.696099671723028 ], [ -83.835871658143148, 13.052329554842331 ], [ -83.965409797459259, 13.322200678417563 ], [ -84.148922161490418, 13.710815096365895 ], [ -84.024781444645825, 13.861942925568021 ], [ -83.717128363770072, 14.218172808687326 ], [ -83.587590224453962, 14.455659397433529 ], [ -83.587590224453962, 14.757915055837787 ], [ -83.628584967772923, 14.880073960830302 ], [ -83.792692278371135, 14.973811954697972 ], [ -84.116537626661412, 14.995401644583989 ], [ -84.381011327765137, 14.952222264811953 ], [ -84.645485028868862, 14.82268412549584 ], [ -85.120458206361263, 14.768709900780795 ], [ -85.44430355465154, 14.801094435609823 ], [ -85.84371281754288, 15.016991334470006 ], [ -86.329480839978288, 15.222093388387183 ], [ -86.739684947812648, 15.276067613102228 ], [ -87.301016884849119, 15.254477923216211 ], [ -88.121425100517811, 15.168119163672127 ], [ -88.650372502725261, 15.114144938957082 ], [ -89.136140525160684, 15.254477923216202 ], [ -89.567934322881044, 15.632297496221526 ], [ -90.237214709347626, 16.366346952346152 ], [ -90.766162111555076, 17.057217028698751 ], [ -91.370673428363588, 17.424241756761063 ], [ -91.985979590115107, 17.553779896077174 ], [ -92.752413581068765, 17.478215981476112 ], [ -93.043874394530022, 17.337882997216994 ], [ -94.037000129286866, 17.575369585963198 ], [ -94.835818655069545, 17.510600516305143 ], [ -95.353971212333988, 17.359472687103015 ], [ -95.872123769598431, 17.942394314025513 ], [ -96.347096947090833, 18.37418811174588 ], [ -96.714121675153152, 18.870750979124303 ], [ -97.167505162759539, 19.712748884679023 ], [ -97.577709270593886, 20.425208650917632 ], [ -97.944733998656204, 21.029719967726148 ], [ -98.527655625578703, 22.152383841799107 ], [ -98.873090663754994, 23.555713684390305 ], [ -98.959449423299063, 24.181814691084838 ], [ -99.024218492957118, 24.764736318007337 ], [ -99.175346322159257, 25.628323913448074 ], [ -98.894680353641007, 25.520375464017981 ], [ -98.462886555920647, 25.045402286525576 ], [ -97.702945522842242, 24.272343044526735 ] ] ] ] } },
{ "type": "Feature", "properties": { "id": null, "Zone": "области высотной поясности", "layer": "northamerica", "path": "D:/kurse4/semestr7/Diplom/diplom3/data/northamerica.shp" }, "geometry": { "type": "MultiPolygon", "coordinates": [ [ [ [ -93.043874394530022, 17.337882997216994 ], [ -92.752413581068765, 17.478215981476112 ], [ -91.985979590115107, 17.553779896077174 ], [ -91.370673428363588, 17.424241756761063 ], [ -91.090559868700026, 17.254172809822467 ], [ -90.766162111555076, 17.057217028698751 ], [ -90.237214709347626, 16.366346952346152 ], [ -89.567934322881044, 15.632297496221526 ], [ -89.136140525160684, 15.254477923216202 ], [ -88.934748495880356, 15.196298003646328 ], [ -88.650372502725261, 15.114144938957082 ], [ -88.121425100517811, 15.168119163672127 ], [ -87.301016884849119, 15.254477923216211 ], [ -86.739684947812648, 15.276067613102228 ], [ -86.329480839978288, 15.222093388387183 ], [ -85.84371281754288, 15.016991334470006 ], [ -85.44430355465154, 14.801094435609823 ], [ -85.120458206361263, 14.768709900780795 ], [ -84.921559382175673, 14.791312039892793 ], [ -84.803463741302338, 14.804731999082945 ], [ -84.645485028868862, 14.82268412549584 ], [ -84.381011327765137, 14.952222264811953 ], [ -84.116537626661412, 14.995401644583989 ], [ -83.792692278371135, 14.973811954697972 ], [ -83.628584967772923, 14.880073960830302 ], [ -83.587590224453962, 14.757915055837787 ], [ -83.587590224453962, 14.455659397433529 ], [ -83.717128363770072, 14.218172808687326 ], [ -84.024781444645825, 13.861942925568021 ], [ -84.148922161490418, 13.710815096365895 ], [ -84.240678343505948, 13.565084689635256 ], [ -84.564523691796225, 13.392367170547109 ], [ -84.899163885029509, 13.295213566060026 ], [ -85.244598923205814, 13.230444496401971 ], [ -85.795136015299278, 13.187265116629934 ], [ -86.216134968076645, 13.176470271686924 ], [ -86.939389579258261, 13.413956860433128 ], [ -87.317209152263587, 13.619058914350303 ], [ -87.964899848844141, 14.06164755701368 ], [ -88.277950352191397, 14.277544455873866 ], [ -88.806897754398875, 14.439467130018999 ], [ -89.30346062177729, 14.612184649107146 ], [ -89.627305970067567, 14.633774338993163 ], [ -90.231817286876094, 14.536620734506082 ], [ -90.890302828399655, 14.579800114278118 ], [ -91.300506936234001, 14.676953718765201 ], [ -91.624352284524278, 14.871260927739367 ], [ -91.861838873270486, 15.087157826599551 ], [ -92.023761547415617, 15.432592864775847 ], [ -92.64446513163864, 16.479692824247742 ], [ -92.95751563498591, 16.911486621968109 ], [ -93.081656351830517, 17.15976805565732 ], [ -93.043874394530022, 17.337882997216994 ] ] ] ] } },
{ "type": "Feature", "properties": { "id": null, "Zone": "области высотной поясности", "layer": "northamerica", "path": "D:/kurse4/semestr7/Diplom/diplom3/data/northamerica.shp" }, "geometry": { "type": "MultiPolygon", "coordinates": [ [ [ [ -99.175346322159257, 25.628323913448074 ], [ -99.024218492957118, 24.764736318007337 ], [ -98.959449423299063, 24.181814691084838 ], [ -98.873090663754994, 23.555713684390305 ], [ -98.527655625578703, 22.152383841799107 ], [ -97.944733998656204, 21.029719967726148 ], [ -97.577709270593886, 20.425208650917632 ], [ -97.167505162759539, 19.712748884679023 ], [ -96.714121675153152, 18.870750979124303 ], [ -96.347096947090833, 18.37418811174588 ], [ -95.872123769598431, 17.942394314025513 ], [ -95.353971212333988, 17.359472687103015 ], [ -95.677816560624137, 17.116588675885311 ], [ -95.936892839256359, 17.008640226455217 ], [ -96.552199001007892, 17.030229916341238 ], [ -97.059556713329329, 17.127383520828317 ], [ -98.430502021091499, 17.580767008434705 ], [ -100.136087522086953, 18.185278325243221 ], [ -102.575722479207059, 18.962507161139893 ], [ -103.482489454419834, 19.286352509430166 ], [ -104.162564685829423, 19.523839098176371 ], [ -104.529589413891728, 19.739735997036554 ], [ -104.594358483549783, 20.085171035212852 ], [ -104.497204879062707, 20.441400918332157 ], [ -104.38925642963261, 20.64650297224933 ], [ -104.119385306057382, 20.689682352021368 ], [ -103.342156470160717, 20.376631848674101 ], [ -102.672876083694149, 19.977222585782759 ], [ -102.219492596087761, 19.772120531865582 ], [ -101.928031782626505, 19.847684446466648 ], [ -101.787698798367387, 19.988017430725769 ], [ -101.787698798367387, 20.214709174528963 ], [ -101.841673023082436, 20.506169987990212 ], [ -102.446184339890948, 21.542475102519095 ], [ -102.856388447725294, 22.330498783358767 ], [ -103.363746160046759, 22.956599790053303 ], [ -103.860309027425174, 23.248060603514553 ], [ -104.270513135259534, 23.366803897887653 ], [ -104.723896622865908, 23.453162657431726 ], [ -105.036947126213178, 23.539521416975802 ], [ -105.587484218306656, 23.949725524810152 ], [ -106.548225418234466, 24.921261569680979 ], [ -107.606120222649366, 26.130284203298007 ], [ -108.610040802349218, 27.360896526801056 ], [ -109.657140761821111, 28.591508850304109 ], [ -109.74349952136518, 28.947738733423414 ], [ -109.689525296650132, 29.196020167112625 ], [ -109.365679948359855, 29.573839740117947 ], [ -109.138988204556668, 29.843710863693179 ], [ -109.031039755126571, 30.059607762553362 ], [ -109.095808824784626, 30.297094351299567 ], [ -109.462833552846945, 30.761272683848961 ], [ -110.110524249427499, 31.171476791683311 ], [ -110.445164442660783, 31.560091209631643 ], [ -110.499138667375831, 31.88393655792192 ], [ -110.466754132546797, 32.132217991611135 ], [ -110.304831458401665, 32.294140665756274 ], [ -109.95939642022536, 32.380499425300343 ], [ -109.387269638245883, 32.358909735414329 ], [ -108.793553166380377, 32.17539737138317 ], [ -108.24, 31.754853718166373 ], [ -107.854401656338553, 30.901605668108076 ], [ -107.336249099074109, 29.347147996314749 ], [ -106.461866658690397, 27.781895479578406 ], [ -105.965303791311968, 27.037051178510769 ], [ -105.565894528420628, 26.75638520999253 ], [ -104.950588366669095, 26.486514086417301 ], [ -104.130180151000403, 25.946771839266841 ], [ -103.245002865673641, 25.169543003370176 ], [ -102.403004960118921, 23.938930679867124 ], [ -101.647365814108269, 22.837856495680185 ], [ -100.681227191708984, 21.180847796928269 ], [ -100.238638549045604, 20.322657623959039 ], [ -100.173869479387548, 20.274080821715497 ], [ -99.569358162579022, 20.619515859891791 ], [ -99.272499926646276, 21.121476149741717 ], [ -99.115974674972648, 21.51009056769005 ], [ -99.029615915428565, 22.103807039555555 ], [ -98.932462310941489, 22.449242077731849 ], [ -99.169948899687682, 23.323624518115594 ], [ -99.364256108661849, 23.928135834924113 ], [ -99.558563317636043, 24.370724477587494 ], [ -99.828434441211272, 24.705364670820778 ], [ -100.41135606813377, 25.245106917971238 ], [ -100.789175641139096, 25.91438730443781 ], [ -101.005072539999276, 26.540488311132346 ], [ -101.091431299543359, 27.155794472883869 ], [ -101.091431299543359, 27.986997533495579 ], [ -100.486919982734833, 27.382486216687063 ], [ -99.850024131097285, 26.777974899878547 ], [ -99.526178782807023, 26.572872845961374 ], [ -99.25630765923178, 26.097899668468965 ], [ -99.175346322159257, 25.628323913448074 ] ] ] ] } },
{ "type": "Feature", "properties": { "id": null, "Zone": "саванн и редколесий", "layer": "northamerica", "path": "D:/kurse4/semestr7/Diplom/diplom3/data/northamerica.shp" }, "geometry": { "type": "MultiPolygon", "coordinates": [ [ [ [ -110.641018846461634, 27.859876003525528 ], [ -110.423574752774769, 28.213689277298787 ], [ -110.358805683116714, 28.429586176158971 ], [ -110.358805683116714, 28.893764508708365 ], [ -110.542318047147873, 29.422711910915819 ], [ -110.876958240381157, 29.843710863693179 ], [ -111.222393278557448, 30.469811870387712 ], [ -111.416700487531614, 31.031143807424193 ], [ -111.427495332474635, 31.408963380429515 ], [ -111.265572658329489, 31.959500472522986 ], [ -110.671856186463984, 32.369704580357336 ], [ -110.380395373002742, 32.747524153362662 ], [ -110.401985062888755, 33.114548881424973 ], [ -110.682651031407005, 33.557137524088354 ], [ -110.358805683116728, 33.611111748803403 ], [ -109.862242815738298, 33.524752989259326 ], [ -109.06342428995562, 33.114548881424973 ], [ -108.35096452371701, 32.877062292678772 ], [ -107.487376928276277, 32.920241672450807 ], [ -107.411813013675186, 32.240166441041225 ], [ -106.828891386752687, 31.35498915571447 ], [ -105.555099683477607, 30.275504661413549 ], [ -104.777870847580942, 29.498275825516885 ], [ -104.324487359974555, 29.001712958138462 ], [ -103.914283252140194, 28.526739780646054 ], [ -102.726850308409183, 27.66315218520532 ], [ -101.906442092740491, 26.562078001018378 ], [ -101.193982326501867, 25.137158468541159 ], [ -100.913316357983618, 23.90654614503811 ], [ -100.654240079351396, 22.827061650737186 ], [ -100.503112250149258, 22.395267853016815 ], [ -100.276420506346071, 22.190165799099642 ], [ -99.83383186368269, 22.060627659783531 ], [ -99.358858686190288, 22.039037969897514 ], [ -99.029615915428565, 22.103807039555555 ], [ -99.115974674972648, 21.51009056769005 ], [ -99.272499926646276, 21.121476149741717 ], [ -99.569358162579022, 20.619515859891791 ], [ -100.173869479387548, 20.274080821715497 ], [ -100.238638549045604, 20.322657623959039 ], [ -100.681227191708984, 21.180847796928269 ], [ -101.647365814108269, 22.837856495680185 ], [ -102.403004960118921, 23.938930679867124 ], [ -103.245002865673641, 25.169543003370176 ], [ -104.130180151000403, 25.946771839266841 ], [ -104.950588366669095, 26.486514086417301 ], [ -105.565894528420628, 26.75638520999253 ], [ -105.965303791311968, 27.037051178510769 ], [ -106.461866658690397, 27.781895479578406 ], [ -107.336249099074109, 29.347147996314749 ], [ -107.854401656338553, 30.901605668108076 ], [ -108.24, 31.754853718166373 ], [ -108.793553166380377, 32.17539737138317 ], [ -109.387269638245883, 32.358909735414329 ], [ -109.95939642022536, 32.380499425300343 ], [ -110.304831458401665, 32.294140665756274 ], [ -110.466754132546797, 32.132217991611135 ], [ -110.499138667375831, 31.88393655792192 ], [ -110.445164442660783, 31.560091209631643 ], [ -110.253502466475908, 31.337516011481462 ], [ -110.110524249427499, 31.171476791683311 ], [ -109.462833552846945, 30.761272683848961 ], [ -109.095808824784626, 30.297094351299567 ], [ -109.031039755126571, 30.059607762553362 ], [ -109.138988204556668, 29.843710863693179 ], [ -109.365679948359855, 29.573839740117947 ], [ -109.689525296650132, 29.196020167112625 ], [ -109.74349952136518, 28.947738733423414 ], [ -109.657140761821111, 28.591508850304109 ], [ -108.610040802349218, 27.360896526801056 ], [ -107.606120222649366, 26.130284203298007 ], [ -106.548225418234466, 24.921261569680979 ], [ -105.587484218306656, 23.949725524810152 ], [ -105.036947126213178, 23.539521416975802 ], [ -104.723896622865908, 23.453162657431726 ], [ -104.270513135259534, 23.366803897887653 ], [ -103.860309027425174, 23.248060603514553 ], [ -103.363746160046759, 22.956599790053303 ], [ -102.856388447725294, 22.330498783358767 ], [ -102.446184339890948, 21.542475102519095 ], [ -101.841673023082436, 20.506169987990212 ], [ -101.787698798367387, 20.214709174528963 ], [ -101.787698798367387, 19.988017430725769 ], [ -101.928031782626505, 19.847684446466648 ], [ -102.219492596087761, 19.772120531865582 ], [ -102.672876083694149, 19.977222585782759 ], [ -103.342156470160717, 20.376631848674101 ], [ -104.119385306057382, 20.689682352021368 ], [ -104.38925642963261, 20.64650297224933 ], [ -104.497204879062707, 20.441400918332157 ], [ -104.594358483549783, 20.085171035212852 ], [ -104.529589413891728, 19.739735997036554 ], [ -104.162564685829423, 19.523839098176371 ], [ -103.482489454419834, 19.286352509430166 ], [ -102.575722479207059, 18.962507161139893 ], [ -100.136087522086953, 18.185278325243221 ], [ -98.430502021091499, 17.580767008434705 ], [ -97.059556713329329, 17.127383520828317 ], [ -96.552199001007892, 17.030229916341238 ], [ -95.936892839256359, 17.008640226455217 ], [ -95.677816560624137, 17.116588675885311 ], [ -95.353971212333988, 17.359472687103015 ], [ -94.835818655069545, 17.510600516305143 ], [ -94.037000129286866, 17.575369585963198 ], [ -93.043874394530022, 17.337882997216994 ], [ -93.081656351830517, 17.15976805565732 ], [ -92.95751563498591, 16.911486621968109 ], [ -92.64446513163864, 16.479692824247742 ], [ -92.073123038440784, 15.515863553983527 ], [ -92.023761547415617, 15.432592864775847 ], [ -91.861838873270486, 15.087157826599551 ], [ -91.624352284524278, 14.871260927739367 ], [ -91.300506936234001, 14.676953718765201 ], [ -90.890302828399655, 14.579800114278118 ], [ -90.231817286876094, 14.536620734506082 ], [ -89.627305970067567, 14.633774338993163 ], [ -89.30346062177729, 14.612184649107146 ], [ -89.222472076180409, 14.584014720203882 ], [ -88.806897754398875, 14.439467130018999 ], [ -88.277950352191397, 14.277544455873866 ], [ -87.964899848844141, 14.06164755701368 ], [ -87.317209152263587, 13.619058914350303 ], [ -86.939389579258261, 13.413956860433128 ], [ -86.737478633150957, 13.347657743800877 ], [ -86.216134968076645, 13.176470271686924 ], [ -85.795136015299278, 13.187265116629934 ], [ -85.244598923205814, 13.230444496401971 ], [ -84.899163885029509, 13.295213566060026 ], [ -84.564523691796225, 13.392367170547109 ], [ -84.240678343505948, 13.565084689635256 ], [ -84.148922161490418, 13.710815096365895 ], [ -83.965409797459259, 13.322200678417563 ], [ -83.835871658143148, 13.052329554842331 ], [ -83.846666503086155, 12.696099671723028 ], [ -83.933025262630224, 12.404638858261778 ], [ -84.084153091832363, 12.037614130199465 ], [ -84.278460300806529, 11.854101766168309 ], [ -84.483562354723702, 11.800127541453262 ], [ -84.699459253583882, 11.767743006624235 ], [ -84.861381927729028, 11.659794557194143 ], [ -84.904561307501055, 11.411513123504932 ], [ -84.673069017256267, 11.082657172078143 ], [ -84.35593075228104, 10.999225572142905 ], [ -84.19017859570485, 10.793450018756674 ], [ -83.85746134802919, 10.245669869659931 ], [ -83.825076813200155, 10.083747195514793 ], [ -84.003191754759655, 10.083747195514794 ], [ -84.086851803067972, 9.991991013499216 ], [ -84.116537626661241, 9.884042564069123 ], [ -84.12733247160439, 9.835465761825573 ], [ -84.647644212568665, 9.615537421095709 ], [ -84.713350796227772, 9.908051866083852 ], [ -84.975660366541334, 10.086723130733006 ], [ -84.91137488477024, 9.795991522658923 ], [ -85.11092342806532, 9.55703969974131 ], [ -85.339488288092269, 9.83454214114866 ], [ -85.66078650586698, 9.933347479690724 ], [ -85.797444831062847, 10.134885565629034 ], [ -85.791708747078431, 10.439337266476613 ], [ -85.659313727546674, 10.754330959511719 ], [ -85.941725430021762, 10.895278428587801 ], [ -85.712540452807303, 11.088444932494824 ], [ -86.058488328785259, 11.403438625529944 ], [ -86.525849982432959, 11.806876532432597 ], [ -86.745991583996329, 12.143961900272487 ], [ -87.16751624220116, 12.458257961471658 ], [ -87.668493415054712, 12.909909979702633 ], [ -87.557466600275617, 13.064551703336065 ], [ -87.392386237319229, 12.914018256069838 ], [ -87.316654425795491, 12.984685777228975 ], [ -87.489408738947134, 13.297534898323931 ], [ -87.793111131526572, 13.384480495655055 ], [ -87.904112108089521, 13.149016831917137 ], [ -88.48330156121682, 13.163951320849492 ], [ -88.84322791212972, 13.259733588102478 ], [ -89.256742723329296, 13.458532823129303 ], [ -89.812393561547665, 13.520622056527998 ], [ -90.095554572290979, 13.735337632700734 ], [ -90.608624030300845, 13.909771429901951 ], [ -91.232410244496052, 13.927832342987957 ], [ -91.689746670279135, 14.126218166556455 ], [ -92.227750006869826, 14.538828640190928 ], [ -93.35946387406176, 15.615429592343673 ], [ -93.875168830118525, 15.940164292865916 ], [ -94.691656460330137, 16.200975246642884 ], [ -95.250227016973042, 16.128318182840644 ], [ -96.053382127653322, 15.752087917539598 ], [ -96.557434048228288, 15.653515122942792 ], [ -97.263592495496653, 15.917064927631316 ], [ -98.01302995480961, 16.107311713113916 ], [ -98.947675747456515, 16.566043402568766 ], [ -99.697397427147052, 16.706164048728169 ], [ -100.829498867581322, 17.17107107184205 ], [ -101.666088629954459, 17.649026394109626 ], [ -101.918528001700224, 17.916090196193977 ], [ -102.478132086988921, 17.975750637275098 ], [ -103.500989549558085, 18.292294623278849 ], [ -103.917527432046825, 18.748571682200009 ], [ -104.992009650475495, 19.316133938061682 ], [ -105.49303849976144, 19.946767279535436 ], [ -105.731396043707662, 20.434101874264115 ], [ -105.39777299683135, 20.531718654863425 ], [ -105.50066077352443, 20.816895046466129 ], [ -105.270752326257934, 21.076284898355141 ], [ -105.265817226974036, 21.422103583252351 ], [ -105.603160976975403, 21.871145941652571 ], [ -105.693413865973127, 22.269080308516152 ], [ -106.028716396898972, 22.773752346278627 ], [ -106.90998043498837, 23.767774359628902 ], [ -107.915448778091388, 24.54891531015295 ], [ -108.401904873470983, 25.172313951105934 ], [ -109.260198737406654, 25.580609442644061 ], [ -109.444089321717343, 25.82488393808768 ], [ -109.291643846456282, 26.442934068298428 ], [ -109.801457689231825, 26.676175645447927 ], [ -110.391731737085706, 27.16211497650454 ], [ -110.641018846461634, 27.859876003525528 ] ] ] ] } },
{ "type": "Feature", "properties": { "id": null, "Zone": "области высотной поясности", "layer": "northamerica", "path": "D:/kurse4/semestr7/Diplom/diplom3/data/northamerica.shp" }, "geometry": { "type": "MultiPolygon", "coordinates": [ [ [ [ -83.825076813200155, 10.083747195514793 ], [ -83.42566755030883, 9.991991013499209 ], [ -83.155796426733588, 9.824670916882567 ], [ -83.020860864945973, 9.592581750607868 ], [ -82.932290768415299, 9.434695926357536 ], [ -82.896720148101366, 9.37128742927618 ], [ -82.610656757111613, 9.090621460757939 ], [ -82.313798521178867, 8.928698786612802 ], [ -82.060119665018149, 8.788365802353681 ], [ -81.768658851556893, 8.675019930452084 ], [ -81.617531022354768, 8.507699833835442 ], [ -81.601338754940258, 8.383559116990835 ], [ -81.676902669541306, 8.318790047332778 ], [ -81.828030498743431, 8.313392624861272 ], [ -82.065517087489638, 8.388956539462338 ], [ -82.508105730153005, 8.594058593379513 ], [ -82.868657192704774, 8.807266343618522 ], [ -83.225962918863118, 9.069031770871918 ], [ -83.949217530044734, 9.619568862965387 ], [ -84.12733247160439, 9.835465761825573 ], [ -84.116537626661241, 9.884042564069123 ], [ -84.086851803067972, 9.991991013499216 ], [ -84.003191754759655, 10.083747195514794 ], [ -83.825076813200155, 10.083747195514793 ] ] ] ] } },
{ "type": "Feature", "properties": { "id": null, "Zone": "саванн и редколесий", "layer": "northamerica", "path": "D:/kurse4/semestr7/Diplom/diplom3/data/northamerica.shp" }, "geometry": { "type": "MultiPolygon", "coordinates": [ [ [ [ -90.451475999701245, 20.707521877520435 ], [ -90.278618333684904, 20.999855454995554 ], [ -89.601321173851488, 21.261725775634488 ], [ -88.543866339862859, 21.49367544197662 ], [ -87.658416510757718, 21.458845526611984 ], [ -87.051890224948082, 21.543543199138298 ], [ -86.811982388032959, 21.331514797444754 ], [ -87.25244008260556, 21.083694192441182 ], [ -87.802977174699024, 20.835412758751968 ], [ -88.439873026336571, 20.630310704834795 ], [ -89.36822969143536, 20.468388030689656 ], [ -90.102279147559983, 20.371234426202573 ], [ -90.490893565508316, 20.360439581259563 ], [ -90.485385740704601, 20.360592576393 ], [ -90.451475999701245, 20.707521877520435 ] ] ] ] } },
{ "type": "Feature", "properties": { "id": null, "Zone": "области высотной поясности", "layer": "northamerica", "path": "D:/kurse4/semestr7/Diplom/diplom3/data/northamerica.shp" }, "geometry": { "type": "MultiPolygon", "coordinates": [ [ [ [ -110.682651031407005, 33.557137524088354 ], [ -111.759436814472082, 33.543643967909567 ], [ -112.277589371736525, 33.608413037567622 ], [ -112.579845030140788, 33.910668695971879 ], [ -112.817331618886982, 34.428821253236322 ], [ -112.860510998659024, 34.752666601526599 ], [ -112.730972859342913, 35.162870709360952 ], [ -112.385537821166622, 35.465126367765208 ], [ -111.435591466181805, 35.94009954525761 ], [ -110.744721389829223, 36.155996444117797 ], [ -110.118620383134683, 36.56620055195215 ], [ -109.362981237124046, 37.386608767620849 ], [ -108.866418369745645, 38.055889154087438 ], [ -108.218727673165091, 38.768348920326041 ], [ -107.376729767610371, 39.200142718046415 ], [ -106.944935969889997, 39.308091167476505 ], [ -106.944935969889997, 39.567167446108726 ], [ -107.139243178864163, 39.804654034854927 ], [ -108.046010154076939, 39.934192174171038 ], [ -108.596547246170275, 39.923397329227996 ], [ -108.974366819175742, 39.847833414626962 ], [ -109.244237942750829, 39.729090120253829 ], [ -109.557288446098227, 39.416039616906595 ], [ -109.989082243818601, 38.897887059642152 ], [ -110.269748212336836, 38.379734502377715 ], [ -110.528824490969058, 37.861581945113272 ], [ -110.706939432528571, 37.667274736139071 ], [ -110.982207978575445, 37.559326286709009 ], [ -111.198104877435483, 37.510749484465435 ], [ -111.392412086409806, 37.559326286709009 ], [ -111.559732183026298, 37.678069581082077 ], [ -111.608308985269986, 37.861581945113272 ], [ -111.651488365041871, 38.201619560818031 ], [ -111.608308985269986, 38.552452021465861 ], [ -111.435591466181833, 40.625062250523627 ], [ -111.262873947093553, 41.154009652731048 ], [ -111.025387358347487, 41.445470466192333 ], [ -110.118620383134711, 42.136340542544922 ], [ -109.233443097807907, 42.84880030878351 ], [ -109.179468873092759, 43.070094630115179 ], [ -109.211853407921893, 43.474901315478043 ], [ -109.373776082066925, 43.760964706467774 ], [ -109.622057515756239, 43.971464182856465 ], [ -110.107825538191548, 44.149579124416107 ], [ -110.679952320171139, 44.252130151374708 ], [ -111.154925497663456, 44.257527573846197 ], [ -111.608308985269929, 44.208950771602673 ], [ -112.169640922306314, 44.084810054758051 ], [ -112.860510998659009, 43.777156973882299 ], [ -113.680919214327702, 43.561260075022119 ], [ -114.371789290680297, 43.539670385136098 ], [ -114.889941847944741, 43.626029144680174 ], [ -115.3217356456651, 43.885105423312396 ], [ -115.667170683841405, 44.468027050234888 ], [ -115.127428436690934, 45.698639373737969 ], [ -114.868352158058713, 46.497457899520654 ], [ -115.041069677146865, 47.382635184847409 ], [ -115.559222234411308, 47.943967121883887 ], [ -116.595527348940195, 48.310991849946205 ], [ -117.307987115178804, 48.24622278028815 ], [ -117.804549982557234, 47.922377431997873 ], [ -118.079818528603809, 47.873800629754271 ], [ -118.34429222970769, 47.900787742111852 ], [ -119.013572616174258, 48.051915571313984 ], [ -119.199783691440985, 48.06271041625692 ], [ -119.407584456593938, 48.046518148842424 ], [ -119.5614109970318, 47.987146501655857 ], [ -119.704442692526854, 47.879198052225831 ], [ -119.771910473420476, 47.77124960279567 ], [ -119.806993719485277, 47.614724351122057 ], [ -119.809692430721014, 47.479788789334421 ], [ -119.769211762184909, 47.361045494961388 ], [ -119.251059204920466, 46.864482627582966 ], [ -118.754496337542037, 46.583816659064723 ], [ -118.597971085868252, 46.405701717505025 ], [ -118.538599438681857, 46.130433171458343 ], [ -118.568285262274969, 45.936125962484127 ], [ -118.689727267883981, 45.806587823168066 ], [ -118.838156385850198, 45.771504577103236 ], [ -119.229469515034438, 45.720229063623989 ], [ -119.434571568951455, 45.677049683851905 ], [ -119.534423884674283, 45.64466514902287 ], [ -119.618083932982771, 45.569101234421858 ], [ -119.941929281273048, 44.986179607499366 ], [ -120.18751200372634, 44.648840703030281 ], [ -120.352133389107408, 44.230540461488715 ], [ -120.317050143042451, 44.011944851392734 ], [ -120.201005559905269, 43.841926043540383 ], [ -119.977012527337649, 43.725881460402988 ], [ -119.726032382412868, 43.690798214338258 ], [ -119.315828274578521, 43.777156973882327 ], [ -118.991982926288244, 43.841926043540383 ], [ -118.581778818453898, 43.755567283996314 ], [ -118.279523160049635, 43.539670385136127 ], [ -118.279523160049635, 42.999928137985663 ], [ -118.452240679137788, 42.136340542544929 ], [ -118.21475409039158, 41.100035428016042 ], [ -117.56706339381104, 39.675115895538838 ], [ -116.681886108484292, 38.59563140123791 ], [ -115.818298513043544, 37.645685046253099 ], [ -114.522917119882436, 36.890045900242455 ], [ -114.139700124405479, 36.722725803625757 ], [ -113.939995492959952, 36.479841792408109 ], [ -113.880623845773258, 36.226162936247334 ], [ -113.89681611318791, 35.918509855371624 ], [ -114.031751674975382, 35.643241309324836 ], [ -114.199071771592173, 35.486716057651257 ], [ -114.355597023265659, 35.362575340806593 ], [ -114.630865569312533, 35.313998538563112 ], [ -115.149018126576976, 35.378767608221168 ], [ -115.904657272587627, 35.616254196967368 ], [ -116.595527348940209, 35.961689235143666 ], [ -117.113679906204652, 36.782097450812365 ], [ -117.804549982557248, 37.257070628304774 ], [ -118.473830369023815, 37.55932628670903 ], [ -118.927213856630203, 37.991120084429397 ], [ -119.445366413894646, 38.59563140123791 ], [ -119.618083932982799, 38.897887059642173 ], [ -120.071467420589187, 39.588757135994761 ], [ -120.352133389107422, 39.998961243829115 ], [ -120.568030287967602, 40.193268452803274 ], [ -120.827106566599824, 40.236447832575315 ], [ -121.237310674434184, 40.128499383145218 ], [ -121.302079744092225, 39.826243724740962 ], [ -121.323669433978253, 39.32968085736254 ], [ -120.913465326143907, 38.59563140123791 ], [ -120.136236490247242, 37.818402565341245 ], [ -118.689727267883995, 36.220765513775888 ], [ -118.128395330847525, 35.249229468905057 ], [ -117.890908742101317, 34.579949082438482 ], [ -118.452240679137802, 34.536769702666447 ], [ -119.099931375718356, 34.709487221754593 ], [ -119.898749901501034, 35.119691329588946 ], [ -120.373723078993436, 35.918509855371624 ], [ -120.654389047511685, 36.8252768305844 ], [ -121.323669433978253, 37.818402565341245 ], [ -121.588143135081751, 38.055889154087346 ], [ -121.777052921584641, 38.120658223745508 ], [ -121.976757553030083, 38.109863378802395 ], [ -122.51201, 37.783390000000111 ], [ -122.95319, 38.11371 ], [ -122.770178656341486, 38.681990160781986 ], [ -122.834947725999541, 40.193268452803274 ], [ -123.223562143947873, 41.44547046619234 ], [ -123.320715748434765, 42.309058061632996 ], [ -123.309920903491943, 43.215825036845857 ], [ -123.169587919232626, 44.252130151374637 ], [ -122.964485865315652, 45.202076506359546 ], [ -122.273615788963056, 46.281561000660474 ], [ -121.496386953066377, 47.058789836557139 ], [ -121.345259123864096, 47.393430029790345 ], [ -121.215720984548142, 47.749659912909735 ], [ -121.24810551937702, 48.138274330857975 ], [ -121.345259123864253, 48.462119679148344 ], [ -121.66370704968287, 49.066630995956785 ], [ -122.036129200216834, 49.47683510379121 ], [ -123.309920903491928, 50.405191768889999 ], [ -124.540533226994995, 51.009703085698511 ], [ -125.576838341523882, 51.096061845242588 ], [ -125.80892750779833, 51.155433492429019 ], [ -126.019426984187021, 51.28497163174513 ], [ -126.10578574373109, 51.425304616004247 ], [ -126.138170278560366, 51.635804092393045 ], [ -126.246118727990464, 52.305084478859619 ], [ -126.591553766166754, 52.780057656352021 ], [ -127.304013532405364, 53.233441143958409 ], [ -127.843755779555821, 53.36297928327452 ], [ -128.156806282903091, 53.492517422590616 ], [ -128.394292871649299, 53.8271576158239 ], [ -128.772112444654624, 54.420874087689413 ], [ -129.581725815380338, 55.187308078643063 ], [ -130.40213403104903, 55.737845170736534 ], [ -130.758363914168342, 55.996921449368756 ], [ -131.438439145577917, 56.925278114467545 ], [ -132.64746177919497, 58.350197646944764 ], [ -133.467869994863662, 59.019478033411339 ], [ -134.547354489164576, 59.321733691815595 ], [ -135.842735882325684, 59.36491307158763 ], [ -137.224476035030875, 59.49445121090374 ], [ -138.217601769787706, 59.81829655919401 ], [ -139.145958434886495, 60.336449116458454 ], [ -140.376570758389562, 60.681884154634744 ], [ -141.628772771778614, 60.962550123152987 ], [ -144.349073697416941, 61.221626401785201 ], [ -144.824046874909357, 61.502292370303437 ], [ -145.104712843427592, 62.106803687111956 ], [ -145.666044780464063, 62.64654593426242 ], [ -147.134143692713337, 62.75449438369251 ], [ -148.386345706102389, 62.430649035402233 ], [ -148.882908573480819, 62.21475213654206 ], [ -149.983982757667746, 62.452238725288268 ], [ -150.545314694704246, 62.279521206200116 ], [ -150.782801283450425, 61.847727408479749 ], [ -150.621110806257036, 61.284424953854398 ], [ -151.895839199816834, 60.727197984451266 ], [ -152.578329841095581, 60.061657212964235 ], [ -154.019172126257644, 59.350279446034278 ], [ -153.287511359653166, 58.864727688219773 ], [ -154.23249243875847, 58.14637360293051 ], [ -155.307491421510207, 57.727794501366304 ], [ -156.308334723923053, 57.422774359763594 ], [ -156.556097378546383, 56.979984849670643 ], [ -158.117216559867785, 56.46360809999419 ], [ -158.433321296197136, 55.994153550838519 ], [ -159.603327399717415, 55.56668610292013 ], [ -160.289719611634268, 55.643580634170576 ], [ -161.223047655257773, 55.364734605523495 ], [ -162.23776607974105, 55.024186916720112 ], [ -163.069446581046378, 54.689737046927121 ], [ -164.785569221027174, 54.404173082082139 ], [ -164.942226325520068, 54.572224839895341 ], [ -163.848339606765649, 55.039431464246093 ], [ -162.870001390615954, 55.348043117893212 ], [ -161.804174974596066, 55.894986477270379 ], [ -160.563604702781191, 56.00805451112501 ], [ -160.070559862284483, 56.41805532492873 ], [ -158.684442918919501, 57.016675116597867 ], [ -158.46109737855403, 57.216921291728852 ], [ -157.722770352183915, 57.570000515363063 ], [ -157.55027442119362, 58.328326321030204 ], [ -157.041674974576978, 58.918884589261722 ], [ -156.849504141421619, 59.645579040105865 ], [ -157.022221660509757, 60.250090356914384 ], [ -157.648322667204297, 60.509166635546606 ], [ -158.144885534582727, 60.53075632543262 ], [ -158.749396851391225, 60.185321287256329 ], [ -159.526625687287861, 59.602399660333816 ], [ -160.260675143412499, 59.494451210903719 ], [ -160.822007080448969, 59.580809970447795 ], [ -161.037903979309164, 59.839886249080017 ], [ -160.908365839993053, 60.293269736686405 ], [ -160.541341111930734, 60.638704774862703 ], [ -159.375497858085737, 61.631830509619547 ], [ -158.814165921049266, 62.430649035402226 ], [ -158.555089642417045, 63.056750042096766 ], [ -157.972168015494532, 63.790799498221382 ], [ -156.763145381877507, 64.244182985827777 ], [ -154.884842361793886, 64.546438644232026 ], [ -152.725873373192059, 64.848694302636289 ], [ -150.286238416071967, 65.172539650926566 ], [ -148.580652915076513, 65.539564378988885 ], [ -146.637580825334851, 66.0361272463673 ], [ -144.58656028616312, 66.100896316025356 ], [ -142.060566569498974, 66.122486005911369 ], [ -141.369696493146364, 66.316793214885536 ], [ -141.196978974058226, 66.640638563175813 ], [ -141.304927423488323, 66.856535462036007 ], [ -141.974207809954891, 66.986073601352118 ], [ -143.658203621064331, 67.137201430554242 ], [ -146.184197337728477, 67.029252981124145 ], [ -150.825980663222452, 67.158791120440256 ], [ -152.639514613648004, 67.331508639528394 ], [ -155.489353678602441, 67.374688019300464 ], [ -158.555089642417073, 67.353098329414451 ], [ -160.368623592842624, 67.374688019300464 ], [ -162.203747233154189, 67.56899522827463 ], [ -163.326411107227131, 67.828071506906852 ], [ -164.297947152097976, 68.022378715881018 ], [ -164.438280136357122, 68.281454994513226 ], [ -164.060460563351796, 68.540531273145447 ], [ -160.573725646759868, 69.339349798928154 ], [ -156.385325808872267, 69.684784837104445 ], [ -153.276410465285636, 69.771143596648514 ], [ -144.942790169282432, 68.778017861891655 ], [ -143.474691257033186, 68.734838482119613 ], [ -142.072510348713479, 69.851938178172645 ], [ -140.98598752156073, 69.711998399526351 ], [ -140.985987610376014, 69.711998399526351 ], [ -139.12052, 69.47102 ], [ -137.54636, 68.99002 ], [ -136.50358, 68.89804 ], [ -135.184250340802095, 67.6553539878187 ], [ -132.42077003539174, 66.403151974429633 ], [ -129.139137172716943, 65.453205619444816 ], [ -126.073401208902325, 64.41690050491593 ], [ -124.788814660683997, 63.64506909149069 ], [ -123.61217656189622, 62.732904693806496 ], [ -123.077831737216783, 62.417155479223275 ], [ -122.575871447367348, 61.998855237681866 ], [ -122.21964156424778, 61.577856284904421 ], [ -122.057718890102905, 61.307985161329277 ], [ -122.036129200216635, 61.097485684940516 ], [ -122.063116312574152, 60.946357855738384 ], [ -122.27361578896307, 60.660294464748723 ], [ -122.511102377709037, 60.395820763644906 ], [ -122.619050827139375, 60.098962527712246 ], [ -122.640640517025147, 59.769719756950366 ], [ -122.575871447367348, 59.494451210903733 ], [ -121.841821991242711, 58.760401754779117 ], [ -121.420823038465088, 58.280031154815106 ], [ -121.172541604776143, 57.680917260478196 ], [ -121.086182845232059, 56.774150285265421 ], [ -121.064593155346046, 56.212818348228936 ], [ -120.913465326143651, 55.861985887581064 ], [ -120.438492148651505, 55.413999822446257 ], [ -119.596494243096785, 54.939026644953849 ], [ -118.322702539821705, 54.550412227005516 ], [ -115.883067582701614, 53.643645251792741 ], [ -114.134302701934132, 52.369853548517654 ], [ -113.508201695239592, 51.419907193532836 ], [ -113.054818207633204, 50.124525800371728 ], [ -111.716257434700054, 48.526888748806364 ], [ -110.960618288689403, 47.792839292681734 ], [ -110.032261623590614, 47.468993944391457 ], [ -108.909597749517658, 47.253097045531277 ], [ -108.175548293393007, 46.961636232070035 ], [ -107.970446239475834, 46.659380573665779 ], [ -107.894882324874771, 46.162817706287349 ], [ -107.981241084418855, 45.752613598453003 ], [ -108.008228196776258, 45.498934742292278 ], [ -107.970446239475834, 45.23446104118856 ], [ -107.678985426014492, 44.710911061452592 ], [ -107.257986473237224, 44.241335306431708 ], [ -106.901756590117827, 43.847323466011858 ], [ -106.523937017112601, 43.582849764908147 ], [ -105.260940158780485, 42.74085185935342 ], [ -104.958684500376151, 42.433198778477646 ], [ -104.775172136345077, 42.071571472886852 ], [ -104.602454617256925, 41.143214807788056 ], [ -104.451326788054757, 39.869423104512961 ], [ -104.321788648738632, 39.335078279833994 ], [ -104.041122680220411, 38.725169540553985 ], [ -103.458201053297913, 37.753633495683161 ], [ -103.371842293753815, 37.316442275491276 ], [ -103.458201053297913, 36.89004590024242 ], [ -103.598534037557002, 36.582392819366646 ], [ -103.976353610562342, 36.199175823889831 ], [ -104.472916477940771, 35.616254196967333 ], [ -104.613249462199846, 35.179062976775448 ], [ -104.602454617256882, 34.666307841982523 ], [ -104.521493280184259, 34.423423830764804 ], [ -104.300198958852562, 34.056399102702493 ], [ -103.976353610562313, 33.586823347681609 ], [ -102.83210004660333, 32.507338853380688 ], [ -101.946922761276568, 31.600571878167912 ], [ -101.736423284887877, 31.184970347862038 ], [ -101.623077412986305, 30.715394592841157 ], [ -101.574500610742732, 30.213434302991207 ], [ -101.6624, 29.7793 ], [ -102.497459853370046, 30.024524516488569 ], [ -103.074984057821013, 30.224229147934217 ], [ -103.522970122955925, 30.531882228810002 ], [ -103.863007738660684, 30.828740464742733 ], [ -104.095096904935403, 31.211957460219583 ], [ -104.742787601515957, 32.205083194976432 ], [ -105.336504073381462, 32.852773891556986 ], [ -105.843861785702899, 33.057875945474159 ], [ -106.426783412625397, 33.068670790417166 ], [ -107.487376928276277, 32.920241672450807 ], [ -108.35096452371701, 32.877062292678772 ], [ -109.06342428995562, 33.114548881424973 ], [ -109.862242815738298, 33.524752989259326 ], [ -110.358805683116728, 33.611111748803403 ], [ -110.682651031407005, 33.557137524088354 ] ] ] ] } },
{ "type": "Feature", "properties": { "id": null, "Zone": "жестколистных вечнозеленых лесов и кустарников (средиземноморского типа)", "layer": "northamerica", "path": "D:/kurse4/semestr7/Diplom/diplom3/data/northamerica.shp" }, "geometry": { "type": "MultiPolygon", "coordinates": [ [ [ [ -117.890908742101317, 34.579949082438482 ], [ -117.388948452251171, 34.439616098179215 ], [ -116.870795894986713, 34.104975904945931 ], [ -116.331053647836256, 33.500464588137412 ], [ -115.99135, 32.612390000000119 ], [ -115.802106245628806, 31.730110017483895 ], [ -115.715747486084737, 30.866522422043154 ], [ -115.640183571483661, 30.348369864778711 ], [ -115.518653937626993, 29.556361599235402 ], [ -115.887365282029577, 30.180793768834178 ], [ -116.258350389452914, 30.836464341753583 ], [ -116.721526252084971, 31.635743720012044 ], [ -117.127759999999853, 32.53534 ], [ -117.295937691273934, 33.046224615203869 ], [ -117.944, 33.621236431201396 ], [ -118.410602275897531, 33.740909223124447 ], [ -118.519894822799756, 34.027781577575752 ], [ -119.081, 34.078 ], [ -119.438840642016714, 34.34847717828427 ], [ -120.36778, 34.44711 ], [ -120.62286, 34.60855 ], [ -120.74433, 35.156860000000108 ], [ -121.71457, 36.16153 ], [ -122.54747, 37.551760000000115 ], [ -122.51201, 37.783390000000111 ], [ -121.976757553030083, 38.109863378802395 ], [ -121.777052921584641, 38.120658223745508 ], [ -121.588143135081751, 38.055889154087346 ], [ -121.323669433978253, 37.818402565341245 ], [ -120.654389047511685, 36.8252768305844 ], [ -120.373723078993436, 35.918509855371624 ], [ -119.898749901501034, 35.119691329588946 ], [ -119.099931375718356, 34.709487221754593 ], [ -118.452240679137802, 34.536769702666447 ], [ -117.890908742101317, 34.579949082438482 ] ] ] ] } },
{ "type": "Feature", "properties": { "id": null, "Zone": "области высотной поясности", "layer": "northamerica", "path": "D:/kurse4/semestr7/Diplom/diplom3/data/northamerica.shp" }, "geometry": { "type": "MultiPolygon", "coordinates": [ [ [ [ -116.870795894986713, 34.104975904945931 ], [ -116.692680953427015, 34.207526931904489 ], [ -116.536155701753387, 34.239911466733517 ], [ -116.293271690535676, 34.191334664489972 ], [ -115.888465005172833, 33.975437765629792 ], [ -115.375709870379893, 33.60301561509597 ], [ -115.149018126576706, 33.262977999391182 ], [ -114.943916072659533, 32.852773891556822 ], [ -114.884544425472981, 32.57210792303858 ], [ -114.927723805245009, 32.269852264634324 ], [ -115.095043901861658, 31.978391451173074 ], [ -115.262363998478293, 31.789481664670411 ], [ -115.462068629923962, 31.643751257939787 ], [ -115.694157796198667, 31.568187343338725 ], [ -115.785913978214239, 31.562789920867218 ], [ -115.802106245628806, 31.730110017483895 ], [ -115.99135, 32.612390000000119 ], [ -116.331053647836256, 33.500464588137412 ], [ -116.870795894986713, 34.104975904945931 ] ] ] ] } },
{ "type": "Feature", "properties": { "id": null, "Zone": "степей", "layer": "northamerica", "path": "D:/kurse4/semestr7/Diplom/diplom3/data/northamerica.shp" }, "geometry": { "type": "MultiPolygon", "coordinates": [ [ [ [ -116.536155701753387, 34.239911466733517 ], [ -116.870795894986713, 34.104975904945931 ], [ -117.388948452251171, 34.439616098179215 ], [ -117.890908742101317, 34.579949082438482 ], [ -118.128395330847525, 35.249229468905057 ], [ -118.689727267883995, 36.220765513775888 ], [ -120.136236490247242, 37.818402565341245 ], [ -120.913465326143907, 38.59563140123791 ], [ -121.323669433978253, 39.32968085736254 ], [ -121.302079744092225, 39.826243724740962 ], [ -121.237310674434184, 40.128499383145218 ], [ -120.827106566599824, 40.236447832575315 ], [ -120.568030287967602, 40.193268452803274 ], [ -120.352133389107422, 39.998961243829115 ], [ -120.071467420589187, 39.588757135994761 ], [ -119.618083932982799, 38.897887059642173 ], [ -119.445366413894646, 38.59563140123791 ], [ -118.927213856630203, 37.991120084429397 ], [ -118.473830369023815, 37.55932628670903 ], [ -117.804549982557248, 37.257070628304774 ], [ -117.113679906204652, 36.782097450812365 ], [ -116.595527348940209, 35.961689235143666 ], [ -115.904657272587627, 35.616254196967368 ], [ -116.385027872551262, 35.573074817195156 ], [ -116.52536085681038, 35.432741832936038 ], [ -116.579335081525429, 35.16287070936081 ], [ -116.600924771411442, 34.763461446469464 ], [ -116.536155701753387, 34.239911466733517 ] ] ] ] } },
{ "type": "Feature", "properties": { "id": null, "Zone": "области высотной поясности", "layer": "northamerica", "path": "D:/kurse4/semestr7/Diplom/diplom3/data/northamerica.shp" }, "geometry": { "type": "MultiPolygon", "coordinates": [ [ [ [ -113.718701171627998, 42.157930232430772 ], [ -113.405650668280728, 42.028392093114661 ], [ -113.114189854819486, 41.769315814482439 ], [ -112.790344506529209, 41.261958102161003 ], [ -112.498883693067967, 40.376780816834248 ], [ -112.401730088580877, 39.653526205652632 ], [ -112.42331977846689, 39.113783958502175 ], [ -112.628421832384063, 38.31496543271949 ], [ -112.898292955959306, 37.699659270967963 ], [ -113.211343459306562, 37.408198457506714 ], [ -113.470419737938784, 37.235480938418569 ], [ -113.729496016571005, 37.192301558646534 ], [ -113.956187760374206, 37.365019077734679 ], [ -114.1936743491204, 37.624095356366901 ], [ -114.344802178322539, 38.055889154087268 ], [ -114.344802178322539, 38.530862331579677 ], [ -114.182879504177393, 39.038220043901106 ], [ -114.085725899690317, 39.599551980937591 ], [ -114.042546519918275, 40.020550933714944 ], [ -114.107315589576331, 40.441549886492304 ], [ -114.215264039006428, 40.830164304440636 ], [ -114.312417643493504, 41.035266358357816 ], [ -114.463545472695643, 41.337522016762072 ], [ -114.50672485246767, 41.607393140337301 ], [ -114.474340317638649, 41.823290039197488 ], [ -114.323212488436511, 42.08236631782971 ], [ -114.107315589576331, 42.1903147672598 ], [ -113.718701171627998, 42.157930232430772 ] ] ] ] } },
{ "type": "Feature", "properties": { "id": null, "Zone": "полупустынь и пустынь", "layer": "northamerica", "path": "D:/kurse4/semestr7/Diplom/diplom3/data/northamerica.shp" }, "geometry": { "type": "MultiPolygon", "coordinates": [ [ [ [ -110.641018846461634, 27.859876003525528 ], [ -111.178918830187854, 27.94124054616907 ], [ -111.759606899851633, 28.467952582303951 ], [ -112.228234626090398, 28.954408677683489 ], [ -112.271823696728688, 29.266844387320077 ], [ -112.809594489373978, 30.021113593052348 ], [ -113.163810594518679, 30.786880804969428 ], [ -113.14866939985717, 31.170965887978923 ], [ -113.871881069781864, 31.567608344035193 ], [ -114.20573666060352, 31.524045111613134 ], [ -114.776451178835032, 31.79953217216115 ], [ -114.936699795372135, 31.393484605427602 ], [ -114.771231859173497, 30.913617255165263 ], [ -114.673899298951767, 30.162681179315996 ], [ -114.330974494262932, 29.750432440707414 ], [ -113.588875088335442, 29.061611436473015 ], [ -113.424053107540544, 28.82617361095123 ], [ -113.27196936730553, 28.754782619739899 ], [ -113.140039435664391, 28.411289374295961 ], [ -112.962298346796501, 28.42519033458251 ], [ -112.761587083774884, 27.780216783147523 ], [ -112.457910529411663, 27.525813706974759 ], [ -112.244951951936798, 27.171726792910761 ], [ -111.616489020619213, 26.662817287700477 ], [ -111.284674648873022, 25.732589830014433 ], [ -110.987819383572401, 25.294606228124564 ], [ -110.710006883571339, 24.826004340101861 ], [ -110.655048997828885, 24.298594672131117 ], [ -110.172856208113444, 24.265547593680424 ], [ -109.77184709352855, 23.811182562754198 ], [ -109.409104377055712, 23.364672349536249 ], [ -109.433392300232924, 23.185587673428699 ], [ -109.854219326601708, 22.818271592698068 ], [ -110.031391974714438, 22.823077500901206 ], [ -110.295070970483664, 23.430973212166691 ], [ -110.949501309028051, 24.000964260345995 ], [ -111.670568407012695, 24.484423122652515 ], [ -112.182035895621482, 24.738412787367167 ], [ -112.148988817170846, 25.470125230404051 ], [ -112.300710822379699, 26.012004299416617 ], [ -112.777296719191554, 26.321959540303169 ], [ -113.464670783321935, 26.768185533143424 ], [ -113.596729906043834, 26.639459540304472 ], [ -113.848936733844255, 26.90006378835244 ], [ -114.465746629680041, 27.142090358991368 ], [ -115.055142178185008, 27.722726752222911 ], [ -114.982252570437424, 27.798200181585116 ], [ -114.570365566854946, 27.741485297144891 ], [ -114.19932878299926, 28.115002549750557 ], [ -114.162018398884641, 28.566111965442303 ], [ -114.931842210736647, 29.27947927501549 ], [ -115.518653937626993, 29.556361599235402 ], [ -115.640183571483661, 30.348369864778711 ], [ -115.715747486084737, 30.866522422043154 ], [ -115.785377392354548, 31.562821484741317 ], [ -115.694157796198667, 31.568187343338725 ], [ -115.462068629923962, 31.643751257939787 ], [ -115.262363998478293, 31.789481664670411 ], [ -115.095043901861658, 31.978391451173074 ], [ -114.927723805245009, 32.269852264634324 ], [ -114.884544425472981, 32.57210792303858 ], [ -114.91255191568365, 32.704506967670859 ], [ -114.943916072659533, 32.852773891556822 ], [ -115.149018126576706, 33.262977999391182 ], [ -115.375709870379893, 33.60301561509597 ], [ -115.888465005172833, 33.975437765629792 ], [ -116.293271690535676, 34.191334664489972 ], [ -116.536155701753387, 34.239911466733517 ], [ -116.600924771411442, 34.763461446469464 ], [ -116.579335081525429, 35.16287070936081 ], [ -116.52536085681038, 35.432741832936038 ], [ -116.385027872551262, 35.573074817195156 ], [ -115.904657272587627, 35.616254196967368 ], [ -115.149018126576976, 35.378767608221168 ], [ -114.630865569312533, 35.313998538563112 ], [ -114.355597023265659, 35.362575340806593 ], [ -114.199071771592173, 35.486716057651257 ], [ -114.031751674975382, 35.643241309324836 ], [ -113.89681611318791, 35.918509855371624 ], [ -113.880623845773258, 36.226162936247334 ], [ -113.939995492959952, 36.479841792408109 ], [ -114.139700124405479, 36.722725803625757 ], [ -114.522917119882436, 36.890045900242455 ], [ -115.818298513043544, 37.645685046253099 ], [ -116.681886108484292, 38.59563140123791 ], [ -117.56706339381104, 39.675115895538838 ], [ -118.21475409039158, 41.100035428016042 ], [ -118.452240679137788, 42.136340542544929 ], [ -118.279523160049635, 42.999928137985663 ], [ -118.279523160049635, 43.539670385136127 ], [ -118.581778818453898, 43.755567283996314 ], [ -118.991982926288244, 43.841926043540383 ], [ -119.315828274578521, 43.777156973882327 ], [ -119.726032382412868, 43.690798214338258 ], [ -119.977012527337649, 43.725881460402988 ], [ -120.201005559905269, 43.841926043540383 ], [ -120.317050143042451, 44.011944851392734 ], [ -120.352133389107408, 44.230540461488715 ], [ -120.18751200372634, 44.648840703030281 ], [ -119.941929281273048, 44.986179607499366 ], [ -119.618083932982771, 45.569101234421858 ], [ -119.534423884674283, 45.64466514902287 ], [ -119.434571568951455, 45.677049683851905 ], [ -119.229469515034438, 45.720229063623989 ], [ -118.838156385850198, 45.771504577103236 ], [ -118.689727267883981, 45.806587823168066 ], [ -118.568285262274969, 45.936125962484127 ], [ -118.538599438681857, 46.130433171458343 ], [ -118.597971085868252, 46.405701717505025 ], [ -118.754496337542037, 46.583816659064723 ], [ -119.251059204920466, 46.864482627582966 ], [ -119.769211762184909, 47.361045494961388 ], [ -119.809692430721014, 47.479788789334421 ], [ -119.806993719485277, 47.614724351122057 ], [ -119.771910473420476, 47.77124960279567 ], [ -119.704442692526854, 47.879198052225831 ], [ -119.5614109970318, 47.987146501655857 ], [ -119.407584456593938, 48.046518148842424 ], [ -119.199783691440985, 48.06271041625692 ], [ -119.013572616174258, 48.051915571313984 ], [ -118.34429222970769, 47.900787742111852 ], [ -118.079818528603809, 47.873800629754271 ], [ -117.804549982557234, 47.922377431997873 ], [ -117.307987115178804, 48.24622278028815 ], [ -116.595527348940195, 48.310991849946205 ], [ -115.559222234411308, 47.943967121883887 ], [ -115.041069677146865, 47.382635184847409 ], [ -114.868352158058713, 46.497457899520654 ], [ -115.127428436690934, 45.698639373737969 ], [ -115.667170683841405, 44.468027050234888 ], [ -115.3217356456651, 43.885105423312396 ], [ -114.889941847944741, 43.626029144680174 ], [ -114.371789290680297, 43.539670385136098 ], [ -113.680919214327702, 43.561260075022119 ], [ -112.860510998659009, 43.777156973882299 ], [ -112.169640922306314, 44.084810054758051 ], [ -111.608308985269929, 44.208950771602673 ], [ -111.154925497663456, 44.257527573846197 ], [ -110.679952320171139, 44.252130151374708 ], [ -110.107825538191548, 44.149579124416107 ], [ -109.622057515756239, 43.971464182856465 ], [ -109.373776082066925, 43.760964706467774 ], [ -109.211853407921893, 43.474901315478043 ], [ -109.179468873092759, 43.070094630115179 ], [ -109.233443097807907, 42.84880030878351 ], [ -110.118620383134711, 42.136340542544922 ], [ -111.025387358347487, 41.445470466192333 ], [ -111.262873947093553, 41.154009652731048 ], [ -111.435591466181833, 40.625062250523627 ], [ -111.608308985269986, 38.552452021465861 ], [ -111.651488365041871, 38.201619560818031 ], [ -111.608308985269986, 37.861581945113272 ], [ -111.559732183026298, 37.678069581082077 ], [ -111.392412086409806, 37.559326286709009 ], [ -111.198104877435483, 37.510749484465435 ], [ -110.982207978575445, 37.559326286709009 ], [ -110.706939432528571, 37.667274736139071 ], [ -110.528824490969058, 37.861581945113272 ], [ -110.269748212336836, 38.379734502377715 ], [ -109.989082243818601, 38.897887059642152 ], [ -109.557288446098227, 39.416039616906595 ], [ -109.244237942750829, 39.729090120253829 ], [ -108.974366819175742, 39.847833414626962 ], [ -108.596547246170275, 39.923397329227996 ], [ -108.046010154076939, 39.934192174171038 ], [ -107.139243178864163, 39.804654034854927 ], [ -106.944935969889997, 39.567167446108726 ], [ -106.944935969889997, 39.308091167476505 ], [ -107.376729767610371, 39.200142718046415 ], [ -108.218727673165091, 38.768348920326041 ], [ -108.866418369745645, 38.055889154087438 ], [ -109.362981237124046, 37.386608767620849 ], [ -110.118620383134683, 36.56620055195215 ], [ -110.744721389829223, 36.155996444117797 ], [ -111.435591466181805, 35.94009954525761 ], [ -112.385537821166622, 35.465126367765208 ], [ -112.730972859342913, 35.162870709360952 ], [ -112.860510998659024, 34.752666601526599 ], [ -112.817331618886982, 34.428821253236322 ], [ -112.579845030140788, 33.910668695971879 ], [ -112.277589371736525, 33.608413037567622 ], [ -111.759436814472082, 33.543643967909567 ], [ -110.682651031407005, 33.557137524088354 ], [ -110.401985062888755, 33.114548881424973 ], [ -110.380395373002742, 32.747524153362662 ], [ -110.671856186463984, 32.369704580357336 ], [ -111.265572658329489, 31.959500472522986 ], [ -111.413888521960502, 31.455226536177566 ], [ -111.427495332474635, 31.408963380429515 ], [ -111.416700487531614, 31.031143807424193 ], [ -111.222393278557448, 30.469811870387712 ], [ -110.876958240381157, 29.843710863693179 ], [ -110.542318047147873, 29.422711910915819 ], [ -110.358805683116714, 28.893764508708365 ], [ -110.358805683116714, 28.429586176158971 ], [ -110.423574752774769, 28.213689277298787 ], [ -110.641018846461634, 27.859876003525528 ] ], [ [ -114.107315589576331, 42.1903147672598 ], [ -114.323212488436511, 42.08236631782971 ], [ -114.474340317638649, 41.823290039197488 ], [ -114.50672485246767, 41.607393140337301 ], [ -114.463545472695643, 41.337522016762072 ], [ -114.312417643493504, 41.035266358357816 ], [ -114.215264039006428, 40.830164304440636 ], [ -114.107315589576331, 40.441549886492304 ], [ -114.042546519918275, 40.020550933714944 ], [ -114.085725899690317, 39.599551980937591 ], [ -114.182879504177393, 39.038220043901106 ], [ -114.344802178322539, 38.530862331579677 ], [ -114.344802178322539, 38.055889154087268 ], [ -114.1936743491204, 37.624095356366901 ], [ -113.956187760374206, 37.365019077734679 ], [ -113.729496016571005, 37.192301558646534 ], [ -113.470419737938784, 37.235480938418569 ], [ -113.211343459306562, 37.408198457506714 ], [ -112.898292955959306, 37.699659270967963 ], [ -112.628421832384063, 38.31496543271949 ], [ -112.42331977846689, 39.113783958502175 ], [ -112.401730088580877, 39.653526205652632 ], [ -112.498883693067967, 40.376780816834248 ], [ -112.790344506529209, 41.261958102161003 ], [ -113.114189854819486, 41.769315814482439 ], [ -113.405650668280728, 42.028392093114661 ], [ -113.718701171627998, 42.157930232430772 ], [ -114.107315589576331, 42.1903147672598 ] ] ] ] } },
{ "type": "Feature", "properties": { "id": null, "Zone": "хвойных лесов (тайги)", "layer": "northamerica", "path": "D:/kurse4/semestr7/Diplom/diplom3/data/northamerica.shp" }, "geometry": { "type": "MultiPolygon", "coordinates": [ [ [ [ -122.95319, 38.11371 ], [ -123.7272, 38.951660000000118 ], [ -123.86517, 39.76699 ], [ -124.39807, 40.3132 ], [ -124.17886, 41.142020000000116 ], [ -124.2137, 41.999640000000113 ], [ -124.53284, 42.765990000000102 ], [ -124.14214, 43.70838 ], [ -124.020535, 44.615895 ], [ -123.89893, 45.52341 ], [ -124.079635, 46.86475 ], [ -124.39567, 47.72017000000011 ], [ -124.687210083007812, 48.184432983398551 ], [ -124.56610107421875, 48.379714965820369 ], [ -123.12, 48.04 ], [ -122.58736, 47.096 ], [ -122.34, 47.36 ], [ -122.5, 48.18 ], [ -122.84, 49.000000000000114 ], [ -122.97421, 49.002537777777782 ], [ -124.91024, 49.98456 ], [ -125.62461, 50.41656 ], [ -127.43561, 50.83061 ], [ -127.99276, 51.71583 ], [ -127.85032, 52.32961 ], [ -129.12979, 52.75538 ], [ -129.30523, 53.56159 ], [ -130.51497, 54.28757 ], [ -130.536108952736839, 54.802754476799237 ], [ -130.536110189467308, 54.802753404349403 ], [ -131.085818237972148, 55.178906155002039 ], [ -131.967211467142306, 55.497775580459006 ], [ -132.250010742859502, 56.3699962428974 ], [ -133.539181084356414, 57.178887437562139 ], [ -134.078062920296077, 58.12306753196691 ], [ -135.038211032279094, 58.187714748763938 ], [ -136.628062309954714, 58.212209377670433 ], [ -137.800006279685988, 58.499995429103762 ], [ -139.86778704141301, 59.537761542389148 ], [ -140.825273817132995, 59.727517401765056 ], [ -142.574443535564455, 60.084446519604967 ], [ -143.958880994879905, 59.999180406323376 ], [ -145.925556816827878, 60.45860972761426 ], [ -147.114373949146653, 60.884656073644635 ], [ -148.224306200127614, 60.672989406977138 ], [ -148.018065558850822, 59.978328965893638 ], [ -148.570822516860858, 59.914172675203304 ], [ -149.727857835875852, 59.705658270905531 ], [ -150.608243374616421, 59.368211168039466 ], [ -151.716392788683294, 59.155821031319931 ], [ -151.859433153267219, 59.744984035879554 ], [ -151.409719001247169, 60.72580272077937 ], [ -150.346941494732505, 61.033587551509868 ], [ -150.621110806257036, 61.284424953854398 ], [ -150.782801283450425, 61.847727408479749 ], [ -150.545314694704246, 62.279521206200116 ], [ -149.983982757667746, 62.452238725288268 ], [ -148.882908573480819, 62.21475213654206 ], [ -148.386345706102389, 62.430649035402233 ], [ -147.134143692713337, 62.75449438369251 ], [ -145.666044780464063, 62.64654593426242 ], [ -145.104712843427592, 62.106803687111956 ], [ -144.824046874909357, 61.502292370303437 ], [ -144.349073697416941, 61.221626401785201 ], [ -141.628772771778614, 60.962550123152987 ], [ -140.997302763406623, 60.821013741966155 ], [ -140.376570758389562, 60.681884154634744 ], [ -139.145958434886495, 60.336449116458454 ], [ -138.217601769787706, 59.81829655919401 ], [ -137.224476035030875, 59.49445121090374 ], [ -136.538467449408188, 59.430137906001612 ], [ -135.842735882325684, 59.36491307158763 ], [ -135.01346615764885, 59.337270747431738 ], [ -134.547354489164576, 59.321733691815595 ], [ -133.467869994863662, 59.019478033411339 ], [ -132.64746177919497, 58.350197646944764 ], [ -131.438439145577917, 56.925278114467545 ], [ -130.960058280951131, 56.272250267516689 ], [ -130.758363914168342, 55.996921449368756 ], [ -130.40213403104903, 55.737845170736534 ], [ -129.987694828506932, 55.459734653241185 ], [ -129.581725815380338, 55.187308078643063 ], [ -128.772112444654624, 54.420874087689413 ], [ -128.394292871649299, 53.8271576158239 ], [ -128.156806282903091, 53.492517422590616 ], [ -127.843755779555821, 53.36297928327452 ], [ -127.304013532405364, 53.233441143958409 ], [ -126.591553766166754, 52.780057656352021 ], [ -126.246118727990464, 52.305084478859619 ], [ -126.138170278560366, 51.635804092393045 ], [ -126.10578574373109, 51.425304616004247 ], [ -126.019426984187021, 51.28497163174513 ], [ -125.80892750779833, 51.155433492429019 ], [ -125.576838341523882, 51.096061845242588 ], [ -124.540533226994995, 51.009703085698511 ], [ -123.309920903491928, 50.405191768889999 ], [ -122.036129200216834, 49.47683510379121 ], [ -121.66370704968287, 49.066630995956785 ], [ -121.628606792884284, 49.000000000000114 ], [ -121.345259123864253, 48.462119679148344 ], [ -121.24810551937702, 48.138274330857975 ], [ -121.215720984548142, 47.749659912909735 ], [ -121.345259123864096, 47.393430029790345 ], [ -121.496386953066377, 47.058789836557139 ], [ -122.273615788963056, 46.281561000660474 ], [ -122.964485865315652, 45.202076506359546 ], [ -123.169587919232626, 44.252130151374637 ], [ -123.309920903491943, 43.215825036845857 ], [ -123.320715748434765, 42.309058061632996 ], [ -123.223562143947873, 41.44547046619234 ], [ -122.834947725999541, 40.193268452803274 ], [ -122.770178656341486, 38.681990160781986 ], [ -122.95319, 38.11371 ] ] ] ] } },
{ "type": "Feature", "properties": { "id": null, "Zone": "хвойных лесов (тайги)", "layer": "northamerica", "path": "D:/kurse4/semestr7/Diplom/diplom3/data/northamerica.shp" }, "geometry": { "type": "MultiPolygon", "coordinates": [ [ [ [ -131.749989584003345, 54.120004380909222 ], [ -132.049480347350993, 52.984621487024469 ], [ -131.179042521826602, 52.180432847698285 ], [ -131.57782954982298, 52.182370713909279 ], [ -132.180428426778519, 52.639707139692405 ], [ -132.549992432313843, 53.100014960332146 ], [ -133.054611178755522, 53.411468817755406 ], [ -133.239664482792705, 53.851080227262344 ], [ -133.180004041711697, 54.169975490935315 ], [ -132.710007884431263, 54.040009315423561 ], [ -131.749989584003345, 54.120004380909222 ] ] ] ] } },
{ "type": "Feature", "properties": { "id": null, "Zone": "хвойных лесов (тайги)", "layer": "northamerica", "path": "D:/kurse4/semestr7/Diplom/diplom3/data/northamerica.shp" }, "geometry": { "type": "MultiPolygon", "coordinates": [ [ [ [ -128.358413656255465, 50.770648098343713 ], [ -126.695000977212345, 50.400903225295394 ], [ -125.755006673823203, 50.295018215529353 ], [ -125.415001587558805, 49.95000051533259 ], [ -124.920768189119343, 49.475274970083376 ], [ -123.922508708321061, 49.062483628935809 ], [ -123.510001587551187, 48.510010891303409 ], [ -124.012890788399545, 48.370846259141388 ], [ -125.655012777338385, 48.825004584338501 ], [ -125.954994466792755, 49.179995835967588 ], [ -126.850004435871853, 49.530000311880428 ], [ -127.029993449544435, 49.81499583597008 ], [ -128.059336304366212, 49.994959011426602 ], [ -128.444584107102145, 50.539137681676095 ], [ -128.358413656255465, 50.770648098343713 ] ] ] ] } },
{ "type": "Feature", "properties": { "id": null, "Zone": "области высотной поясности", "layer": "northamerica", "path": "D:/kurse4/semestr7/Diplom/diplom3/data/northamerica.shp" }, "geometry": { "type": "MultiPolygon", "coordinates": [ [ [ [ -153.22872941792113, 57.968968410872478 ], [ -152.564790615835136, 57.901427313866996 ], [ -152.141147223906387, 57.591058661521998 ], [ -153.006314053336922, 57.115842190165928 ], [ -154.0050902984581, 56.734676825581076 ], [ -154.516402757770038, 56.992748928446687 ], [ -154.670992804971178, 57.461195787172528 ], [ -153.762779507441508, 57.81657461204373 ], [ -153.22872941792113, 57.968968410872478 ] ] ] ] } },
{ "type": "Feature", "properties": { "id": null, "Zone": "области высотной поясности", "layer": "northamerica", "path": "D:/kurse4/semestr7/Diplom/diplom3/data/northamerica.shp" }, "geometry": { "type": "MultiPolygon", "coordinates": [ [ [ [ -55.577666308580277, 49.444450568962061 ], [ -56.138998245616769, 48.678016578008396 ], [ -56.2901260748189, 48.203043400515995 ], [ -56.250798712780586, 47.632545070987376 ], [ -57.325229254777078, 47.572807115257973 ], [ -59.266015184146823, 47.603347886742469 ], [ -59.419494188053676, 47.899453843774886 ], [ -58.796586473207441, 48.251525376979423 ], [ -59.23162451845657, 48.523188381537807 ], [ -58.391804979065199, 49.125580552764177 ], [ -57.35868974468606, 50.718274034215867 ], [ -56.738650071832026, 51.287438259478549 ], [ -55.870976935435323, 51.632094224649208 ], [ -55.406974249886588, 51.588272610065701 ], [ -55.600218268442056, 51.317074693397942 ], [ -56.134035814017089, 50.687009792679277 ], [ -56.795881720595276, 49.812308661490889 ], [ -56.143105027884332, 50.150117499382858 ], [ -55.471492275602998, 49.935815334668462 ], [ -55.822401089080962, 49.58712860777905 ], [ -55.577666308580277, 49.444450568962061 ] ] ] ] } },
{ "type": "Feature", "properties": { "id": null, "Zone": "хвойных лесов (тайги)", "layer": "northamerica", "path": "D:/kurse4/semestr7/Diplom/diplom3/data/northamerica.shp" }, "geometry": { "type": "MultiPolygon", "coordinates": [ [ [ [ -55.577666308580277, 49.444450568962061 ], [ -54.935142584845636, 49.313010972686797 ], [ -54.473775397343786, 49.556691189159125 ], [ -53.476549445191367, 49.249138902374042 ], [ -53.786013759971254, 48.516780503933624 ], [ -53.086133999226263, 48.687803656603577 ], [ -52.958648240762216, 48.157164211614472 ], [ -52.648098720904208, 47.535548407575519 ], [ -53.069158291218386, 46.655498765644921 ], [ -53.521456264853001, 46.618291734394766 ], [ -54.178935512902513, 46.807065741556983 ], [ -53.961868659060499, 47.62520701760193 ], [ -54.240482143762137, 47.752279364607645 ], [ -55.400773078011568, 46.884993801453135 ], [ -55.997480841685828, 46.919720363953275 ], [ -55.291219041552793, 47.389562486350989 ], [ -56.250798712780586, 47.632545070987376 ], [ -56.2901260748189, 48.203043400515995 ], [ -56.138998245616769, 48.678016578008396 ], [ -55.577666308580277, 49.444450568962061 ] ] ] ] } },
{ "type": "Feature", "properties": { "id": null, "Zone": "тундры", "layer": "northamerica", "path": "D:/kurse4/semestr7/Diplom/diplom3/data/northamerica.shp" }, "geometry": { "type": "MultiPolygon", "coordinates": [ [ [ [ -65.832769004439072, 59.192195552499406 ], [ -65.24517, 59.87071 ], [ -64.58352, 60.33558 ], [ -63.80475, 59.4426 ], [ -62.50236, 58.16708 ], [ -61.39655, 56.96745 ], [ -61.79866, 56.33945 ], [ -60.46853, 55.77548 ], [ -59.56962, 55.20407 ], [ -57.97508, 54.94549 ], [ -57.3332, 54.6265 ], [ -56.93689, 53.78032 ], [ -56.15811, 53.64749 ], [ -55.75632, 53.27036 ], [ -55.68338, 52.14664 ], [ -56.052639486072721, 51.95425201821174 ], [ -56.25234411751839, 52.126969537299885 ], [ -56.608574000637695, 52.46700715300468 ], [ -56.75970182983982, 52.639724672092825 ], [ -56.732714717482295, 52.769262811408943 ], [ -56.55999719839415, 52.947377752968599 ], [ -56.306318342233432, 53.130890116999751 ], [ -56.317113187176446, 53.287415368673386 ], [ -56.586984310751674, 53.352184438331442 ], [ -56.964803883757, 53.29281279114489 ], [ -57.299444076990284, 53.222646299015331 ], [ -57.553122933151002, 53.20105660912931 ], [ -57.650276537638078, 53.265825678787365 ], [ -57.758224987068161, 53.816362770880836 ], [ -58.071275490415431, 54.356105018031293 ], [ -58.578633202736867, 54.593591606777494 ], [ -58.978042465628207, 54.669155521378563 ], [ -59.658117697037788, 54.625976141606529 ], [ -60.219449634074266, 54.636770986549536 ], [ -60.683627966623661, 54.809488505637681 ], [ -61.266549593546159, 55.273666838187076 ], [ -61.892650600240692, 55.694665790964436 ], [ -62.551136141764268, 55.899767844881595 ], [ -62.756238195681441, 56.169638968456823 ], [ -62.982929939484634, 56.730970905493301 ], [ -63.371544357432967, 56.946867804353488 ], [ -63.803338155153334, 56.849714199866405 ], [ -64.062414433785563, 56.60143276617719 ], [ -64.289106177588749, 56.083280208912747 ], [ -64.461823696676902, 55.910562689824602 ], [ -64.904412339340269, 55.802614240394512 ], [ -65.26064222245958, 55.942947224653629 ], [ -65.595282415692864, 56.331561642601962 ], [ -65.778794779724024, 57.076405943669599 ], [ -65.800384469610037, 57.983172918882374 ], [ -65.66005148535092, 58.630863615462928 ], [ -65.66005148535092, 58.88993989409515 ], [ -65.832769004439072, 59.192195552499406 ] ] ] ] } },
{ "type": "Feature", "properties": { "id": null, "Zone": "тундры", "layer": "northamerica", "path": "D:/kurse4/semestr7/Diplom/diplom3/data/northamerica.shp" }, "geometry": { "type": "MultiPolygon", "coordinates": [ [ [ [ -79.12421, 54.14145 ], [ -79.82958, 54.66772 ], [ -78.22874, 55.13645 ], [ -77.0956, 55.83741 ], [ -76.54137, 56.53423 ], [ -76.62319, 57.20263 ], [ -77.30226, 58.05209 ], [ -78.51688, 58.80458 ], [ -77.33676, 59.85261 ], [ -77.77272, 60.75788 ], [ -78.10687, 62.31964 ], [ -77.41067, 62.55053 ], [ -75.69621, 62.2784 ], [ -74.6682, 62.18111 ], [ -73.83988, 62.4438 ], [ -72.90853, 62.10507 ], [ -71.67708, 61.52535 ], [ -71.37369, 61.13717 ], [ -69.59042, 61.06141 ], [ -69.62033, 60.22125 ], [ -71.251781165829726, 59.327131114286999 ], [ -73.000546046597222, 58.701030107592466 ], [ -74.468644958846482, 58.290825999758127 ], [ -75.029976895882967, 58.096518790783961 ], [ -75.289053174515189, 57.751083752607663 ], [ -75.375411934059258, 56.952265226824984 ], [ -75.612898522805466, 56.002318871840174 ], [ -76.433306738474158, 55.181910656171475 ], [ -77.663919061977211, 54.577399339362955 ], [ -79.12421, 54.14145 ] ] ] ] } },
{ "type": "Feature", "properties": { "id": null, "Zone": "лесотундры", "layer": "northamerica", "path": "D:/kurse4/semestr7/Diplom/diplom3/data/northamerica.shp" }, "geometry": { "type": "MultiPolygon", "coordinates": [ [ [ [ -79.14301, 51.53393 ], [ -78.60191, 52.56208 ], [ -79.12421, 54.14145 ], [ -77.663919061977211, 54.577399339362955 ], [ -76.433306738474158, 55.181910656171475 ], [ -75.612898522805466, 56.002318871840174 ], [ -75.375411934059258, 56.952265226824984 ], [ -75.289053174515189, 57.751083752607663 ], [ -75.029976895882967, 58.096518790783961 ], [ -74.468644958846482, 58.290825999758127 ], [ -73.000546046597222, 58.701030107592466 ], [ -71.251781165829726, 59.327131114286999 ], [ -69.62033, 60.22125 ], [ -69.2879, 58.95736 ], [ -68.37455, 58.80106 ], [ -67.64976, 58.21206 ], [ -66.20178, 58.76731 ], [ -65.832769004439072, 59.192195552499406 ], [ -65.66005148535092, 58.88993989409515 ], [ -65.66005148535092, 58.630863615462928 ], [ -65.800384469610037, 57.983172918882374 ], [ -65.778794779724024, 57.076405943669599 ], [ -65.595282415692864, 56.331561642601962 ], [ -65.26064222245958, 55.942947224653629 ], [ -64.904412339340269, 55.802614240394512 ], [ -64.461823696676902, 55.910562689824602 ], [ -64.289106177588749, 56.083280208912747 ], [ -64.062414433785563, 56.60143276617719 ], [ -63.803338155153334, 56.849714199866405 ], [ -63.371544357432967, 56.946867804353488 ], [ -62.982929939484634, 56.730970905493301 ], [ -62.756238195681441, 56.169638968456823 ], [ -62.551136141764268, 55.899767844881595 ], [ -61.892650600240692, 55.694665790964436 ], [ -61.266549593546159, 55.273666838187076 ], [ -60.683627966623661, 54.809488505637681 ], [ -60.219449634074266, 54.636770986549536 ], [ -59.658117697037788, 54.625976141606529 ], [ -58.978042465628207, 54.669155521378563 ], [ -58.578633202736867, 54.593591606777494 ], [ -58.071275490415431, 54.356105018031293 ], [ -57.758224987068161, 53.816362770880836 ], [ -57.650276537638078, 53.265825678787365 ], [ -57.553122933151002, 53.20105660912931 ], [ -57.299444076990284, 53.222646299015331 ], [ -56.964803883757, 53.29281279114489 ], [ -56.586984310751674, 53.352184438331442 ], [ -56.317113187176446, 53.287415368673386 ], [ -56.306318342233432, 53.130890116999751 ], [ -56.55999719839415, 52.947377752968599 ], [ -56.732714717482295, 52.769262811408943 ], [ -56.75970182983982, 52.639724672092825 ], [ -56.608574000637695, 52.46700715300468 ], [ -56.25234411751839, 52.126969537299885 ], [ -56.053448478257394, 51.954951687128215 ], [ -56.40916, 51.7707 ], [ -57.12691, 51.41972 ], [ -57.401995103948906, 51.490073685662303 ], [ -58.006506420757418, 51.749149964294524 ], [ -58.837709481369131, 51.878688103610635 ], [ -59.528579557721713, 51.684380894636469 ], [ -60.305808393618378, 51.403714926118226 ], [ -60.737602191338752, 51.230997407030081 ], [ -61.428472267691333, 51.490073685662303 ], [ -62.032983584499853, 52.008226242926746 ], [ -63.868107224811411, 53.174069496771743 ], [ -64.86123295956827, 53.476325155175999 ], [ -66.113434972957336, 53.217248876543778 ], [ -67.60312357509261, 52.569558179963224 ], [ -68.963274037911759, 51.749149964294524 ], [ -70.021168842326674, 51.360535546346192 ], [ -72.158548141042502, 51.123048957599977 ], [ -73.605057363405734, 51.338945856460164 ], [ -75.267463484629161, 51.64120151486442 ], [ -77.253714954142851, 51.554842755320351 ], [ -79.14301, 51.53393 ] ] ] ] } },
{ "type": "Feature", "properties": { "id": null, "Zone": "полупустынь и пустынь", "layer": "northamerica", "path": "D:/kurse4/semestr7/Diplom/diplom3/data/northamerica.shp" }, "geometry": { "type": "MultiPolygon", "coordinates": [ [ [ [ -101.6624, 29.7793 ], [ -101.293834642224382, 29.052988471617574 ], [ -101.110322278193223, 28.470066844695076 ], [ -101.091431299543359, 27.986997533495579 ], [ -101.091431299543359, 27.155794472883869 ], [ -101.005072539999276, 26.540488311132346 ], [ -100.789175641139096, 25.91438730443781 ], [ -100.41135606813377, 25.245106917971238 ], [ -99.828434441211272, 24.705364670820778 ], [ -99.558563317636043, 24.370724477587494 ], [ -99.364256108661849, 23.928135834924113 ], [ -99.169948899687682, 23.323624518115594 ], [ -98.932462310941489, 22.449242077731849 ], [ -99.029615915428565, 22.103807039555555 ], [ -99.358858686190288, 22.039037969897514 ], [ -99.83383186368269, 22.060627659783531 ], [ -100.276420506346071, 22.190165799099642 ], [ -100.503112250149258, 22.395267853016815 ], [ -100.654240079351396, 22.827061650737186 ], [ -100.913316357983618, 23.90654614503811 ], [ -101.193982326501867, 25.137158468541159 ], [ -101.906442092740491, 26.562078001018378 ], [ -102.726850308409183, 27.66315218520532 ], [ -103.914283252140194, 28.526739780646054 ], [ -104.324487359974555, 29.001712958138462 ], [ -104.777870847580942, 29.498275825516885 ], [ -105.555099683477607, 30.275504661413549 ], [ -106.828891386752687, 31.35498915571447 ], [ -107.092071209314071, 31.754632589974342 ], [ -107.411813013675186, 32.240166441041225 ], [ -107.487376928276277, 32.920241672450807 ], [ -106.426783412625397, 33.068670790417166 ], [ -105.843861785702899, 33.057875945474159 ], [ -105.336504073381462, 32.852773891556986 ], [ -104.742787601515957, 32.205083194976432 ], [ -104.095096904935403, 31.211957460219583 ], [ -103.863007738660684, 30.828740464742733 ], [ -103.522970122955925, 30.531882228810002 ], [ -103.074984057821013, 30.224229147934217 ], [ -102.497459853370046, 30.024524516488569 ], [ -101.6624, 29.7793 ] ] ] ] } },
{ "type": "Feature", "properties": { "id": null, "Zone": "степей", "layer": "northamerica", "path": "D:/kurse4/semestr7/Diplom/diplom3/data/northamerica.shp" }, "geometry": { "type": "MultiPolygon", "coordinates": [ [ [ [ -113.054818207633204, 50.124525800371728 ], [ -112.606832142498007, 50.005782505998496 ], [ -112.239807414435703, 50.081346420599559 ], [ -111.980731135803495, 50.372807234060808 ], [ -111.840398151544363, 51.020497930641362 ], [ -111.764834236943301, 51.68977831710793 ], [ -111.505757958311079, 52.175546339543345 ], [ -111.041579625761685, 52.380648393460518 ], [ -110.372299239295117, 52.380648393460518 ], [ -109.73540338765757, 51.959649440683158 ], [ -109.076917846134009, 51.657393782278902 ], [ -108.591149823698601, 51.538650487905798 ], [ -107.857100367573949, 51.430702038475701 ], [ -106.993512772133215, 51.48467626319075 ], [ -106.475360214868772, 51.581829867677833 ], [ -105.914028277832287, 51.646598937335888 ], [ -105.104414907106602, 51.646598937335888 ], [ -103.603931460028292, 51.387522658703659 ], [ -102.675574794929503, 50.934139171097279 ], [ -101.531321230970519, 50.178500025086628 ], [ -100.667733635529785, 49.530809328506081 ], [ -99.933684179405162, 47.825223827510619 ], [ -99.221224413166553, 46.637790883779608 ], [ -97.904253330119431, 45.148102281644334 ], [ -96.9543069751346, 43.572054919964998 ], [ -96.608871936958309, 42.125545697601758 ], [ -96.349795658326116, 40.225652987632138 ], [ -96.414564727984185, 39.102989113559175 ], [ -96.932717285248629, 38.347349967548531 ], [ -97.62358736160121, 37.073558264273444 ], [ -98.098560539093597, 36.188380978946689 ], [ -98.314457437953777, 34.849820206013547 ], [ -98.249688368295722, 33.403310983650314 ], [ -98.141739918865625, 32.712440907297726 ], [ -97.969022399777472, 32.3346213342924 ], [ -97.537228602057098, 31.794879087141936 ], [ -97.278152323424891, 31.168778080447403 ], [ -97.137819339165773, 29.722268858084171 ], [ -96.9327172852486, 29.074578161503617 ], [ -96.352494369561853, 28.410695197508552 ], [ -96.59404, 28.30748 ], [ -97.139999999999873, 27.83 ], [ -97.37, 27.38 ], [ -97.38, 26.69 ], [ -97.33, 26.21 ], [ -97.139999999999873, 25.87 ], [ -97.53, 25.84 ], [ -97.140008307670712, 25.869997463478398 ], [ -97.528072475966553, 24.9921440699203 ], [ -97.702945522842242, 24.272343044526735 ], [ -98.462886555920647, 25.045402286525576 ], [ -98.894680353641007, 25.520375464017981 ], [ -99.175346322159257, 25.628323913448074 ], [ -99.25630765923178, 26.097899668468965 ], [ -99.526178782807023, 26.572872845961374 ], [ -99.850024131097285, 26.777974899878547 ], [ -100.486919982734833, 27.382486216687063 ], [ -101.091431299543359, 27.986997533495579 ], [ -101.110322278193223, 28.470066844695076 ], [ -101.293834642224382, 29.052988471617574 ], [ -101.6624, 29.7793 ], [ -101.574500610742732, 30.213434302991207 ], [ -101.623077412986305, 30.715394592841157 ], [ -101.736423284887877, 31.184970347862038 ], [ -101.946922761276568, 31.600571878167912 ], [ -102.83210004660333, 32.507338853380688 ], [ -103.976353610562313, 33.586823347681609 ], [ -104.300198958852562, 34.056399102702493 ], [ -104.521493280184259, 34.423423830764804 ], [ -104.602454617256882, 34.666307841982523 ], [ -104.613249462199846, 35.179062976775448 ], [ -104.472916477940771, 35.616254196967333 ], [ -103.976353610562342, 36.199175823889831 ], [ -103.598534037557002, 36.582392819366646 ], [ -103.458201053297913, 36.89004590024242 ], [ -103.371842293753815, 37.316442275491276 ], [ -103.458201053297913, 37.753633495683161 ], [ -104.041122680220411, 38.725169540553985 ], [ -104.321788648738632, 39.335078279833994 ], [ -104.451326788054757, 39.869423104512961 ], [ -104.602454617256925, 41.143214807788056 ], [ -104.775172136345077, 42.071571472886852 ], [ -104.958684500376151, 42.433198778477646 ], [ -105.260940158780485, 42.74085185935342 ], [ -106.523937017112601, 43.582849764908147 ], [ -106.901756590117827, 43.847323466011858 ], [ -107.257986473237224, 44.241335306431708 ], [ -107.678985426014492, 44.710911061452592 ], [ -107.970446239475834, 45.23446104118856 ], [ -108.008228196776258, 45.498934742292278 ], [ -107.981241084418855, 45.752613598453003 ], [ -107.894882324874771, 46.162817706287349 ], [ -107.970446239475834, 46.659380573665779 ], [ -108.175548293393007, 46.961636232070035 ], [ -108.909597749517658, 47.253097045531277 ], [ -110.032261623590614, 47.468993944391457 ], [ -110.960618288689403, 47.792839292681734 ], [ -111.716257434700054, 48.526888748806364 ], [ -112.112647942456888, 49.0 ], [ -113.054818207633204, 50.124525800371728 ] ] ] ] } },
{ "type": "Feature", "properties": { "id": null, "Zone": "лесостепей", "layer": "northamerica", "path": "D:/kurse4/semestr7/Diplom/diplom3/data/northamerica.shp" }, "geometry": { "type": "MultiPolygon", "coordinates": [ [ [ [ -115.883067582701614, 53.643645251792741 ], [ -114.652455259198177, 54.186086210178821 ], [ -113.346279021094063, 54.682649077557244 ], [ -112.353153286337218, 54.909340821360438 ], [ -111.467976001010456, 54.887751131474424 ], [ -110.107825538191307, 54.596290318013175 ], [ -108.564162711340984, 54.099727450634752 ], [ -107.398319457495973, 53.905420241660593 ], [ -106.3836040328531, 53.883830551774579 ], [ -104.980274190261895, 54.12131714052078 ], [ -103.825225781359961, 54.315624349494925 ], [ -103.026407255577283, 54.326419194437932 ], [ -102.63779283762895, 54.25085527983687 ], [ -102.432690783711763, 54.002573846147655 ], [ -102.270768109566632, 53.171370785535949 ], [ -102.000896985991403, 52.318578035038222 ], [ -101.579898033214036, 51.875989392374841 ], [ -100.824258887203399, 51.573733733970585 ], [ -99.885107377161603, 51.714066718229688 ], [ -99.464108424384236, 51.735656408115702 ], [ -98.87039195251873, 51.595323423856584 ], [ -98.417008464912342, 51.454990439597466 ], [ -98.211906410995169, 51.152734781193203 ], [ -98.006804357077996, 50.63458222392876 ], [ -97.71534354361674, 50.213583271151407 ], [ -97.116229649279731, 49.754802361073509 ], [ -96.75460234368893, 49.479533815026777 ], [ -96.301218856082542, 48.939791567876298 ], [ -95.988168352735272, 48.281306026352738 ], [ -95.793861143761106, 47.914281298290419 ], [ -95.685912694331051, 47.007514323077629 ], [ -95.793861143761092, 46.068362813035833 ], [ -95.761476608932071, 45.604184480486438 ], [ -95.534784865128884, 45.237159752424127 ], [ -94.833119943833282, 44.675827815387649 ], [ -94.293377696682825, 44.146880413180192 ], [ -94.055891107936617, 43.747471150288852 ], [ -93.883173588848479, 43.153754678423347 ], [ -93.645687000102271, 42.862293864962098 ], [ -93.170713822609869, 42.732755725645987 ], [ -92.436664366485232, 42.754345415532008 ], [ -91.767383980018664, 42.743550570588994 ], [ -91.40035925195636, 42.667986655987931 ], [ -90.849822159862882, 42.398115532412703 ], [ -90.687899485717736, 42.236192858267557 ], [ -90.59074588123066, 41.960924312220826 ], [ -90.207528885753831, 41.631681541459045 ], [ -89.640799526245843, 41.480553712256913 ], [ -88.971519139779303, 41.469758867313885 ], [ -87.740906816276251, 41.502143402142913 ], [ -86.850332108477929, 41.615489274044542 ], [ -86.531884182659141, 41.728835145946135 ], [ -85.997539357980187, 41.566912471801004 ], [ -85.430809998472199, 41.404989797655851 ], [ -84.842490949078197, 41.318631038111789 ], [ -84.464671376072872, 41.318631038111775 ], [ -86.121680074824795, 39.796557901147459 ], [ -87.546599607302014, 38.630714647302469 ], [ -88.075547009509449, 38.12335693498104 ], [ -88.194290303882553, 37.767127051861735 ], [ -88.075547009509449, 37.367717788970388 ], [ -88.777211930805052, 37.356922944027382 ], [ -89.327749022898516, 37.076256975509139 ], [ -90.407233517199444, 36.439361123871599 ], [ -92.490638591200224, 35.748491047519011 ], [ -94.757556029232163, 35.338286939684664 ], [ -95.772271453875035, 35.143979730710498 ], [ -96.214860096538402, 35.122390040824477 ], [ -96.409167305512568, 35.014441591394387 ], [ -96.463141530227617, 34.814736959948711 ], [ -96.414564727984072, 34.555660681316489 ], [ -96.279629166196457, 34.382943162228344 ], [ -95.944988972963174, 34.145456573482143 ], [ -95.383657035926689, 33.918764829678949 ], [ -95.183952404481019, 33.702867930818762 ], [ -95.054414265164922, 33.082164346595718 ], [ -95.065209110107929, 32.024269542180818 ], [ -95.183952404481033, 31.160681946740091 ], [ -95.173157559538026, 30.664119079361669 ], [ -94.816927676418729, 30.059607762553153 ], [ -94.69, 29.480000000000132 ], [ -95.60026, 28.73863 ], [ -96.353494994713017, 28.411840098844298 ], [ -96.9327172852486, 29.074578161503617 ], [ -97.137819339165773, 29.722268858084171 ], [ -97.278152323424891, 31.168778080447403 ], [ -97.537228602057098, 31.794879087141936 ], [ -97.969022399777472, 32.3346213342924 ], [ -98.141739918865625, 32.712440907297726 ], [ -98.249688368295722, 33.403310983650314 ], [ -98.314457437953777, 34.849820206013547 ], [ -98.098560539093597, 36.188380978946689 ], [ -97.62358736160121, 37.073558264273444 ], [ -96.932717285248629, 38.347349967548531 ], [ -96.414564727984185, 39.102989113559175 ], [ -96.349795658326116, 40.225652987632138 ], [ -96.608871936958309, 42.125545697601758 ], [ -96.9543069751346, 43.572054919964998 ], [ -97.904253330119431, 45.148102281644334 ], [ -99.221224413166553, 46.637790883779608 ], [ -99.933684179405162, 47.825223827510619 ], [ -100.439302604377346, 49.000043109063654 ], [ -100.667733635529785, 49.530809328506081 ], [ -101.531321230970519, 50.178500025086628 ], [ -102.675574794929503, 50.934139171097279 ], [ -103.603931460028292, 51.387522658703659 ], [ -105.104414907106602, 51.646598937335888 ], [ -105.914028277832287, 51.646598937335888 ], [ -106.475360214868772, 51.581829867677833 ], [ -106.993512772133215, 51.48467626319075 ], [ -107.857100367573949, 51.430702038475701 ], [ -108.591149823698601, 51.538650487905798 ], [ -109.076917846134009, 51.657393782278902 ], [ -109.73540338765757, 51.959649440683158 ], [ -110.372299239295117, 52.380648393460518 ], [ -111.041579625761685, 52.380648393460518 ], [ -111.505757958311079, 52.175546339543345 ], [ -111.764834236943301, 51.68977831710793 ], [ -111.840398151544363, 51.020497930641362 ], [ -111.980731135803495, 50.372807234060808 ], [ -112.239807414435703, 50.081346420599559 ], [ -112.606832142498007, 50.005782505998496 ], [ -113.054818207633204, 50.124525800371728 ], [ -113.508201695239592, 51.419907193532836 ], [ -114.134302701934132, 52.369853548517654 ], [ -115.883067582701614, 53.643645251792741 ] ] ] ] } },
{ "type": "Feature", "properties": { "id": null, "Zone": "области высотной поясности", "layer": "northamerica", "path": "D:/kurse4/semestr7/Diplom/diplom3/data/northamerica.shp" }, "geometry": { "type": "MultiPolygon", "coordinates": [ [ [ [ -71.710562075907532, 45.140006147937051 ], [ -71.408306417503283, 45.188582950180603 ], [ -70.922538395067861, 45.172390682766078 ], [ -70.39359099286041, 45.064442233335981 ], [ -70.134514714228189, 44.848545334475801 ], [ -70.102130179399168, 44.675827815387649 ], [ -70.220873473772258, 44.470725761470476 ], [ -70.652667271492632, 44.3843670019264 ], [ -71.192409518643089, 44.179264948009227 ], [ -71.516254866933366, 43.823035064889922 ], [ -71.775331145565588, 43.175344368309368 ], [ -71.991228044425782, 42.732755725645994 ], [ -72.228714633171975, 42.560038206557849 ], [ -72.466201221918183, 42.581627896443862 ], [ -72.628123896063315, 42.657191811044925 ], [ -72.757662035379425, 42.937857779563167 ], [ -72.736072345493412, 43.671907235687797 ], [ -72.584944516291287, 44.3843670019264 ], [ -72.185535253399948, 44.924109249076864 ], [ -71.710562075907532, 45.140006147937051 ] ], [ [ -71.710562075907532, 45.140006147937051 ], [ -72.185535253399948, 44.924109249076864 ], [ -72.584944516291287, 44.3843670019264 ], [ -72.736072345493412, 43.671907235687797 ], [ -72.757662035379425, 42.937857779563167 ], [ -72.628123896063315, 42.657191811044925 ], [ -72.466201221918183, 42.581627896443862 ], [ -72.228714633171975, 42.560038206557849 ], [ -71.991228044425782, 42.732755725645994 ], [ -71.775331145565588, 43.175344368309368 ], [ -71.516254866933366, 43.823035064889922 ], [ -71.192409518643089, 44.179264948009227 ], [ -70.652667271492632, 44.3843670019264 ], [ -70.220873473772258, 44.470725761470476 ], [ -70.102130179399168, 44.675827815387649 ], [ -70.134514714228189, 44.848545334475801 ], [ -70.39359099286041, 45.064442233335981 ], [ -70.922538395067861, 45.172390682766078 ], [ -71.408306417503283, 45.188582950180603 ], [ -71.43357381190917, 45.184522118936798 ], [ -71.710562075907532, 45.140006147937051 ] ] ] ] } },
{ "type": "Feature", "properties": { "id": null, "Zone": "области высотной поясности", "layer": "northamerica", "path": "D:/kurse4/semestr7/Diplom/diplom3/data/northamerica.shp" }, "geometry": { "type": "MultiPolygon", "coordinates": [ [ [ [ -77.448022163116931, 38.895188348406222 ], [ -77.458817008059924, 38.603727534944973 ], [ -78.322404603500672, 37.481063660872017 ], [ -80.135938553926223, 35.840247229534612 ], [ -81.604037466175484, 34.264199867855268 ], [ -82.618752890818342, 33.68127824093277 ], [ -83.482340486259091, 33.616509171274714 ], [ -83.827775524435381, 33.746047310590825 ], [ -83.91413428397945, 34.091482348767116 ], [ -83.547109555917146, 34.97665963409387 ], [ -82.186959093097983, 36.509527616001179 ], [ -80.006400414610113, 38.538958465286917 ], [ -77.998559255210409, 40.719517143774773 ], [ -77.156561349655689, 41.410387220127369 ], [ -76.336153133986983, 41.66946349875959 ], [ -75.040771740825875, 41.734232568417646 ], [ -74.220363525157182, 41.799001638075701 ], [ -73.853338797094864, 41.626284118987549 ], [ -74.069235695955044, 41.194490321267182 ], [ -74.479439803789404, 40.719517143774773 ], [ -75.472565538546249, 40.352492415712462 ], [ -76.541255187904156, 40.179774896624323 ], [ -77.00543352045355, 39.953083152821129 ], [ -77.415637628287911, 39.4565202854427 ], [ -77.480406697945966, 39.154264627038444 ], [ -77.448022163116931, 38.895188348406222 ] ] ] ] } },
{ "type": "Feature", "properties": { "id": null, "Zone": "широколиственных лесов", "layer": "northamerica", "path": "D:/kurse4/semestr7/Diplom/diplom3/data/northamerica.shp" }, "geometry": { "type": "MultiPolygon", "coordinates": [ [ [ [ -95.685912694331051, 47.007514323077629 ], [ -94.870901901133834, 46.224888064709468 ], [ -94.158442134895225, 45.685145817559011 ], [ -93.122137020366338, 45.296531399610679 ], [ -92.236959735039591, 45.123813880522533 ], [ -91.546089658686995, 45.080634500750492 ], [ -90.596143303702192, 45.339710779382713 ], [ -89.948452607121638, 45.685145817559011 ], [ -89.430300049857195, 45.922632406305212 ], [ -88.998506252136821, 45.922632406305212 ], [ -88.674660903846544, 45.534017988356879 ], [ -88.609891834188488, 45.037455120978457 ], [ -88.696250593732572, 44.303405664853827 ], [ -88.847378422934696, 43.698894348045314 ], [ -88.761019663390613, 42.878486132376615 ], [ -88.480353694872377, 42.425102644770227 ], [ -88.048559897152018, 42.036488226821895 ], [ -87.314510441027394, 41.86377070773375 ], [ -86.531884182659141, 41.728835145946135 ], [ -86.850332108477929, 41.615489274044542 ], [ -87.740906816276251, 41.502143402142913 ], [ -88.971519139779303, 41.469758867313885 ], [ -89.640799526245843, 41.480553712256913 ], [ -90.207528885753831, 41.631681541459045 ], [ -90.59074588123066, 41.960924312220826 ], [ -90.687899485717736, 42.236192858267557 ], [ -90.849822159862882, 42.398115532412703 ], [ -91.40035925195636, 42.667986655987931 ], [ -91.767383980018664, 42.743550570588994 ], [ -92.436664366485232, 42.754345415532008 ], [ -93.170713822609869, 42.732755725645987 ], [ -93.645687000102271, 42.862293864962098 ], [ -93.883173588848479, 43.153754678423347 ], [ -94.055891107936617, 43.747471150288852 ], [ -94.293377696682825, 44.146880413180192 ], [ -94.833119943833282, 44.675827815387649 ], [ -95.534784865128884, 45.237159752424127 ], [ -95.761476608932071, 45.604184480486438 ], [ -95.793861143761092, 46.068362813035833 ], [ -95.685912694331051, 47.007514323077629 ] ] ] ] } },
{ "type": "Feature", "properties": { "id": null, "Zone": "широколиственных лесов", "layer": "northamerica", "path": "D:/kurse4/semestr7/Diplom/diplom3/data/northamerica.shp" }, "geometry": { "type": "MultiPolygon", "coordinates": [ [ [ [ -87.314510441027394, 41.86377070773375 ], [ -86.64523005456077, 42.004103691992867 ], [ -85.814026993949057, 42.489871714428283 ], [ -85.198720832197523, 42.997229426749712 ], [ -85.009811045694903, 43.472202604242113 ], [ -84.950439398508351, 43.882406712076467 ], [ -84.793914146834709, 44.092906188465143 ], [ -84.551030135616998, 44.098303610936654 ], [ -84.340530659228321, 43.990355161506557 ], [ -83.946518818808485, 43.445215491884596 ], [ -83.822378101963878, 42.851499020019084 ], [ -83.811583257020899, 42.349538730169151 ], [ -83.881749749150458, 41.847578440319218 ], [ -84.135428605311176, 41.491348557199913 ], [ -83.736019342419837, 41.512938247085934 ], [ -83.15309771549731, 41.561515049329479 ], [ -82.926405971694109, 41.658668653816562 ], [ -82.690089280920233, 41.675105088867326 ], [ -82.439277716791594, 41.675105088867326 ], [ -81.987254461652313, 41.518335669557445 ], [ -81.604037466175484, 41.458964022370893 ], [ -80.869988010050847, 41.664066076288073 ], [ -80.206105046055782, 41.966321734692329 ], [ -79.736529291034884, 42.128244408837467 ], [ -79.121223129283365, 42.149834098723481 ], [ -78.603070572018922, 41.858373285262232 ], [ -78.300814913614659, 41.49134855719992 ], [ -78.138892239469527, 41.145913519023622 ], [ -77.998559255210409, 40.719517143774773 ], [ -80.006400414610113, 38.538958465286917 ], [ -81.069692641496516, 37.540435308058541 ], [ -81.93328023693725, 37.62679406760261 ], [ -83.714429652533795, 37.491858505814982 ], [ -84.405299728886376, 37.297551296840815 ], [ -85.182528564783041, 37.081654397980635 ], [ -86.046116160223789, 37.211192537296746 ], [ -88.075547009509449, 37.367717788970388 ], [ -88.194290303882553, 37.767127051861735 ], [ -88.075547009509449, 38.12335693498104 ], [ -87.546599607302014, 38.630714647302469 ], [ -86.121680074824795, 39.796557901147459 ], [ -84.464671376072872, 41.318631038111775 ], [ -84.842490949078197, 41.318631038111789 ], [ -85.430809998472199, 41.404989797655851 ], [ -85.997539357980187, 41.566912471801004 ], [ -86.531884182659141, 41.728835145946135 ], [ -87.314510441027394, 41.86377070773375 ] ] ] ] } },
{ "type": "Feature", "properties": { "id": null, "Zone": "переменно-влажных (в том числе муссонных) лесов", "layer": "northamerica", "path": "D:/kurse4/semestr7/Diplom/diplom3/data/northamerica.shp" }, "geometry": { "type": "MultiPolygon", "coordinates": [ [ [ [ -94.69, 29.480000000000132 ], [ -94.816927676418729, 30.059607762553153 ], [ -95.173157559538026, 30.664119079361669 ], [ -95.183952404481033, 31.160681946740091 ], [ -95.065209110107929, 32.024269542180818 ], [ -95.054414265164922, 33.082164346595718 ], [ -95.183952404481019, 33.702867930818762 ], [ -95.383657035926689, 33.918764829678949 ], [ -95.944988972963174, 34.145456573482143 ], [ -96.279629166196457, 34.382943162228344 ], [ -96.414564727984072, 34.555660681316489 ], [ -96.463141530227617, 34.814736959948711 ], [ -96.409167305512568, 35.014441591394387 ], [ -96.214860096538402, 35.122390040824477 ], [ -95.772271453875035, 35.143979730710498 ], [ -94.757556029232163, 35.338286939684664 ], [ -92.490638591200224, 35.748491047519011 ], [ -90.407233517199444, 36.439361123871599 ], [ -89.327749022898516, 37.076256975509139 ], [ -88.777211930805052, 37.356922944027382 ], [ -88.075547009509449, 37.367717788970388 ], [ -86.046116160223789, 37.211192537296746 ], [ -85.182528564783041, 37.081654397980635 ], [ -84.405299728886376, 37.297551296840815 ], [ -83.714429652533795, 37.491858505814982 ], [ -81.93328023693725, 37.62679406760261 ], [ -81.078351330763994, 37.541301176985286 ], [ -82.186959093097983, 36.509527616001179 ], [ -83.547109555917146, 34.97665963409387 ], [ -83.91413428397945, 34.091482348767116 ], [ -83.827775524435381, 33.746047310590825 ], [ -83.482340486259091, 33.616509171274714 ], [ -82.618752890818342, 33.68127824093277 ], [ -81.604037466175484, 34.264199867855268 ], [ -80.135938553926223, 35.840247229534612 ], [ -78.322404603500672, 37.481063660872017 ], [ -77.458817008059924, 38.603727534944973 ], [ -76.940664450795467, 39.094892979851906 ], [ -76.546652610375631, 39.488904820271742 ], [ -76.41711447105952, 39.667019761831391 ], [ -75.920551603681091, 39.747981098903949 ], [ -75.035374318354343, 39.823545013505019 ], [ -74.17838, 39.70926 ], [ -74.90604, 38.93954 ], [ -74.98041, 39.1964 ], [ -75.20002, 39.248450000000105 ], [ -75.52805, 39.4985 ], [ -75.32, 38.96 ], [ -75.071834764789855, 38.782032230179254 ], [ -75.05673, 38.40412 ], [ -75.37747, 38.01551 ], [ -75.94023, 37.21689 ], [ -76.03127, 37.2566 ], [ -75.722049999999854, 37.937050000000113 ], [ -76.23287, 38.319215 ], [ -76.35, 39.15 ], [ -76.542725, 38.717615 ], [ -76.32933, 38.08326 ], [ -76.989997931613516, 38.239991766913363 ], [ -76.30162, 37.917945 ], [ -76.25874, 36.9664 ], [ -75.9718, 36.89726 ], [ -75.868039999999894, 36.55125 ], [ -75.72749, 35.550740000000133 ], [ -76.36318, 34.808540000000107 ], [ -77.397635, 34.51201 ], [ -78.05496, 33.92547 ], [ -78.554349999999886, 33.861330000000123 ], [ -79.06067, 33.49395 ], [ -79.20357, 33.15839 ], [ -80.301325, 32.509355 ], [ -80.86498, 32.0333 ], [ -81.33629, 31.44049 ], [ -81.49042, 30.7299900000001 ], [ -81.31371, 30.03552 ], [ -80.98, 29.180000000000121 ], [ -80.535585, 28.47213 ], [ -80.529999999999859, 28.04 ], [ -80.056539284977589, 26.880000000000109 ], [ -80.088015, 26.205765 ], [ -80.13156, 25.816775 ], [ -80.38103, 25.20616 ], [ -80.68, 25.08 ], [ -81.17213, 25.201260000000104 ], [ -81.33, 25.64 ], [ -81.709999999999866, 25.87 ], [ -82.24, 26.730000000000132 ], [ -82.70515, 27.49504 ], [ -82.85526, 27.88624 ], [ -82.65, 28.550000000000125 ], [ -82.93, 29.1 ], [ -83.70959, 29.93656 ], [ -84.1, 30.09 ], [ -85.10882, 29.63615 ], [ -85.28784, 29.68612000000013 ], [ -85.7731, 30.15261 ], [ -86.4, 30.4 ], [ -87.53036, 30.27433 ], [ -88.41782, 30.3849 ], [ -89.18049, 30.31598 ], [ -89.593831178419805, 30.159994004836847 ], [ -89.413735, 29.89419 ], [ -89.43, 29.48864 ], [ -89.21767, 29.29108 ], [ -89.40823, 29.15961 ], [ -89.77928, 29.307140000000118 ], [ -90.15463, 29.11743 ], [ -90.880225, 29.148535 ], [ -91.626785, 29.677000000000135 ], [ -92.49906, 29.5523 ], [ -93.22637, 29.78375 ], [ -93.84842, 29.71363 ], [ -94.69, 29.480000000000132 ] ] ] ] } },
{ "type": "Feature", "properties": { "id": null, "Zone": "переменно-влажных (в том числе муссонных) лесов", "layer": "northamerica", "path": "D:/kurse4/semestr7/Diplom/diplom3/data/northamerica.shp" }, "geometry": { "type": "MultiPolygon", "coordinates": [ [ [ [ -76.323656175425995, 19.95289093676206 ], [ -76.125653657598278, 20.306465356544347 ], [ -75.671060350228061, 20.735091254148003 ], [ -74.933896043584497, 20.693905137611385 ], [ -74.17802486845126, 20.284627793859741 ], [ -74.296648118777256, 20.050378526280682 ], [ -74.961594611292938, 19.923435370355691 ], [ -75.634680141894592, 19.873774318923196 ], [ -76.323656175425995, 19.95289093676206 ] ] ] ] } },
{ "type": "Feature", "properties": { "id": null, "Zone": "саванн и редколесий", "layer": "northamerica", "path": "D:/kurse4/semestr7/Diplom/diplom3/data/northamerica.shp" }, "geometry": { "type": "MultiPolygon", "coordinates": [ [ [ [ -76.323656175425995, 19.95289093676206 ], [ -77.755480923153073, 19.855480861891877 ], [ -77.085108405246743, 20.413353786698792 ], [ -77.492654588516615, 20.673105373613893 ], [ -78.137292243141587, 20.739948838783434 ], [ -78.482826707661189, 21.028613389565852 ], [ -78.719866502584011, 21.598113511638434 ], [ -79.284999966127941, 21.559175319906501 ], [ -80.217475348618649, 21.827324327069036 ], [ -80.517534552721415, 22.03707896574176 ], [ -81.820943366203181, 22.192056586185071 ], [ -82.16999182811864, 22.387109279870753 ], [ -81.795001797192668, 22.636964830001958 ], [ -82.775897996740852, 22.688150336187064 ], [ -83.494458787759356, 22.168517971276131 ], [ -83.908800421875625, 22.154565334557333 ], [ -84.052150845053262, 21.910575059491254 ], [ -84.54703019889638, 21.801227728761646 ], [ -84.974911058273108, 21.89602814380109 ], [ -84.447062140627764, 22.204949856041907 ], [ -84.230357021811784, 22.565754706303764 ], [ -83.778239915690193, 22.788118394455694 ], [ -83.26754757356575, 22.983041897060644 ], [ -82.510436164057509, 23.078746649665188 ], [ -82.268151211257063, 23.188610744717707 ], [ -81.404457160146833, 23.117271429938782 ], [ -80.618768683581195, 23.105980129483001 ], [ -79.67952368846025, 22.76530324959883 ], [ -79.281485968732085, 22.399201565027056 ], [ -78.347434455056487, 22.512166246017088 ], [ -77.993295864560281, 22.277193508385935 ], [ -77.146422492161051, 21.657851467367834 ], [ -76.523824835908556, 21.206819566324373 ], [ -76.19462012399319, 21.220565497314013 ], [ -75.59822241891267, 21.016624457274133 ], [ -75.671060350228061, 20.735091254148003 ], [ -76.125653657598278, 20.306465356544347 ], [ -76.323656175425995, 19.95289093676206 ] ] ] ] } },
{ "type": "Feature", "properties": { "id": null, "Zone": "саванн и редколесий", "layer": "northamerica", "path": "D:/kurse4/semestr7/Diplom/diplom3/data/northamerica.shp" }, "geometry": { "type": "MultiPolygon", "coordinates": [ [ [ [ -77.206341315403478, 17.701116237859821 ], [ -77.766022915340614, 17.861597398342241 ], [ -78.33771928578561, 18.225967922432233 ], [ -78.217726610003879, 18.454532782459196 ], [ -77.797364671525628, 18.524218451404778 ], [ -77.569600796199211, 18.490525417550487 ], [ -76.896618618462128, 18.400866807524082 ], [ -76.365359056285541, 18.160700588447597 ], [ -76.199658576141644, 17.886867173732966 ], [ -76.9025614081757, 17.868237819891746 ], [ -77.206341315403478, 17.701116237859821 ] ] ] ] } },
{ "type": "Feature", "properties": { "id": null, "Zone": "области высотной поясности", "layer": "northamerica", "path": "D:/kurse4/semestr7/Diplom/diplom3/data/northamerica.shp" }, "geometry": { "type": "MultiPolygon", "coordinates": [ [ [ [ -70.22087347377223, 19.032673653269256 ], [ -70.112925024342132, 18.957109738668194 ], [ -70.134514714228146, 18.816776754409073 ], [ -70.274847698487264, 18.708828304978983 ], [ -70.814589945637735, 18.730417994865 ], [ -71.27876827818713, 18.752007684751018 ], [ -71.462280642218275, 18.805981909466063 ], [ -71.62420331636342, 19.000289118440229 ], [ -71.624873216422827, 19.169837958243306 ], [ -71.160024983814026, 19.205391172357405 ], [ -70.663462116435596, 19.162211792585367 ], [ -70.22087347377223, 19.032673653269256 ] ] ] ] } },
{ "type": "Feature", "properties": { "id": null, "Zone": "переменно-влажных (в том числе муссонных) лесов", "layer": "northamerica", "path": "D:/kurse4/semestr7/Diplom/diplom3/data/northamerica.shp" }, "geometry": { "type": "MultiPolygon", "coordinates": [ [ [ [ -71.712361416292964, 19.714455878167357 ], [ -71.587304450146632, 19.8849105900821 ], [ -70.806706102161741, 19.880285549391985 ], [ -70.214364997016133, 19.622885240146161 ], [ -69.950815192327582, 19.647999986240009 ], [ -69.769250047470081, 19.293267116772441 ], [ -69.222125820579876, 19.313214219637103 ], [ -69.254346076113848, 19.015196234609874 ], [ -68.809411994080833, 18.979074408437853 ], [ -68.317943284768972, 18.612197577381693 ], [ -68.689315965434517, 18.205142320218613 ], [ -69.164945848248919, 18.422648423735112 ], [ -69.623987596297638, 18.38071299893025 ], [ -69.952933926051543, 18.428306993071061 ], [ -70.133232998317894, 18.245915025296895 ], [ -70.517137213814223, 18.184290879788833 ], [ -70.669298468697633, 18.426885891183034 ], [ -70.999950120717187, 18.283328762276213 ], [ -71.400209927033899, 17.598564357976599 ], [ -71.657661912712015, 17.757572740138698 ], [ -71.708304816358051, 18.044997056546094 ], [ -72.372476162389347, 18.21496084235406 ], [ -72.844411180294884, 18.145611070218365 ], [ -73.454554816365032, 18.2179063989947 ], [ -73.922433234335656, 18.030992743395004 ], [ -74.458033616824778, 18.342549953682706 ], [ -74.369925299767132, 18.664907538319412 ], [ -73.449542202432724, 18.526052964751145 ], [ -72.694937099890637, 18.445799465401862 ], [ -72.334881557897006, 18.668421535715254 ], [ -72.791649542924887, 19.101625067618031 ], [ -72.784104783810278, 19.483591416903408 ], [ -73.415022345661754, 19.639550889560283 ], [ -73.189790615517623, 19.915683905511912 ], [ -72.579672817663621, 19.871500555902358 ], [ -71.712361416292964, 19.714455878167357 ] ], [ [ -71.624873216422827, 19.169837958243306 ], [ -71.62420331636342, 19.000289118440229 ], [ -71.462280642218275, 18.805981909466063 ], [ -71.27876827818713, 18.752007684751018 ], [ -70.814589945637735, 18.730417994865 ], [ -70.274847698487264, 18.708828304978983 ], [ -70.134514714228146, 18.816776754409073 ], [ -70.112925024342132, 18.957109738668194 ], [ -70.22087347377223, 19.032673653269256 ], [ -70.663462116435596, 19.162211792585367 ], [ -71.160024983814026, 19.205391172357405 ], [ -71.624873216422827, 19.169837958243306 ] ] ] ] } },
{ "type": "Feature", "properties": { "id": null, "Zone": "переменно-влажных (в том числе муссонных) лесов", "layer": "northamerica", "path": "D:/kurse4/semestr7/Diplom/diplom3/data/northamerica.shp" }, "geometry": { "type": "MultiPolygon", "coordinates": [ [ [ [ -67.10067908391774, 18.520601101144351 ], [ -66.282434455008215, 18.514761664295364 ], [ -65.7713028632093, 18.426679185453878 ], [ -65.591003790942949, 18.228034979723915 ], [ -65.847163865813769, 17.975905666571862 ], [ -66.599934455009489, 17.981822618069273 ], [ -67.184162360285271, 17.946553453030077 ], [ -67.242427537694354, 18.374460150622937 ], [ -67.10067908391774, 18.520601101144351 ] ] ] ] } },
{ "type": "Feature", "properties": { "id": null, "Zone": "смешанных лесов", "layer": "northamerica", "path": "D:/kurse4/semestr7/Diplom/diplom3/data/northamerica.shp" }, "geometry": { "type": "MultiPolygon", "coordinates": [ [ [ [ -98.211906410995169, 51.152734781193203 ], [ -97.245767788595714, 51.460387862068941 ], [ -96.079924534750731, 51.589926001385052 ], [ -94.525466862957401, 51.503567241840976 ], [ -93.057367950708141, 51.071773444120609 ], [ -91.956293766521199, 50.510441507084131 ], [ -91.394961829484728, 50.25136522845191 ], [ -90.3154773351838, 50.121827089135799 ], [ -89.635402103774226, 50.078647709363771 ], [ -88.663866058903395, 50.121827089135806 ], [ -87.627560944374522, 50.035468329591737 ], [ -86.386153775928449, 49.733212671187474 ], [ -85.090772382767327, 49.085521974606934 ], [ -84.227184787326593, 48.394651898254338 ], [ -83.406776571657886, 47.919678720761937 ], [ -82.564778666103166, 47.70378182190175 ], [ -81.355756032486141, 47.768550891559805 ], [ -79.32632518320041, 48.265113758938227 ], [ -77.750277821521081, 48.351472518482304 ], [ -75.828795421665433, 48.200344689280172 ], [ -73.669826433063591, 47.768550891559805 ], [ -72.136958451156289, 47.034501435435175 ], [ -71.10458, 46.82171 ], [ -70.25522, 46.98606 ], [ -69.114401867113713, 47.023706590492168 ], [ -67.462790590833308, 46.829399381518002 ], [ -66.51284423584849, 46.581117947828794 ], [ -65.681641175236777, 46.224888064709489 ], [ -65.293026757288445, 45.987401475963281 ], [ -65.260642222459424, 45.803889111932129 ], [ -65.465744276376597, 45.663556127673004 ], [ -65.88674322915395, 45.544812833299908 ], [ -67.13741, 45.13753 ], [ -66.96466, 44.809700000000134 ], [ -68.03252, 44.3252 ], [ -69.06, 43.98 ], [ -70.11617, 43.684050000000127 ], [ -70.645475633411024, 43.090238348964021 ], [ -70.81489, 42.8653 ], [ -70.825, 42.335 ], [ -70.495, 41.805 ], [ -70.08, 41.78 ], [ -70.185, 42.145 ], [ -69.88497, 41.92283 ], [ -69.96503, 41.63717000000014 ], [ -70.64, 41.475 ], [ -71.12039, 41.494450000000143 ], [ -71.86, 41.32 ], [ -72.295, 41.27 ], [ -72.87643, 41.22065 ], [ -73.71, 40.931102351654488 ], [ -72.24126, 41.119480000000124 ], [ -71.944999999999879, 40.93 ], [ -73.345, 40.63 ], [ -73.982, 40.628 ], [ -73.952325, 40.75075 ], [ -74.25671, 40.47351 ], [ -73.96244, 40.42763 ], [ -74.17838, 39.70926 ], [ -75.035374318354343, 39.823545013505019 ], [ -75.920551603681091, 39.747981098903949 ], [ -76.41711447105952, 39.667019761831391 ], [ -76.546652610375631, 39.488904820271742 ], [ -76.940664450795467, 39.094892979851906 ], [ -77.458817008059924, 38.603727534944973 ], [ -77.448022163116931, 38.895188348406222 ], [ -77.480406697945966, 39.154264627038444 ], [ -77.415637628287911, 39.4565202854427 ], [ -77.00543352045355, 39.953083152821129 ], [ -76.541255187904156, 40.179774896624323 ], [ -75.472565538546249, 40.352492415712462 ], [ -74.479439803789404, 40.719517143774773 ], [ -74.069235695955044, 41.194490321267182 ], [ -73.853338797094864, 41.626284118987549 ], [ -74.220363525157182, 41.799001638075701 ], [ -75.040771740825875, 41.734232568417646 ], [ -76.336153133986983, 41.66946349875959 ], [ -77.156561349655689, 41.410387220127369 ], [ -77.998559255210409, 40.719517143774773 ], [ -78.138892239469527, 41.145913519023622 ], [ -78.300814913614659, 41.49134855719992 ], [ -78.603070572018922, 41.858373285262232 ], [ -79.121223129283365, 42.149834098723481 ], [ -79.736529291034884, 42.128244408837467 ], [ -80.206105046055782, 41.966321734692329 ], [ -80.869988010050847, 41.664066076288073 ], [ -81.604037466175484, 41.458964022370893 ], [ -81.987254461652313, 41.518335669557445 ], [ -82.439277716791594, 41.675105088867326 ], [ -82.690089280920233, 41.675105088867326 ], [ -82.926405971694109, 41.658668653816562 ], [ -83.15309771549731, 41.561515049329479 ], [ -83.736019342419837, 41.512938247085934 ], [ -84.135428605311176, 41.491348557199913 ], [ -83.881749749150458, 41.847578440319218 ], [ -83.811583257020899, 42.349538730169151 ], [ -83.822378101963878, 42.851499020019084 ], [ -83.946518818808485, 43.445215491884596 ], [ -84.340530659228321, 43.990355161506557 ], [ -84.551030135616998, 44.098303610936654 ], [ -84.793914146834709, 44.092906188465143 ], [ -84.950439398508351, 43.882406712076467 ], [ -85.009811045694903, 43.472202604242113 ], [ -85.198720832197523, 42.997229426749712 ], [ -85.814026993949057, 42.489871714428283 ], [ -86.64523005456077, 42.004103691992867 ], [ -87.314510441027394, 41.86377070773375 ], [ -88.048559897152018, 42.036488226821895 ], [ -88.480353694872377, 42.425102644770227 ], [ -88.761019663390613, 42.878486132376615 ], [ -88.847378422934696, 43.698894348045314 ], [ -88.696250593732572, 44.303405664853827 ], [ -88.609891834188488, 45.037455120978457 ], [ -88.674660903846544, 45.534017988356879 ], [ -88.998506252136821, 45.922632406305212 ], [ -89.430300049857195, 45.922632406305212 ], [ -89.948452607121638, 45.685145817559011 ], [ -90.596143303702192, 45.339710779382713 ], [ -91.546089658686995, 45.080634500750492 ], [ -92.236959735039591, 45.123813880522533 ], [ -93.122137020366338, 45.296531399610679 ], [ -94.158442134895225, 45.685145817559011 ], [ -94.870901901133834, 46.224888064709468 ], [ -95.685912694331051, 47.007514323077629 ], [ -95.793861143761106, 47.914281298290419 ], [ -95.988168352735272, 48.281306026352738 ], [ -96.301218856082542, 48.939791567876298 ], [ -96.352132895462347, 49.000403519518926 ], [ -96.75460234368893, 49.479533815026777 ], [ -97.116229649279731, 49.754802361073509 ], [ -97.71534354361674, 50.213583271151407 ], [ -98.006804357077996, 50.63458222392876 ], [ -98.211906410995169, 51.152734781193203 ] ], [ [ -71.710562075907532, 45.140006147937051 ], [ -72.185535253399948, 44.924109249076864 ], [ -72.584944516291287, 44.3843670019264 ], [ -72.736072345493412, 43.671907235687797 ], [ -72.757662035379425, 42.937857779563167 ], [ -72.628123896063315, 42.657191811044925 ], [ -72.466201221918183, 42.581627896443862 ], [ -72.228714633171975, 42.560038206557849 ], [ -71.991228044425782, 42.732755725645994 ], [ -71.775331145565588, 43.175344368309368 ], [ -71.516254866933366, 43.823035064889922 ], [ -71.192409518643089, 44.179264948009227 ], [ -70.652667271492632, 44.3843670019264 ], [ -70.220873473772258, 44.470725761470476 ], [ -70.102130179399168, 44.675827815387649 ], [ -70.134514714228189, 44.848545334475801 ], [ -70.39359099286041, 45.064442233335981 ], [ -70.922538395067861, 45.172390682766078 ], [ -71.408306417503283, 45.188582950180603 ], [ -71.43357381190917, 45.184522118936798 ], [ -71.710562075907532, 45.140006147937051 ] ] ] ] } },
{ "type": "Feature", "properties": { "id": null, "Zone": "области высотной поясности", "layer": "northamerica", "path": "D:/kurse4/semestr7/Diplom/diplom3/data/northamerica.shp" }, "geometry": { "type": "MultiPolygon", "coordinates": [ [ [ [ -72.185535253399948, 44.924109249076864 ], [ -72.00102112798109, 45.007979306085439 ], [ -71.710562075907532, 45.140006147937051 ], [ -71.43357381190917, 45.184522118936798 ], [ -71.408306417503283, 45.188582950180603 ], [ -70.922538395067861, 45.172390682766078 ], [ -70.39359099286041, 45.064442233335981 ], [ -70.134514714228189, 44.848545334475801 ], [ -70.102130179399168, 44.675827815387649 ], [ -70.220873473772258, 44.470725761470476 ], [ -70.652667271492632, 44.3843670019264 ], [ -71.192409518643089, 44.179264948009227 ], [ -71.516254866933366, 43.823035064889922 ], [ -71.775331145565588, 43.175344368309368 ], [ -71.991228044425782, 42.732755725645994 ], [ -72.228714633171975, 42.560038206557849 ], [ -72.466201221918183, 42.581627896443862 ], [ -72.628123896063315, 42.657191811044925 ], [ -72.757662035379425, 42.937857779563167 ], [ -72.736072345493412, 43.671907235687797 ], [ -72.584944516291287, 44.3843670019264 ], [ -72.185535253399948, 44.924109249076864 ] ] ] ] } },
{ "type": "Feature", "properties": { "id": null, "Zone": "области высотной поясности", "layer": "northamerica", "path": "D:/kurse4/semestr7/Diplom/diplom3/data/northamerica.shp" }, "geometry": { "type": "MultiPolygon", "coordinates": [ [ [ [ -66.761125669537719, 48.26511375893822 ], [ -66.836689584138782, 48.076203972435557 ], [ -67.10656070771401, 47.854909651103874 ], [ -67.689482334636509, 47.444705543269521 ], [ -68.245416849201476, 47.142449884865265 ], [ -68.504493127833697, 47.180231842165796 ], [ -68.542275085134236, 47.40692358596899 ], [ -68.385749833460608, 47.665999864601211 ], [ -68.045712217755806, 48.054614282549544 ], [ -67.705674602051019, 48.362267363425303 ], [ -67.387226676232245, 48.545779727456463 ], [ -67.047189060527458, 48.567369417342476 ], [ -66.820497316724271, 48.44862612296938 ], [ -66.761125669537719, 48.26511375893822 ] ] ] ] } },
{ "type": "Feature", "properties": { "id": null, "Zone": "хвойных лесов (тайги)", "layer": "northamerica", "path": "D:/kurse4/semestr7/Diplom/diplom3/data/northamerica.shp" }, "geometry": { "type": "MultiPolygon", "coordinates": [ [ [ [ -70.25522, 46.98606 ], [ -68.65, 48.3 ], [ -66.55243, 49.1331 ], [ -65.05626, 49.23278 ], [ -64.17099, 48.74248 ], [ -65.11545, 48.07085 ], [ -64.79854, 46.99297 ], [ -64.47219, 46.23849 ], [ -63.17329, 45.73902 ], [ -61.52072, 45.88377 ], [ -60.51815, 47.00793 ], [ -60.4486, 46.28264 ], [ -59.80287, 45.9204 ], [ -61.03988, 45.26525 ], [ -63.25471, 44.67014 ], [ -64.24656, 44.26553 ], [ -65.36406, 43.54523 ], [ -66.1234, 43.61867 ], [ -66.16173, 44.46512 ], [ -64.42549, 45.29204 ], [ -66.02605, 45.25931 ], [ -67.13741, 45.13753 ], [ -65.88674322915395, 45.544812833299908 ], [ -65.465744276376597, 45.663556127673004 ], [ -65.260642222459424, 45.803889111932129 ], [ -65.293026757288445, 45.987401475963281 ], [ -65.681641175236777, 46.224888064709489 ], [ -66.51284423584849, 46.581117947828794 ], [ -67.462790590833308, 46.829399381518002 ], [ -67.790588039798465, 46.867963787278605 ], [ -69.114401867113713, 47.023706590492168 ], [ -70.25522, 46.98606 ] ], [ [ -67.387226676232245, 48.545779727456463 ], [ -67.705674602051019, 48.362267363425303 ], [ -68.045712217755806, 48.054614282549544 ], [ -68.385749833460608, 47.665999864601211 ], [ -68.542275085134236, 47.40692358596899 ], [ -68.504493127833697, 47.180231842165796 ], [ -68.245416849201476, 47.142449884865265 ], [ -67.689482334636509, 47.444705543269521 ], [ -67.10656070771401, 47.854909651103874 ], [ -66.836689584138782, 48.076203972435557 ], [ -66.761125669537719, 48.26511375893822 ], [ -66.820497316724271, 48.44862612296938 ], [ -67.047189060527458, 48.567369417342476 ], [ -67.387226676232245, 48.545779727456463 ] ] ] ] } },
{ "type": "Feature", "properties": { "id": null, "Zone": "хвойных лесов (тайги)", "layer": "northamerica", "path": "D:/kurse4/semestr7/Diplom/diplom3/data/northamerica.shp" }, "geometry": { "type": "MultiPolygon", "coordinates": [ [ [ [ -64.01486, 47.03601 ], [ -63.6645, 46.55001 ], [ -62.9393, 46.41587 ], [ -62.01208, 46.44314 ], [ -62.50391, 46.03339 ], [ -62.87433, 45.96818 ], [ -64.1428, 46.39265 ], [ -64.39261, 46.72747 ], [ -64.01486, 47.03601 ] ] ] ] } },
{ "type": "Feature", "properties": { "id": null, "Zone": "хвойных лесов (тайги)", "layer": "northamerica", "path": "D:/kurse4/semestr7/Diplom/diplom3/data/northamerica.shp" }, "geometry": { "type": "MultiPolygon", "coordinates": [ [ [ [ -64.17322, 49.95718 ], [ -62.85829, 49.70641 ], [ -61.835585, 49.28855 ], [ -61.806305, 49.10506 ], [ -62.29318, 49.08717 ], [ -63.58926, 49.40069 ], [ -64.51912, 49.87304 ], [ -64.17322, 49.95718 ] ] ] ] } },
{ "type": "Feature", "properties": { "id": null, "Zone": "хвойных лесов (тайги)", "layer": "northamerica", "path": "D:/kurse4/semestr7/Diplom/diplom3/data/northamerica.shp" }, "geometry": { "type": "MultiPolygon", "coordinates": [ [ [ [ -123.077831737216783, 62.417155479223275 ], [ -122.753986388926506, 62.794975052228601 ], [ -122.376166815921181, 62.902923501658691 ], [ -121.285887476677246, 62.892128656715684 ], [ -119.796198874541986, 62.805769897171608 ], [ -118.403663876893788, 62.676231757855497 ], [ -115.76972171079953, 62.373976099451255 ], [ -113.740290861513799, 62.266027650021165 ], [ -112.444909468352705, 62.09331013093302 ], [ -111.88357753131622, 61.661516333212646 ], [ -111.538142493139929, 61.100184396176168 ], [ -111.646090942570012, 60.193417420963392 ], [ -111.754039392000109, 59.286650445750624 ], [ -111.494963113367888, 58.833266958144236 ], [ -110.868862106673348, 58.74690819860016 ], [ -109.918915751688544, 58.85485664803025 ], [ -109.055328156247811, 59.092343236776451 ], [ -107.824715832744758, 59.675264863698949 ], [ -106.853179787873927, 59.869572072673115 ], [ -105.536208704826805, 59.69685455358497 ], [ -103.442008785883019, 59.027574167118395 ], [ -101.650064525343481, 58.509421609853959 ], [ -99.16725018845132, 58.056038122247571 ], [ -96.641256471787159, 57.667423704299239 ], [ -95.583361667372259, 56.954963938060629 ], [ -93.813007096718749, 55.918658823531743 ], [ -92.107421595723309, 55.119840297749086 ], [ -90.74727113290416, 54.623277430370663 ], [ -89.06327532179472, 54.450559911282511 ], [ -87.703124858975556, 54.277842392194366 ], [ -86.515691915244545, 53.975586733790109 ], [ -85.24190021196948, 53.2847166574375 ], [ -84.140826027782538, 52.788153790059077 ], [ -82.521599286331167, 52.356359992338703 ], [ -81.40075, 52.15788 ], [ -79.91289, 51.20842 ], [ -79.14301, 51.53393 ], [ -77.253714954142851, 51.554842755320351 ], [ -75.267463484629161, 51.64120151486442 ], [ -73.605057363405734, 51.338945856460164 ], [ -72.158548141042502, 51.123048957599977 ], [ -70.021168842326674, 51.360535546346192 ], [ -68.963274037911759, 51.749149964294524 ], [ -67.60312357509261, 52.569558179963224 ], [ -66.113434972957336, 53.217248876543778 ], [ -64.86123295956827, 53.476325155175999 ], [ -63.868107224811411, 53.174069496771743 ], [ -62.032983584499853, 52.008226242926746 ], [ -61.428472267691333, 51.490073685662303 ], [ -60.737602191338752, 51.230997407030081 ], [ -60.305808393618378, 51.403714926118226 ], [ -59.528579557721713, 51.684380894636469 ], [ -58.837709481369131, 51.878688103610635 ], [ -58.006506420757418, 51.749149964294524 ], [ -57.401995103948906, 51.490073685662303 ], [ -57.12691, 51.41972 ], [ -58.77482, 51.0643 ], [ -60.03309, 50.24277 ], [ -61.72366, 50.08046 ], [ -63.86251, 50.29099 ], [ -65.36331, 50.2982 ], [ -66.39905, 50.22897 ], [ -67.23631, 49.51156 ], [ -68.51114, 49.06836 ], [ -69.95362, 47.74488 ], [ -71.10458, 46.82171 ], [ -72.136958451156289, 47.034501435435175 ], [ -73.669826433063591, 47.768550891559805 ], [ -75.828795421665433, 48.200344689280172 ], [ -77.750277821521081, 48.351472518482304 ], [ -79.32632518320041, 48.265113758938227 ], [ -81.355756032486141, 47.768550891559805 ], [ -82.564778666103166, 47.70378182190175 ], [ -83.406776571657886, 47.919678720761937 ], [ -84.227184787326593, 48.394651898254338 ], [ -85.090772382767327, 49.085521974606934 ], [ -86.386153775928449, 49.733212671187474 ], [ -87.627560944374522, 50.035468329591737 ], [ -88.663866058903395, 50.121827089135806 ], [ -89.635402103774226, 50.078647709363771 ], [ -90.3154773351838, 50.121827089135799 ], [ -91.394961829484728, 50.25136522845191 ], [ -91.956293766521199, 50.510441507084131 ], [ -93.057367950708141, 51.071773444120609 ], [ -94.525466862957401, 51.503567241840976 ], [ -96.079924534750731, 51.589926001385052 ], [ -97.245767788595714, 51.460387862068941 ], [ -98.211906410995169, 51.152734781193203 ], [ -98.417008464912342, 51.454990439597466 ], [ -98.87039195251873, 51.595323423856584 ], [ -99.464108424384236, 51.735656408115702 ], [ -99.885107377161603, 51.714066718229688 ], [ -100.824258887203399, 51.573733733970585 ], [ -101.579898033214036, 51.875989392374841 ], [ -102.000896985991403, 52.318578035038222 ], [ -102.270768109566632, 53.171370785535949 ], [ -102.432690783711763, 54.002573846147655 ], [ -102.63779283762895, 54.25085527983687 ], [ -103.026407255577283, 54.326419194437932 ], [ -103.825225781359961, 54.315624349494925 ], [ -104.980274190261895, 54.12131714052078 ], [ -106.3836040328531, 53.883830551774579 ], [ -107.398319457495973, 53.905420241660593 ], [ -108.564162711340984, 54.099727450634752 ], [ -110.107825538191307, 54.596290318013175 ], [ -111.467976001010456, 54.887751131474424 ], [ -112.353153286337218, 54.909340821360438 ], [ -113.346279021094063, 54.682649077557244 ], [ -114.652455259198177, 54.186086210178821 ], [ -115.883067582701614, 53.643645251792741 ], [ -118.322702539821705, 54.550412227005516 ], [ -119.596494243096785, 54.939026644953849 ], [ -120.438492148651505, 55.413999822446257 ], [ -120.913465326143651, 55.861985887581064 ], [ -121.064593155346046, 56.212818348228936 ], [ -121.086182845232059, 56.774150285265421 ], [ -121.172541604776143, 57.680917260478196 ], [ -121.420823038465088, 58.280031154815106 ], [ -121.841821991242711, 58.760401754779117 ], [ -122.575871447367348, 59.494451210903733 ], [ -122.640640517025147, 59.769719756950366 ], [ -122.619050827139375, 60.098962527712246 ], [ -122.511102377709037, 60.395820763644906 ], [ -122.27361578896307, 60.660294464748723 ], [ -122.063116312574152, 60.946357855738384 ], [ -122.036129200216635, 61.097485684940516 ], [ -122.057718890102905, 61.307985161329277 ], [ -122.21964156424778, 61.577856284904421 ], [ -122.575871447367348, 61.998855237681866 ], [ -123.077831737216783, 62.417155479223275 ] ] ] ] } },
{ "type": "Feature", "properties": { "id": null, "Zone": "лесотундры", "layer": "northamerica", "path": "D:/kurse4/semestr7/Diplom/diplom3/data/northamerica.shp" }, "geometry": { "type": "MultiPolygon", "coordinates": [ [ [ [ -92.29703, 57.08709 ], [ -90.89769, 57.28468 ], [ -89.03953, 56.85172 ], [ -88.03978, 56.47162 ], [ -87.32421, 55.99914 ], [ -86.07121, 55.72383 ], [ -85.01181, 55.3026 ], [ -83.36055, 55.24489 ], [ -82.27285, 55.14832 ], [ -82.4362, 54.28227 ], [ -82.12502, 53.27703 ], [ -81.40075, 52.15788 ], [ -82.521599286331167, 52.356359992338703 ], [ -84.140826027782538, 52.788153790059077 ], [ -85.24190021196948, 53.2847166574375 ], [ -86.515691915244545, 53.975586733790109 ], [ -87.703124858975556, 54.277842392194366 ], [ -89.06327532179472, 54.450559911282511 ], [ -90.74727113290416, 54.623277430370663 ], [ -92.107421595723309, 55.119840297749086 ], [ -93.813007096718749, 55.918658823531743 ], [ -95.583361667372259, 56.954963938060629 ], [ -96.641256471787159, 57.667423704299239 ], [ -99.16725018845132, 58.056038122247571 ], [ -101.650064525343481, 58.509421609853959 ], [ -103.442008785883019, 59.027574167118395 ], [ -105.536208704826805, 59.69685455358497 ], [ -106.853179787873927, 59.869572072673115 ], [ -107.824715832744758, 59.675264863698949 ], [ -109.055328156247811, 59.092343236776451 ], [ -109.918915751688544, 58.85485664803025 ], [ -110.868862106673348, 58.74690819860016 ], [ -111.494963113367888, 58.833266958144236 ], [ -111.754039392000109, 59.286650445750624 ], [ -111.646090942570012, 60.193417420963392 ], [ -111.538142493139929, 61.100184396176168 ], [ -111.88357753131622, 61.661516333212646 ], [ -112.444909468352705, 62.09331013093302 ], [ -113.740290861513799, 62.266027650021165 ], [ -115.76972171079953, 62.373976099451255 ], [ -118.403663876893788, 62.676231757855497 ], [ -119.796198874541986, 62.805769897171608 ], [ -121.285887476677246, 62.892128656715684 ], [ -122.376166815921181, 62.902923501658691 ], [ -122.753986388926506, 62.794975052228601 ], [ -123.077831737216783, 62.417155479223275 ], [ -123.61217656189622, 62.732904693806496 ], [ -124.788814660683997, 63.64506909149069 ], [ -126.073401208902325, 64.41690050491593 ], [ -129.139137172716943, 65.453205619444816 ], [ -132.42077003539174, 66.403151974429633 ], [ -135.184250340802095, 67.6553539878187 ], [ -136.50358, 68.89804 ], [ -133.753933385853031, 68.850883065256838 ], [ -131.7460922264533, 68.742934615826741 ], [ -129.781430446825624, 68.39749957765045 ], [ -127.665640837995852, 67.814577950727951 ], [ -126.672515103239007, 67.382784153007577 ], [ -125.744158438140218, 67.210066633919425 ], [ -124.211290456232888, 67.253246013691466 ], [ -121.36145139127845, 67.598681051867757 ], [ -119.072944263360455, 67.555501672095701 ], [ -117.108282483732779, 67.015759424945244 ], [ -116.158336128747962, 66.281709968820621 ], [ -115.575414501825463, 65.266994544177749 ], [ -114.323212488436397, 64.338637879078959 ], [ -113.071010475047331, 63.842075011700501 ], [ -112.034705360518444, 63.496639973524211 ], [ -110.717734277471322, 63.410281213980134 ], [ -108.968969396703827, 63.431870903866155 ], [ -107.954253972060968, 63.323922454436058 ], [ -107.133845756392262, 63.000077106145781 ], [ -106.810000408101985, 62.568283308425414 ], [ -106.65887257889986, 62.158079200591061 ], [ -106.270258160951528, 61.942182301730881 ], [ -105.752105603687085, 61.985361681502916 ], [ -105.277132426194683, 62.244437960135137 ], [ -104.49990359029799, 63.043256485917844 ], [ -103.722674754401325, 63.388691524094135 ], [ -102.772728399416508, 63.237563694892003 ], [ -102.513652120784286, 62.870538966829692 ], [ -102.5352418106703, 62.309207029793214 ], [ -102.297755221924106, 61.575157573668591 ], [ -101.758012974773649, 61.143363775948217 ], [ -101.023963518649012, 61.057005016404148 ], [ -100.138786233322264, 61.229722535492293 ], [ -99.577454296285779, 61.55356788378257 ], [ -98.713866700845045, 62.071720441047013 ], [ -97.18099871893773, 62.266027650021179 ], [ -96.533308022357176, 62.050130751160992 ], [ -96.166283294294871, 61.834233852300812 ], [ -96.209462674066913, 61.510388504010535 ], [ -96.619666781901259, 61.229722535492293 ], [ -97.008281199849591, 60.841108117543961 ], [ -97.224178098709771, 60.387724629937573 ], [ -97.09463995939366, 59.524137034496839 ], [ -96.662846161673286, 58.682139128942119 ], [ -95.389054458398206, 57.753782463843322 ], [ -94.007314305693029, 57.343578356008976 ], [ -92.29703, 57.08709 ] ] ] ] } },
{ "type": "Feature", "properties": { "id": null, "Zone": "лесотундры", "layer": "northamerica", "path": "D:/kurse4/semestr7/Diplom/diplom3/data/northamerica.shp" }, "geometry": { "type": "MultiPolygon", "coordinates": [ [ [ [ -161.677774421210131, 66.116119696712417 ], [ -160.568328224287853, 66.540786247452843 ], [ -160.071765356909424, 66.886221285629134 ], [ -159.812689078277202, 67.123707874375341 ], [ -159.542817954701974, 67.371989308064542 ], [ -158.555089642417073, 67.353098329414451 ], [ -155.489353678602441, 67.374688019300464 ], [ -152.639514613648004, 67.331508639528394 ], [ -150.825980663222452, 67.158791120440256 ], [ -146.184197337728477, 67.029252981124145 ], [ -143.658203621064331, 67.137201430554242 ], [ -141.974207809954891, 66.986073601352118 ], [ -141.304927423488323, 66.856535462036007 ], [ -141.196978974058226, 66.640638563175813 ], [ -141.369696493146364, 66.316793214885536 ], [ -142.060566569498974, 66.122486005911369 ], [ -144.58656028616312, 66.100896316025356 ], [ -146.637580825334851, 66.0361272463673 ], [ -148.580652915076513, 65.539564378988885 ], [ -150.286238416071967, 65.172539650926566 ], [ -152.725873373192059, 64.848694302636289 ], [ -154.884842361793886, 64.546438644232026 ], [ -156.763145381877507, 64.244182985827777 ], [ -157.972168015494532, 63.790799498221382 ], [ -158.555089642417045, 63.056750042096766 ], [ -158.814165921049266, 62.430649035402226 ], [ -159.375497858085737, 61.631830509619547 ], [ -160.541341111930734, 60.638704774862703 ], [ -160.908365839993053, 60.293269736686405 ], [ -161.037903979309164, 59.839886249080017 ], [ -160.822007080448969, 59.580809970447795 ], [ -160.260675143412499, 59.494451210903719 ], [ -159.526625687287861, 59.602399660333816 ], [ -158.749396851391225, 60.185321287256329 ], [ -158.144885534582727, 60.53075632543262 ], [ -157.648322667204297, 60.509166635546606 ], [ -157.022221660509757, 60.250090356914384 ], [ -156.849504141421619, 59.645579040105865 ], [ -157.041674974576978, 58.918884589261722 ], [ -158.194731208305541, 58.615802313869779 ], [ -158.517217984023034, 58.787781480537319 ], [ -159.058606126928794, 58.424186102931628 ], [ -159.711667040017375, 58.931390285876319 ], [ -159.981288825500172, 58.572549140041644 ], [ -160.355271165996498, 59.071123358793614 ], [ -161.355003425115086, 58.670837714260756 ], [ -161.968893602526322, 58.671664537177378 ], [ -162.054986538724648, 59.26692536074745 ], [ -161.874170702135388, 59.633621324290573 ], [ -162.51805904849212, 59.989723619213862 ], [ -163.818341437820209, 59.798055731843363 ], [ -164.662217577146521, 60.267484442782632 ], [ -165.3463877024748, 60.507495632562382 ], [ -165.350831875651892, 61.073895168697504 ], [ -166.121379157556021, 61.500019029376233 ], [ -165.734451870770584, 62.074996853271784 ], [ -164.919178636717902, 62.63307648380794 ], [ -164.562507901039339, 63.146378485763023 ], [ -163.753332485997078, 63.219448961023772 ], [ -163.067224494457861, 63.059458726648018 ], [ -162.260555386381753, 63.541935736741152 ], [ -161.534449836248626, 63.455816962326764 ], [ -160.772506680321101, 63.766108100023246 ], [ -160.958335130842613, 64.222798570402745 ], [ -161.518068407212184, 64.40278758407527 ], [ -160.777777676414814, 64.788603827566419 ], [ -161.391926235987654, 64.777235012462313 ], [ -162.453050096668903, 64.559444688568192 ], [ -162.757786017894148, 64.338605455168761 ], [ -163.54639421288428, 64.559160468190498 ], [ -164.960829841145141, 64.446945095468834 ], [ -166.425288255864473, 64.686672064870663 ], [ -166.845004238939111, 65.088895575614515 ], [ -168.110560065767146, 65.669997056736747 ], [ -166.70527116602193, 66.088317776139377 ], [ -164.474709642575476, 66.576660061297503 ], [ -163.652511766595637, 66.576660061297503 ], [ -163.788601651036231, 66.077207343196676 ], [ -161.677774421210131, 66.116119696712417 ] ], [ [ -164.34652395434108, 65.774352256499185 ], [ -165.188521859895815, 65.687993496955102 ], [ -165.361239378983953, 65.590839892468026 ], [ -165.350444534040946, 65.42891721832288 ], [ -165.231701239667842, 65.245404854291735 ], [ -165.361239378983953, 65.072687335203582 ], [ -165.760648641875292, 64.932354350944465 ], [ -165.631110502559181, 64.835200746457375 ], [ -165.177727014952808, 64.748841986913305 ], [ -164.389703334113136, 64.792021366685347 ], [ -163.623269343159478, 64.845995591400396 ], [ -162.792066282547751, 64.878380126229416 ], [ -162.554579693801571, 65.105071870032603 ], [ -162.66252814323164, 65.31017392394979 ], [ -162.910809576920855, 65.461301753151915 ], [ -163.342603374641243, 65.590839892468026 ], [ -163.655653877988499, 65.558455357638991 ], [ -164.001088916164804, 65.504481132923956 ], [ -164.141421900423921, 65.731172876727143 ], [ -164.34652395434108, 65.774352256499185 ] ] ] ] } },
{ "type": "Feature", "properties": { "id": null, "Zone": "области высотной поясности", "layer": "northamerica", "path": "D:/kurse4/semestr7/Diplom/diplom3/data/northamerica.shp" }, "geometry": { "type": "MultiPolygon", "coordinates": [ [ [ [ -165.188521859895815, 65.687993496955102 ], [ -164.34652395434108, 65.774352256499185 ], [ -164.141421900423921, 65.731172876727143 ], [ -164.001088916164804, 65.504481132923956 ], [ -163.655653877988499, 65.558455357638991 ], [ -163.342603374641243, 65.590839892468026 ], [ -162.910809576920855, 65.461301753151915 ], [ -162.66252814323164, 65.31017392394979 ], [ -162.554579693801571, 65.105071870032603 ], [ -162.792066282547751, 64.878380126229416 ], [ -163.623269343159478, 64.845995591400396 ], [ -164.389703334113136, 64.792021366685347 ], [ -165.177727014952808, 64.748841986913305 ], [ -165.631110502559181, 64.835200746457375 ], [ -165.760648641875292, 64.932354350944465 ], [ -165.361239378983953, 65.072687335203582 ], [ -165.231701239667842, 65.245404854291735 ], [ -165.350444534040946, 65.42891721832288 ], [ -165.361239378983953, 65.590839892468026 ], [ -165.188521859895815, 65.687993496955102 ] ] ] ] } },
{ "type": "Feature", "properties": { "id": null, "Zone": "тундры", "layer": "northamerica", "path": "D:/kurse4/semestr7/Diplom/diplom3/data/northamerica.shp" }, "geometry": { "type": "MultiPolygon", "coordinates": [ [ [ [ -161.677774421210131, 66.116119696712417 ], [ -162.489714525380037, 66.735565090595117 ], [ -163.719716966791168, 67.116394558370075 ], [ -164.430991380856511, 67.616338202577765 ], [ -165.390286831706732, 68.042772121850248 ], [ -166.764440680996046, 68.358876858179656 ], [ -166.204707404626674, 68.883030910916148 ], [ -164.430810513343459, 68.915535386827742 ], [ -163.168613654614489, 69.371114813912868 ], [ -162.930566169261994, 69.858061835399269 ], [ -161.908897264635556, 70.333329983187639 ], [ -160.93479651593367, 70.447689927849581 ], [ -159.039175788387126, 70.891642157668912 ], [ -158.119722866833939, 70.824721177851018 ], [ -156.580824551398081, 71.35776357694175 ], [ -155.067790290324268, 71.147776394323671 ], [ -154.344165208941206, 70.696408596470178 ], [ -153.900006273392592, 70.889988511835668 ], [ -152.210006069935275, 70.829992173944845 ], [ -152.270002407826127, 70.600006212029825 ], [ -150.73999243874448, 70.430016588005685 ], [ -149.720003018167489, 70.530010484490447 ], [ -147.613361579357047, 70.214034939241799 ], [ -145.689989800225334, 70.120009670686727 ], [ -144.920010959076393, 69.989991767040465 ], [ -143.589446180425227, 70.152514146598321 ], [ -142.072510348713479, 69.851938178172645 ], [ -143.474691257033186, 68.734838482119613 ], [ -144.942790169282432, 68.778017861891655 ], [ -153.276410465285636, 69.771143596648514 ], [ -156.385325808872267, 69.684784837104445 ], [ -160.573725646759868, 69.339349798928154 ], [ -164.060460563351796, 68.540531273145447 ], [ -164.438280136357122, 68.281454994513226 ], [ -164.297947152097976, 68.022378715881018 ], [ -163.326411107227131, 67.828071506906852 ], [ -162.203747233154189, 67.56899522827463 ], [ -160.368623592842624, 67.374688019300464 ], [ -159.55047142805816, 67.36494811257684 ], [ -159.812689078277202, 67.123707874375341 ], [ -160.071765356909424, 66.886221285629134 ], [ -160.568328224287853, 66.540786247452843 ], [ -161.677774421210131, 66.116119696712417 ] ] ] ] } },
{ "type": "Feature", "properties": { "id": null, "Zone": "тундры", "layer": "northamerica", "path": "D:/kurse4/semestr7/Diplom/diplom3/data/northamerica.shp" }, "geometry": { "type": "MultiPolygon", "coordinates": [ [ [ [ -121.53788, 74.44893 ], [ -119.882557634085998, 73.902870498585187 ], [ -118.608765930810904, 73.427897321092772 ], [ -117.723588645484142, 72.942129298657377 ], [ -119.22, 72.52 ], [ -120.46, 71.82 ], [ -120.46, 71.383601793087564 ], [ -123.09219, 70.90164 ], [ -123.62, 71.34 ], [ -125.928948737473377, 71.868688463011381 ], [ -125.5, 72.292260811795018 ], [ -124.80729, 73.02256 ], [ -123.94, 73.680000000000121 ], [ -124.91775, 74.292750000000126 ], [ -121.53788, 74.44893 ] ] ] ] } },
{ "type": "Feature", "properties": { "id": null, "Zone": "тундры", "layer": "northamerica", "path": "D:/kurse4/semestr7/Diplom/diplom3/data/northamerica.shp" }, "geometry": { "type": "MultiPolygon", "coordinates": [ [ [ [ -117.86642, 72.70594 ], [ -114.938518650187731, 72.121721082988657 ], [ -112.49888369306764, 71.754696354926338 ], [ -110.404683774123882, 71.258133487547923 ], [ -108.677508583242414, 70.804749999941535 ], [ -106.021976727262143, 70.30818713256312 ], [ -102.73116, 69.50402 ], [ -102.09329, 69.119620000000111 ], [ -102.43024, 68.75282 ], [ -104.24, 68.91 ], [ -105.96, 69.180000000000121 ], [ -107.12254, 69.11922 ], [ -109.0, 68.78 ], [ -111.534148875200174, 68.630059156817936 ], [ -113.3132, 68.53554 ], [ -113.854959999999892, 69.00744 ], [ -115.22, 69.28 ], [ -116.10794, 69.16821 ], [ -117.34, 69.96 ], [ -116.67473, 70.06655 ], [ -115.13112, 70.2373 ], [ -113.72141, 70.19237 ], [ -112.4161, 70.36638 ], [ -114.35, 70.6 ], [ -116.48684, 70.52045 ], [ -117.9048, 70.540560000000141 ], [ -118.43238, 70.9092 ], [ -116.11311, 71.30918 ], [ -117.65568, 71.2952 ], [ -119.40199, 71.55859 ], [ -118.56267, 72.30785 ], [ -117.86642, 72.70594 ] ] ] ] } },
{ "type": "Feature", "properties": { "id": null, "Zone": "арктических пустынь", "layer": "northamerica", "path": "D:/kurse4/semestr7/Diplom/diplom3/data/northamerica.shp" }, "geometry": { "type": "MultiPolygon", "coordinates": [ [ [ [ -87.03143, 65.21297 ], [ -94.685, 68.06383 ], [ -94.23282, 69.06903 ], [ -95.30408, 69.68571 ], [ -96.47131, 70.08976 ], [ -96.39115, 71.19482 ], [ -95.2088, 71.92053 ], [ -93.88997, 71.76015 ], [ -92.87818, 71.31869 ], [ -91.51964, 70.19129 ], [ -92.40692, 69.69997 ], [ -90.5471, 69.49766 ], [ -90.55151, 68.47499 ], [ -89.21515, 69.25873 ], [ -88.01966, 68.61508 ], [ -88.31749, 67.87338 ], [ -87.35017, 67.19872 ], [ -86.30607, 67.92146 ], [ -85.57664, 68.78456 ], [ -85.52197, 69.88211 ], [ -84.10081, 69.80539 ], [ -82.62258, 69.65826 ], [ -81.28043, 69.16202 ], [ -81.2202, 68.66567 ], [ -81.96436, 68.13253 ], [ -81.25928, 67.59716 ], [ -81.38653, 67.11078 ], [ -83.34456, 66.41154 ], [ -84.73542, 66.2573 ], [ -85.76943, 66.55833 ], [ -86.0676, 66.05625 ], [ -87.03143, 65.21297 ] ] ] ] } },
{ "type": "Feature", "properties": { "id": null, "Zone": "тундры", "layer": "northamerica", "path": "D:/kurse4/semestr7/Diplom/diplom3/data/northamerica.shp" }, "geometry": { "type": "MultiPolygon", "coordinates": [ [ [ [ -92.29703, 57.08709 ], [ -94.007314305693029, 57.343578356008976 ], [ -95.389054458398206, 57.753782463843322 ], [ -96.662846161673286, 58.682139128942119 ], [ -97.09463995939366, 59.524137034496839 ], [ -97.224178098709771, 60.387724629937573 ], [ -97.008281199849591, 60.841108117543961 ], [ -96.619666781901259, 61.229722535492293 ], [ -96.209462674066913, 61.510388504010535 ], [ -96.166283294294871, 61.834233852300812 ], [ -96.533308022357176, 62.050130751160992 ], [ -97.18099871893773, 62.266027650021179 ], [ -98.713866700845045, 62.071720441047013 ], [ -99.577454296285779, 61.55356788378257 ], [ -100.138786233322264, 61.229722535492293 ], [ -101.023963518649012, 61.057005016404148 ], [ -101.758012974773649, 61.143363775948217 ], [ -102.297755221924106, 61.575157573668591 ], [ -102.5352418106703, 62.309207029793214 ], [ -102.513652120784286, 62.870538966829692 ], [ -102.772728399416508, 63.237563694892003 ], [ -103.722674754401325, 63.388691524094135 ], [ -104.49990359029799, 63.043256485917844 ], [ -105.277132426194683, 62.244437960135137 ], [ -105.752105603687085, 61.985361681502916 ], [ -106.270258160951528, 61.942182301730881 ], [ -106.65887257889986, 62.158079200591061 ], [ -106.810000408101985, 62.568283308425414 ], [ -107.133845756392262, 63.000077106145781 ], [ -107.954253972060968, 63.323922454436058 ], [ -108.968969396703827, 63.431870903866155 ], [ -110.717734277471322, 63.410281213980134 ], [ -112.034705360518444, 63.496639973524211 ], [ -113.071010475047331, 63.842075011700501 ], [ -114.323212488436397, 64.338637879078959 ], [ -115.575414501825463, 65.266994544177749 ], [ -116.158336128747962, 66.281709968820621 ], [ -117.108282483732779, 67.015759424945244 ], [ -119.072944263360455, 67.555501672095701 ], [ -121.36145139127845, 67.598681051867757 ], [ -124.211290456232888, 67.253246013691466 ], [ -125.744158438140218, 67.210066633919425 ], [ -126.672515103239007, 67.382784153007577 ], [ -127.665640837995852, 67.814577950727951 ], [ -129.781430446825624, 68.39749957765045 ], [ -131.7460922264533, 68.742934615826741 ], [ -133.753933385853031, 68.850883065256838 ], [ -136.50358, 68.89804 ], [ -135.62576, 69.31512 ], [ -134.41464, 69.62743 ], [ -132.92925, 69.50534 ], [ -131.43136, 69.94451 ], [ -129.79471, 70.19369 ], [ -129.10773, 69.77927 ], [ -128.36156, 70.01286 ], [ -128.13817, 70.48384 ], [ -127.44712, 70.37721 ], [ -125.75632, 69.48058 ], [ -124.42483, 70.1584 ], [ -124.28968, 69.39969 ], [ -123.06108, 69.56372 ], [ -122.6835, 69.85553 ], [ -121.47226, 69.79778 ], [ -119.94288, 69.37786 ], [ -117.60268, 69.01128 ], [ -116.22643, 68.84151 ], [ -115.2469, 68.90591 ], [ -113.89794, 68.3989 ], [ -115.30489, 67.90261 ], [ -113.49727, 67.68815 ], [ -110.798, 67.80612 ], [ -109.94619, 67.98104 ], [ -108.8802, 67.38144 ], [ -107.79239, 67.88736 ], [ -108.81299, 68.31164 ], [ -108.16721, 68.65392 ], [ -106.95, 68.7 ], [ -106.15, 68.8 ], [ -105.34282, 68.56122 ], [ -104.33791, 68.018 ], [ -103.22115, 68.09775 ], [ -101.45433, 67.64689 ], [ -99.90195, 67.80566 ], [ -98.4432, 67.78165 ], [ -98.5586, 68.40394 ], [ -97.66948, 68.57864 ], [ -96.11991, 68.23939 ], [ -96.12588, 67.29338 ], [ -95.48943, 68.0907 ], [ -94.685, 68.06383 ], [ -87.03143, 65.21297 ], [ -87.32324, 64.77563 ], [ -88.48296, 64.09897 ], [ -89.91444, 64.03273 ], [ -90.70398, 63.61017 ], [ -90.77004, 62.96021 ], [ -91.93342, 62.83508 ], [ -93.15698, 62.02469 ], [ -94.24153, 60.89865 ], [ -94.62931, 60.11021 ], [ -94.6846, 58.94882 ], [ -93.21502, 58.78212 ], [ -92.76462, 57.84571 ], [ -92.29703, 57.08709 ] ] ] ] } },
{ "type": "Feature", "properties": { "id": null, "Zone": "лесотундры", "layer": "northamerica", "path": "D:/kurse4/semestr7/Diplom/diplom3/data/northamerica.shp" }, "geometry": { "type": "MultiPolygon", "coordinates": [ [ [ [ -171.731656867539442, 63.782515367275934 ], [ -171.114433560245288, 63.592191067144952 ], [ -170.491112433940714, 63.694975490973505 ], [ -169.682505459653612, 63.431115627691192 ], [ -168.68943946030069, 63.297506212000556 ], [ -168.771940884454665, 63.188598130945437 ], [ -169.529439867205099, 62.976931464277918 ], [ -170.290556200215946, 63.194437567794424 ], [ -170.671385667990933, 63.375821845138901 ], [ -171.553063117538727, 63.317789211675105 ], [ -171.791110602891223, 63.405845852300459 ], [ -171.731656867539442, 63.782515367275934 ] ] ] ] } },
{ "type": "Feature", "properties": { "id": null, "Zone": "лесотундры", "layer": "northamerica", "path": "D:/kurse4/semestr7/Diplom/diplom3/data/northamerica.shp" }, "geometry": { "type": "MultiPolygon", "coordinates": [ [ [ [ -166.467792121424623, 60.384169826897754 ], [ -165.674429694663644, 60.293606879306253 ], [ -165.579164191733582, 59.909986884187532 ], [ -166.192770148767266, 59.75444082298899 ], [ -166.848337368821973, 59.941406155020985 ], [ -167.455277066090076, 60.213069159579362 ], [ -166.467792121424623, 60.384169826897754 ] ] ] ] } },
{ "type": "Feature", "properties": { "id": null, "Zone": "тундры", "layer": "northamerica", "path": "D:/kurse4/semestr7/Diplom/diplom3/data/northamerica.shp" }, "geometry": { "type": "MultiPolygon", "coordinates": [ [ [ [ -72.651167161739423, 67.284575507263909 ], [ -69.065825064870097, 66.206146054219673 ], [ -68.141287400979195, 65.689789130304391 ], [ -67.089646165623421, 65.108455105236956 ], [ -65.732080451099762, 64.648405666758563 ], [ -65.320167609301251, 64.382737128346051 ], [ -64.669406297449683, 63.392926744227495 ], [ -65.01380388045888, 62.674185085695981 ], [ -66.275044725190483, 62.945098781986118 ], [ -68.783186204692697, 63.745670071051833 ], [ -67.369680752213085, 62.883965562584841 ], [ -66.328297288667258, 62.280074774822012 ], [ -66.165568203380147, 61.930897121825822 ], [ -68.877366502544646, 62.330149237712824 ], [ -71.023437059193853, 62.910708116295879 ], [ -72.235378587519023, 63.397836005295218 ], [ -71.886278449171272, 63.679989325608872 ], [ -73.378306240518384, 64.193963121183842 ], [ -74.834418911422631, 64.679075629323805 ], [ -74.818502570276735, 64.389093329517934 ], [ -77.709979824520076, 64.229542344816778 ], [ -78.555948859354203, 64.572906399180127 ], [ -77.897281053361979, 65.309192206474748 ], [ -76.018274298797166, 65.326968899183143 ], [ -73.959795294882682, 65.454764716240945 ], [ -74.29388342964964, 65.81177134872938 ], [ -73.94491248238262, 66.310578111426665 ], [ -72.651167161739423, 67.284575507263909 ] ], [ [ -67.198316889729497, 64.716457452084398 ], [ -67.846007586310051, 64.943149195887585 ], [ -68.407339523346522, 65.056495067789172 ], [ -68.882312700838924, 65.115866714975724 ], [ -69.060427642398579, 65.11046929250422 ], [ -69.195363204186194, 65.061892490260675 ], [ -69.292516808673284, 64.921559506001572 ], [ -69.319503921030801, 64.765034254327929 ], [ -69.206158049129215, 64.576124467825267 ], [ -68.974068882854496, 64.398009526265611 ], [ -68.666415801978744, 64.241484274591983 ], [ -67.543751927905788, 63.842075011700643 ], [ -66.820497316724172, 63.582998733068415 ], [ -66.215985999915659, 63.421076058923283 ], [ -66.027076213412997, 63.404883791508759 ], [ -65.892140651625382, 63.453460593752304 ], [ -65.805781892081299, 63.626178112840464 ], [ -65.859756116796348, 63.912241503830195 ], [ -66.064858170713521, 64.160522937519403 ], [ -66.215985999915659, 64.295458499307017 ], [ -66.550626193148943, 64.478970863338191 ], [ -67.198316889729497, 64.716457452084398 ] ], [ [ -69.540798242362499, 63.788100786985602 ], [ -69.794477098523203, 63.863664701586657 ], [ -70.069745644569949, 63.896049236415692 ], [ -70.258655431072611, 63.890651813944181 ], [ -70.469154907461288, 63.831280166757637 ], [ -70.620282736663412, 63.73952398474205 ], [ -70.674256961378461, 63.604588422954443 ], [ -70.641872426549426, 63.491242551052835 ], [ -70.436770372632253, 63.345512144322221 ], [ -70.080540489512956, 63.167397202762565 ], [ -69.713515761450637, 62.989282261202916 ], [ -69.028043107569559, 62.773385362342722 ], [ -68.488300860419088, 62.649244645498122 ], [ -68.342570453688467, 62.633052378083612 ], [ -68.213032314372356, 62.633052378083605 ], [ -68.11587870988528, 62.665436912912632 ], [ -68.061904485170231, 62.762590517399723 ], [ -68.094289019999252, 62.892128656715826 ], [ -68.374954988517501, 63.140410090405048 ], [ -68.925492080610965, 63.518229663410366 ], [ -69.540798242362499, 63.788100786985602 ] ] ] ] } },
{ "type": "Feature", "properties": { "id": null, "Zone": "арктических пустынь", "layer": "northamerica", "path": "D:/kurse4/semestr7/Diplom/diplom3/data/northamerica.shp" }, "geometry": { "type": "MultiPolygon", "coordinates": [ [ [ [ -76.81166, 68.14856 ], [ -75.89521, 68.28721 ], [ -75.1145, 68.01036 ], [ -75.10333, 67.58202 ], [ -75.21597, 67.44425 ], [ -75.86588, 67.14886 ], [ -76.98687, 67.09873 ], [ -77.2364, 67.58809 ], [ -76.81166, 68.14856 ] ] ] ] } },
{ "type": "Feature", "properties": { "id": null, "Zone": "вечные снега и льды", "layer": "northamerica", "path": "D:/kurse4/semestr7/Diplom/diplom3/data/northamerica.shp" }, "geometry": { "type": "MultiPolygon", "coordinates": [ [ [ [ -78.064437866210938, 73.651931762695312 ], [ -76.34, 73.102684989953048 ], [ -76.25140380859375, 72.826385498046875 ], [ -77.314437866210938, 72.855545043945312 ], [ -78.391670227050781, 72.876655578613281 ], [ -79.486251831054702, 72.742202758789062 ], [ -79.775833129882812, 72.802902221679702 ], [ -80.876098632812514, 73.333183288574219 ], [ -80.833885192871108, 73.693183898925781 ], [ -80.353057861328125, 73.759719848632812 ], [ -78.064437866210938, 73.651931762695312 ] ] ] ] } },
{ "type": "Feature", "properties": { "id": null, "Zone": "арктических пустынь", "layer": "northamerica", "path": "D:/kurse4/semestr7/Diplom/diplom3/data/northamerica.shp" }, "geometry": { "type": "MultiPolygon", "coordinates": [ [ [ [ -121.53788, 74.44893 ], [ -120.10978, 74.24135 ], [ -117.55564, 74.18577 ], [ -116.58442, 73.89607 ], [ -115.51081, 73.47519 ], [ -116.76794, 73.22292 ], [ -117.731775410473205, 72.946622035541623 ], [ -117.723588645484142, 72.942129298657377 ], [ -117.731775410473205, 72.946622035541623 ], [ -118.608765930810904, 73.427897321092772 ], [ -119.882557634085998, 73.902870498585187 ], [ -121.53788, 74.44893 ] ] ] ] } },
{ "type": "Feature", "properties": { "id": null, "Zone": "арктических пустынь", "layer": "northamerica", "path": "D:/kurse4/semestr7/Diplom/diplom3/data/northamerica.shp" }, "geometry": { "type": "MultiPolygon", "coordinates": [ [ [ [ -117.86642, 72.70594 ], [ -115.18909, 73.314590000000123 ], [ -114.16717, 73.12145 ], [ -114.66634, 72.65277 ], [ -112.44102, 72.955400000000111 ], [ -111.05039, 72.4504 ], [ -109.92035, 72.96113 ], [ -109.00654, 72.63335 ], [ -108.18835, 71.65089 ], [ -107.68599, 72.06548 ], [ -108.39639, 73.08953 ], [ -107.51645, 73.23598 ], [ -106.52259, 73.07601 ], [ -105.40246, 72.67259 ], [ -104.77484, 71.698400000000106 ], [ -104.464759999999899, 70.99297 ], [ -102.78537, 70.49776 ], [ -100.98078, 70.02432 ], [ -101.08929, 69.584470000000124 ], [ -102.73116, 69.50402 ], [ -106.021976727262143, 70.30818713256312 ], [ -108.677508583242414, 70.804749999941535 ], [ -110.404683774123882, 71.258133487547923 ], [ -112.49888369306764, 71.754696354926338 ], [ -114.938518650187731, 72.121721082988657 ], [ -117.86642, 72.70594 ] ] ] ] } },
{ "type": "Feature", "properties": { "id": null, "Zone": "арктических пустынь", "layer": "northamerica", "path": "D:/kurse4/semestr7/Diplom/diplom3/data/northamerica.shp" }, "geometry": { "type": "MultiPolygon", "coordinates": [ [ [ [ -105.26, 73.64 ], [ -104.5, 73.42 ], [ -105.38, 72.76 ], [ -106.94, 73.46 ], [ -106.6, 73.6 ], [ -105.26, 73.64 ] ] ] ] } },
{ "type": "Feature", "properties": { "id": null, "Zone": "арктических пустынь", "layer": "northamerica", "path": "D:/kurse4/semestr7/Diplom/diplom3/data/northamerica.shp" }, "geometry": { "type": "MultiPolygon", "coordinates": [ [ [ [ -116.198586595507379, 77.645286770326194 ], [ -116.335813361458449, 76.876961575010611 ], [ -117.106050584768823, 76.530031846819114 ], [ -118.04041215703819, 76.481171780087138 ], [ -119.899317586885715, 76.053213406062 ], [ -121.499995077126485, 75.900018622532755 ], [ -122.854924486159021, 76.116542873835684 ], [ -122.854925293603259, 76.116542873835684 ], [ -121.157535360328239, 76.864507554828279 ], [ -119.103938971821094, 77.512219957174622 ], [ -117.570130784965997, 77.498318996888102 ], [ -116.198586595507379, 77.645286770326194 ] ] ] ] } },
{ "type": "Feature", "properties": { "id": null, "Zone": "арктических пустынь", "layer": "northamerica", "path": "D:/kurse4/semestr7/Diplom/diplom3/data/northamerica.shp" }, "geometry": { "type": "MultiPolygon", "coordinates": [ [ [ [ -116.34602, 76.19903 ], [ -115.40487, 76.47887 ], [ -112.59056, 76.14134 ], [ -110.81422, 75.54919 ], [ -109.0671, 75.47321 ], [ -110.49726, 76.42982 ], [ -109.5811, 76.79417 ], [ -108.54859, 76.67832 ], [ -108.21141, 76.20168 ], [ -107.81943, 75.84552 ], [ -106.92893, 76.01282 ], [ -105.881, 75.9694 ], [ -105.70498, 75.47951 ], [ -106.31347, 75.00527 ], [ -109.7, 74.85 ], [ -112.22307, 74.41696 ], [ -113.74381, 74.39427 ], [ -113.87135, 74.72029 ], [ -111.79421, 75.1625 ], [ -116.31221, 75.04343 ], [ -117.7104, 75.2222 ], [ -116.34602, 76.19903 ] ] ] ] } },
{ "type": "Feature", "properties": { "id": null, "Zone": "арктических пустынь", "layer": "northamerica", "path": "D:/kurse4/semestr7/Diplom/diplom3/data/northamerica.shp" }, "geometry": { "type": "MultiPolygon", "coordinates": [ [ [ [ -112.724586758253906, 78.051050116681964 ], [ -111.264443325630879, 78.152956041161545 ], [ -109.854451870547109, 77.996324774884883 ], [ -110.186938035913016, 77.697014879050343 ], [ -112.051191169058498, 77.4092288276169 ], [ -113.534278937619121, 77.732206529441115 ], [ -112.724586758253906, 78.051050116681964 ] ] ] ] } },
{ "type": "Feature", "properties": { "id": null, "Zone": "арктических пустынь", "layer": "northamerica", "path": "D:/kurse4/semestr7/Diplom/diplom3/data/northamerica.shp" }, "geometry": { "type": "MultiPolygon", "coordinates": [ [ [ [ -111.500010342233395, 78.849993598130496 ], [ -109.6631457182026, 78.601972561345647 ], [ -110.881314256618921, 78.406919867659965 ], [ -112.542091437615156, 78.407901719873493 ], [ -112.525890876091637, 78.550554511215225 ], [ -111.500010342233395, 78.849993598130496 ] ] ] ] } },
{ "type": "Feature", "properties": { "id": null, "Zone": "арктических пустынь", "layer": "northamerica", "path": "D:/kurse4/semestr7/Diplom/diplom3/data/northamerica.shp" }, "geometry": { "type": "MultiPolygon", "coordinates": [ [ [ [ -99.98349, 76.64634 ], [ -98.57699, 76.58859 ], [ -98.5, 76.72 ], [ -97.735585, 76.25656 ], [ -97.704415, 75.74344 ], [ -98.16, 75.0 ], [ -99.80874, 74.89744 ], [ -100.88366, 75.05736 ], [ -100.86292, 75.64075 ], [ -102.50209, 75.5638 ], [ -102.56552, 76.3366 ], [ -101.48973, 76.30537 ], [ -99.98349, 76.64634 ] ] ] ] } },
{ "type": "Feature", "properties": { "id": null, "Zone": "арктических пустынь", "layer": "northamerica", "path": "D:/kurse4/semestr7/Diplom/diplom3/data/northamerica.shp" }, "geometry": { "type": "MultiPolygon", "coordinates": [ [ [ [ -100.35642, 73.84389 ], [ -99.16387, 73.63339 ], [ -97.38, 73.76 ], [ -97.12, 73.47 ], [ -98.05359, 72.99052 ], [ -96.54, 72.56 ], [ -96.72, 71.66 ], [ -98.35966, 71.27285 ], [ -99.32286, 71.35639 ], [ -100.01482, 71.73827 ], [ -102.5, 72.51 ], [ -102.48, 72.83 ], [ -100.43836, 72.70588 ], [ -101.54, 73.36 ], [ -100.35642, 73.84389 ] ] ] ] } },
{ "type": "Feature", "properties": { "id": null, "Zone": "арктических пустынь", "layer": "northamerica", "path": "D:/kurse4/semestr7/Diplom/diplom3/data/northamerica.shp" }, "geometry": { "type": "MultiPolygon", "coordinates": [ [ [ [ -98.218261203800552, 70.143540358321772 ], [ -96.557401203800552, 69.680030358321773 ], [ -96.257401203800555, 69.490030358321775 ], [ -95.647681203800545, 69.107690358321776 ], [ -96.269521203800551, 68.757040358321774 ], [ -97.617401203800554, 69.060030358321768 ], [ -98.431801203800546, 68.950700358321768 ], [ -99.797401203800547, 69.400030358321771 ], [ -98.917401203800551, 69.710030358321774 ], [ -98.218261203800552, 70.143540358321772 ] ] ] ] } },
{ "type": "Feature", "properties": { "id": null, "Zone": "арктических пустынь", "layer": "northamerica", "path": "D:/kurse4/semestr7/Diplom/diplom3/data/northamerica.shp" }, "geometry": { "type": "MultiPolygon", "coordinates": [ [ [ [ -100.8251580472688, 78.800461737778718 ], [ -100.060191820052196, 78.324754340315891 ], [ -99.670939093813644, 77.907544664207435 ], [ -101.303940192453013, 78.018984890444855 ], [ -102.949808722733025, 78.343228664860234 ], [ -105.176132778731514, 78.380332343245797 ], [ -104.210429450277132, 78.677420152491763 ], [ -105.419580451258525, 78.918335679836488 ], [ -105.492289191493199, 79.301593939929163 ], [ -103.529282396237946, 79.165349026191635 ], [ -100.8251580472688, 78.800461737778718 ] ] ] ] } },
{ "type": "Feature", "properties": { "id": null, "Zone": "арктических пустынь", "layer": "northamerica", "path": "D:/kurse4/semestr7/Diplom/diplom3/data/northamerica.shp" }, "geometry": { "type": "MultiPolygon", "coordinates": [ [ [ [ -94.503657599652371, 74.134906724739224 ], [ -92.420012173211731, 74.100025132942207 ], [ -90.509792853542635, 73.856732489712059 ], [ -92.003965216829869, 72.966244208458519 ], [ -93.196295539100262, 72.771992499473342 ], [ -94.269046597047264, 72.024596259235992 ], [ -95.409855516322665, 72.061880805134578 ], [ -96.033745083382442, 72.940276801231832 ], [ -96.018267991911017, 73.437429918095816 ], [ -95.495793423224043, 73.862416897264168 ], [ -94.503657599652371, 74.134906724739224 ] ] ] ] } },
{ "type": "Feature", "properties": { "id": null, "Zone": "арктических пустынь", "layer": "northamerica", "path": "D:/kurse4/semestr7/Diplom/diplom3/data/northamerica.shp" }, "geometry": { "type": "MultiPolygon", "coordinates": [ [ [ [ -94.85081987178917, 75.647217515760886 ], [ -93.977746548217965, 75.296489569795952 ], [ -93.612755906940464, 74.97999726022438 ], [ -94.156908738973911, 74.592346503386878 ], [ -95.608680589565637, 74.666863918751758 ], [ -96.820932176484547, 74.927623196096576 ], [ -96.28858740922982, 75.377828274223376 ], [ -94.85081987178917, 75.647217515760886 ] ] ] ] } },
{ "type": "Feature", "properties": { "id": null, "Zone": "тундры", "layer": "northamerica", "path": "D:/kurse4/semestr7/Diplom/diplom3/data/northamerica.shp" }, "geometry": { "type": "MultiPolygon", "coordinates": [ [ [ [ -81.642013719392594, 64.45513580998697 ], [ -81.553440314444316, 63.979609280037138 ], [ -80.817361212878865, 64.057485663500998 ], [ -80.103451300766636, 63.725981350348619 ], [ -80.991019863595724, 63.41124603947496 ], [ -82.547178107417039, 63.651722317145207 ], [ -83.108797573565113, 64.101875718839707 ], [ -84.100416632813875, 63.569711819098004 ], [ -85.523404710619047, 63.052379055424055 ], [ -85.866768764982396, 63.637252916103492 ], [ -87.221983201836778, 63.54123810490519 ], [ -86.35275977247133, 64.035833238370699 ], [ -86.224886440765104, 64.822916978608234 ], [ -86.116282652353178, 65.142853827333226 ], [ -85.090772382767312, 64.943149195887557 ], [ -83.201674517740699, 64.500560553224176 ], [ -81.642013719392594, 64.45513580998697 ] ] ] ] } },
{ "type": "Feature", "properties": { "id": null, "Zone": "арктических пустынь", "layer": "northamerica", "path": "D:/kurse4/semestr7/Diplom/diplom3/data/northamerica.shp" }, "geometry": { "type": "MultiPolygon", "coordinates": [ [ [ [ -86.116282652353178, 65.142853827333226 ], [ -86.106463804327376, 65.140941735875572 ], [ -85.883847825854858, 65.738778388117098 ], [ -85.161307949549894, 65.657284654392797 ], [ -84.975763719405919, 65.217518215588981 ], [ -84.464012010419495, 65.37177236598022 ], [ -83.882626308919768, 65.109617824963536 ], [ -82.787576870438826, 64.766693020274673 ], [ -81.642013719392594, 64.45513580998697 ], [ -83.201674517740699, 64.500560553224176 ], [ -85.090772382767312, 64.943149195887557 ], [ -86.116282652353178, 65.142853827333226 ] ] ] ] } },
{ "type": "Feature", "properties": { "id": null, "Zone": "тундры", "layer": "northamerica", "path": "D:/kurse4/semestr7/Diplom/diplom3/data/northamerica.shp" }, "geometry": { "type": "MultiPolygon", "coordinates": [ [ [ [ -83.25048, 62.91409 ], [ -81.87699, 62.90458 ], [ -81.89825, 62.7108 ], [ -83.06857, 62.15922 ], [ -83.77462, 62.18231 ], [ -83.99367, 62.4528 ], [ -83.25048, 62.91409 ] ] ] ] } },
{ "type": "Feature", "properties": { "id": null, "Zone": "тундры", "layer": "northamerica", "path": "D:/kurse4/semestr7/Diplom/diplom3/data/northamerica.shp" }, "geometry": { "type": "MultiPolygon", "coordinates": [ [ [ [ -79.92939, 62.3856 ], [ -79.52002, 62.36371 ], [ -79.26582, 62.158675 ], [ -79.65752, 61.63308 ], [ -80.09956, 61.7181 ], [ -80.36215, 62.01649 ], [ -80.315395, 62.085565 ], [ -79.92939, 62.3856 ] ] ] ] } },
{ "type": "Feature", "properties": { "id": null, "Zone": "арктических пустынь", "layer": "northamerica", "path": "D:/kurse4/semestr7/Diplom/diplom3/data/northamerica.shp" }, "geometry": { "type": "MultiPolygon", "coordinates": [ [ [ [ -98.631984422585532, 78.871930243638374 ], [ -97.337231411512661, 78.831984361476756 ], [ -96.754398769908761, 78.765812689927017 ], [ -95.559277920294605, 78.418314520980331 ], [ -95.830294969449341, 78.056941229963243 ], [ -97.309842902397989, 77.850597235821809 ], [ -98.124289313534035, 78.08285696075761 ], [ -98.552867804746683, 78.458105373845072 ], [ -98.631984422585532, 78.871930243638374 ] ] ] ] } },
{ "type": "Feature", "properties": { "id": null, "Zone": "арктических пустынь", "layer": "northamerica", "path": "D:/kurse4/semestr7/Diplom/diplom3/data/northamerica.shp" }, "geometry": { "type": "MultiPolygon", "coordinates": [ [ [ [ -96.436304490936138, 77.83462921824362 ], [ -94.422577277386409, 77.820004787905006 ], [ -93.720656297565895, 77.634331366680314 ], [ -93.840003017943985, 77.519997260234547 ], [ -94.295608283245286, 77.491342678528682 ], [ -96.169654100310069, 77.555111395976851 ], [ -96.436304490936138, 77.83462921824362 ] ] ] ] } },
{ "type": "Feature", "properties": { "id": null, "Zone": "арктических пустынь", "layer": "northamerica", "path": "D:/kurse4/semestr7/Diplom/diplom3/data/northamerica.shp" }, "geometry": { "type": "MultiPolygon", "coordinates": [ [ [ [ -96.74512285031237, 77.161388658345075 ], [ -94.684085862999439, 77.097878323058367 ], [ -93.573921068073133, 76.776295884906048 ], [ -91.6050231595366, 76.778517971494594 ], [ -90.741845872749295, 76.449597479956807 ], [ -90.969661424508018, 76.074013170059473 ], [ -89.822237921899259, 75.847773749485654 ], [ -89.187082892599847, 75.610165513807615 ], [ -87.838276333349654, 75.566188869927245 ], [ -86.379192267588635, 75.482421373182106 ], [ -84.789625210290581, 75.699204006646525 ], [ -82.753444586910064, 75.784315090631239 ], [ -81.12853084992436, 75.713983466281988 ], [ -80.057510952459154, 75.336848863415909 ], [ -79.833932868148366, 74.923127346487163 ], [ -80.457770758775865, 74.657303778777774 ], [ -81.948842536125568, 74.442459011524321 ], [ -83.228893602211429, 74.564027818490942 ], [ -86.097452358733321, 74.410032050261165 ], [ -88.150350307960281, 74.392307033985034 ], [ -89.764722052758401, 74.515555325001159 ], [ -92.422440965529461, 74.837757880340988 ], [ -92.768285488642817, 75.386819973442144 ], [ -92.889905972041745, 75.882655341282671 ], [ -93.893824022175991, 76.319243679500559 ], [ -95.962457445035795, 76.441380927222397 ], [ -97.121378953829506, 76.751077785947601 ], [ -96.74512285031237, 77.161388658345075 ] ] ] ] } },
{ "type": "Feature", "properties": { "id": null, "Zone": "области высотной поясности", "layer": "northamerica", "path": "D:/kurse4/semestr7/Diplom/diplom3/data/northamerica.shp" }, "geometry": { "type": "MultiPolygon", "coordinates": [ [ [ [ -81.188435935869435, 73.201205577289656 ], [ -80.600087653307682, 72.716543687624167 ], [ -80.748941616524434, 72.061906643350724 ], [ -78.770638597310779, 72.352173163534175 ], [ -77.528983500189312, 71.614363370667277 ], [ -73.448532111731822, 70.275802597734128 ], [ -70.771410565865537, 69.153138723661172 ], [ -67.532957082962781, 67.080528494603399 ], [ -66.496651968433895, 66.756683146313122 ], [ -65.136501505614731, 66.562375937338956 ], [ -64.791066467438441, 66.648734696883025 ], [ -64.834245847210468, 67.123707874375441 ], [ -64.985373676412593, 67.490732602437745 ], [ -64.862314419195243, 67.847538560651586 ], [ -63.424934454996794, 66.928473212340592 ], [ -61.851981370680605, 66.862120673277829 ], [ -62.16317684594226, 66.160251369889622 ], [ -63.918444383384184, 64.998668524832894 ], [ -65.148860236253682, 65.426032619886669 ], [ -66.721219041598516, 66.388041083432185 ], [ -68.015016038674005, 66.262725735124391 ], [ -72.023612579254603, 68.678165546168756 ], [ -74.312119707172556, 69.498573761837463 ], [ -76.168833037370149, 70.318981977506155 ], [ -78.576083459661206, 70.783160310055592 ], [ -79.288543225899815, 70.783160310055592 ], [ -80.59471946400393, 70.92349329431471 ], [ -81.134461711154387, 71.193364417889939 ], [ -81.350358610014581, 71.333697402149056 ], [ -81.479896749330692, 71.776286044812437 ], [ -81.469101904387671, 72.240464377361832 ], [ -81.188435935869435, 73.201205577289656 ] ] ] ] } },
{ "type": "Feature", "properties": { "id": null, "Zone": "переменно-влажных (в том числе муссонных) лесов", "layer": "northamerica", "path": "D:/kurse4/semestr7/Diplom/diplom3/data/northamerica.shp" }, "geometry": { "type": "MultiPolygon", "coordinates": [ [ [ [ -78.19087, 25.2103 ], [ -77.89, 25.17 ], [ -77.54, 24.34 ], [ -77.53466, 23.75975 ], [ -77.78, 23.71 ], [ -78.03405, 24.28615 ], [ -78.40848, 24.57564 ], [ -78.19087, 25.2103 ] ] ] ] } },
{ "type": "Feature", "properties": { "id": null, "Zone": "переменно-влажных (в том числе муссонных) лесов", "layer": "northamerica", "path": "D:/kurse4/semestr7/Diplom/diplom3/data/northamerica.shp" }, "geometry": { "type": "MultiPolygon", "coordinates": [ [ [ [ -78.98, 26.79 ], [ -78.51, 26.87 ], [ -77.85, 26.84 ], [ -77.82, 26.58 ], [ -78.91, 26.42 ], [ -78.98, 26.79 ] ] ] ] } },
{ "type": "Feature", "properties": { "id": null, "Zone": "переменно-влажных (в том числе муссонных) лесов", "layer": "northamerica", "path": "D:/kurse4/semestr7/Diplom/diplom3/data/northamerica.shp" }, "geometry": { "type": "MultiPolygon", "coordinates": [ [ [ [ -77.79, 27.04 ], [ -77.0, 26.59 ], [ -77.17255, 25.87918 ], [ -77.35641, 26.00735 ], [ -77.34, 26.53 ], [ -77.78802, 26.92516 ], [ -77.79, 27.04 ] ] ] ] } },
{ "type": "Feature", "properties": { "id": null, "Zone": "области высотной поясности", "layer": "northamerica", "path": "D:/kurse4/semestr7/Diplom/diplom3/data/northamerica.shp" }, "geometry": { "type": "MultiPolygon", "coordinates": [ [ [ [ -69.319503921030801, 64.765034254327929 ], [ -69.292516808673284, 64.921559506001572 ], [ -69.195363204186194, 65.061892490260675 ], [ -69.060427642398579, 65.11046929250422 ], [ -68.882312700838924, 65.115866714975724 ], [ -68.407339523346522, 65.056495067789172 ], [ -67.846007586310051, 64.943149195887585 ], [ -67.198316889729497, 64.716457452084398 ], [ -66.550626193148943, 64.478970863338191 ], [ -66.215985999915659, 64.295458499307017 ], [ -66.064858170713521, 64.160522937519403 ], [ -65.859756116796348, 63.912241503830195 ], [ -65.805781892081299, 63.626178112840464 ], [ -65.892140651625382, 63.453460593752304 ], [ -66.027076213412997, 63.404883791508759 ], [ -66.215985999915659, 63.421076058923283 ], [ -66.820497316724172, 63.582998733068415 ], [ -67.543751927905788, 63.842075011700643 ], [ -68.666415801978744, 64.241484274591983 ], [ -68.974068882854496, 64.398009526265611 ], [ -69.206158049129215, 64.576124467825267 ], [ -69.319503921030801, 64.765034254327929 ] ] ] ] } },
{ "type": "Feature", "properties": { "id": null, "Zone": "области высотной поясности", "layer": "northamerica", "path": "D:/kurse4/semestr7/Diplom/diplom3/data/northamerica.shp" }, "geometry": { "type": "MultiPolygon", "coordinates": [ [ [ [ -70.069745644569949, 63.896049236415692 ], [ -69.794477098523203, 63.863664701586657 ], [ -69.540798242362499, 63.788100786985602 ], [ -68.925492080610965, 63.518229663410366 ], [ -68.374954988517501, 63.140410090405048 ], [ -68.094289019999252, 62.892128656715826 ], [ -68.061904485170231, 62.762590517399723 ], [ -68.11587870988528, 62.665436912912632 ], [ -68.213032314372356, 62.633052378083605 ], [ -68.342570453688467, 62.633052378083612 ], [ -68.488300860419088, 62.649244645498122 ], [ -69.028043107569559, 62.773385362342722 ], [ -69.713515761450637, 62.989282261202916 ], [ -70.080540489512956, 63.167397202762565 ], [ -70.436770372632253, 63.345512144322221 ], [ -70.641872426549426, 63.491242551052835 ], [ -70.674256961378461, 63.604588422954443 ], [ -70.620282736663412, 63.73952398474205 ], [ -70.469154907461288, 63.831280166757637 ], [ -70.258655431072611, 63.890651813944181 ], [ -70.069745644569949, 63.896049236415692 ] ] ] ] } },
{ "type": "Feature", "properties": { "id": null, "Zone": "вечные снега и льды", "layer": "northamerica", "path": "D:/kurse4/semestr7/Diplom/diplom3/data/northamerica.shp" }, "geometry": { "type": "MultiPolygon", "coordinates": [ [ [ [ -78.770638597310779, 72.352173163534175 ], [ -77.824623989559598, 72.749616604290978 ], [ -75.605844692675731, 72.243678493937395 ], [ -74.228616095665004, 71.767144273557889 ], [ -74.099140794557712, 71.330840155717581 ], [ -72.242225714797684, 71.556924546994523 ], [ -71.200015428335178, 70.920012518997183 ], [ -68.786054246684898, 70.52502370877427 ], [ -67.914970465756937, 70.12194753689765 ], [ -66.969033372654195, 69.186087348091817 ], [ -68.805122850200604, 68.720198472764437 ], [ -66.449866095633894, 68.067163397892031 ], [ -64.862314419195243, 67.847538560651586 ], [ -64.985373676412593, 67.490732602437745 ], [ -64.834245847210468, 67.123707874375441 ], [ -64.791066467438441, 66.648734696883025 ], [ -65.136501505614731, 66.562375937338956 ], [ -66.496651968433895, 66.756683146313122 ], [ -67.532957082962781, 67.080528494603399 ], [ -70.771410565865537, 69.153138723661172 ], [ -73.448532111731822, 70.275802597734128 ], [ -77.528983500189312, 71.614363370667277 ], [ -78.770638597310779, 72.352173163534175 ] ] ] ] } },
{ "type": "Feature", "properties": { "id": null, "Zone": "арктических пустынь", "layer": "northamerica", "path": "D:/kurse4/semestr7/Diplom/diplom3/data/northamerica.shp" }, "geometry": { "type": "MultiPolygon", "coordinates": [ [ [ [ -85.826151089200977, 73.803815823045184 ], [ -86.562178514334121, 73.157447007938444 ], [ -85.774371304044536, 72.534125881633869 ], [ -84.850112474288224, 73.340278225387081 ], [ -82.315590176101011, 73.750950832810602 ], [ -81.188435935869435, 73.201205577289656 ], [ -81.469101904387671, 72.240464377361832 ], [ -81.479896749330692, 71.776286044812437 ], [ -81.350358610014581, 71.333697402149056 ], [ -81.134461711154387, 71.193364417889939 ], [ -80.59471946400393, 70.92349329431471 ], [ -79.288543225899815, 70.783160310055592 ], [ -78.576083459661206, 70.783160310055592 ], [ -76.168833037370149, 70.318981977506155 ], [ -74.312119707172556, 69.498573761837463 ], [ -72.023612579254603, 68.678165546168756 ], [ -68.015016038674005, 66.262725735124391 ], [ -68.141287400979195, 65.689789130304391 ], [ -69.065825064870097, 66.206146054219673 ], [ -72.651167161739423, 67.284575507263909 ], [ -72.926059943316048, 67.726925767682346 ], [ -73.311617804645721, 68.069437160912869 ], [ -74.843307257776843, 68.554627183701271 ], [ -76.869100918266724, 68.894735622830254 ], [ -76.228649054657382, 69.147769273547411 ], [ -77.287369961237147, 69.769540106883213 ], [ -78.168633999326602, 69.826487535268868 ], [ -78.957242194316734, 70.16688019477543 ], [ -79.492455003563663, 69.871807766388841 ], [ -81.30547095409176, 69.74318512641436 ], [ -84.944706183598512, 69.966634019644417 ], [ -87.060003424817893, 70.260001125765385 ], [ -88.681713223001481, 70.410741278760796 ], [ -89.513419562523026, 70.762037665480946 ], [ -88.467721116880824, 71.218185533321318 ], [ -89.88815121128755, 71.222552191849971 ], [ -90.205160285182046, 72.235074367960792 ], [ -89.436576707705001, 73.12946421985238 ], [ -88.408241543312869, 73.537888902471209 ], [ -85.826151089200977, 73.803815823045184 ] ] ] ] } },
{ "type": "Feature", "properties": { "id": null, "Zone": "тундры", "layer": "northamerica", "path": "D:/kurse4/semestr7/Diplom/diplom3/data/northamerica.shp" }, "geometry": { "type": "MultiPolygon", "coordinates": [ [ [ [ -54.71819, 72.58625 ], [ -51.390945227808587, 71.635369384456197 ], [ -50.230509386054493, 70.406672610834221 ], [ -50.298770317922383, 69.212106303146186 ], [ -50.674205443195767, 66.993626017439823 ], [ -50.196378920120551, 64.741015265799533 ], [ -49.172464942102238, 63.102752900970216 ], [ -47.431811179471097, 61.771664729546409 ], [ -43.3784, 60.09772 ], [ -44.7875, 60.03676 ], [ -46.26364, 60.85328 ], [ -48.26294, 60.85843 ], [ -49.23308, 61.40681 ], [ -49.90039, 62.38336 ], [ -51.63325, 63.62691 ], [ -52.14014, 64.27842 ], [ -52.27659, 65.1767 ], [ -53.66166, 66.09957 ], [ -53.30161, 66.8365 ], [ -53.96911, 67.18899 ], [ -52.9804, 68.35759 ], [ -51.47536, 68.72958 ], [ -51.08041, 69.14781 ], [ -50.87122, 69.9291 ], [ -52.013585, 69.574925 ], [ -52.55792, 69.42616 ], [ -53.45629, 69.283625 ], [ -54.68336, 69.61003 ], [ -54.75001, 70.28932 ], [ -54.35884, 70.821315 ], [ -53.431315, 70.835755 ], [ -51.39014, 70.56978 ], [ -53.10937, 71.20485 ], [ -54.00422, 71.54719 ], [ -55.0, 71.406536967272572 ], [ -55.83468, 71.65444 ], [ -54.71819, 72.58625 ] ] ] ] } },
{ "type": "Feature", "properties": { "id": null, "Zone": "вечные снега и льды", "layer": "northamerica", "path": "D:/kurse4/semestr7/Diplom/diplom3/data/northamerica.shp" }, "geometry": { "type": "MultiPolygon", "coordinates": [ [ [ [ -59.445735188219345, 81.05537798222467 ], [ -57.568559561852446, 81.294291243762274 ], [ -53.54116458164706, 80.406899129479726 ], [ -50.742466375063657, 80.406899129479726 ], [ -47.261158849801383, 80.611681925083388 ], [ -43.984634120142765, 79.929072606404517 ], [ -41.629631970700693, 80.078393394865685 ], [ -41.254196845427252, 80.270377265743946 ], [ -40.912892186087873, 80.89752457728035 ], [ -40.366804731144711, 81.362552175630157 ], [ -39.274629821258564, 81.767851458595914 ], [ -38.045933047636524, 81.976900562441145 ], [ -36.151692188302697, 82.279808447605078 ], [ -34.769408317977906, 82.249944289912705 ], [ -34.018538067431201, 81.972634254199576 ], [ -33.335928748752259, 81.226030311894377 ], [ -31.83418824765873, 80.270377265743946 ], [ -25.758965311416716, 79.792550742668737 ], [ -23.096788968569086, 79.656028878932958 ], [ -22.499505814725122, 79.310457911351932 ], [ -22.414179649890201, 78.632114900914644 ], [ -22.960267104833306, 77.744722786632096 ], [ -24.666790401530506, 75.423851103123923 ], [ -26.578096493831367, 73.034718487747838 ], [ -29.786360291622096, 71.055151463579094 ], [ -32.516797566337608, 69.826454689957117 ], [ -36.74897534214665, 68.597757916335127 ], [ -40.725174623451181, 66.921098777330343 ], [ -41.663762436634578, 66.208625300959056 ], [ -43.882242722340926, 63.375796628441726 ], [ -44.667243438821636, 62.147099854819743 ], [ -45.281591825632688, 61.716202722403906 ], [ -45.998331610245444, 61.601012399876645 ], [ -46.629745230023474, 61.630876557569046 ], [ -47.431811179471097, 61.771664729546409 ], [ -49.172464942102238, 63.102752900970216 ], [ -50.196378920120551, 64.741015265799533 ], [ -50.674205443195767, 66.993626017439823 ], [ -50.298770317922383, 69.212106303146186 ], [ -50.230509386054493, 70.406672610834221 ], [ -51.390945227808587, 71.635369384456197 ], [ -51.937032682751685, 73.614936408624899 ], [ -53.780077843184657, 75.253198773454201 ], [ -57.39790723218271, 76.9597220701514 ], [ -60.810953825577101, 77.505809525094506 ], [ -62.210302928868884, 77.518608449819851 ], [ -63.063564577217406, 77.642331388830286 ], [ -63.40486923655692, 77.842847876192323 ], [ -63.507260634358758, 78.28654393333359 ], [ -63.336608304688951, 78.939289094320145 ], [ -63.029434111283543, 79.634697337724376 ], [ -62.585738054142183, 80.031464004206356 ], [ -61.527693610190006, 80.624480849808748 ], [ -59.445735188219345, 81.05537798222467 ] ] ] ] } },
{ "type": "Feature", "properties": { "id": null, "Zone": "вечные снега и льды", "layer": "northamerica", "path": "D:/kurse4/semestr7/Diplom/diplom3/data/northamerica.shp" }, "geometry": { "type": "MultiPolygon", "coordinates": [ [ [ [ -94.73542, 81.20646 ], [ -92.449895746343131, 80.97005181738983 ], [ -91.152938040853257, 80.45809482838068 ], [ -90.538589654042269, 80.372768663545813 ], [ -89.258697181519366, 80.16798586794215 ], [ -88.593153095807466, 80.048529237173355 ], [ -87.876413311194639, 79.843746441569692 ], [ -87.552173884822167, 79.638963645966015 ], [ -87.620434816690064, 79.297658986626587 ], [ -87.910543777128581, 79.075810958055953 ], [ -89.03535, 78.28723 ], [ -90.80436, 78.21533 ], [ -92.87669, 78.34333 ], [ -93.95116, 78.75099 ], [ -93.93574, 79.11373 ], [ -93.14524, 79.3801 ], [ -94.974, 79.37248 ], [ -96.07614, 79.70502 ], [ -96.70972, 80.15777 ], [ -96.01644, 80.60233 ], [ -95.32345, 80.90729 ], [ -94.29843, 80.97727 ], [ -94.73542, 81.20646 ] ] ] ] } },
{ "type": "Feature", "properties": { "id": null, "Zone": "арктических пустынь", "layer": "northamerica", "path": "D:/kurse4/semestr7/Diplom/diplom3/data/northamerica.shp" }, "geometry": { "type": "MultiPolygon", "coordinates": [ [ [ [ -94.73542, 81.20646 ], [ -92.40984, 81.25739 ], [ -91.13289, 80.72345 ], [ -89.45, 80.509322033898314 ], [ -87.81, 80.32 ], [ -87.02, 79.66 ], [ -85.81435, 79.3369 ], [ -87.18756, 79.0393 ], [ -89.03535, 78.28723 ], [ -87.910543777128581, 79.075810958055953 ], [ -87.620434816690064, 79.297658986626587 ], [ -87.552173884822167, 79.638963645966015 ], [ -87.876413311194639, 79.843746441569692 ], [ -88.593153095807466, 80.048529237173355 ], [ -89.258697181519366, 80.16798586794215 ], [ -90.538589654042269, 80.372768663545813 ], [ -91.152938040853257, 80.45809482838068 ], [ -92.449895746343131, 80.97005181738983 ], [ -94.73542, 81.20646 ] ] ] ] } },
{ "type": "Feature", "properties": { "id": null, "Zone": "вечные снега и льды", "layer": "northamerica", "path": "D:/kurse4/semestr7/Diplom/diplom3/data/northamerica.shp" }, "geometry": { "type": "MultiPolygon", "coordinates": [ [ [ [ -84.446301484833313, 82.24994428991269 ], [ -83.610105069451691, 82.062226727276013 ], [ -83.30293087604619, 81.908639630573262 ], [ -83.110947005167759, 81.733720992661787 ], [ -83.046952381541601, 81.503340347607676 ], [ -83.059751306266833, 81.336954326179693 ], [ -83.149343779343454, 81.208965078927406 ], [ -83.28159933483748, 81.110839989367392 ], [ -83.533311521100302, 81.021247516290771 ], [ -83.86608356395628, 80.931655043214178 ], [ -84.173257757361768, 80.867660419587963 ], [ -86.084563849662629, 80.78233425475311 ], [ -86.698912236473603, 80.799399487720123 ], [ -86.861031949659832, 80.816464720687094 ], [ -86.971955963945163, 80.901790885521919 ], [ -87.065814745263495, 81.012714899807264 ], [ -87.091412594713958, 81.166301996510029 ], [ -87.070081053505248, 81.319889093212765 ], [ -87.04021689581306, 81.44787834046501 ], [ -87.001820121637351, 81.588666512442572 ], [ -86.9463581144947, 81.678258985519179 ], [ -86.852499333176354, 81.759318842112293 ], [ -86.775705784824979, 81.797715616287988 ], [ -86.255216179332336, 81.976900562441145 ], [ -85.623802559554377, 82.198748591011835 ], [ -84.975323706809448, 82.301139988813617 ], [ -84.446301484833313, 82.24994428991269 ] ] ] ] } },
{ "type": "Feature", "properties": { "id": null, "Zone": "вечные снега и льды", "layer": "northamerica", "path": "D:/kurse4/semestr7/Diplom/diplom3/data/northamerica.shp" }, "geometry": { "type": "MultiPolygon", "coordinates": [ [ [ [ -75.964880700248258, 82.437661852549397 ], [ -73.678139482674013, 82.267009522879675 ], [ -73.063791095863067, 82.26274321463805 ], [ -71.562050594769488, 82.471792318483338 ], [ -68.29832478983613, 82.813096977822894 ], [ -67.705307944233837, 82.813096977822781 ], [ -67.462128374454508, 82.766167587163693 ], [ -67.359736976652684, 82.693640347054071 ], [ -67.308541277751758, 82.557118483318305 ], [ -67.334139127202221, 82.360868304198135 ], [ -67.376802209619655, 82.254210598154543 ], [ -67.500525148630174, 82.198748591011793 ], [ -69.275309377195256, 81.755052533870511 ], [ -71.08422407169428, 81.20896507892742 ], [ -72.432377476085094, 80.897524577280294 ], [ -73.029660629929083, 80.833529953654036 ], [ -76.476837689257422, 80.833529953654036 ], [ -79.207274963972935, 80.833529953654036 ], [ -81.0503201244059, 81.106573681125582 ], [ -81.545211880448065, 81.243095544861376 ], [ -81.647603278249903, 81.375351100355388 ], [ -81.681733744183845, 81.550269738266877 ], [ -81.690266360667337, 81.750786225628772 ], [ -81.630538045282947, 81.925704863540233 ], [ -81.468418332096704, 82.139020275627374 ], [ -81.220972454075593, 82.198748591011807 ], [ -80.435971737594912, 82.301139988813617 ], [ -78.422274247492226, 82.403531386615455 ], [ -75.964880700248258, 82.437661852549397 ] ], [ [ -81.468418332096704, 82.139020275627374 ], [ -81.630538045282947, 81.925704863540233 ], [ -81.690266360667337, 81.750786225628772 ], [ -81.681733744183845, 81.550269738266877 ], [ -81.647603278249903, 81.375351100355388 ], [ -81.545211880448065, 81.243095544861376 ], [ -81.0503201244059, 81.106573681125582 ], [ -79.207274963972935, 80.833529953654036 ], [ -76.476837689257422, 80.833529953654036 ], [ -73.029660629929083, 80.833529953654036 ], [ -72.432377476085094, 80.897524577280294 ], [ -71.08422407169428, 81.20896507892742 ], [ -69.275309377195256, 81.755052533870511 ], [ -67.500525148630174, 82.198748591011793 ], [ -67.376802209619655, 82.254210598154543 ], [ -67.334139127202221, 82.360868304198135 ], [ -67.308541277751758, 82.557118483318305 ], [ -67.359736976652684, 82.693640347054071 ], [ -67.462128374454508, 82.766167587163693 ], [ -67.705307944233837, 82.813096977822781 ], [ -68.29832478983613, 82.813096977822894 ], [ -71.562050594769488, 82.471792318483338 ], [ -73.063791095863067, 82.26274321463805 ], [ -73.678139482674013, 82.267009522879675 ], [ -75.964880700248258, 82.437661852549397 ], [ -78.422274247492226, 82.403531386615455 ], [ -80.435971737594912, 82.301139988813617 ], [ -81.468418332096704, 82.139020275627374 ] ] ] ] } },
{ "type": "Feature", "properties": { "id": null, "Zone": "вечные снега и льды", "layer": "northamerica", "path": "D:/kurse4/semestr7/Diplom/diplom3/data/northamerica.shp" }, "geometry": { "type": "MultiPolygon", "coordinates": [ [ [ [ -77.705534462879399, 79.946137839371488 ], [ -77.551947366176634, 79.536572248164191 ], [ -77.5092842837592, 79.254995904209153 ], [ -77.654338763978473, 78.973419560254086 ], [ -77.876186792549106, 78.794234614100915 ], [ -79.804558117816953, 77.983636048169714 ], [ -80.517031594188055, 77.753255403115716 ], [ -81.203907221108651, 77.625266155863301 ], [ -81.57507603814031, 77.599668306412966 ], [ -81.895049156271014, 77.625266155863329 ], [ -82.210755966160008, 77.676461854764312 ], [ -82.475267077148061, 77.830048951467006 ], [ -82.671517256268231, 78.01776651410367 ], [ -82.756843421103099, 78.222549309707404 ], [ -82.756843421103099, 78.418799488827531 ], [ -82.603256324400348, 78.71744106574954 ], [ -82.330212596928789, 78.9904847932211 ], [ -81.869451306820551, 79.348854685527471 ], [ -81.404423708470588, 79.613365796515637 ], [ -79.906949515618777, 80.031464004206356 ], [ -78.865970304633493, 80.321572964644872 ], [ -78.200426218921564, 80.261844649260496 ], [ -77.918849874966526, 80.142388018491701 ], [ -77.705534462879399, 79.946137839371488 ] ] ] ] } },
{ "type": "Feature", "properties": { "id": null, "Zone": "вечные снега и льды", "layer": "northamerica", "path": "D:/kurse4/semestr7/Diplom/diplom3/data/northamerica.shp" }, "geometry": { "type": "MultiPolygon", "coordinates": [ [ [ [ -85.487280695818612, 77.283961496523858 ], [ -85.209970660105341, 77.228499489381292 ], [ -85.009454172743403, 77.147439632788092 ], [ -84.885731233732869, 77.066379776195049 ], [ -84.838801843073682, 76.94265683718443 ], [ -84.855867076040667, 76.857330672349647 ], [ -84.907062774941565, 76.772004507514708 ], [ -85.009454172743418, 76.678145726196433 ], [ -85.175840194171386, 76.622683719053782 ], [ -85.342226215599368, 76.584286944878087 ], [ -85.521411161752553, 76.584286944878016 ], [ -86.289346645266292, 76.66961310971287 ], [ -87.057282128780031, 76.772004507514708 ], [ -87.159673526581884, 76.818933898173967 ], [ -87.215135533724535, 76.899993754767081 ], [ -87.240733383174998, 76.99811884432718 ], [ -87.227934458449752, 77.096243933887166 ], [ -87.172472451307115, 77.241298414106524 ], [ -87.057282128780031, 77.335157195424785 ], [ -86.856765641418136, 77.416217052017984 ], [ -86.647716537572705, 77.437548593226609 ], [ -85.487280695818612, 77.283961496523858 ] ] ] ] } },
{ "type": "Feature", "properties": { "id": null, "Zone": "вечные снега и льды", "layer": "northamerica", "path": "D:/kurse4/semestr7/Diplom/diplom3/data/northamerica.shp" }, "geometry": { "type": "MultiPolygon", "coordinates": [ [ [ [ -80.521297902429779, 76.925591604217459 ], [ -80.2866509491339, 76.840265439382591 ], [ -80.197058476057308, 76.703743575646811 ], [ -80.235455250232988, 76.584286944878002 ], [ -80.350645572760058, 76.498960780043149 ], [ -80.623689300231604, 76.422167231691787 ], [ -81.016189658471959, 76.447765081142236 ], [ -81.647603278249932, 76.567221711911046 ], [ -82.517930159565495, 76.686678342679841 ], [ -83.149343779343454, 76.831732822899113 ], [ -83.362659191430609, 76.917058987733981 ], [ -83.439452739781984, 77.062113467953225 ], [ -83.354126574947117, 77.198635331689019 ], [ -83.115213313409512, 77.232765797622946 ], [ -81.954777471655419, 77.164504865755063 ], [ -80.521297902429779, 76.925591604217459 ] ] ] ] } },
{ "type": "Feature", "properties": { "id": null, "Zone": "арктических пустынь", "layer": "northamerica", "path": "D:/kurse4/semestr7/Diplom/diplom3/data/northamerica.shp" }, "geometry": { "type": "MultiPolygon", "coordinates": [ [ [ [ -91.58702, 81.89429 ], [ -90.1, 82.085 ], [ -88.93227, 82.11751 ], [ -86.97024, 82.27961 ], [ -85.5, 82.652273458057024 ], [ -84.260005, 82.6 ], [ -83.18, 82.32 ], [ -82.42, 82.86 ], [ -81.1, 83.02 ], [ -79.30664, 83.13056 ], [ -76.25, 83.172058823529412 ], [ -75.71878, 83.06404 ], [ -72.83153, 83.23324 ], [ -70.665765, 83.169780758382842 ], [ -68.5, 83.106321516765718 ], [ -65.82735, 83.02801 ], [ -63.68, 82.9 ], [ -61.85, 82.6286 ], [ -61.89388, 82.36165 ], [ -64.334, 81.92775 ], [ -66.75342, 81.72527 ], [ -67.65755, 81.50141 ], [ -65.48031, 81.50657 ], [ -67.84, 80.9 ], [ -69.4697, 80.61683 ], [ -71.18, 79.8 ], [ -73.2428, 79.63415 ], [ -73.88, 79.430162204802059 ], [ -76.90773, 79.32309 ], [ -75.52924, 79.19766 ], [ -76.22046, 79.01907 ], [ -75.39345, 78.52581 ], [ -76.34354, 78.18296 ], [ -77.88851, 77.89991 ], [ -78.36269, 77.50859 ], [ -79.75951, 77.20968 ], [ -79.61965, 76.98336 ], [ -77.91089, 77.022045 ], [ -77.88911, 76.777955 ], [ -80.56125, 76.17812 ], [ -83.17439, 76.45403 ], [ -86.11184, 76.29901 ], [ -87.6, 76.42 ], [ -89.49068, 76.47239 ], [ -89.6161, 76.95213 ], [ -87.76739, 77.17833 ], [ -88.26, 77.9 ], [ -87.65, 77.970222222222233 ], [ -84.97634, 77.53873 ], [ -86.34, 78.18 ], [ -87.96192, 78.37181 ], [ -87.15198, 78.75867 ], [ -85.37868, 78.9969 ], [ -85.09495, 79.34543 ], [ -86.50734, 79.73624 ], [ -86.93179, 80.25145 ], [ -84.19844, 80.20836 ], [ -83.40869565217389, 80.1 ], [ -81.84823, 80.46442 ], [ -84.1, 80.58 ], [ -87.59895, 80.51627 ], [ -89.36663, 80.85569 ], [ -90.2, 81.26 ], [ -91.36786, 81.5531 ], [ -91.58702, 81.89429 ] ], [ [ -84.975323706809448, 82.301139988813617 ], [ -85.623802559554377, 82.198748591011835 ], [ -86.255216179332336, 81.976900562441145 ], [ -86.775705784824979, 81.797715616287988 ], [ -86.852499333176354, 81.759318842112293 ], [ -86.9463581144947, 81.678258985519179 ], [ -87.001820121637351, 81.588666512442572 ], [ -87.04021689581306, 81.44787834046501 ], [ -87.070081053505248, 81.319889093212765 ], [ -87.091412594713958, 81.166301996510029 ], [ -87.065814745263495, 81.012714899807264 ], [ -86.971955963945163, 80.901790885521919 ], [ -86.861031949659832, 80.816464720687094 ], [ -86.698912236473603, 80.799399487720123 ], [ -86.084563849662629, 80.78233425475311 ], [ -84.173257757361768, 80.867660419587963 ], [ -83.86608356395628, 80.931655043214178 ], [ -83.533311521100302, 81.021247516290771 ], [ -83.28159933483748, 81.110839989367392 ], [ -83.149343779343454, 81.208965078927406 ], [ -83.059751306266833, 81.336954326179693 ], [ -83.046952381541601, 81.503340347607676 ], [ -83.110947005167759, 81.733720992661787 ], [ -83.30293087604619, 81.908639630573262 ], [ -83.610105069451691, 82.062226727276013 ], [ -84.446301484833313, 82.24994428991269 ], [ -84.975323706809448, 82.301139988813617 ] ], [ [ -81.404423708470588, 79.613365796515637 ], [ -81.869451306820551, 79.348854685527471 ], [ -82.330212596928789, 78.9904847932211 ], [ -82.603256324400348, 78.71744106574954 ], [ -82.756843421103099, 78.418799488827531 ], [ -82.756843421103099, 78.222549309707404 ], [ -82.671517256268231, 78.01776651410367 ], [ -82.475267077148061, 77.830048951467006 ], [ -82.210755966160008, 77.676461854764312 ], [ -81.895049156271014, 77.625266155863329 ], [ -81.57507603814031, 77.599668306412966 ], [ -81.203907221108651, 77.625266155863301 ], [ -80.517031594188055, 77.753255403115716 ], [ -79.804558117816953, 77.983636048169714 ], [ -77.876186792549106, 78.794234614100915 ], [ -77.654338763978473, 78.973419560254086 ], [ -77.5092842837592, 79.254995904209153 ], [ -77.551947366176634, 79.536572248164191 ], [ -77.705534462879399, 79.946137839371488 ], [ -77.918849874966526, 80.142388018491701 ], [ -78.200426218921564, 80.261844649260496 ], [ -78.865970304633493, 80.321572964644872 ], [ -79.906949515618777, 80.031464004206356 ], [ -81.404423708470588, 79.613365796515637 ] ], [ [ -83.354126574947117, 77.198635331689019 ], [ -83.439452739781984, 77.062113467953225 ], [ -83.362659191430609, 76.917058987733981 ], [ -83.149343779343454, 76.831732822899113 ], [ -82.517930159565495, 76.686678342679841 ], [ -81.647603278249932, 76.567221711911046 ], [ -81.016189658471959, 76.447765081142236 ], [ -80.623689300231604, 76.422167231691787 ], [ -80.350645572760058, 76.498960780043149 ], [ -80.235455250232988, 76.584286944878002 ], [ -80.197058476057308, 76.703743575646811 ], [ -80.2866509491339, 76.840265439382591 ], [ -80.521297902429779, 76.925591604217459 ], [ -81.954777471655419, 77.164504865755063 ], [ -83.115213313409512, 77.232765797622946 ], [ -83.354126574947117, 77.198635331689019 ] ], [ [ -86.647716537572705, 77.437548593226609 ], [ -86.856765641418136, 77.416217052017984 ], [ -87.057282128780031, 77.335157195424785 ], [ -87.172472451307115, 77.241298414106524 ], [ -87.227934458449752, 77.096243933887166 ], [ -87.240733383174998, 76.99811884432718 ], [ -87.215135533724535, 76.899993754767081 ], [ -87.159673526581884, 76.818933898173967 ], [ -87.057282128780031, 76.772004507514708 ], [ -86.289346645266292, 76.66961310971287 ], [ -85.521411161752553, 76.584286944878016 ], [ -85.342226215599368, 76.584286944878087 ], [ -85.175840194171386, 76.622683719053782 ], [ -85.009454172743418, 76.678145726196433 ], [ -84.907062774941565, 76.772004507514708 ], [ -84.855867076040667, 76.857330672349647 ], [ -84.838801843073682, 76.94265683718443 ], [ -84.885731233732869, 77.066379776195049 ], [ -85.009454172743403, 77.147439632788092 ], [ -85.209970660105341, 77.228499489381292 ], [ -85.487280695818612, 77.283961496523858 ], [ -86.647716537572705, 77.437548593226609 ] ], [ [ -81.468418332096704, 82.139020275627374 ], [ -81.630538045282947, 81.925704863540233 ], [ -81.690266360667337, 81.750786225628772 ], [ -81.681733744183845, 81.550269738266877 ], [ -81.647603278249903, 81.375351100355388 ], [ -81.545211880448065, 81.243095544861376 ], [ -81.0503201244059, 81.106573681125582 ], [ -79.207274963972935, 80.833529953654036 ], [ -76.476837689257422, 80.833529953654036 ], [ -73.029660629929083, 80.833529953654036 ], [ -72.432377476085094, 80.897524577280294 ], [ -71.08422407169428, 81.20896507892742 ], [ -69.275309377195256, 81.755052533870511 ], [ -67.500525148630174, 82.198748591011793 ], [ -67.376802209619655, 82.254210598154543 ], [ -67.334139127202221, 82.360868304198135 ], [ -67.308541277751758, 82.557118483318305 ], [ -67.359736976652684, 82.693640347054071 ], [ -67.462128374454508, 82.766167587163693 ], [ -67.705307944233837, 82.813096977822781 ], [ -68.29832478983613, 82.813096977822894 ], [ -71.562050594769488, 82.471792318483338 ], [ -73.063791095863067, 82.26274321463805 ], [ -73.678139482674013, 82.267009522879675 ], [ -75.964880700248258, 82.437661852549397 ], [ -78.422274247492226, 82.403531386615455 ], [ -80.435971737594912, 82.301139988813617 ], [ -81.468418332096704, 82.139020275627374 ] ] ] ] } },
{ "type": "Feature", "properties": { "id": null, "Zone": "вечные снега и льды", "layer": "northamerica", "path": "D:/kurse4/semestr7/Diplom/diplom3/data/northamerica.shp" }, "geometry": { "type": "MultiPolygon", "coordinates": [ [ [ [ -81.468418332096704, 82.139020275627374 ], [ -80.435971737594912, 82.301139988813617 ], [ -78.422274247492226, 82.403531386615455 ], [ -75.964880700248258, 82.437661852549397 ], [ -73.678139482674013, 82.267009522879675 ], [ -73.063791095863067, 82.26274321463805 ], [ -71.562050594769488, 82.471792318483338 ], [ -68.29832478983613, 82.813096977822894 ], [ -67.705307944233837, 82.813096977822781 ], [ -67.462128374454508, 82.766167587163693 ], [ -67.359736976652684, 82.693640347054071 ], [ -67.308541277751758, 82.557118483318305 ], [ -67.334139127202221, 82.360868304198135 ], [ -67.376802209619655, 82.254210598154543 ], [ -67.500525148630174, 82.198748591011793 ], [ -69.275309377195256, 81.755052533870511 ], [ -71.08422407169428, 81.20896507892742 ], [ -72.432377476085094, 80.897524577280294 ], [ -73.029660629929083, 80.833529953654036 ], [ -76.476837689257422, 80.833529953654036 ], [ -79.207274963972935, 80.833529953654036 ], [ -81.0503201244059, 81.106573681125582 ], [ -81.545211880448065, 81.243095544861376 ], [ -81.647603278249903, 81.375351100355388 ], [ -81.681733744183845, 81.550269738266877 ], [ -81.690266360667337, 81.750786225628772 ], [ -81.630538045282947, 81.925704863540233 ], [ -81.468418332096704, 82.139020275627374 ] ] ] ] } },
{ "type": "Feature", "properties": { "id": null, "Zone": "арктических пустынь", "layer": "northamerica", "path": "D:/kurse4/semestr7/Diplom/diplom3/data/northamerica.shp" }, "geometry": { "type": "MultiPolygon", "coordinates": [ [ [ [ -62.65116, 81.77042 ], [ -60.28249, 82.03363 ], [ -57.20744, 82.19074 ], [ -54.13442, 82.19962 ], [ -53.04328, 81.88833 ], [ -50.39061, 82.43883 ], [ -48.00386, 82.06481 ], [ -46.59984, 81.985945 ], [ -44.523, 81.6607 ], [ -46.9007, 82.19979 ], [ -46.76379, 82.62796 ], [ -43.40644, 83.22516 ], [ -39.89753, 83.18018 ], [ -38.62214, 83.54905 ], [ -35.08787, 83.64513 ], [ -27.10046, 83.51966 ], [ -20.84539, 82.72669 ], [ -22.69182, 82.34165 ], [ -26.51753, 82.29765 ], [ -31.9, 82.2 ], [ -31.39646, 82.02154 ], [ -27.85666, 82.13178 ], [ -24.84448, 81.78697 ], [ -22.90328, 82.09317 ], [ -22.07175, 81.73449 ], [ -23.16961, 81.15271 ], [ -20.62363, 81.52462 ], [ -15.76818, 81.91245 ], [ -12.77018, 81.71885 ], [ -12.20855, 81.29154 ], [ -16.28533, 80.58004 ], [ -16.85, 80.35 ], [ -20.04624, 80.17708 ], [ -17.73035, 80.12912 ], [ -18.9, 79.4 ], [ -19.70499, 78.75128 ], [ -19.67353, 77.63859 ], [ -18.47285, 76.98565 ], [ -20.03503, 76.94434 ], [ -21.67944, 76.62795 ], [ -19.83407, 76.09808 ], [ -19.59896, 75.24838 ], [ -20.66818, 75.15585 ], [ -19.37281, 74.29561 ], [ -21.59422, 74.22382 ], [ -20.43454, 73.81713 ], [ -20.76234, 73.46436 ], [ -22.17221, 73.30955 ], [ -23.56593, 73.30663 ], [ -22.31311, 72.62928 ], [ -22.29954, 72.18409 ], [ -24.27834, 72.59788 ], [ -24.79296, 72.3302 ], [ -23.44296, 72.08016 ], [ -22.13281, 71.46898 ], [ -21.75356, 70.66369 ], [ -23.53603, 70.471 ], [ -24.30702, 70.85649 ], [ -25.54341, 71.43094 ], [ -25.20135, 70.75226 ], [ -26.36276, 70.22646 ], [ -23.72742, 70.18401 ], [ -22.34902, 70.12946 ], [ -25.02927, 69.2588 ], [ -27.74737, 68.47046 ], [ -30.67371, 68.12503 ], [ -31.77665, 68.12078 ], [ -32.81105, 67.73547 ], [ -34.20196, 66.67974 ], [ -36.35284, 65.9789 ], [ -37.04378, 65.93768 ], [ -38.37505, 65.69213 ], [ -39.81222, 65.45848 ], [ -40.66899, 64.83997 ], [ -40.68281, 64.13902 ], [ -41.1887, 63.48246 ], [ -42.81938, 62.68233 ], [ -42.41666, 61.90093 ], [ -42.86619, 61.07404 ], [ -43.3784, 60.09772 ], [ -47.431811179471097, 61.771664729546409 ], [ -46.629745230023474, 61.630876557569046 ], [ -45.998331610245444, 61.601012399876645 ], [ -45.281591825632688, 61.716202722403906 ], [ -44.667243438821636, 62.147099854819743 ], [ -43.882242722340926, 63.375796628441726 ], [ -41.663762436634578, 66.208625300959056 ], [ -40.725174623451181, 66.921098777330343 ], [ -36.74897534214665, 68.597757916335127 ], [ -32.516797566337608, 69.826454689957117 ], [ -29.786360291622096, 71.055151463579094 ], [ -26.578096493831367, 73.034718487747838 ], [ -24.666790401530506, 75.423851103123923 ], [ -22.960267104833306, 77.744722786632096 ], [ -22.414179649890201, 78.632114900914644 ], [ -22.499505814725122, 79.310457911351932 ], [ -23.096788968569086, 79.656028878932958 ], [ -25.758965311416716, 79.792550742668737 ], [ -31.83418824765873, 80.270377265743946 ], [ -33.335928748752259, 81.226030311894377 ], [ -34.018538067431201, 81.972634254199576 ], [ -34.769408317977906, 82.249944289912705 ], [ -36.151692188302697, 82.279808447605078 ], [ -38.045933047636524, 81.976900562441145 ], [ -39.274629821258564, 81.767851458595914 ], [ -40.366804731144711, 81.362552175630157 ], [ -40.912892186087873, 80.89752457728035 ], [ -41.254196845427252, 80.270377265743946 ], [ -41.629631970700693, 80.078393394865685 ], [ -43.984634120142765, 79.929072606404517 ], [ -47.261158849801383, 80.611681925083388 ], [ -50.742466375063657, 80.406899129479726 ], [ -53.54116458164706, 80.406899129479726 ], [ -57.568559561852446, 81.294291243762274 ], [ -59.445735188219345, 81.05537798222467 ], [ -61.527693610190006, 80.624480849808748 ], [ -62.585738054142183, 80.031464004206356 ], [ -63.029434111283543, 79.634697337724376 ], [ -63.336608304688951, 78.939289094320145 ], [ -63.507260634358758, 78.28654393333359 ], [ -63.40486923655692, 77.842847876192323 ], [ -63.063564577217406, 77.642331388830286 ], [ -62.210302928868884, 77.518608449819851 ], [ -60.810953825577101, 77.505809525094506 ], [ -57.39790723218271, 76.9597220701514 ], [ -53.780077843184657, 75.253198773454201 ], [ -51.937032682751685, 73.614936408624899 ], [ -51.390945227808587, 71.635369384456197 ], [ -54.71819, 72.58625 ], [ -55.32634, 72.95861 ], [ -56.12003, 73.64977 ], [ -57.32363, 74.71026 ], [ -58.59679, 75.09861 ], [ -58.58516, 75.51727 ], [ -61.26861, 76.10238 ], [ -63.39165, 76.1752 ], [ -66.06427, 76.13486 ], [ -68.50438, 76.06141 ], [ -69.66485, 76.37975 ], [ -71.40257, 77.00857 ], [ -68.77671, 77.32312 ], [ -66.76397, 77.37595 ], [ -71.04293, 77.63595 ], [ -73.297, 78.04419 ], [ -73.15938, 78.43271 ], [ -69.37345, 78.91388 ], [ -65.7107, 79.39436 ], [ -65.3239, 79.75814 ], [ -68.02298, 80.11721 ], [ -67.15129, 80.51582 ], [ -63.68925, 81.21396 ], [ -62.23444, 81.3211 ], [ -62.65116, 81.77042 ] ] ] ] } },
{ "type": "Feature", "properties": { "id": null, "Zone": "полупустынь и пустынь", "layer": "southamerica", "path": "D:/kurse4/semestr7/Diplom/diplom3/data/southamerica.shp" }, "geometry": { "type": "MultiPolygon", "coordinates": [ [ [ [ -80.583370327461267, -0.906662692878683 ], [ -80.028118614556007, -0.974286348009982 ], [ -79.41127033209834, -0.974286348009982 ], [ -79.421551136805959, -1.519168997514257 ], [ -79.380427917975453, -2.002366818772765 ], [ -79.329023894437313, -2.413599007077878 ], [ -79.246777456776286, -2.691180734183829 ], [ -79.298181480314426, -2.958481656582153 ], [ -79.57576320742038, -3.369713844887266 ], [ -80.161769075755174, -4.109931783836469 ], [ -80.442241990872162, -4.425724379090674 ], [ -80.593562873475534, -4.788464894539906 ], [ -80.675809311136561, -5.024923402815346 ], [ -80.573001264060281, -5.24082030167553 ], [ -80.274857927539074, -5.312785934628924 ], [ -80.110365052217034, -5.42587478641283 ], [ -79.740256082742405, -5.857668584133202 ], [ -79.370147113267805, -6.587605718374777 ], [ -78.907510901424558, -7.564282165599421 ], [ -78.485997908411818, -8.592362636362203 ], [ -77.509321461187142, -10.4017842649047 ], [ -76.460679381009101, -12.396260378184497 ], [ -75.597091785568352, -13.629956943099836 ], [ -74.754065799542872, -14.616914195032107 ], [ -73.479246015797031, -15.480501790472845 ], [ -72.081056575559657, -16.15903490117628 ], [ -71.052976104796869, -16.837568011879718 ], [ -70.312758165847669, -17.680593997905198 ], [ -69.675348273974748, -18.749797687498493 ], [ -69.428608960991667, -19.962932642998574 ], [ -69.428608960991667, -21.648984615049542 ], [ -69.695909883389959, -24.712664417922646 ], [ -69.901525977542519, -26.851071797109235 ], [ -70.580059088245946, -29.4623961928467 ], [ -71.48989437527645, -28.861442152625923 ], [ -70.905123867461612, -27.640379734001247 ], [ -70.724953986275992, -25.705924167587256 ], [ -70.403965827095021, -23.628996677344574 ], [ -70.091245897080739, -21.393319187101259 ], [ -70.164419725206045, -19.756468194256165 ], [ -70.372572394477714, -18.347975355708869 ], [ -71.375250210236928, -17.773798516513857 ], [ -71.462040778271131, -17.363487644116383 ], [ -73.444529588500416, -16.359362888252996 ], [ -75.237882656541444, -15.265682875227782 ], [ -76.009205084929945, -14.649286390850321 ], [ -76.423469204397747, -13.823186944232432 ], [ -76.25924150257417, -13.535039157772943 ], [ -77.106192389621839, -12.22271615972082 ], [ -78.092152879534638, -10.377712497604065 ], [ -79.036953091126946, -8.386567884965892 ], [ -79.445920376284846, -7.93083342858386 ], [ -79.760578172510051, -7.194340915560084 ], [ -80.537481655586078, -6.541667575713717 ], [ -81.249996304026425, -6.136834405139183 ], [ -80.926346808582437, -5.690556735866565 ], [ -81.410942552399462, -4.736764825055459 ], [ -81.099669562489368, -4.036394138203697 ], [ -80.302560594387216, -3.404856459164713 ], [ -79.770293341780928, -2.65751189535964 ], [ -79.986559210922422, -2.220794366061014 ], [ -80.368783942369248, -2.685158786635788 ], [ -80.967765469064361, -2.246942640800704 ], [ -80.764806281238037, -1.965047702648533 ], [ -80.933659023751716, -1.057454522306358 ], [ -80.583370327461267, -0.906662692878683 ] ] ] ] } },
{ "type": "Feature", "properties": { "id": null, "Zone": "степей (пампа)", "layer": "southamerica", "path": "D:/kurse4/semestr7/Diplom/diplom3/data/southamerica.shp" }, "geometry": { "type": "MultiPolygon", "coordinates": [ [ [ [ -70.26748, -52.93123 ], [ -69.34565, -52.5183 ], [ -68.634010227583232, -52.636370458874488 ], [ -68.25, -53.1 ], [ -67.75, -53.85 ], [ -67.187393534728727, -54.095204272322967 ], [ -67.979015497216068, -54.259697147645014 ], [ -68.739795045580522, -54.18773151469162 ], [ -69.243554476254289, -53.95127300641618 ], [ -70.26748, -52.93123 ] ] ] ] } },
{ "type": "Feature", "properties": { "id": null, "Zone": "степей (пампа)", "layer": "southamerica", "path": "D:/kurse4/semestr7/Diplom/diplom3/data/southamerica.shp" }, "geometry": { "type": "MultiPolygon", "coordinates": [ [ [ [ -69.942779507106195, -52.537930590373222 ], [ -70.8451016913546, -52.899200528525711 ], [ -71.567016340178142, -51.997920111966863 ], [ -72.009090942606136, -50.980120445911709 ], [ -72.132460599097669, -50.147375264593855 ], [ -72.111898989682416, -48.73890501964884 ], [ -71.906282895529841, -47.309873165288579 ], [ -71.844598067284082, -46.610778445169885 ], [ -71.988529333190868, -45.736910045021517 ], [ -72.122179794390036, -45.15090417668673 ], [ -72.183864622635795, -44.472371065983296 ], [ -72.173583817928176, -43.845241978817995 ], [ -72.235268646173935, -43.012496797500148 ], [ -72.461446349741749, -42.282559663258567 ], [ -72.111898989682402, -42.405929319750101 ], [ -71.854878871991701, -42.693791851563681 ], [ -71.628701168423888, -43.022777602207775 ], [ -71.536173926055241, -43.475133009343395 ], [ -71.556735535470494, -44.575179113059576 ], [ -71.552009446891276, -45.560732924177103 ], [ -71.552009446891276, -45.560732924177103 ], [ -71.063256909504375, -46.004210967419858 ], [ -70.652024721199254, -46.415443155724972 ], [ -70.446408627046708, -46.826675344030086 ], [ -70.446408627046708, -47.176222704089433 ], [ -70.693147940029789, -48.060371908945413 ], [ -71.10438012833491, -49.211822036199734 ], [ -71.10438012833491, -50.178217678716749 ], [ -70.878202424767096, -51.103490102403249 ], [ -69.942779507106195, -52.537930590373222 ] ] ] ] } },
{ "type": "Feature", "properties": { "id": null, "Zone": "степей (пампа)", "layer": "southamerica", "path": "D:/kurse4/semestr7/Diplom/diplom3/data/southamerica.shp" }, "geometry": { "type": "MultiPolygon", "coordinates": [ [ [ [ -50.275469790680923, -30.295141374164512 ], [ -50.696874152211485, -30.98446502047296 ], [ -51.576226162306156, -31.777698256153212 ], [ -52.256081305538046, -32.24536996839467 ], [ -52.712099982297694, -33.196578057591182 ], [ -53.373661668498244, -33.768377780900764 ], [ -53.806425950726535, -34.396814874002231 ], [ -54.93586605489773, -34.952646579733624 ], [ -55.674089728403288, -34.752658786764073 ], [ -56.215297003796067, -34.859835707337417 ], [ -57.139685024633103, -34.430456231424245 ], [ -57.81786068381551, -34.462547295877499 ], [ -58.427074144104388, -33.909454441057576 ], [ -58.495442064026548, -34.431489760070079 ], [ -57.225829637263658, -35.288026625307879 ], [ -57.36235877137878, -35.977390232081476 ], [ -56.737487352105447, -36.413125909166553 ], [ -56.78828528504836, -36.901571547189334 ], [ -57.749156867083457, -38.183870538079887 ], [ -59.231857062401893, -38.720220228837235 ], [ -61.237445237865643, -38.928424574541197 ], [ -62.335956997310127, -38.827707208004334 ], [ -62.125763108962936, -39.424104913084847 ], [ -62.330530971919494, -40.172586358400338 ], [ -62.145994432205214, -40.676896661136723 ], [ -62.745802781816984, -41.028761488612098 ], [ -63.126475675215744, -40.966616660682163 ], [ -63.825570395334438, -40.57594608179231 ], [ -65.223759835571826, -39.959097799334636 ], [ -66.107909040427813, -39.342249516876969 ], [ -66.2518403063346, -38.602031577927761 ], [ -66.765880541716001, -37.779567201317533 ], [ -67.135989511190601, -37.059910871783586 ], [ -67.074304682944828, -35.846775916283505 ], [ -66.827565369961761, -34.900941883181744 ], [ -66.169593868673587, -33.811176584173197 ], [ -64.935897303758239, -32.659726456918875 ], [ -64.08259051302511, -31.528837939079818 ], [ -63.78444717650391, -30.76805839071536 ], [ -63.856412809457304, -30.254018155333966 ], [ -64.154556145978518, -29.945594014105133 ], [ -62.581593025711456, -29.945594014105133 ], [ -62.046991180914809, -29.986717232935643 ], [ -61.748847844393602, -30.140929303550063 ], [ -61.419862093749508, -30.685811953054337 ], [ -60.895541053660487, -31.559680353202701 ], [ -60.648801740677392, -31.703611619109523 ], [ -60.484308865355345, -31.662488400279013 ], [ -59.980549434681578, -31.374625868465436 ], [ -59.12724264394847, -30.778339195423023 ], [ -58.38702470499927, -30.192333327088235 ], [ -58.109442977893323, -30.007278842350935 ], [ -57.790738031956863, -29.966155623520422 ], [ -57.513156304850909, -30.058682865889072 ], [ -56.639287904702549, -30.418511030656045 ], [ -55.642049848062648, -30.521319077732326 ], [ -54.048525118380333, -30.613846320100976 ], [ -52.331630732206492, -30.531599882439952 ], [ -50.275469790680923, -30.295141374164512 ] ] ] ] } },
{ "type": "Feature", "properties": { "id": null, "Zone": "области высотной поясности", "layer": "southamerica", "path": "D:/kurse4/semestr7/Diplom/diplom3/data/southamerica.shp" }, "geometry": { "type": "MultiPolygon", "coordinates": [ [ [ [ -70.580059088245946, -29.4623961928467 ], [ -69.901525977542519, -26.851071797109235 ], [ -69.695909883389959, -24.712664417922646 ], [ -69.428608960991667, -21.648984615049542 ], [ -69.428608960991667, -19.962932642998574 ], [ -69.675348273974748, -18.749797687498493 ], [ -70.019429813930785, -18.172628652733511 ], [ -70.312758165847669, -17.680593997905198 ], [ -71.052976104796869, -16.837568011879718 ], [ -72.081056575559657, -16.15903490117628 ], [ -73.479246015797031, -15.480501790472845 ], [ -74.754065799542872, -14.616914195032107 ], [ -75.597091785568352, -13.629956943099836 ], [ -76.460679381009101, -12.396260378184497 ], [ -77.509321461187142, -10.4017842649047 ], [ -78.485997908411818, -8.592362636362203 ], [ -78.907510901424558, -7.564282165599421 ], [ -79.370147113267805, -6.587605718374777 ], [ -79.740256082742405, -5.857668584133202 ], [ -80.110365052217034, -5.42587478641283 ], [ -80.274857927539074, -5.312785934628924 ], [ -80.573001264060281, -5.24082030167553 ], [ -80.675809311136561, -5.024923402815346 ], [ -80.593562873475534, -4.788464894539906 ], [ -80.442241990872162, -4.425724379090674 ], [ -80.161769075755174, -4.109931783836469 ], [ -79.57576320742038, -3.369713844887266 ], [ -79.298181480314426, -2.958481656582153 ], [ -79.246777456776286, -2.691180734183829 ], [ -79.329023894437313, -2.413599007077878 ], [ -79.380427917975453, -2.002366818772765 ], [ -79.421551136805959, -1.519168997514257 ], [ -79.41127033209834, -0.974286348009982 ], [ -79.154250214407497, -0.131260361984371 ], [ -78.90751090142443, 0.423903092227533 ], [ -78.085046524814203, 1.349175515914038 ], [ -77.283143757619229, 2.41837920550733 ], [ -76.625172256331069, 3.816568645744715 ], [ -76.378432943348002, 5.173634867151588 ], [ -76.398994552763256, 5.749359930778747 ], [ -77.318815070286746, 5.84535411216136 ], [ -77.47666073272228, 6.691116441266303 ], [ -77.881571417945253, 7.223771267114785 ], [ -77.753413865861404, 7.709839789252143 ], [ -77.431107957656991, 7.638061224798734 ], [ -76.913034788144628, 8.083102599410262 ], [ -76.836673957003569, 8.638749497914716 ], [ -76.542925818670028, 8.309280302978074 ], [ -76.357871333932721, 8.165349037071284 ], [ -76.172816849195428, 8.124225818240774 ], [ -75.67933822322928, 8.268157084147564 ], [ -75.288667644339426, 8.597142834791654 ], [ -74.897997065449573, 8.720512491283188 ], [ -74.671819361881759, 8.679389272452676 ], [ -74.569011314805479, 8.268157084147564 ], [ -74.610134533636, 7.836363286427194 ], [ -74.815750627788546, 7.281199832215291 ], [ -75.165297987847893, 6.582105112096601 ], [ -75.288667644339426, 5.883010391977908 ], [ -75.206421206678414, 5.471778203672795 ], [ -74.9802435031106, 5.30728532835075 ], [ -74.548449705390226, 5.45121659425754 ], [ -74.116655907669852, 5.841887173147397 ], [ -73.808231766441025, 6.664351549757622 ], [ -73.654019695826591, 8.391526740639096 ], [ -73.767108547610505, 9.028936632512021 ], [ -73.962443837055432, 9.471011234940018 ], [ -74.168059931207992, 9.841120204414619 ], [ -74.260587173576639, 10.231790783304477 ], [ -74.250306368869005, 10.488810900995173 ], [ -74.126936712377471, 10.673865385732473 ], [ -73.849354985271532, 10.78695423751638 ], [ -73.335314749890131, 10.797235042224006 ], [ -72.872678538046884, 10.643022971609589 ], [ -72.69790485801721, 10.375722049211266 ], [ -72.687624053309577, 10.139263540935826 ], [ -72.841836123923983, 9.522415258478162 ], [ -72.965205780415516, 8.956970999558632 ], [ -72.944644171000263, 8.638266053622168 ], [ -72.780151295678209, 8.442930764177241 ], [ -72.439862230097958, 8.405275376820029 ], [ -71.628701168423888, 8.679389272452678 ], [ -70.867921620059434, 9.234552726664582 ], [ -69.346362523330512, 10.098140322105319 ], [ -68.194126552997631, 10.554653225135922 ], [ -67.296248541926332, 10.54586823164631 ], [ -66.227864142507997, 10.648626817258688 ], [ -66.364929158118443, 10.221509978596853 ], [ -66.71447651817779, 9.707469743215462 ], [ -67.434132847711737, 9.460730430232394 ], [ -68.544459756135538, 9.357922383156115 ], [ -69.675348273974606, 9.131744679588303 ], [ -70.888483229474687, 8.473773178300123 ], [ -72.198352423781884, 7.340430813013683 ], [ -72.780151295678223, 6.479297065020324 ], [ -73.047452218076543, 5.903572001393166 ], [ -73.45868440638165, 5.389531766011775 ], [ -74.301710392407145, 4.752121874138849 ], [ -74.548449705390212, 4.176396810511691 ], [ -74.897997065449559, 3.292247605655699 ], [ -75.350352472585172, 2.428660010214961 ], [ -76.028885583288613, 1.832373337172545 ], [ -76.563487428085253, 1.585634024189477 ], [ -77.11865088229716, 1.112717007638597 ], [ -77.424984300430395, 0.395686753741117 ], [ -77.776622383585348, -0.491088526751344 ], [ -77.879430430661614, -2.485564640031142 ], [ -77.735499164754827, -3.431398673132901 ], [ -77.221458929373426, -4.932396160446564 ], [ -76.337309724517439, -6.721256179573805 ], [ -75.30922925375468, -8.489554589285795 ], [ -73.952163032347812, -10.093360123675737 ], [ -72.224987841466344, -11.327056688591075 ], [ -70.292196556432302, -12.725246128828459 ], [ -68.647267803211861, -13.67108016193022 ], [ -67.912190266616449, -14.246805225557393 ], [ -67.105147097067672, -15.069269602167608 ], [ -65.933135360398097, -16.467459042404993 ], [ -65.131232593203137, -17.433854684922007 ], [ -64.822808451974296, -17.906771701472888 ], [ -64.247083388347136, -18.256319061532235 ], [ -63.650796715304722, -18.503058374515302 ], [ -63.404057402321655, -18.893728953405159 ], [ -63.404057402321655, -19.572262064108596 ], [ -63.733043152965742, -20.579780925456138 ], [ -64.288206607177642, -21.813477490371476 ], [ -64.493822701330203, -22.389202553998636 ], [ -64.514384310745456, -23.499529462422441 ], [ -64.699438795482763, -24.486486714354712 ], [ -65.172355812033643, -25.535128794532749 ], [ -65.645272828584524, -26.604332484126044 ], [ -65.809765703906564, -27.200619157168457 ], [ -65.768642485076057, -28.043645143193938 ], [ -65.645272828584524, -28.907232738634676 ], [ -65.316287077940444, -29.914751599982218 ], [ -65.748080875660804, -30.017559647058498 ], [ -66.220997892211685, -30.387668616533098 ], [ -66.837846174669352, -31.025078508406025 ], [ -67.372448019466006, -31.683050009694206 ], [ -68.092104348999953, -32.073720588584059 ], [ -68.565021365550834, -32.628884042795967 ], [ -69.017376772686461, -33.533594857067214 ], [ -69.469732179822074, -35.363578095024963 ], [ -69.695909883389916, -37.337492598889533 ], [ -69.757594711635676, -37.82069042014804 ], [ -69.860402758711956, -38.273045827283667 ], [ -70.107142071695023, -38.848770890910828 ], [ -70.466970236462004, -39.260003079215934 ], [ -70.538935869415397, -40.000221018165142 ], [ -70.66230552590693, -40.95633585597453 ], [ -70.92960644830525, -41.573184138432197 ], [ -71.381961855440878, -42.200313225597498 ], [ -71.854878871991701, -42.693791851563681 ], [ -72.111898989682402, -42.405929319750101 ], [ -72.118826052212867, -42.403484474151114 ], [ -72.461446349741749, -42.282559663258567 ], [ -72.235268646173935, -43.012496797500148 ], [ -72.173583817928176, -43.845241978817995 ], [ -72.183864622635795, -44.472371065983296 ], [ -72.122179794390036, -45.15090417668673 ], [ -71.988529333190868, -45.736910045021517 ], [ -71.844598067284082, -46.610778445169885 ], [ -71.845979768757033, -46.626437728529993 ], [ -71.906282895529841, -47.309873165288579 ], [ -72.111898989682416, -48.73890501964884 ], [ -72.132460599097669, -50.147375264593855 ], [ -72.009090942606136, -50.980120445911709 ], [ -71.567016340178142, -51.997920111966863 ], [ -71.541578194773678, -52.029678578599992 ], [ -70.8451016913546, -52.899200528525711 ], [ -71.006332160105245, -53.833252042201323 ], [ -71.429794684520999, -53.856454760300373 ], [ -72.557942877884884, -53.53141000118449 ], [ -73.702756720662904, -52.835069268607235 ], [ -73.702756720662904, -52.835070076051494 ], [ -74.946763475225168, -52.262753588419002 ], [ -75.260026007778507, -51.629354750373253 ], [ -74.976632453089877, -51.043395684615703 ], [ -75.479754197883551, -50.378371677451582 ], [ -75.608015102831985, -48.673772881871841 ], [ -75.182769741502156, -47.711919447623202 ], [ -74.126580980104706, -46.939253431995112 ], [ -75.644395311165454, -46.647643324572073 ], [ -74.692153693323121, -45.763976332381027 ], [ -74.351709357384252, -44.103044122087937 ], [ -73.24035600451522, -44.454960625995604 ], [ -72.717803921179794, -42.383355808278978 ], [ -72.739028076847774, -40.658192519453301 ], [ -72.61565842035624, -39.52730400161424 ], [ -72.327795888542667, -38.355292264944666 ], [ -71.567016340178228, -36.957102824707292 ], [ -71.238030589534134, -36.196323276342831 ], [ -71.094099323627347, -35.394420509147864 ], [ -71.032414495381573, -33.317697958207042 ], [ -70.826798401229027, -31.220413797850966 ], [ -70.580059088245946, -29.4623961928467 ] ], [ [ -71.361400246025553, -14.359894077341309 ], [ -72.091337380267134, -14.123435569065869 ], [ -72.461446349741735, -14.102873959650612 ], [ -72.944644171000235, -14.236524420849776 ], [ -73.119417851029908, -14.575790976201493 ], [ -73.170821874568048, -14.904776726845583 ], [ -73.016609803953628, -15.130954430413396 ], [ -72.543692787402748, -15.192639258659163 ], [ -71.813755653161181, -15.25432408690493 ], [ -71.052976104796713, -15.43937857164223 ], [ -70.436127822339046, -15.830049150532087 ], [ -69.880964368127152, -16.333808581205851 ], [ -69.449170570406778, -16.899252840125381 ], [ -69.099623210347431, -17.403012270799145 ], [ -68.678110217334705, -18.030141357964439 ], [ -67.999577106631264, -18.749797687498386 ], [ -67.444413652419357, -19.1610298758035 ], [ -67.064023878237137, -19.325522751125543 ], [ -66.745318932300663, -19.24327631346452 ], [ -66.642510885224397, -19.068502633434846 ], [ -66.436894791071836, -18.68811285925262 ], [ -66.529422033440483, -18.071264576794949 ], [ -67.115427901775263, -17.516101122583045 ], [ -68.318282052567724, -16.477739847112638 ], [ -69.212712062131345, -15.51134420459562 ], [ -69.973491610495799, -14.853372703307439 ], [ -70.713709549445014, -14.555229366786232 ], [ -71.361400246025553, -14.359894077341309 ] ] ] ] } },
{ "type": "Feature", "properties": { "id": null, "Zone": "смешанных лесов", "layer": "southamerica", "path": "D:/kurse4/semestr7/Diplom/diplom3/data/southamerica.shp" }, "geometry": { "type": "MultiPolygon", "coordinates": [ [ [ [ -73.677099372029986, -39.942212823243167 ], [ -72.739028076847774, -40.658192519453301 ], [ -72.717803921179794, -42.383355808278978 ], [ -73.388899909138217, -42.117532240569574 ], [ -73.701335618774877, -43.365776462579774 ], [ -74.331943122032612, -43.224958184584423 ], [ -74.017957119427194, -41.794812920906828 ], [ -73.677099372029986, -39.942212823243167 ] ] ] ] } },
{ "type": "Feature", "properties": { "id": null, "Zone": "жестколистных вечнозеленых лесов и кустарников", "layer": "southamerica", "path": "D:/kurse4/semestr7/Diplom/diplom3/data/southamerica.shp" }, "geometry": { "type": "MultiPolygon", "coordinates": [ [ [ [ -73.677099372029986, -39.942212823243167 ], [ -73.217592536090649, -39.258688653318558 ], [ -73.505559455037115, -38.282882582351114 ], [ -73.58806087919109, -37.156284681955981 ], [ -73.166717088499297, -37.123780206044387 ], [ -72.553136969681745, -35.508840020491057 ], [ -71.861732143832626, -33.909092706031529 ], [ -71.438450486929895, -32.418899428030777 ], [ -71.668720669222466, -30.920644626592495 ], [ -71.370082567007728, -30.095682061485029 ], [ -71.48989437527645, -28.861442152625923 ], [ -70.580059088245946, -29.4623961928467 ], [ -70.826798401229027, -31.220413797850966 ], [ -71.032414495381573, -33.317697958207042 ], [ -71.094099323627347, -35.394420509147864 ], [ -71.238030589534134, -36.196323276342831 ], [ -71.567016340178228, -36.957102824707292 ], [ -72.327795888542667, -38.355292264944666 ], [ -72.61565842035624, -39.52730400161424 ], [ -72.739028076847774, -40.658192519453301 ], [ -73.677099372029986, -39.942212823243167 ] ] ] ] } },
{ "type": "Feature", "properties": { "id": null, "Zone": "полупустынь и пустынь", "layer": "southamerica", "path": "D:/kurse4/semestr7/Diplom/diplom3/data/southamerica.shp" }, "geometry": { "type": "MultiPolygon", "coordinates": [ [ [ [ -64.154556145978518, -29.945594014105133 ], [ -63.856412809457304, -30.254018155333966 ], [ -63.78444717650391, -30.76805839071536 ], [ -64.08259051302511, -31.528837939079818 ], [ -64.935897303758239, -32.659726456918875 ], [ -66.169593868673587, -33.811176584173197 ], [ -66.827565369961761, -34.900941883181744 ], [ -67.074304682944828, -35.846775916283505 ], [ -67.135989511190601, -37.059910871783586 ], [ -66.765880541716001, -37.779567201317533 ], [ -66.2518403063346, -38.602031577927761 ], [ -66.107909040427813, -39.342249516876969 ], [ -65.223759835571826, -39.959097799334636 ], [ -63.825570395334438, -40.57594608179231 ], [ -63.126475675215744, -40.966616660682163 ], [ -62.745802781816984, -41.028761488612098 ], [ -63.77049475773255, -41.166789239263693 ], [ -64.732089809819726, -40.802677097335149 ], [ -65.118035244391578, -41.064314874028909 ], [ -64.978560553635816, -42.05800099056934 ], [ -64.303407965742494, -42.359016208669509 ], [ -63.755947842042389, -42.043686618824495 ], [ -63.458059048095876, -42.563138116222405 ], [ -64.378803880456331, -42.873558444999688 ], [ -65.181803961839748, -43.495380954767796 ], [ -65.328823411710133, -44.501366062193696 ], [ -65.565268927661606, -45.036785577169795 ], [ -66.509965786389344, -45.039627780945857 ], [ -67.29379391139247, -45.55189625425519 ], [ -67.580546434180079, -46.30177296324257 ], [ -66.597066413017288, -47.033924655953825 ], [ -65.64102657740149, -47.23613453551193 ], [ -65.985088263600787, -48.133289076531135 ], [ -67.166178961847692, -48.697337334996945 ], [ -67.816087612566434, -49.869668877970383 ], [ -68.728745083273211, -50.264218438518832 ], [ -69.138539191347775, -50.732510267947795 ], [ -68.81556148952356, -51.771104011594126 ], [ -68.149994879820383, -52.349983406127677 ], [ -68.571545376241332, -52.299443855346226 ], [ -69.461284349226673, -52.29195077266391 ], [ -69.942779507106195, -52.537930590373222 ], [ -70.226765574066306, -52.102447233299223 ], [ -70.878202424767096, -51.103490102403249 ], [ -71.10438012833491, -50.178217678716749 ], [ -71.10438012833491, -49.211822036199734 ], [ -70.693147940029789, -48.060371908945413 ], [ -70.446408627046708, -47.176222704089433 ], [ -70.446408627046708, -46.826675344030086 ], [ -70.652024721199254, -46.415443155724972 ], [ -71.063256909504375, -46.004210967419858 ], [ -71.552009446891276, -45.560732924177103 ], [ -71.55504153852371, -44.928436382563163 ], [ -71.556735535470494, -44.575179113059576 ], [ -71.551809276977153, -44.311624283665836 ], [ -71.543914934121872, -43.889276940907912 ], [ -71.540809859895973, -43.723155469822593 ], [ -71.536173926055241, -43.475133009343395 ], [ -71.628701168423888, -43.022777602207775 ], [ -71.854878871991701, -42.693791851563681 ], [ -71.381961855440878, -42.200313225597498 ], [ -70.92960644830525, -41.573184138432197 ], [ -70.66230552590693, -40.95633585597453 ], [ -70.538935869415397, -40.000221018165142 ], [ -70.466970236462004, -39.260003079215934 ], [ -70.107142071695023, -38.848770890910828 ], [ -69.860402758711956, -38.273045827283667 ], [ -69.757594711635676, -37.82069042014804 ], [ -69.695909883389916, -37.337492598889533 ], [ -69.469732179822074, -35.363578095024963 ], [ -69.017376772686461, -33.533594857067214 ], [ -68.565021365550834, -32.628884042795967 ], [ -68.092104348999953, -32.073720588584059 ], [ -67.372448019466006, -31.683050009694206 ], [ -66.837846174669352, -31.025078508406025 ], [ -66.220997892211685, -30.387668616533098 ], [ -65.748080875660804, -30.017559647058498 ], [ -65.316287077940444, -29.914751599982218 ], [ -64.668596381359862, -29.894189990566943 ], [ -64.154556145978518, -29.945594014105133 ] ] ] ] } },
{ "type": "Feature", "properties": { "id": null, "Zone": "переменно-влажных (в том числе муссонных) лесов", "layer": "southamerica", "path": "D:/kurse4/semestr7/Diplom/diplom3/data/southamerica.shp" }, "geometry": { "type": "MultiPolygon", "coordinates": [ [ [ [ -36.452937384576387, -5.109403578312154 ], [ -35.597795783010469, -5.149504489770649 ], [ -35.23538896334756, -5.464937432480247 ], [ -34.896029832486832, -6.738193047719711 ], [ -34.729993455533034, -7.343220716992967 ], [ -35.128212042774223, -8.996401462442286 ], [ -35.636966518687714, -9.649281508017815 ], [ -37.046518724096998, -11.040721123908803 ], [ -37.683611619607362, -12.171194756725823 ], [ -38.423876512188443, -13.038118584854288 ], [ -38.673887091616521, -13.057652276260619 ], [ -38.953275722802545, -13.793369642800023 ], [ -38.882298143049653, -15.667053724838768 ], [ -39.161092495264313, -17.208406670808472 ], [ -39.267339240056401, -17.867746270420483 ], [ -39.583521491034233, -18.262295830968938 ], [ -39.760823330227637, -19.599113457927409 ], [ -40.774740770010339, -20.904511814052423 ], [ -40.944756232250612, -21.937316989837811 ], [ -41.754164191238225, -22.370675551037458 ], [ -41.98828426773656, -22.970070489190896 ], [ -43.074703742024752, -22.967693373305469 ], [ -44.647811855637812, -23.351959323827842 ], [ -45.352135789559917, -23.796841729428582 ], [ -46.472093268405537, -24.088968601174543 ], [ -47.648972337420659, -24.885199069927722 ], [ -48.495458136577703, -25.877024834905654 ], [ -48.64100480812774, -26.623697605090932 ], [ -48.474735887228654, -27.175911960561891 ], [ -48.661520351747626, -28.18613453543572 ], [ -48.8884574041574, -28.674115085567884 ], [ -49.587329474472675, -29.224469089476337 ], [ -50.696874152211485, -30.98446502047296 ], [ -50.275469790680923, -30.295141374164512 ], [ -52.331630732206492, -30.531599882439952 ], [ -54.048525118380333, -30.613846320100976 ], [ -55.642049848062648, -30.521319077732326 ], [ -56.565775522524888, -30.426089626756834 ], [ -56.639287904702549, -30.418511030656045 ], [ -57.271454476684866, -30.158207148075089 ], [ -57.483041900902137, -30.071082914573861 ], [ -57.513156304850909, -30.058682865889072 ], [ -57.790738031956863, -29.966155623520422 ], [ -56.608445490579641, -29.493238606969477 ], [ -56.1149668646135, -29.10256802807962 ], [ -55.827104332799927, -28.187576409100743 ], [ -55.446714558617678, -26.594051679418424 ], [ -54.665373400837964, -24.579013956723372 ], [ -54.007401899549784, -23.530371876545331 ], [ -53.369992007676856, -22.954646812918174 ], [ -52.156857052176775, -22.50229140578255 ], [ -50.491366689541067, -21.556457372680789 ], [ -49.154862077549453, -21.062978746714656 ], [ -48.250151263278205, -20.919047480807862 ], [ -46.379044806489958, -20.980732309053622 ], [ -45.392087554557691, -20.651746558409531 ], [ -44.857485709761036, -19.993775057121351 ], [ -43.130310518879568, -16.580547894188911 ], [ -42.184476485777807, -14.442140515002325 ], [ -40.889095092616714, -11.974747385171645 ], [ -40.004945887760719, -10.987790133239372 ], [ -39.346974386472539, -10.617681163764772 ], [ -38.277770696879244, -10.206448975459658 ], [ -37.475867929684277, -9.898024834230824 ], [ -37.167443788455444, -9.383984598849432 ], [ -37.14688217904019, -8.643766659900228 ], [ -37.04407413196391, -8.047479986857814 ], [ -36.817896428396097, -7.389508485569634 ], [ -36.65340355307405, -5.785702951179693 ], [ -36.452937384576387, -5.109403578312154 ] ] ] ] } },
{ "type": "Feature", "properties": { "id": null, "Zone": "переменно-влажных (в том числе муссонных) лесов", "layer": "southamerica", "path": "D:/kurse4/semestr7/Diplom/diplom3/data/southamerica.shp" }, "geometry": { "type": "MultiPolygon", "coordinates": [ [ [ [ -44.581588507655781, -2.691308282078524 ], [ -45.607984453417814, -3.719261204946503 ], [ -47.067858721900969, -4.665095238048263 ], [ -48.034254364417983, -4.911834551031331 ], [ -48.95952678810449, -4.891272941616075 ], [ -49.576375070562158, -5.19969708284491 ], [ -49.740867945884204, -5.569806052319512 ], [ -49.802552774129971, -6.721256179573828 ], [ -50.316593009511365, -7.975514353904423 ], [ -50.78951002606226, -9.476511841218089 ], [ -51.24186543319788, -10.113921733091015 ], [ -51.755905668579274, -10.298976217828315 ], [ -52.763424529926802, -10.360661046074082 ], [ -53.565327297121769, -10.484030702565615 ], [ -54.017682704257396, -10.710208406133429 ], [ -54.77846225262185, -11.142002203853798 ], [ -55.600926629232077, -11.717727267480955 ], [ -56.629007099994865, -12.272890721692857 ], [ -57.574841133096619, -12.478506815845414 ], [ -58.006634930816993, -12.35513715935388 ], [ -59.034715401579774, -12.108397846370812 ], [ -61.296492437257896, -11.080317375608029 ], [ -62.427380955096957, -10.484030702565615 ], [ -63.229283722291932, -10.319537827243572 ], [ -63.763885567088579, -10.360661046074082 ], [ -64.195679364808939, -10.525153921396127 ], [ -64.627473162529313, -10.874701281455474 ], [ -65.820046508614141, -12.108397846370812 ], [ -66.971496635868462, -13.547710505438706 ], [ -67.033181464114222, -12.046713018125045 ], [ -66.683634104054875, -10.545715530811384 ], [ -65.778923289783634, -9.538196669463856 ], [ -64.051748098902152, -8.427869761040052 ], [ -61.81053267263929, -7.338104462031502 ], [ -60.268411966495115, -7.009118711387412 ], [ -59.302016323978101, -7.194173196124713 ], [ -58.561798385028894, -7.11192675846369 ], [ -57.965511711986487, -6.824064226650112 ], [ -56.587883881164359, -5.261381911090682 ], [ -55.374748925664271, -4.315547877988923 ], [ -54.305545236070984, -3.822069252022787 ], [ -52.886794186418342, -3.678137986115998 ], [ -51.139057386121607, -3.554768329624462 ], [ -49.432443804655385, -2.937920047166792 ], [ -48.383801724477351, -2.136017279971822 ], [ -47.52021412903661, -1.375237731607363 ], [ -46.566583624851226, -0.941027520352776 ], [ -44.905703090990414, -1.551739597178134 ], [ -44.417619187993665, -2.137750339367976 ], [ -44.581588507655781, -2.691308282078524 ] ] ] ] } },
{ "type": "Feature", "properties": { "id": null, "Zone": "степей (пампа)", "layer": "southamerica", "path": "D:/kurse4/semestr7/Diplom/diplom3/data/southamerica.shp" }, "geometry": { "type": "MultiPolygon", "coordinates": [ [ [ [ -72.944644171000235, -14.236524420849776 ], [ -72.461446349741735, -14.102873959650612 ], [ -72.091337380267134, -14.123435569065869 ], [ -71.361400246025553, -14.359894077341309 ], [ -70.713709549445014, -14.555229366786232 ], [ -69.973491610495799, -14.853372703307439 ], [ -69.260195291493389, -15.470277627850074 ], [ -69.212712062131345, -15.51134420459562 ], [ -68.318282052567724, -16.477739847112638 ], [ -67.115427901775263, -17.516101122583045 ], [ -66.529422033440483, -18.071264576794949 ], [ -66.436894791071836, -18.68811285925262 ], [ -66.642510885224397, -19.068502633434846 ], [ -66.745318932300663, -19.24327631346452 ], [ -67.064023878237137, -19.325522751125543 ], [ -67.444413652419357, -19.1610298758035 ], [ -67.999577106631264, -18.749797687498386 ], [ -68.678110217334705, -18.030141357964439 ], [ -69.099623210347431, -17.403012270799145 ], [ -69.309882916566465, -17.099990929483472 ], [ -69.449170570406778, -16.899252840125381 ], [ -69.880964368127152, -16.333808581205851 ], [ -70.436127822339046, -15.830049150532087 ], [ -71.052976104796713, -15.43937857164223 ], [ -71.813755653161181, -15.25432408690493 ], [ -72.543692787402748, -15.192639258659163 ], [ -73.016609803953628, -15.130954430413396 ], [ -73.170821874568048, -14.904776726845583 ], [ -73.119417851029908, -14.575790976201493 ], [ -72.944644171000235, -14.236524420849776 ] ] ] ] } },
{ "type": "Feature", "properties": { "id": null, "Zone": "саванн и редколесий", "layer": "southamerica", "path": "D:/kurse4/semestr7/Diplom/diplom3/data/southamerica.shp" }, "geometry": { "type": "MultiPolygon", "coordinates": [ [ [ [ -67.912190266616449, -14.246805225557393 ], [ -67.629468137156678, -14.200541604373068 ], [ -67.336465202989288, -14.025767924343395 ], [ -66.971496635868462, -13.547710505438706 ], [ -65.820046508614141, -12.108397846370812 ], [ -65.343143156107914, -11.615049550674721 ], [ -64.627473162529313, -10.874701281455474 ], [ -64.195679364808939, -10.525153921396127 ], [ -63.763885567088579, -10.360661046074082 ], [ -63.229283722291932, -10.319537827243572 ], [ -62.427380955096957, -10.484030702565615 ], [ -61.296492437257896, -11.080317375608029 ], [ -59.034715401579774, -12.108397846370812 ], [ -58.006634930816993, -12.35513715935388 ], [ -57.574841133096619, -12.478506815845414 ], [ -56.629007099994865, -12.272890721692857 ], [ -55.600926629232077, -11.717727267480955 ], [ -54.77846225262185, -11.142002203853798 ], [ -54.017682704257396, -10.710208406133429 ], [ -53.565327297121769, -10.484030702565615 ], [ -52.763424529926802, -10.360661046074082 ], [ -51.755905668579274, -10.298976217828315 ], [ -51.24186543319788, -10.113921733091015 ], [ -50.78951002606226, -9.476511841218089 ], [ -50.316593009511365, -7.975514353904423 ], [ -49.802552774129971, -6.721256179573828 ], [ -49.740867945884204, -5.569806052319512 ], [ -49.576375070562158, -5.19969708284491 ], [ -48.95952678810449, -4.891272941616075 ], [ -48.034254364417983, -4.911834551031331 ], [ -47.067858721900969, -4.665095238048263 ], [ -45.607984453417814, -3.719261204946503 ], [ -44.581588507655781, -2.691308282078524 ], [ -43.418791266440195, -2.383110039889793 ], [ -41.472656826328247, -2.912018324397116 ], [ -39.978665330554037, -2.873054294449041 ], [ -38.500383470196567, -3.700652357603396 ], [ -37.2232521225352, -4.820945733258917 ], [ -36.452937384576387, -5.109403578312154 ], [ -36.65340355307405, -5.785702951179693 ], [ -36.817896428396097, -7.389508485569634 ], [ -37.04407413196391, -8.047479986857814 ], [ -37.14688217904019, -8.643766659900228 ], [ -37.167443788455444, -9.383984598849432 ], [ -37.475867929684277, -9.898024834230824 ], [ -38.277770696879244, -10.206448975459658 ], [ -39.346974386472539, -10.617681163764772 ], [ -40.004945887760719, -10.987790133239372 ], [ -40.889095092616714, -11.974747385171645 ], [ -42.184476485777807, -14.442140515002325 ], [ -43.130310518879568, -16.580547894188911 ], [ -44.857485709761036, -19.993775057121351 ], [ -45.392087554557691, -20.651746558409531 ], [ -46.379044806489958, -20.980732309053622 ], [ -48.250151263278205, -20.919047480807862 ], [ -49.154862077549453, -21.062978746714656 ], [ -50.491366689541067, -21.556457372680789 ], [ -52.156857052176775, -22.50229140578255 ], [ -53.369992007676856, -22.954646812918174 ], [ -54.007401899549784, -23.530371876545331 ], [ -54.309897666410599, -24.012474504979757 ], [ -54.665373400837964, -24.579013956723372 ], [ -55.446714558617678, -26.594051679418424 ], [ -55.621137448881186, -27.324742165657401 ], [ -55.827104332799927, -28.187576409100743 ], [ -55.941936530518248, -28.552578751848266 ], [ -56.1149668646135, -29.10256802807962 ], [ -56.608445490579641, -29.493238606969477 ], [ -57.116449943372729, -29.696440388086735 ], [ -57.790738031956863, -29.966155623520422 ], [ -58.109442977893323, -30.007278842350935 ], [ -58.38702470499927, -30.192333327088235 ], [ -59.12724264394847, -30.778339195423023 ], [ -59.980549434681578, -31.374625868465436 ], [ -60.484308865355345, -31.662488400279013 ], [ -60.648801740677392, -31.703611619109523 ], [ -60.895541053660487, -31.559680353202701 ], [ -61.419862093749508, -30.685811953054337 ], [ -61.748847844393602, -30.140929303550063 ], [ -62.046991180914809, -29.986717232935643 ], [ -62.581593025711456, -29.945594014105133 ], [ -64.154556145978518, -29.945594014105133 ], [ -64.668596381359862, -29.894189990566943 ], [ -65.316287077940444, -29.914751599982218 ], [ -65.645272828584524, -28.907232738634676 ], [ -65.768642485076057, -28.043645143193938 ], [ -65.809765703906564, -27.200619157168457 ], [ -65.645272828584524, -26.604332484126044 ], [ -65.172355812033643, -25.535128794532749 ], [ -64.699438795482763, -24.486486714354712 ], [ -64.514384310745456, -23.499529462422441 ], [ -64.49862804076723, -22.648690883598068 ], [ -64.493822701330203, -22.389202553998636 ], [ -64.288206607177642, -21.813477490371476 ], [ -63.733043152965742, -20.579780925456138 ], [ -63.404057402321655, -19.572262064108596 ], [ -63.404057402321655, -18.893728953405159 ], [ -63.650796715304722, -18.503058374515302 ], [ -64.247083388347136, -18.256319061532235 ], [ -64.822808451974296, -17.906771701472888 ], [ -65.131232593203137, -17.433854684922007 ], [ -65.933135360398097, -16.467459042404993 ], [ -67.105147097067672, -15.069269602167608 ], [ -67.912190266616449, -14.246805225557393 ] ] ] ] } },
{ "type": "Feature", "properties": { "id": null, "Zone": "влажных экваториальных лесов", "layer": "southamerica", "path": "D:/kurse4/semestr7/Diplom/diplom3/data/southamerica.shp" }, "geometry": { "type": "MultiPolygon", "coordinates": [ [ [ [ -77.318815070286746, 5.84535411216136 ], [ -76.398994552763256, 5.749359930778747 ], [ -76.378432943348002, 5.173634867151588 ], [ -76.625172256331069, 3.816568645744715 ], [ -77.283143757619229, 2.41837920550733 ], [ -78.085046524814203, 1.349175515914038 ], [ -78.325602294417152, 1.078550275110715 ], [ -78.90751090142443, 0.423903092227533 ], [ -79.154250214407497, -0.131260361984371 ], [ -79.41127033209834, -0.974286348009982 ], [ -80.028118614556007, -0.974286348009982 ], [ -80.583370327461267, -0.906662692878683 ], [ -80.399324713853758, -0.283703301600141 ], [ -80.020898200180369, 0.360340074053468 ], [ -80.090609707342111, 0.768428859862397 ], [ -79.542762010399798, 0.982937730305963 ], [ -78.855258755188714, 1.380923773601822 ], [ -78.99093522817104, 1.691369940595251 ], [ -78.617831387023713, 1.766404120283056 ], [ -78.662118089497852, 2.267355454920477 ], [ -78.427610439757331, 2.629555568854215 ], [ -77.931542527971487, 2.696605739752926 ], [ -77.51043128122501, 3.325016994638247 ], [ -77.12768978545526, 3.849636135265357 ], [ -77.496271938777028, 4.087606105969428 ], [ -77.307601284479404, 4.667984117039452 ], [ -77.533220587865728, 5.582811997902497 ], [ -77.318815070286746, 5.84535411216136 ] ] ] ] } },
{ "type": "Feature", "properties": { "id": null, "Zone": "влажных экваториальных лесов", "layer": "southamerica", "path": "D:/kurse4/semestr7/Diplom/diplom3/data/southamerica.shp" }, "geometry": { "type": "MultiPolygon", "coordinates": [ [ [ [ -49.974075893745059, 1.736483465986069 ], [ -49.947100796088712, 1.046189683431223 ], [ -50.699251268096916, 0.222984117021682 ], [ -50.388210822132137, -0.078444512536819 ], [ -48.62056677915632, -0.235489190271821 ], [ -48.584496629416591, -1.237805271005001 ], [ -47.824956427590635, -0.5816179337628 ], [ -46.566583624851226, -0.941027520352776 ], [ -47.52021412903661, -1.375237731607363 ], [ -48.383801724477351, -2.136017279971822 ], [ -49.432443804655385, -2.937920047166792 ], [ -51.139057386121607, -3.554768329624462 ], [ -52.886794186418342, -3.678137986115998 ], [ -54.305545236070984, -3.822069252022787 ], [ -55.374748925664271, -4.315547877988923 ], [ -56.587883881164359, -5.261381911090682 ], [ -57.965511711986487, -6.824064226650112 ], [ -58.561798385028894, -7.11192675846369 ], [ -59.302016323978101, -7.194173196124713 ], [ -60.268411966495115, -7.009118711387412 ], [ -61.81053267263929, -7.338104462031502 ], [ -64.051748098902152, -8.427869761040052 ], [ -65.778923289783634, -9.538196669463856 ], [ -66.064226106819063, -9.855920261162403 ], [ -66.683634104054875, -10.545715530811384 ], [ -67.033181464114222, -12.046713018125045 ], [ -66.971496635868462, -13.547710505438706 ], [ -67.336465202989288, -14.025767924343395 ], [ -67.629468137156678, -14.200541604373068 ], [ -67.912190266616449, -14.246805225557393 ], [ -68.647267803211861, -13.67108016193022 ], [ -68.922924398215471, -13.512577619803142 ], [ -70.292196556432302, -12.725246128828459 ], [ -72.224987841466344, -11.327056688591075 ], [ -73.952163032347812, -10.093360123675737 ], [ -75.30922925375468, -8.489554589285795 ], [ -76.337309724517439, -6.721256179573805 ], [ -77.221458929373426, -4.932396160446564 ], [ -77.735499164754827, -3.431398673132901 ], [ -77.80245613507644, -2.991395725305152 ], [ -77.879430430661614, -2.485564640031142 ], [ -77.776622383585348, -0.491088526751344 ], [ -77.424984300430395, 0.395686753741117 ], [ -77.11865088229716, 1.112717007638597 ], [ -76.563487428085253, 1.585634024189477 ], [ -76.028885583288613, 1.832373337172545 ], [ -75.350352472585172, 2.428660010214961 ], [ -74.897997065449559, 3.292247605655699 ], [ -74.548449705390212, 4.176396810511691 ], [ -74.363395220652862, 4.042746349312518 ], [ -74.13207711473116, 3.826849450452331 ], [ -73.571773258165521, 3.189439558579409 ], [ -72.94464417100022, 2.737084151443784 ], [ -71.926844504945066, 2.305290353723416 ], [ -71.268873003656878, 2.202482306647137 ], [ -70.652024721199211, 2.202482306647137 ], [ -70.230511728186471, 2.28472874430816 ], [ -68.924849530317715, 2.798768979689553 ], [ -67.855645840724421, 3.353932433901456 ], [ -66.950935026453166, 3.700909592783888 ], [ -66.426613986364146, 3.847411059867592 ], [ -65.593868805046299, 3.95021910694387 ], [ -65.051556356718919, 3.888534278698096 ], [ -64.853650866097084, 3.816568645744709 ], [ -63.969501661241097, 3.497863699808246 ], [ -62.232045665651981, 2.665118518490394 ], [ -59.651563684037399, 0.855696889947897 ], [ -58.047758149647457, -0.141541166692003 ], [ -57.029958483592303, -0.542492550289487 ], [ -56.351425372888869, -0.635019792658137 ], [ -55.436433753909988, -0.563054159704743 ], [ -54.583126963176881, -0.398561284382697 ], [ -53.112971889986099, 0.259410216905484 ], [ -51.324111870858857, 1.009908960562315 ], [ -49.974075893745059, 1.736483465986069 ] ] ] ] } },
{ "type": "Feature", "properties": { "id": null, "Zone": "области высотной поясности", "layer": "southamerica", "path": "D:/kurse4/semestr7/Diplom/diplom3/data/southamerica.shp" }, "geometry": { "type": "MultiPolygon", "coordinates": [ [ [ [ -65.051556356718919, 3.888534278698096 ], [ -65.593868805046299, 3.95021910694387 ], [ -66.426613986364146, 3.847411059867592 ], [ -66.950935026453166, 3.700909592783888 ], [ -67.310763191220133, 4.132703390504256 ], [ -67.310763191220133, 4.132703390504256 ], [ -67.490677273603623, 4.343459887010627 ], [ -67.58320451597227, 4.651884028239461 ], [ -67.59862572303372, 5.021992997714063 ], [ -67.492476414427244, 5.501335517207235 ], [ -67.377588421819709, 5.726228120186569 ], [ -67.043462268821855, 6.065494675538287 ], [ -66.591106861686228, 6.425322840305261 ], [ -66.205576685150177, 6.605236922688748 ], [ -65.789204094491254, 6.656640946226887 ], [ -65.58872840269251, 6.625798532104003 ], [ -65.35741029677088, 6.553832899150609 ], [ -65.182636616741206, 6.415042035597633 ], [ -64.997582132003913, 6.137460308491682 ], [ -64.781685233143705, 5.453786795434431 ], [ -64.601771150760214, 4.929465755345412 ], [ -64.575169568579028, 4.586472408287201 ], [ -64.596630748406412, 4.266353851703418 ], [ -64.653175174298354, 4.091580171673744 ], [ -64.863931670804732, 3.942508503413141 ], [ -65.051556356718919, 3.888534278698096 ] ] ] ] } },
{ "type": "Feature", "properties": { "id": null, "Zone": "области высотной поясности", "layer": "southamerica", "path": "D:/kurse4/semestr7/Diplom/diplom3/data/southamerica.shp" }, "geometry": { "type": "MultiPolygon", "coordinates": [ [ [ [ -62.936280788124485, 7.03703072040911 ], [ -62.514767795111744, 7.242646814561667 ], [ -62.293730493897762, 7.2914806369229 ], [ -62.075263393860666, 7.278629631038366 ], [ -61.818243276169973, 7.178391785138994 ], [ -61.568933762009983, 7.016469110993855 ], [ -60.962366284259943, 6.56411370385823 ], [ -60.510010877124294, 6.104047693191889 ], [ -60.109059493526807, 5.69795590724059 ], [ -59.810916157005622, 5.104239435375079 ], [ -59.769792938175115, 4.641603223531827 ], [ -59.944566618204789, 4.261213449349597 ], [ -60.170744321772595, 3.96307011282839 ], [ -60.623099728908223, 3.860262065752112 ], [ -60.869839041891289, 3.952789308120763 ], [ -61.096016745459103, 4.199528621103831 ], [ -61.26050962078115, 4.693007247069966 ], [ -61.486687324348964, 4.857500122392011 ], [ -61.66146100437863, 4.867780927099639 ], [ -62.113816411514257, 4.816376903561499 ], [ -62.576452623357511, 4.806096098853872 ], [ -63.008246421077878, 4.991150583591173 ], [ -63.244704929353318, 5.28929392011238 ], [ -63.409197804675365, 5.844457374324282 ], [ -63.429759414090618, 6.255689562629396 ], [ -63.213862515230431, 6.718325774472648 ], [ -62.936280788124485, 7.03703072040911 ] ] ] ] } },
{ "type": "Feature", "properties": { "id": null, "Zone": "переменно-влажных (в том числе муссонных) лесов", "layer": "southamerica", "path": "D:/kurse4/semestr7/Diplom/diplom3/data/southamerica.shp" }, "geometry": { "type": "MultiPolygon", "coordinates": [ [ [ [ -74.13207711473116, 3.826849450452331 ], [ -73.664300500534097, 3.862832266929028 ], [ -73.001188596892092, 3.939938302236237 ], [ -70.505523254115445, 4.127562988150441 ], [ -69.960640604611172, 4.122422585796627 ], [ -69.528846806890797, 4.148124597565697 ], [ -69.292388298615364, 4.214949828165278 ], [ -69.071350997401368, 4.364021496425881 ], [ -68.947981340909834, 4.523373969394112 ], [ -68.72180363734202, 4.939746560053039 ], [ -68.469923922005137, 5.875299788447172 ], [ -68.32599265609835, 6.307093586167541 ], [ -68.06897253840765, 6.718325774472655 ], [ -67.750267592471189, 6.934222673332839 ], [ -67.143700114721142, 6.923941868625212 ], [ -66.598817465216868, 6.965065087455723 ], [ -66.033373206297341, 7.139838767485395 ], [ -65.611860213284601, 7.458543713421858 ], [ -65.323997681471027, 7.746406245235438 ], [ -64.815097848443415, 7.972583948803247 ], [ -63.951510253002688, 8.229604066493943 ], [ -63.02109742696237, 8.553449414784218 ], [ -62.57902282453437, 8.733363497167705 ], [ -61.869647299708042, 8.795048325413466 ], [ -61.165412177235538, 8.702521083044816 ], [ -60.671252407459733, 8.580174261911878 ], [ -60.15009558779618, 8.602756862823426 ], [ -59.758284878159195, 8.367034816924047 ], [ -59.101684129458661, 7.999201971870492 ], [ -58.482962205628063, 7.347691351750697 ], [ -58.454876064677421, 6.832787380394464 ], [ -58.078103196837375, 6.809093736188643 ], [ -57.542218593970645, 6.321268215353356 ], [ -57.147436489476888, 5.973149929219161 ], [ -55.9493184067898, 5.772877915872002 ], [ -55.841779751190415, 5.95312531170606 ], [ -55.033250291551774, 6.025291449401664 ], [ -53.958044603070903, 5.756548163267765 ], [ -53.618452928264844, 5.646529038918374 ], [ -52.882141282754091, 5.409850979021584 ], [ -51.823342861525902, 4.565768133966131 ], [ -51.657797410678889, 4.156232408053029 ], [ -51.317146369010857, 4.203490505383954 ], [ -51.069771287629656, 3.650397650564031 ], [ -50.508875291533656, 1.901563828942457 ], [ -49.974075893745059, 1.736483465986069 ], [ -51.324111870858857, 1.009908960562315 ], [ -53.112971889986099, 0.259410216905484 ], [ -54.583126963176881, -0.398561284382697 ], [ -55.436433753909988, -0.563054159704743 ], [ -56.351425372888869, -0.635019792658137 ], [ -57.029958483592303, -0.542492550289487 ], [ -58.047758149647457, -0.141541166692003 ], [ -59.651563684037399, 0.855696889947897 ], [ -62.232045665651981, 2.665118518490394 ], [ -63.969501661241097, 3.497863699808246 ], [ -64.377652312296988, 3.644987771700486 ], [ -64.853650866097084, 3.816568645744709 ], [ -65.051556356718919, 3.888534278698096 ], [ -65.593868805046299, 3.95021910694387 ], [ -65.051556356718919, 3.888534278698096 ], [ -64.863931670804732, 3.942508503413141 ], [ -64.653175174298354, 4.091580171673744 ], [ -64.596630748406412, 4.266353851703418 ], [ -64.575169568579028, 4.586472408287201 ], [ -64.601771150760214, 4.929465755345412 ], [ -64.781685233143705, 5.453786795434431 ], [ -64.997582132003913, 6.137460308491682 ], [ -65.182636616741206, 6.415042035597633 ], [ -65.35741029677088, 6.553832899150609 ], [ -65.58872840269251, 6.625798532104003 ], [ -65.789204094491254, 6.656640946226887 ], [ -66.205576685150177, 6.605236922688748 ], [ -66.591106861686228, 6.425322840305261 ], [ -67.043462268821855, 6.065494675538287 ], [ -67.377588421819709, 5.726228120186569 ], [ -67.492476414427244, 5.501335517207235 ], [ -67.59862572303372, 5.021992997714063 ], [ -67.58320451597227, 4.651884028239461 ], [ -67.490677273603623, 4.343459887010627 ], [ -66.950935026453166, 3.700909592783888 ], [ -67.344763257048797, 3.549867515708866 ], [ -67.855645840724421, 3.353932433901456 ], [ -68.924849530317715, 2.798768979689553 ], [ -70.230511728186471, 2.28472874430816 ], [ -70.652024721199211, 2.202482306647137 ], [ -71.268873003656878, 2.202482306647137 ], [ -71.926844504945066, 2.305290353723416 ], [ -72.94464417100022, 2.737084151443784 ], [ -73.571773258165521, 3.189439558579409 ], [ -74.13207711473116, 3.826849450452331 ] ], [ [ -62.293730493897762, 7.2914806369229 ], [ -62.514767795111744, 7.242646814561667 ], [ -62.936280788124485, 7.03703072040911 ], [ -63.213862515230431, 6.718325774472648 ], [ -63.429759414090618, 6.255689562629396 ], [ -63.409197804675365, 5.844457374324282 ], [ -63.244704929353318, 5.28929392011238 ], [ -63.008246421077878, 4.991150583591173 ], [ -62.576452623357511, 4.806096098853872 ], [ -62.113816411514257, 4.816376903561499 ], [ -61.66146100437863, 4.867780927099639 ], [ -61.486687324348964, 4.857500122392011 ], [ -61.26050962078115, 4.693007247069966 ], [ -61.184098787628784, 4.46377474761287 ], [ -61.096016745459103, 4.199528621103831 ], [ -60.869839041891289, 3.952789308120763 ], [ -60.623099728908223, 3.860262065752112 ], [ -60.170744321772595, 3.96307011282839 ], [ -59.944566618204789, 4.261213449349597 ], [ -59.852721502841369, 4.461111641611161 ], [ -59.769792938175115, 4.641603223531827 ], [ -59.810916157005622, 5.104239435375079 ], [ -60.109059493526807, 5.69795590724059 ], [ -60.510010877124294, 6.104047693191889 ], [ -60.962366284259943, 6.56411370385823 ], [ -61.144505070289796, 6.699946018863545 ], [ -61.568933762009983, 7.016469110993855 ], [ -61.818243276169973, 7.178391785138994 ], [ -62.075263393860666, 7.278629631038366 ], [ -62.293730493897762, 7.2914806369229 ] ] ] ] } },
{ "type": "Feature", "properties": { "id": null, "Zone": "саванн и редколесий", "layer": "southamerica", "path": "D:/kurse4/semestr7/Diplom/diplom3/data/southamerica.shp" }, "geometry": { "type": "MultiPolygon", "coordinates": [ [ [ [ -66.227864142507997, 10.648626817258688 ], [ -65.655237596281751, 10.200798855017323 ], [ -64.89045223657817, 10.077214667191299 ], [ -64.329478725833738, 10.38959870039568 ], [ -64.318006557864948, 10.64141795495398 ], [ -63.079322475828732, 10.7017243514386 ], [ -61.880946010980196, 10.715625311725104 ], [ -62.730118984616411, 10.420268662960906 ], [ -62.388511928950976, 9.94820445397464 ], [ -61.58876746280194, 9.873066921422264 ], [ -60.830596686431718, 9.381339829948942 ], [ -60.671252407459733, 8.580174261911878 ], [ -61.165412177235538, 8.702521083044816 ], [ -61.869647299708042, 8.795048325413466 ], [ -62.57902282453437, 8.733363497167705 ], [ -63.02109742696237, 8.553449414784218 ], [ -63.951510253002688, 8.229604066493943 ], [ -64.815097848443415, 7.972583948803247 ], [ -65.323997681471027, 7.746406245235438 ], [ -65.611860213284601, 7.458543713421858 ], [ -66.033373206297341, 7.139838767485395 ], [ -66.598817465216868, 6.965065087455723 ], [ -67.143700114721142, 6.923941868625212 ], [ -67.750267592471189, 6.934222673332839 ], [ -68.06897253840765, 6.718325774472655 ], [ -68.32599265609835, 6.307093586167541 ], [ -68.374554735578457, 6.161407347727217 ], [ -68.469923922005137, 5.875299788447172 ], [ -68.72180363734202, 4.939746560053039 ], [ -68.947981340909834, 4.523373969394112 ], [ -69.071350997401368, 4.364021496425881 ], [ -69.292388298615364, 4.214949828165278 ], [ -69.528846806890797, 4.148124597565697 ], [ -69.960640604611172, 4.122422585796627 ], [ -70.505523254115445, 4.127562988150441 ], [ -73.001188596892092, 3.939938302236237 ], [ -73.664300500534097, 3.862832266929028 ], [ -74.13207711473116, 3.826849450452331 ], [ -74.363395220652862, 4.042746349312518 ], [ -74.548449705390212, 4.176396810511691 ], [ -74.301710392407145, 4.752121874138849 ], [ -73.45868440638165, 5.389531766011775 ], [ -73.047452218076543, 5.903572001393166 ], [ -72.780151295678223, 6.479297065020324 ], [ -72.198352423781884, 7.340430813013683 ], [ -70.888483229474687, 8.473773178300123 ], [ -69.675348273974606, 9.131744679588303 ], [ -68.544459756135538, 9.357922383156115 ], [ -67.434132847711737, 9.460730430232394 ], [ -66.71447651817779, 9.707469743215462 ], [ -66.364929158118443, 10.221509978596853 ], [ -66.227864142507997, 10.648626817258688 ] ] ] ] } },
{ "type": "Feature", "properties": { "id": null, "Zone": "саванн и редколесий", "layer": "southamerica", "path": "D:/kurse4/semestr7/Diplom/diplom3/data/southamerica.shp" }, "geometry": { "type": "MultiPolygon", "coordinates": [ [ [ [ -68.194126552997631, 10.554653225135922 ], [ -69.346362523330512, 10.098140322105319 ], [ -70.867921620059434, 9.234552726664582 ], [ -71.628701168423888, 8.679389272452678 ], [ -72.439862230097958, 8.405275376820029 ], [ -72.780151295678209, 8.442930764177241 ], [ -72.944644171000263, 8.638266053622168 ], [ -72.965205780415516, 8.956970999558632 ], [ -72.933177504617731, 9.103767263631809 ], [ -72.841836123923983, 9.522415258478162 ], [ -72.687624053309577, 10.139263540935826 ], [ -72.69790485801721, 10.375722049211266 ], [ -72.818912145172504, 10.560792017801711 ], [ -72.872678538046884, 10.643022971609589 ], [ -73.335314749890131, 10.797235042224006 ], [ -73.849354985271532, 10.78695423751638 ], [ -74.126936712377471, 10.673865385732473 ], [ -74.250306368869005, 10.488810900995173 ], [ -74.260587173576639, 10.231790783304477 ], [ -74.168059931207992, 9.841120204414619 ], [ -73.962443837055432, 9.471011234940018 ], [ -73.767108547610505, 9.028936632512021 ], [ -73.654019695826591, 8.391526740639096 ], [ -73.808231766441025, 6.664351549757622 ], [ -74.116655907669852, 5.841887173147397 ], [ -74.548449705390226, 5.45121659425754 ], [ -74.9802435031106, 5.30728532835075 ], [ -75.206421206678414, 5.471778203672795 ], [ -75.288667644339426, 5.883010391977908 ], [ -75.165297987847893, 6.582105112096601 ], [ -74.815750627788546, 7.281199832215291 ], [ -74.610134533636, 7.836363286427194 ], [ -74.569011314805479, 8.268157084147564 ], [ -74.671819361881759, 8.679389272452676 ], [ -74.897997065449573, 8.720512491283188 ], [ -75.288667644339426, 8.597142834791654 ], [ -75.67933822322928, 8.268157084147564 ], [ -76.172816849195428, 8.124225818240774 ], [ -76.357871333932721, 8.165349037071284 ], [ -76.542925818670028, 8.309280302978074 ], [ -76.836673957003569, 8.638749497914716 ], [ -76.086383836557857, 9.336820583529487 ], [ -75.674600185840063, 9.443248195834599 ], [ -75.664704149056178, 9.774003200718738 ], [ -75.480425991503353, 10.618990383339309 ], [ -74.906895107711989, 11.083044745320322 ], [ -74.276752692344886, 11.102035834187587 ], [ -74.197222663047697, 11.310472723836867 ], [ -73.414763963500292, 11.22701528568548 ], [ -72.627835252559635, 11.731971543825523 ], [ -72.238194953078917, 11.955549628136326 ], [ -71.754090135368642, 12.437303168177309 ], [ -71.399822353791706, 12.376040757695293 ], [ -71.13746110704588, 12.112981879113505 ], [ -71.331583624950298, 11.776284084515808 ], [ -71.360005662710819, 11.539993597861212 ], [ -71.947049933546509, 11.423282375530022 ], [ -71.620868292920193, 10.969459947142795 ], [ -71.633063930941091, 10.446494452349029 ], [ -72.074173956984509, 9.865651353388373 ], [ -71.695644090446535, 9.072263088411248 ], [ -71.264559292267734, 9.137194525585983 ], [ -71.03999935574339, 9.859992784052409 ], [ -71.350083787710787, 10.211935126176215 ], [ -71.400623338492238, 10.968969021036015 ], [ -70.155298834906517, 11.375481675660041 ], [ -70.29384334988103, 11.846822414594214 ], [ -69.943244594996827, 12.162307033736099 ], [ -69.584300096297468, 11.459610907431212 ], [ -68.882999233664449, 11.443384507691563 ], [ -68.23327145045873, 10.885744126829946 ], [ -68.194126552997631, 10.554653225135922 ] ] ] ] } },
{ "type": "Feature", "properties": { "id": null, "Zone": "тундры и приокеанических лугов", "layer": "southamerica", "path": "D:/kurse4/semestr7/Diplom/diplom3/data/southamerica.shp" }, "geometry": { "type": "MultiPolygon", "coordinates": [ [ [ [ -70.26748, -52.93123 ], [ -69.243554476254289, -53.95127300641618 ], [ -68.739795045580522, -54.18773151469162 ], [ -68.633548594322235, -54.197781854675512 ], [ -67.979015497216068, -54.259697147645014 ], [ -67.208997580042222, -54.099693424595898 ], [ -66.45, -54.45 ], [ -65.05, -54.7 ], [ -65.5, -55.2 ], [ -66.45, -55.25 ], [ -66.95992, -54.89681 ], [ -67.29103, -55.30124 ], [ -68.14863, -55.61183 ], [ -68.639990810811867, -55.58001799908692 ], [ -69.2321, -55.49906 ], [ -69.95809, -55.19843 ], [ -71.00568, -55.05383 ], [ -72.2639, -54.49514 ], [ -73.2852, -53.95752 ], [ -74.66253, -52.83749 ], [ -73.8381, -53.04743 ], [ -72.43418, -53.7154 ], [ -71.10773, -54.07433 ], [ -70.591779999999858, -53.61583 ], [ -70.26748, -52.93123 ] ] ] ] } },
{ "type": "Feature", "properties": { "id": null, "Zone": "тундры и приокеанических лугов", "layer": "southamerica", "path": "D:/kurse4/semestr7/Diplom/diplom3/data/southamerica.shp" }, "geometry": { "type": "MultiPolygon", "coordinates": [ [ [ [ -60.0, -51.25 ], [ -59.15, -51.5 ], [ -58.55, -51.1 ], [ -57.75, -51.55 ], [ -58.05, -51.9 ], [ -59.4, -52.2 ], [ -59.85, -51.85 ], [ -60.7, -52.3 ], [ -61.2, -51.85 ], [ -60.0, -51.25 ] ] ] ] } },
{ "type": "Feature", "properties": { "id": null, "Zone": "саванн и редколесий", "layer": "southamerica", "path": "D:/kurse4/semestr7/Diplom/diplom3/data/southamerica.shp" }, "geometry": { "type": "MultiPolygon", "coordinates": [ [ [ [ -61.68, 10.76 ], [ -61.105, 10.89 ], [ -60.895, 10.855 ], [ -60.935, 10.11 ], [ -61.77, 10.0 ], [ -61.95, 10.09 ], [ -61.66, 10.365 ], [ -61.68, 10.76 ] ] ] ] } },
{ "type": "Feature", "properties": { "id": null, "Zone": "вечные снега и льды", "layer": null, "path": null }, "geometry": { "type": "MultiPolygon", "coordinates": [ [ [ [ -180.0, -90.0 ], [ 180.0, -90.0 ], [ 180.0, -84.71338 ], [ 178.277211542063924, -84.472517999202466 ], [ 175.985671828513091, -84.15899708448768 ], [ 173.224083286835366, -84.413710219254369 ], [ 172.477048781624148, -84.117914320815714 ], [ 172.283933954149347, -84.041433201023665 ], [ 169.40478152900755, -83.825890801934349 ], [ 168.895665318067927, -83.335998223807394 ], [ 166.604125604517321, -83.022477309092551 ], [ 165.095948928078769, -82.708956394377822 ], [ 163.705336135104744, -82.395435479662865 ], [ 162.490991652677963, -82.062277520677299 ], [ 161.629287144210821, -81.690000502446594 ], [ 161.120015903974377, -81.278501072106451 ], [ 159.788210890948335, -80.945394789553006 ], [ 160.316964146158625, -80.573066094890009 ], [ 160.747893915040663, -80.200737400227126 ], [ 160.924162225588248, -79.730481866371008 ], [ 161.766384719081088, -79.162247816889646 ], [ 163.666217075859549, -79.12302540477998 ], [ 165.193875767271948, -78.907483005690722 ], [ 166.995781284857344, -78.750747579105223 ], [ 166.604125604517321, -78.319611104494015 ], [ 164.743463983416063, -78.182513529623748 ], [ 164.273363478856936, -77.829770202799352 ], [ 164.057872756199686, -77.457441508136469 ], [ 163.489897088879729, -77.06557912206722 ], [ 163.470260044608949, -76.693302103836515 ], [ 163.568238560234249, -76.242580261386763 ], [ 163.822796665703891, -75.870303243156172 ], [ 164.234192743179619, -75.458803812815972 ], [ 164.958851353208502, -75.145282898101186 ], [ 165.644390903992416, -74.772954203438189 ], [ 166.094802687848414, -74.381040140936648 ], [ 167.387488641629716, -74.165497741847219 ], [ 167.97510135322068, -73.812806091455172 ], [ 169.287320998408291, -73.656019795881662 ], [ 169.757369826535069, -73.244520365541518 ], [ 170.109958124062359, -72.891828715149416 ], [ 170.560421584350706, -72.441158549132069 ], [ 171.089226515993687, -72.088415222307731 ], [ 171.206790399457532, -71.696501159806076 ], [ 170.501665480834959, -71.402617289362297 ], [ 169.463589308955875, -71.206660258111356 ], [ 168.425616489941149, -70.971480814751089 ], [ 167.30909549384296, -70.834331563448529 ], [ 166.114439732119422, -70.755938415661774 ], [ 164.919680617531185, -70.775523783500319 ], [ 163.842433709974898, -70.716767679984514 ], [ 162.686897007496327, -70.736353047823172 ], [ 161.570479364262724, -70.57961842868184 ], [ 160.806650018556411, -70.226875101857502 ], [ 159.670698683916498, -69.991747334929528 ], [ 159.181012811518713, -69.599833272427986 ], [ 158.025527785472377, -69.482269388963971 ], [ 156.81113162661336, -69.3842908733385 ], [ 155.929790073875438, -69.149214782842819 ], [ 155.165857375304768, -68.83564219169574 ], [ 154.284567498999195, -68.561292012658214 ], [ 153.638198683892483, -68.89450164807613 ], [ 152.502247349252457, -68.874812927372943 ], [ 151.483704868779569, -68.718129984664017 ], [ 150.132314487914869, -68.561292012658214 ], [ 148.839628534133681, -68.385023702110573 ], [ 147.723262567332313, -68.130258890911705 ], [ 146.646067336208148, -67.895131123983674 ], [ 145.999698521101436, -67.601195577107489 ], [ 146.195552199487793, -67.228866882444493 ], [ 145.490427280864992, -66.915345967729706 ], [ 144.374061314063624, -66.837004496375243 ], [ 143.061841668876127, -66.797782084265691 ], [ 142.121692336190108, -66.817367452104349 ], [ 140.809421014570262, -66.817367452104349 ], [ 139.908442417561446, -66.876175232052447 ], [ 138.596222772374063, -66.895760599891105 ], [ 137.460271437733923, -66.954568379839259 ], [ 136.618048944241082, -66.778196716426976 ], [ 136.206704543197702, -66.445090433873702 ], [ 135.873804966373427, -66.033591003533445 ], [ 135.697484979393494, -65.582869161083693 ], [ 135.07075320855779, -65.308570658478459 ], [ 135.0315824728807, -65.720070088818659 ], [ 134.757387323139824, -66.209962666945671 ], [ 133.856460402563357, -66.288304138300134 ], [ 132.93589643771611, -66.386282653925434 ], [ 131.799945103075856, -66.386282653925434 ], [ 130.781454299035431, -66.425505066034987 ], [ 129.704259067911153, -66.582239685176205 ], [ 128.803280470902337, -66.758611348588488 ], [ 127.882768182487212, -66.660632832963017 ], [ 127.00142662974929, -66.56265431733766 ], [ 126.100396356308352, -66.56265431733766 ], [ 125.160247023622219, -66.719388936478936 ], [ 124.122274204607606, -66.621462097285871 ], [ 123.221295607598904, -66.484261169550905 ], [ 122.320368687022324, -66.56265431733766 ], [ 121.654414504077067, -66.876175232052447 ], [ 120.870999790532096, -67.189696146767233 ], [ 119.832923618653012, -67.268089294553988 ], [ 118.579460076981263, -67.170110778928688 ], [ 117.38470096239314, -66.915345967729706 ], [ 116.699161411609339, -66.660632832963017 ], [ 115.602380812646516, -66.699803568640334 ], [ 114.897307570456178, -66.386282653925434 ], [ 114.388088006651969, -66.072761739210705 ], [ 113.604673293107339, -65.876804707959934 ], [ 112.860377638807449, -66.092347107049363 ], [ 111.743959995573846, -66.131569519158916 ], [ 111.058472121222053, -66.425505066034987 ], [ 110.235834995567814, -66.699803568640334 ], [ 109.158639764443649, -66.837004496375243 ], [ 108.081392856887135, -66.954568379839259 ], [ 107.160880568472066, -66.954568379839259 ], [ 106.181560500108731, -66.934931335568365 ], [ 104.908459914166201, -66.327526550409686 ], [ 104.242557407653067, -65.974783223585348 ], [ 103.478676385514746, -65.70048472098 ], [ 102.832410923272619, -65.563283793245148 ], [ 101.57889570516852, -66.307889506138679 ], [ 100.893356154384605, -66.582239685176205 ], [ 100.384188267012746, -66.915345967729706 ], [ 99.718182407635027, -67.248503926715443 ], [ 98.680209588620528, -67.111302998980477 ], [ 97.75964562377311, -67.248503926715443 ], [ 96.682398716216767, -67.248503926715443 ], [ 95.781471795640186, -67.385653178018003 ], [ 95.017590773501638, -67.170110778928688 ], [ 94.175419956440976, -67.111302998980477 ], [ 93.548636509172923, -67.209281514605891 ], [ 92.608538852919025, -67.189696146767233 ], [ 91.590099725310836, -67.111302998980477 ], [ 90.630365024786272, -67.228866882444493 ], [ 89.670630324261595, -67.15047373465768 ], [ 88.828407830768526, -66.954568379839259 ], [ 88.358410679073984, -66.484261169550905 ], [ 87.986288690140213, -66.209910990513379 ], [ 87.477017449903826, -66.876175232052447 ], [ 86.752358839874773, -67.15047373465768 ], [ 85.655526564479942, -67.091717631141876 ], [ 84.676206496116606, -67.209281514605891 ], [ 83.775331251972375, -67.307260030231248 ], [ 82.776425815770438, -67.209281514605891 ], [ 82.051767205741385, -67.366067810179459 ], [ 81.483791538421428, -67.542387797159222 ], [ 80.935349562507724, -67.875545756145016 ], [ 80.093127069014884, -68.071502787395787 ], [ 79.113858677083897, -68.326215922162476 ], [ 78.428370802732161, -68.698441263960717 ], [ 78.134538608720561, -69.070769958623714 ], [ 77.644904412755182, -69.462684021125256 ], [ 76.626465285146764, -69.619418640266531 ], [ 75.627559848944941, -69.737034200162839 ], [ 74.491556837872679, -69.776204935840155 ], [ 73.86487674346921, -69.874183451465512 ], [ 73.336020135394165, -70.364024353160175 ], [ 73.08141035349206, -70.716767679984514 ], [ 72.454626906224007, -71.010703226860585 ], [ 71.906288283174888, -71.324224141575485 ], [ 71.573285353486028, -71.696501159806076 ], [ 71.02489505400456, -72.088415222307731 ], [ 69.869306675093867, -72.264786885719843 ], [ 68.713769972615125, -72.166808370094373 ], [ 67.949888950476634, -71.853287455379643 ], [ 68.419989455035932, -71.4417880250395 ], [ 68.929157342407791, -71.06945933037656 ], [ 69.066306593710237, -70.677545267874962 ], [ 67.949888950476634, -70.697182312145856 ], [ 67.812739699174131, -70.305268249644314 ], [ 68.596257765583516, -69.932939554981317 ], [ 69.555940789675844, -69.678226420214742 ], [ 69.673452996707454, -69.227556254197282 ], [ 69.71262373238477, -68.972791442998414 ], [ 68.89003828316288, -67.934301859660764 ], [ 67.891132846960886, -67.934301859660764 ], [ 66.911864455029729, -67.855908711874122 ], [ 65.97171512234388, -67.738344828409993 ], [ 64.992446730412894, -67.620729268513742 ], [ 64.052349074158997, -67.405238545856719 ], [ 63.190489536395148, -67.816737976196805 ], [ 62.387489455011689, -68.012695007447576 ], [ 61.427806430919361, -67.953887227499479 ], [ 60.605220981697357, -67.679588724894245 ], [ 59.939318475184223, -67.405238545856719 ], [ 58.744507684163864, -67.287674662392646 ], [ 58.137361281166648, -67.01332448335512 ], [ 57.25596805199649, -66.680218200801676 ], [ 57.158092889235661, -66.249133402622874 ], [ 56.355041131419853, -65.974783223585348 ], [ 55.414943475166183, -65.876804707959934 ], [ 54.533550245996025, -65.818048604443959 ], [ 53.613037957580786, -65.896390075798593 ], [ 52.614132521378963, -66.053176371372103 ], [ 51.791547072156959, -66.249133402622874 ], [ 50.949324578663891, -66.523483581660457 ], [ 50.753470900277705, -66.876175232052447 ], [ 49.930885451055644, -67.111302998980477 ], [ 48.990736118369568, -67.091717631141876 ], [ 48.344418979695092, -67.366067810179459 ], [ 47.443440382686276, -67.718759460571505 ], [ 46.503342726432606, -67.601195577107489 ], [ 45.719928012887806, -67.816737976196805 ], [ 44.897290887233396, -68.051865743124893 ], [ 44.113876173688652, -68.267408142214265 ], [ 42.938702426939074, -68.463313497032743 ], [ 41.959434035008144, -68.600514424767709 ], [ 40.92135786312906, -68.933620707321154 ], [ 40.02043094255248, -69.109940694300974 ], [ 39.667894321457368, -69.541077168912068 ], [ 38.649403517416886, -69.776204935840155 ], [ 37.905107863116825, -69.521440124641231 ], [ 37.200034620926601, -69.168748474249071 ], [ 36.162010125479753, -69.24714162203594 ], [ 35.300202264148254, -69.012013855107909 ], [ 34.908494907375825, -68.659270528283514 ], [ 33.870418735496571, -68.502587585574588 ], [ 33.302443068176672, -68.83564219169574 ], [ 32.754052768695317, -69.3842908733385 ], [ 31.990171746556825, -69.658641052376026 ], [ 30.971732618948579, -69.756619568001497 ], [ 30.031583286262503, -69.932939554981317 ], [ 29.150241733524581, -70.207289734018957 ], [ 28.092580193806839, -70.324853617482972 ], [ 27.093726434037251, -70.462054545217825 ], [ 25.977308790803647, -70.481639913056483 ], [ 24.841357456163564, -70.481639913056483 ], [ 23.666183709414213, -70.520810648733743 ], [ 22.56940311045139, -70.697182312145856 ], [ 21.923034295344735, -70.403246765269728 ], [ 21.452985467217786, -70.070140482716283 ], [ 20.375738559661443, -70.011332702768186 ], [ 19.259372592860018, -69.893768819304057 ], [ 18.201711053142276, -69.874183451465512 ], [ 17.02658898282516, -69.913354187142772 ], [ 15.949342075268589, -70.030918070606731 ], [ 15.126756626046586, -70.403246765269728 ], [ 14.734997592841978, -70.030918070606731 ], [ 13.422777947654367, -69.972161967090926 ], [ 12.404287143613942, -70.246512146128339 ], [ 11.953823683325595, -70.638374532197759 ], [ 10.817820672253333, -70.834331563448529 ], [ 10.249845004933434, -70.481639913056483 ], [ 9.525134718472202, -70.011332702768186 ], [ 8.487110223025297, -70.148533630503039 ], [ 7.742866245157813, -69.893768819304057 ], [ 7.135719842160597, -70.246512146128339 ], [ 6.273911980828871, -70.462054545217825 ], [ 5.157546014027616, -70.618789164359043 ], [ 4.139055209987021, -70.853916931287074 ], [ 3.022637566753417, -70.991117859022097 ], [ 1.886686232113505, -71.128267110324714 ], [ 0.868195428072909, -71.304638773736826 ], [ -0.228636847322093, -71.637745056290271 ], [ -0.65948910155555, -71.226245625950071 ], [ -1.795492112627812, -71.16743784600186 ], [ -3.048981492515622, -71.285053405898168 ], [ -4.341667446296924, -71.461373392878102 ], [ -5.536374884452698, -71.402617289362297 ], [ -5.790984666354802, -71.0302885946993 ], [ -6.868231573911146, -70.932310079073943 ], [ -7.377451137715298, -71.324224141575485 ], [ -7.416621873392444, -71.696501159806076 ], [ -8.611380987980624, -71.657330424128872 ], [ -9.101015183946117, -71.324224141575485 ], [ -10.295774298534184, -71.265416361627331 ], [ -11.020432908563066, -71.539766540664857 ], [ -11.510067104528616, -72.010073750953154 ], [ -12.293507656289592, -72.401936137022517 ], [ -13.311972622114013, -72.715457051737303 ], [ -14.408804897509015, -72.950584818665334 ], [ -15.44685523117198, -73.146541849916105 ], [ -16.11278357590129, -73.460114441063183 ], [ -16.465320196996402, -73.871613871403383 ], [ -15.407710333710895, -74.106741638331414 ], [ -15.701490851290259, -74.498604024400663 ], [ -16.641588507544043, -74.792539571276848 ], [ -17.5229817367142, -75.125697530262528 ], [ -18.913542853256217, -75.439218444977314 ], [ -20.010375128651106, -75.674346211905402 ], [ -21.224693772861826, -75.909473978833432 ], [ -22.458597784910978, -76.105431010084203 ], [ -23.927552049239807, -76.242580261386763 ], [ -25.474821946706925, -76.281802673496315 ], [ -26.160335659274779, -76.360144144850779 ], [ -27.511751878355653, -76.497345072585745 ], [ -28.882779303491418, -76.673665059565678 ], [ -29.783732062284116, -77.06557912206722 ], [ -30.99805070649461, -77.359514668943348 ], [ -32.212369350705274, -77.653450215819532 ], [ -33.89676266125889, -77.888526306315271 ], [ -35.326546189910459, -78.123654073243245 ], [ -35.777009650198693, -78.339248148765023 ], [ -35.914107225069017, -79.083854669102891 ], [ -35.639912075328311, -79.456131687333482 ], [ -33.681323615033989, -79.456131687333482 ], [ -31.624808315546659, -79.299397068192263 ], [ -29.685805223090995, -79.260226332515003 ], [ -29.685805223090995, -79.632503350745708 ], [ -29.254901292425131, -79.985195001137697 ], [ -28.549802212018733, -80.337938327962036 ], [ -30.097097947702025, -80.592651462728668 ], [ -32.310296189898338, -80.76902312614078 ], [ -34.386396857224383, -80.906172377443511 ], [ -36.266669684380247, -81.12171477653294 ], [ -38.24481767429711, -81.337308852054548 ], [ -40.771433478343624, -81.356894219893206 ], [ -42.162020433101816, -81.650829766769334 ], [ -42.80836340999241, -82.081914564948136 ], [ -44.825707973802537, -81.846735121587813 ], [ -47.273930630062239, -81.709585870285252 ], [ -49.761349860215489, -81.729171238123797 ], [ -51.543644171746053, -82.003521417161323 ], [ -53.619770677288273, -82.258234551928069 ], [ -55.362894253141576, -82.571755466642799 ], [ -57.008116828017876, -82.86569101351904 ], [ -58.222487148660889, -83.218434340343379 ], [ -58.712121344626269, -82.846105645680382 ], [ -59.691415574773487, -82.375850111824377 ], [ -61.552025519442338, -82.042692152838583 ], [ -63.256030036050731, -81.748756605962512 ], [ -65.704278530526722, -81.474458103357222 ], [ -68.191646084247566, -81.317671807783597 ], [ -70.013162807887738, -81.004150893068811 ], [ -71.442946336539251, -80.690629978354025 ], [ -73.24485185412459, -80.416331475748791 ], [ -75.360097418911721, -80.259545180175223 ], [ -76.633223843070425, -79.887216485512226 ], [ -76.848637051079095, -79.514939467281692 ], [ -78.023784959612499, -79.181833184728248 ], [ -77.984665900367531, -78.789918314782369 ], [ -77.925858120419321, -78.378418884442226 ], [ -76.496100429983983, -78.123654073243245 ], [ -74.772536383753106, -78.221632588868715 ], [ -73.656118740519503, -77.908111674153929 ], [ -74.282876349571438, -77.555420023761769 ], [ -75.399293992804985, -77.281069844724357 ], [ -76.926978522433615, -77.104801534176772 ], [ -77.240370246067641, -76.712887471675174 ], [ -75.555976935514082, -76.712887471675174 ], [ -73.969536302369704, -76.634494323888418 ], [ -72.206775682245393, -76.673665059565678 ], [ -70.600723843046296, -76.634494323888418 ], [ -69.797723761662894, -76.222994893548218 ], [ -68.446281704365788, -76.007452494458789 ], [ -67.192818162694152, -75.791910095369417 ], [ -65.860987311451822, -75.635123799795736 ], [ -64.352836473229615, -75.262846781565202 ], [ -63.745690070232399, -74.929740499011757 ], [ -63.295200771727991, -74.576997172187419 ], [ -61.963369920485718, -74.439847920884858 ], [ -61.37580888532716, -74.106741638331414 ], [ -60.827366909413456, -73.695242207991214 ], [ -60.690269334543132, -73.166178894187055 ], [ -61.003661058177215, -72.7742648316854 ], [ -61.08197669131556, -72.382350769183859 ], [ -61.37580888532716, -72.010073750953154 ], [ -61.512906460197428, -71.089044698215105 ], [ -61.806661139560617, -70.716767679984514 ], [ -62.27673580590357, -70.383661397431069 ], [ -62.570516323482934, -69.991747334929528 ], [ -62.785955369707779, -69.619418640266531 ], [ -63.197299770751101, -69.227556254197282 ], [ -63.961103278241126, -68.913983663050203 ], [ -64.783714565679304, -68.678907572554522 ], [ -65.312545335538118, -68.365334981407386 ], [ -65.665081956633344, -67.953887227499479 ], [ -65.508424852140536, -67.581610209268888 ], [ -64.881693081304661, -67.15047373465768 ], [ -64.294106207929985, -66.837004496375243 ], [ -63.745690070232399, -66.503846537389563 ], [ -62.805566575762441, -66.425505066034987 ], [ -62.120078701410762, -66.190325622674663 ], [ -62.59012752953771, -65.857219340121333 ], [ -62.648857794837397, -65.484942321890685 ], [ -62.511760219966959, -65.093029874277477 ], [ -62.022100185785462, -64.799094327401406 ], [ -61.297415737540348, -64.544329516202538 ], [ -60.611927863188669, -64.309201749274393 ], [ -59.789342413966608, -64.211223233649093 ], [ -59.045072597882893, -64.368009529222604 ], [ -58.614142829000969, -64.152467130133175 ], [ -57.595729539608897, -63.858531583257047 ], [ -57.223581712458895, -63.52542530070366 ], [ -57.811142747617566, -63.270660489504621 ], [ -58.59455746116231, -63.388224372968637 ], [ -59.162584804914559, -63.701745287683536 ], [ -59.887269253159616, -63.956510098882404 ], [ -60.709854702381733, -64.07407398234642 ], [ -61.414927944572071, -64.27003101359719 ], [ -62.041685553624006, -64.583551928311977 ], [ -63.001394415932623, -64.642308031827895 ], [ -63.628152024984558, -64.897072843026706 ], [ -64.176542324465856, -65.171423022064403 ], [ -64.56827551945446, -65.6025062053547 ], [ -65.371327277270154, -65.896390075798593 ], [ -66.05681515162189, -66.209962666945671 ], [ -66.703183966728602, -66.582239685176205 ], [ -67.251548427993725, -66.876175232052447 ], [ -67.741182623959389, -67.326845398069906 ], [ -67.623670416927666, -67.718759460571505 ], [ -67.427842576757541, -68.14984425875025 ], [ -67.58449968125035, -68.541706644819499 ], [ -67.976232876238953, -68.953206075159756 ], [ -68.446281704365788, -69.325534769822696 ], [ -68.544208543558966, -69.717397155892002 ], [ -68.485452440043048, -70.109311218393543 ], [ -68.230842658140944, -70.462054545217825 ], [ -67.917476772723035, -70.853916931287074 ], [ -67.564940151627923, -71.245830993788729 ], [ -67.251548427993725, -71.637745056290271 ], [ -67.134036220962059, -72.049244486630414 ], [ -67.369060635025562, -72.480329284809272 ], [ -67.95662167018412, -72.793850199524059 ], [ -68.935915900331281, -73.009392598613431 ], [ -70.209042324489985, -73.146541849916105 ], [ -71.619214647086892, -73.264157409812412 ], [ -72.833533291297442, -73.401306661115086 ], [ -73.852024095337981, -73.656019795881662 ], [ -74.890048590784829, -73.871613871403383 ], [ -76.221879442027102, -73.969540710596448 ], [ -76.907367316378782, -73.63643442804306 ], [ -77.925858120419321, -73.420892028953631 ], [ -79.296885545555028, -73.518870544578931 ], [ -80.295790981757023, -73.126956482077389 ], [ -80.687446662097045, -73.479699808901842 ], [ -81.470913052074195, -73.851976827132432 ], [ -82.665646328446087, -73.63643442804306 ], [ -83.879990810872812, -73.518870544578931 ], [ -85.19223629427654, -73.479699808901842 ], [ -86.014821743498487, -73.087785746400186 ], [ -87.268336961602586, -73.185764262025657 ], [ -88.423951178729567, -73.009392598613431 ], [ -89.226951260112969, -72.558722432595914 ], [ -90.088733283228464, -73.32291351332816 ], [ -91.420564134470737, -73.401306661115086 ], [ -92.439003262078984, -73.166178894187055 ], [ -93.672907274128136, -73.283742777650957 ], [ -95.043960537479904, -73.479699808901842 ], [ -96.33659481482897, -73.616849060204402 ], [ -97.688036872126077, -73.558041280256305 ], [ -98.118889126359534, -73.205349629864202 ], [ -99.137379930400073, -72.911414082988074 ], [ -100.31252783893342, -72.754679463846855 ], [ -101.605239630930782, -72.81343556736266 ], [ -102.917485114334397, -72.754679463846855 ], [ -103.681288621824422, -72.617530212544182 ], [ -103.32875200072931, -73.362084249005534 ], [ -103.113312954504522, -73.734412943668417 ], [ -102.545337287184566, -74.106741638331414 ], [ -101.252703009835557, -74.185083109685877 ], [ -100.763042975654002, -74.537826436510215 ], [ -100.116699998763295, -74.870932719063489 ], [ -100.64553076862228, -75.302017517242462 ], [ -102.016506517325638, -75.125697530262528 ], [ -103.367948574622687, -74.988496602527675 ], [ -104.87607357462872, -74.949325866850415 ], [ -106.149148322355074, -75.125697530262528 ], [ -107.559346483168156, -75.184453633778446 ], [ -108.714909023862788, -74.910103454740863 ], [ -110.066325242943776, -74.792539571276848 ], [ -111.261058519315668, -74.4202625530462 ], [ -112.29908301476263, -74.714198099922385 ], [ -112.945451829869342, -74.381040140936648 ], [ -113.29798845096451, -74.028348490544658 ], [ -113.944331427855104, -73.714827575829872 ], [ -115.021552497195387, -74.067519226221862 ], [ -116.216311611783453, -74.243890889633974 ], [ -117.469800991671264, -74.028348490544658 ], [ -118.684145474097988, -74.185083109685877 ], [ -119.702559570934284, -74.479018656561948 ], [ -121.073612834286223, -74.518241068671614 ], [ -122.562152466453654, -74.498604024400663 ], [ -124.01149552472765, -74.479018656561948 ], [ -125.402082479485841, -74.518241068671614 ], [ -126.890622111653215, -74.4202625530462 ], [ -128.242038330734204, -74.322284037420729 ], [ -129.554283814137818, -74.45943328872346 ], [ -130.925311239273583, -74.479018656561948 ], [ -132.257167928732031, -74.302698669582185 ], [ -133.745654269578608, -74.439847920884858 ], [ -134.43119382036258, -74.361454773097989 ], [ -135.21458269569132, -74.302698669582185 ], [ -136.42890133990187, -74.518241068671614 ], [ -137.506199923890506, -74.733783467760986 ], [ -138.85759030475532, -74.96891123468896 ], [ -140.209006523836194, -75.066889750314431 ], [ -141.638764214271646, -75.086475118152975 ], [ -142.794352593182566, -75.341239929351957 ], [ -144.322037122811025, -75.537196960602728 ], [ -144.909623996185786, -75.204039001616991 ], [ -146.202309949966974, -75.380410665029217 ], [ -146.496091274990505, -75.733153991853499 ], [ -146.143528008234966, -76.105431010084203 ], [ -146.104408948990056, -76.477759704747086 ], [ -147.612483080008047, -76.575738220372557 ], [ -148.748486091080309, -76.908844502925945 ], [ -150.001949632751916, -77.183143005531235 ], [ -151.333780483994275, -77.398737081052843 ], [ -152.920246955354742, -77.496663920246021 ], [ -153.742832404576774, -77.06557912206722 ], [ -155.329376390585736, -77.20272837336978 ], [ -156.974573127246003, -77.300758565427543 ], [ -157.875474209606409, -76.987237650712643 ], [ -158.365134243787992, -76.889207458654994 ], [ -158.051768358370083, -78.025675557617944 ], [ -157.268301968393018, -78.378418884442226 ], [ -155.975667691044123, -78.691939799157069 ], [ -155.329376390585736, -79.064269301264233 ], [ -153.39032162169778, -79.162247816889646 ], [ -151.588416104112468, -79.299397068192263 ], [ -149.531900804625081, -79.358204848140417 ], [ -148.062946540296338, -79.652088718584253 ], [ -146.770286424731239, -79.926438897621892 ], [ -146.417748996191818, -80.337938327962036 ], [ -147.220749885019472, -80.67104461051548 ], [ -148.865998298112032, -81.043373305178307 ], [ -150.648292609642596, -81.337308852054548 ], [ -152.097661506132795, -81.004150893068811 ], [ -154.408786587522201, -81.160937188642436 ], [ -156.837449714159533, -81.102129408694282 ], [ -155.290179816692358, -81.415650323409011 ], [ -154.526298794553924, -81.768393650233349 ], [ -152.861516690055026, -82.042692152838583 ], [ -152.665637173452723, -82.45419158317884 ], [ -153.037759162386465, -82.826520277841837 ], [ -153.40990698953641, -83.238019708182037 ], [ -153.586201138300169, -83.688689874199383 ], [ -150.902928229760789, -83.904232273288812 ], [ -150.060731574483924, -84.296146335790354 ], [ -146.829068366463275, -84.531274102718385 ], [ -142.892279432375574, -84.570496514827937 ], [ -143.107718478600475, -85.040752048683942 ], [ -145.888918226332947, -85.315102227721582 ], [ -148.533072883071554, -85.609037774597709 ], [ -150.942098965437992, -85.295516859882923 ], [ -155.192252977499265, -85.099559828632152 ], [ -158.071379564424916, -85.373910007669679 ], [ -161.929774543281411, -85.138730564309412 ], [ -164.182143521155098, -84.825209649594626 ], [ -167.022099372403375, -84.570496514827937 ], [ -168.530198534193289, -84.237390232274436 ], [ -168.99998898015869, -84.117914320815714 ], [ -169.951222907571406, -83.884646905450154 ], [ -172.889105598012776, -84.06101856886238 ], [ -173.116559414745439, -84.117914320815714 ], [ -174.382502814815666, -84.534323012223524 ], [ -175.829882168662579, -84.117914320815714 ], [ -175.947234613627728, -84.110448710216588 ], [ -176.084672818077649, -84.099259128758376 ], [ -177.140806673265814, -84.417941227148276 ], [ -177.256771817105772, -84.452932631363922 ], [ -179.058677334691168, -84.139411716649136 ], [ -179.942499356178985, -84.721443373552518 ], [ -180.0, -90.0 ] ] ] ] } },
{ "type": "Feature", "properties": { "id": null, "Zone": "вечные снега и льды", "layer": null, "path": null }, "geometry": { "type": "MultiPolygon", "coordinates": [ [ [ [ -163.71289567772871, -78.595667413241543 ], [ -163.06660437727038, -78.869965915846805 ], [ -163.027407803377002, -78.928773695794959 ], [ -162.439846768218416, -79.281465346186991 ], [ -161.127601284814716, -79.634208673011329 ], [ -159.208183560197654, -79.497059421708684 ], [ -159.482404548154477, -79.046337579258974 ], [ -160.24620805564453, -78.693645121422676 ], [ -161.245113491846439, -78.380175883140183 ], [ -163.105800951163786, -78.223337911134337 ], [ -163.71289567772871, -78.595667413241543 ] ] ] ] } },
{ "type": "Feature", "properties": { "id": null, "Zone": "вечные снега и льды", "layer": null, "path": null }, "geometry": { "type": "MultiPolygon", "coordinates": [ [ [ [ -48.660616014182523, -78.047018731598726 ], [ -48.660616014182523, -78.047017924154474 ], [ -48.660616014182523, -78.047018731598726 ], [ -48.1513964503784, -78.047069600586767 ], [ -46.662856818210983, -77.831475525065059 ], [ -45.15475765642109, -78.047069600586767 ], [ -43.920827806155742, -78.478102722333276 ], [ -43.48994971370611, -79.085559991368498 ], [ -43.372437506674387, -79.516644789547314 ], [ -43.333266770997142, -80.026122735512899 ], [ -44.880536668464266, -80.339643650227686 ], [ -46.506173875502029, -80.594356784994332 ], [ -48.386420864441831, -80.829484551922334 ], [ -50.482106899606457, -81.025441583173134 ], [ -52.851988084511788, -80.966685479657286 ], [ -54.16425940613162, -80.633527520671578 ], [ -53.987991095584036, -80.222028090331378 ], [ -51.853134324742157, -79.947729587726116 ], [ -50.991326463410587, -79.614623305172699 ], [ -50.364594692574755, -79.183486830561606 ], [ -49.914131232286493, -78.811209004886692 ], [ -48.660616014182523, -78.047018731598726 ] ] ] ] } },
{ "type": "Feature", "properties": { "id": null, "Zone": "вечные снега и льды", "layer": null, "path": null }, "geometry": { "type": "MultiPolygon", "coordinates": [ [ [ [ -60.610119188058441, -79.628679294756097 ], [ -59.572094692611586, -80.040178725096283 ], [ -59.865849371974733, -80.549656671061854 ], [ -60.159655727770193, -81.000326837079285 ], [ -62.255393439367111, -80.863177585776654 ], [ -64.48812537296979, -80.92193368929253 ], [ -65.741666429289907, -80.5888274067391 ], [ -65.741666429289907, -80.549656671061854 ], [ -66.29003089055513, -80.255772800617976 ], [ -64.037687750897675, -80.294943536295222 ], [ -61.883245612217181, -80.392870375488314 ], [ -60.610119188058441, -79.628679294756097 ] ] ] ] } },
{ "type": "Feature", "properties": { "id": null, "Zone": "вечные снега и льды", "layer": null, "path": null }, "geometry": { "type": "MultiPolygon", "coordinates": [ [ [ [ -70.253251512315771, -68.878740336227168 ], [ -69.724446580673032, -69.251017354457829 ], [ -69.489422166609586, -69.623346049120769 ], [ -69.058518235943808, -70.074016215138201 ], [ -68.725541144471123, -70.505152689749295 ], [ -68.451345994730431, -70.955822855766726 ], [ -68.333833787698723, -71.406493021784158 ], [ -68.510127936462439, -71.798407084285728 ], [ -68.784297247986984, -72.170735778948668 ], [ -69.959470994736478, -72.307885030251299 ], [ -71.07588863797011, -72.503842061502084 ], [ -72.388134121373781, -72.484256693663468 ], [ -71.898499925408288, -72.092342631161898 ], [ -73.073621995725489, -72.229491882464529 ], [ -74.190039638959121, -72.366692810199453 ], [ -74.953894822881452, -72.072757263323282 ], [ -75.012625088181167, -71.661257832983097 ], [ -73.915818651002297, -71.269344577925779 ], [ -73.915818651002297, -71.269343770481527 ], [ -73.23033077665059, -71.151779887017511 ], [ -72.07471655952358, -71.190950622694757 ], [ -71.780961880160419, -70.681472676729172 ], [ -71.722179938428411, -70.30919565849851 ], [ -71.741791144483187, -69.505782165656754 ], [ -71.173815477163203, -69.035474955368414 ], [ -70.253251512315771, -68.878740336227168 ] ] ] ] } }
]
}
