{
"type": "FeatureCollection",
"name": "eurasia",
"crs": { "type": "name", "properties": { "name": "urn:ogc:def:crs:OGC:1.3:CRS84" } },
"features": [
{ "type": "Feature", "properties": { "id": null, "Zone": "жестколистных вечнозеленых лесов и кустарников (средиземноморского типа)" }, "geometry": { "type": "MultiPolygon", "coordinates": [ [ [ [ -9.034817674180246, 41.880570583659676 ], [ -8.276564117696909, 41.904321315838558 ], [ -7.411755132575259, 41.935579471927291 ], [ -7.312770971627601, 41.935579471927298 ], [ -7.088754186325005, 41.873063159749833 ], [ -6.932463405881334, 41.841805003661094 ], [ -6.82826955225222, 41.862643774386918 ], [ -6.668605515967656, 41.883386949219584 ], [ -6.531317069409243, 41.99809578410477 ], [ -6.32813905483247, 42.274209496221907 ], [ -5.96346056713057, 42.430500276665583 ], [ -5.421652528259176, 42.52427474493178 ], [ -4.765231250395755, 42.545113515657604 ], [ -3.890002879911195, 42.48259720348014 ], [ -2.431288929103589, 42.430500276665583 ], [ -1.087188217288014, 42.357564579125203 ], [ -0.139024149263074, 42.315887037673555 ], [ 0.413203274971233, 42.232531954770266 ], [ 1.163399021100854, 42.24295134013316 ], [ 1.63227136243187, 42.295048266947717 ], [ 2.111563089125795, 42.440919662028477 ], [ 2.205337557391998, 42.638887983923794 ], [ 2.174079401303264, 42.795178764367463 ], [ 2.153240630577441, 42.857695076544935 ], [ 2.33037018174694, 43.430761271505062 ], [ 2.622112971908459, 43.659987749489112 ], [ 3.320211791223525, 43.857956071384429 ], [ 3.882858600820743, 43.982988695739365 ], [ 4.539279878684163, 43.889214227473161 ], [ 5.133184844370115, 43.691245905577844 ], [ 5.654154112515687, 43.576632666585823 ], [ 6.03967137094341, 43.659987749489112 ], [ 6.539801868363159, 43.930891768924809 ], [ 6.90448035606506, 44.12886009082014 ], [ 7.467127165662277, 44.462280422433309 ], [ 8.040193360622407, 44.670668129691535 ], [ 8.727872794574562, 44.785281368683563 ], [ 9.269680833445957, 44.68108751505445 ], [ 9.936521496672288, 44.347667183441281 ], [ 10.520007076995327, 43.972569310376471 ], [ 11.020137574415077, 43.295309261787224 ], [ 11.520268071834826, 42.847275691182034 ], [ 13.093595261634452, 41.85743408170547 ], [ 14.052178715022304, 41.263529116019512 ], [ 14.9586652415956, 40.836334316140146 ], [ 15.708860987725224, 40.10697734073635 ], [ 15.938087465709273, 39.606846843316596 ], [ 16.13605578760459, 39.242168355614695 ], [ 16.313185338774087, 39.263007126340518 ], [ 16.281927182685351, 39.544330531139131 ], [ 16.052700704701302, 40.273687506542927 ], [ 16.125636402241682, 40.742559847873942 ], [ 15.76095791453978, 41.055141408761287 ], [ 14.552309212442054, 41.576110676906858 ], [ 13.520790061513825, 42.305467652310668 ], [ 12.958143251916606, 42.899372617996619 ], [ 12.437173983771036, 43.305728647150161 ], [ 12.187108735061161, 43.628729593400422 ], [ 12.562206608125972, 43.691245905577887 ], [ 12.926885095827874, 43.680826520214978 ], [ 13.526905958722494, 43.587727362637864 ], [ 14.029820997787029, 42.761007798832466 ], [ 15.142569614327925, 41.955139675456849 ], [ 15.926191033601896, 41.961315009115715 ], [ 16.169897088290384, 41.740294908203389 ], [ 15.889345737377797, 41.541082261718216 ], [ 16.785001661860548, 41.179605617836557 ], [ 17.51916873543118, 40.877143459632222 ], [ 18.376687452882521, 40.35562490494263 ], [ 18.480247023195432, 40.168866278639811 ], [ 18.293385044028042, 39.810774441073264 ], [ 17.738380161213314, 40.277671006830346 ], [ 16.869595981522338, 40.44223460546381 ], [ 16.448743116937322, 39.795400702466438 ], [ 17.17148969897147, 39.424699815420681 ], [ 17.052840610429314, 38.902871202137348 ], [ 16.635088331781816, 38.843572496082416 ], [ 16.100960727613, 37.985898749334197 ], [ 15.684086948314473, 37.908849188787016 ], [ 15.687962680736348, 38.214592800441878 ], [ 15.89198123542468, 38.75094249119924 ], [ 16.109332309644287, 38.964547024077703 ], [ 15.718813510814613, 39.544072374014917 ], [ 15.413612501698793, 40.048356838535156 ], [ 14.99849572109818, 40.17294871679087 ], [ 14.703268263414714, 40.604550279292596 ], [ 14.060671827865264, 40.786347968095399 ], [ 13.627985060285397, 41.1882872584616 ], [ 12.888081902730365, 41.253089504555604 ], [ 12.106682570044939, 41.704534817057407 ], [ 11.191906365614216, 42.355425319989699 ], [ 10.511947869517741, 42.93146251074721 ], [ 10.200028924203991, 43.920006822274601 ], [ 9.702488234097842, 44.03627879493132 ], [ 8.888946160526871, 44.366336167979512 ], [ 8.428560825238577, 44.231228135752417 ], [ 7.850766635783144, 43.767147935555244 ], [ 7.435184767291872, 43.693844916349221 ], [ 6.52924523278304, 43.128892320318315 ], [ 4.556962517931424, 43.399650987311595 ], [ 3.100410597352663, 43.075200507167054 ], [ 2.985998976258458, 42.473015041669861 ], [ 3.039484083680549, 41.892120266276905 ], [ 2.091841668312185, 41.226088568683096 ], [ 0.810524529635188, 41.014731960609339 ], [ 0.721331007499401, 40.678318386389236 ], [ 0.106691521819869, 40.123933620762017 ], [ -0.278711310212941, 39.30997813573272 ], [ 0.111290724293838, 38.73851430923304 ], [ -0.467123582349103, 38.292365831041153 ], [ -0.683389451490598, 37.642353827457825 ], [ -1.438382127274849, 37.443063666324221 ], [ -2.146452602538119, 36.674144192037289 ], [ -3.415780808923387, 36.65889964451118 ], [ -4.368900926114719, 36.677839056946155 ], [ -4.995219285492212, 36.324708156879637 ], [ -5.377159796561457, 35.946850083961465 ], [ -5.866432257500904, 36.029816596006057 ], [ -6.236693894872175, 36.367677110330334 ], [ -6.520190802425404, 36.942913316387319 ], [ -7.453725551778092, 37.097787583966067 ], [ -7.855613165711986, 36.838268540996268 ], [ -8.382816127953689, 36.978880113262463 ], [ -8.898856980820327, 36.868809312480778 ], [ -8.746101446965554, 37.651345526676607 ], [ -8.83999752443988, 38.266243394517616 ], [ -9.287463751655224, 38.358485826158599 ], [ -9.526570603869715, 38.737429104154913 ], [ -9.446988898140233, 39.39206614842837 ], [ -9.048305223008427, 39.755093085278773 ], [ -8.977353481471681, 40.159306138665812 ], [ -8.768684047877102, 40.760638943030187 ], [ -8.79085323733031, 41.184334011391257 ], [ -8.990789353867569, 41.543459377603639 ], [ -9.034817674180246, 41.880570583659676 ] ], [ [ -3.994196733540304, 40.794656774688505 ], [ -4.827747562573219, 40.607107838156104 ], [ -5.317458674630057, 40.419558901623695 ], [ -5.723814703783603, 40.169493652913822 ], [ -5.880105484227275, 39.877750862752301 ], [ -5.84884732813854, 39.679782540856984 ], [ -5.650879006243223, 39.65894377013116 ], [ -5.48416884043664, 39.80481516521192 ], [ -5.223684206363854, 39.909009018841033 ], [ -4.848586333299043, 39.950686560292681 ], [ -4.619359855314991, 39.909009018841033 ], [ -4.525585387048787, 39.846492706663568 ], [ -4.306778294427647, 39.825653935937744 ], [ -4.056713045717773, 39.950686560292681 ], [ -3.921261035999924, 40.122606418780705 ], [ -3.822276875052264, 40.169493652913815 ], [ -3.64514732388277, 40.16428396023236 ], [ -3.384662689809985, 40.140840343165799 ], [ -3.092919899648464, 40.112187033417797 ], [ -2.743870489990932, 40.10697734073635 ], [ -2.345328999859569, 40.203356655343278 ], [ -1.941577817046751, 40.17991303827673 ], [ -1.683698029314695, 40.078324030988341 ], [ -1.407584317197541, 39.812629704234105 ], [ -1.240874151390958, 39.656338923790436 ], [ -1.173148146532033, 39.609451689657334 ], [ -1.074163985584375, 39.60424199697588 ], [ -0.975179824636716, 39.625080767701704 ], [ -0.907453819777793, 39.687597079879168 ], [ -0.850147200281779, 39.770952162782471 ], [ -0.792840580785767, 39.927242943226133 ], [ -0.772001810059944, 40.187727577298922 ], [ -0.792840580785767, 40.333598972379683 ], [ -0.907453819777792, 40.541986679637908 ], [ -0.990808902681084, 40.609712684496834 ], [ -1.240874151390957, 40.755584079577588 ], [ -1.730585263447795, 40.880616703932525 ], [ -2.366167770585393, 40.974391172198729 ], [ -3.264839758136503, 40.930108784406357 ], [ -3.994196733540304, 40.794656774688505 ] ], [ [ -4.288544370042557, 37.624558778022731 ], [ -4.788674867462306, 37.499526153667787 ], [ -5.3304829063337, 37.353654758587034 ], [ -5.593572386747213, 37.282021484217005 ], [ -5.843637635457088, 37.13094039645479 ], [ -5.934807257382564, 36.999395656248041 ], [ -6.005138108582215, 36.891294533107825 ], [ -6.039001111011679, 36.728491636812343 ], [ -6.028581725648767, 36.593039627094498 ], [ -5.992113876878574, 36.542245123450279 ], [ -5.916573332997467, 36.537035430768839 ], [ -5.778516476938893, 36.55136208564285 ], [ -5.580548155043572, 36.581317818561196 ], [ -5.424257374599904, 36.655555939271963 ], [ -5.11167581371256, 36.863943646530196 ], [ -4.767836096736483, 37.009815041610956 ], [ -4.340641296857114, 37.020234426973865 ], [ -3.715478175082428, 36.936879344070576 ], [ -3.288283375203059, 36.895201802618928 ], [ -3.07989566794483, 36.92645995870766 ], [ -2.788152877783309, 37.061911968425512 ], [ -2.517248858347612, 37.218202748869182 ], [ -2.288022380363561, 37.520364924393611 ], [ -2.116102521875521, 37.739172017014752 ], [ -2.017118360927863, 37.7808495584664 ], [ -1.725375570766343, 37.822527099918048 ], [ -1.444052165967734, 37.822527099918048 ], [ -1.355487390382986, 37.864204641369682 ], [ -1.311205002590612, 37.973608187680256 ], [ -1.308600156249885, 38.08301173399083 ], [ -1.329438926975708, 38.218463743708682 ], [ -1.298180770886973, 38.294004287589779 ], [ -1.225245073346594, 38.343496368063619 ], [ -1.149704529465485, 38.39950056438925 ], [ -1.13147060508039, 38.495879878996185 ], [ -1.183567531894948, 38.593561616773492 ], [ -1.360697083064442, 38.687336085039696 ], [ -1.735794956129254, 38.687336085039696 ], [ -2.444313160807232, 38.499787148507288 ], [ -3.142411980122298, 38.145528046168302 ], [ -3.746736331171162, 37.801688329192224 ], [ -4.007220965243947, 37.687075090200196 ], [ -4.288544370042557, 37.624558778022731 ] ] ] ] } },
{ "type": "Feature", "properties": { "id": null, "Zone": "области высотной поясности" }, "geometry": { "type": "MultiPolygon", "coordinates": [ [ [ [ -5.843637635457088, 37.13094039645479 ], [ -5.593572386747213, 37.282021484217005 ], [ -5.3304829063337, 37.353654758587034 ], [ -4.788674867462306, 37.499526153667787 ], [ -4.288544370042557, 37.624558778022731 ], [ -4.007220965243947, 37.687075090200196 ], [ -3.746736331171162, 37.801688329192224 ], [ -3.142411980122298, 38.145528046168302 ], [ -2.444313160807232, 38.499787148507288 ], [ -1.735794956129254, 38.687336085039696 ], [ -1.360697083064442, 38.687336085039696 ], [ -1.183567531894948, 38.593561616773492 ], [ -1.13147060508039, 38.495879878996185 ], [ -1.149704529465485, 38.39950056438925 ], [ -1.225245073346594, 38.343496368063619 ], [ -1.298180770886973, 38.294004287589779 ], [ -1.329438926975708, 38.218463743708682 ], [ -1.308600156249885, 38.08301173399083 ], [ -1.311205002590612, 37.973608187680256 ], [ -1.355487390382986, 37.864204641369682 ], [ -1.444052165967734, 37.822527099918048 ], [ -1.725375570766343, 37.822527099918048 ], [ -2.017118360927863, 37.7808495584664 ], [ -2.116102521875521, 37.739172017014752 ], [ -2.288022380363561, 37.520364924393611 ], [ -2.517248858347612, 37.218202748869182 ], [ -2.788152877783309, 37.061911968425512 ], [ -3.07989566794483, 36.92645995870766 ], [ -3.288283375203059, 36.895201802618928 ], [ -3.715478175082428, 36.936879344070576 ], [ -4.340641296857114, 37.020234426973865 ], [ -4.767836096736483, 37.009815041610956 ], [ -5.11167581371256, 36.863943646530196 ], [ -5.424257374599904, 36.655555939271963 ], [ -5.580548155043572, 36.581317818561196 ], [ -5.778516476938893, 36.55136208564285 ], [ -5.916573332997467, 36.537035430768839 ], [ -5.992113876878574, 36.542245123450279 ], [ -6.028581725648767, 36.593039627094498 ], [ -6.039001111011679, 36.728491636812343 ], [ -6.005138108582215, 36.891294533107825 ], [ -5.934807257382564, 36.999395656248041 ], [ -5.843637635457088, 37.13094039645479 ] ] ] ] } },
{ "type": "Feature", "properties": { "id": null, "Zone": "области высотной поясности" }, "geometry": { "type": "MultiPolygon", "coordinates": [ [ [ [ -0.907453819777792, 40.541986679637908 ], [ -0.792840580785767, 40.333598972379683 ], [ -0.772001810059944, 40.187727577298922 ], [ -0.792840580785767, 39.927242943226133 ], [ -0.850147200281779, 39.770952162782471 ], [ -0.907453819777793, 39.687597079879168 ], [ -0.975179824636716, 39.625080767701704 ], [ -1.074163985584375, 39.60424199697588 ], [ -1.173148146532033, 39.609451689657334 ], [ -1.240874151390958, 39.656338923790436 ], [ -1.407584317197541, 39.812629704234105 ], [ -1.683698029314695, 40.078324030988341 ], [ -1.941577817046751, 40.17991303827673 ], [ -2.345328999859569, 40.203356655343278 ], [ -2.743870489990932, 40.10697734073635 ], [ -3.092919899648464, 40.112187033417797 ], [ -3.384662689809985, 40.140840343165799 ], [ -3.64514732388277, 40.16428396023236 ], [ -3.822276875052264, 40.169493652913815 ], [ -3.921261035999924, 40.122606418780705 ], [ -4.056713045717773, 39.950686560292681 ], [ -4.306778294427647, 39.825653935937744 ], [ -4.525585387048787, 39.846492706663568 ], [ -4.619359855314991, 39.909009018841033 ], [ -4.848586333299043, 39.950686560292681 ], [ -5.223684206363854, 39.909009018841033 ], [ -5.48416884043664, 39.80481516521192 ], [ -5.650879006243223, 39.65894377013116 ], [ -5.84884732813854, 39.679782540856984 ], [ -5.880105484227275, 39.877750862752301 ], [ -5.723814703783603, 40.169493652913822 ], [ -5.317458674630057, 40.419558901623695 ], [ -4.827747562573219, 40.607107838156104 ], [ -3.994196733540304, 40.794656774688505 ], [ -3.264839758136503, 40.930108784406357 ], [ -2.366167770585393, 40.974391172198729 ], [ -1.730585263447795, 40.880616703932525 ], [ -1.240874151390957, 40.755584079577588 ], [ -0.990808902681084, 40.609712684496834 ], [ -0.907453819777792, 40.541986679637908 ] ] ] ] } },
{ "type": "Feature", "properties": { "id": null, "Zone": "области высотной поясности" }, "geometry": { "type": "MultiPolygon", "coordinates": [ [ [ [ -7.312770971627601, 41.935579471927298 ], [ -7.555021681315288, 42.119221138948646 ], [ -7.737360925166239, 42.395334851065797 ], [ -7.706102769077503, 42.629771021731301 ], [ -7.46645690573054, 42.916304119211368 ], [ -7.096568725347185, 43.077804592336499 ], [ -6.596438227927436, 43.135111211832509 ], [ -5.528451228229016, 43.150740289876893 ], [ -4.017640350606857, 43.036127050884872 ], [ -2.360958077903942, 42.984030124070308 ], [ -1.502770961910528, 43.034014390630432 ], [ -0.631340107660643, 43.077804592336513 ], [ 0.139694409194803, 43.067385206973604 ], [ 1.254568643026327, 43.025707665521956 ], [ 1.963086847704306, 42.921513811892844 ], [ 2.153240630577441, 42.857695076544935 ], [ 2.174079401303264, 42.795178764367463 ], [ 2.205337557391998, 42.638887983923794 ], [ 2.111563089125795, 42.440919662028477 ], [ 1.811410429554192, 42.349568852593642 ], [ 1.63227136243187, 42.295048266947717 ], [ 1.163399021100854, 42.24295134013316 ], [ 0.413203274971233, 42.232531954770266 ], [ -0.139024149263074, 42.315887037673555 ], [ -1.087188217288014, 42.357564579125203 ], [ -2.431288929103589, 42.430500276665583 ], [ -3.890002879911195, 42.48259720348014 ], [ -4.765231250395755, 42.545113515657604 ], [ -5.421652528259176, 42.52427474493178 ], [ -5.96346056713057, 42.430500276665583 ], [ -6.32813905483247, 42.274209496221907 ], [ -6.531317069409243, 41.99809578410477 ], [ -6.668605515967656, 41.883386949219584 ], [ -6.82826955225222, 41.862643774386918 ], [ -6.932463405881334, 41.841805003661094 ], [ -7.312770971627601, 41.935579471927298 ] ] ] ] } },
{ "type": "Feature", "properties": { "id": null, "Zone": "области высотной поясности" }, "geometry": { "type": "MultiPolygon", "coordinates": [ [ [ [ 3.588510964318488, 45.974393723225887 ], [ 3.739592052080704, 45.880619254959683 ], [ 3.796898671576717, 45.713909089153098 ], [ 3.770850208169438, 45.531569845302151 ], [ 3.583301271637032, 45.161681664918795 ], [ 3.307187559519879, 44.630293011410309 ], [ 2.973767227906713, 44.088484972538915 ], [ 2.622112971908459, 43.659987749489112 ], [ 2.33037018174694, 43.430761271505062 ], [ 2.218361789095635, 43.322660148364925 ], [ 2.056861315970506, 43.327869841046379 ], [ 1.983925618430126, 43.442483080038407 ], [ 1.957877155022849, 43.593564167800622 ], [ 2.004764389155949, 43.807161567740309 ], [ 2.192313325688355, 44.296872679797147 ], [ 2.359023491494938, 44.797003177216894 ], [ 2.556991813390256, 45.370069372177021 ], [ 2.786218291374307, 45.797264172056394 ], [ 2.911250915729245, 45.937925874455694 ], [ 3.057122310810005, 45.984813108588796 ], [ 3.322816637564246, 46.026490650040444 ], [ 3.588510964318488, 45.974393723225887 ] ] ] ] } },
{ "type": "Feature", "properties": { "id": null, "Zone": "области высотной поясности" }, "geometry": { "type": "MultiPolygon", "coordinates": [ [ [ [ 9.269680833445957, 44.68108751505445 ], [ 8.912816884766229, 44.932455186934739 ], [ 8.537719011701418, 44.97413272838638 ], [ 8.339750689806101, 45.04706842592676 ], [ 8.339750689806101, 45.192939821007521 ], [ 8.537719011701418, 45.34923060145119 ], [ 8.923236270129141, 45.401327528265753 ], [ 9.986013577146107, 44.901197030845999 ], [ 11.121726581703454, 44.421905304152077 ], [ 11.861502942470167, 43.963452348183971 ], [ 12.187108735061161, 43.628729593400422 ], [ 12.437173983771036, 43.305728647150161 ], [ 12.958143251916606, 42.899372617996619 ], [ 13.520790061513825, 42.305467652310668 ], [ 14.552309212442054, 41.576110676906858 ], [ 15.76095791453978, 41.055141408761287 ], [ 16.125636402241682, 40.742559847873942 ], [ 16.052700704701302, 40.273687506542927 ], [ 16.281927182685351, 39.544330531139131 ], [ 16.313185338774087, 39.263007126340518 ], [ 16.13605578760459, 39.242168355614695 ], [ 15.938087465709273, 39.606846843316596 ], [ 15.708860987725224, 40.10697734073635 ], [ 14.9586652415956, 40.836334316140146 ], [ 14.052178715022304, 41.263529116019512 ], [ 13.093595261634452, 41.85743408170547 ], [ 11.520268071834826, 42.847275691182034 ], [ 11.020137574415077, 43.295309261787224 ], [ 10.520007076995327, 43.972569310376471 ], [ 9.936521496672288, 44.347667183441281 ], [ 9.269680833445957, 44.68108751505445 ] ] ] ] } },
{ "type": "Feature", "properties": { "id": null, "Zone": "области высотной поясности" }, "geometry": { "type": "MultiPolygon", "coordinates": [ [ [ [ 4.539279878684163, 43.889214227473161 ], [ 4.515836261617584, 44.307292065160048 ], [ 4.609610729883787, 44.682389938224858 ], [ 5.109741227303536, 45.255456133184985 ], [ 5.43274217355379, 45.599295850161063 ], [ 5.682807422263665, 45.755586630604739 ], [ 6.182937919683414, 45.807683557419296 ], [ 6.641390875651517, 45.901458025685493 ], [ 7.183198914522912, 46.120265118306648 ], [ 7.797942650934687, 46.537040532823106 ], [ 8.339750689806081, 46.901719020525007 ], [ 8.756526104322539, 47.058009800968676 ], [ 9.308753528556846, 47.058009800968676 ], [ 9.694270786984569, 46.849622093710451 ], [ 9.82972279670242, 46.833993015666067 ], [ 9.932448357796659, 46.920728054382963 ], [ 10.048529889323561, 47.104897035101764 ], [ 10.366321142892359, 47.532091834981145 ], [ 10.673693011098246, 47.709221386150638 ], [ 11.319694903598755, 47.875931551957223 ], [ 11.913599869284706, 47.933238171453233 ], [ 12.783618547087812, 47.808205547098304 ], [ 13.408781668862497, 47.745689234920839 ], [ 13.908912166282246, 47.724850464195015 ], [ 14.419462049064911, 47.818624932461219 ], [ 14.732043609952255, 48.006173868993621 ], [ 15.096722097654155, 48.047851410445269 ], [ 15.367626117089852, 47.995754483630712 ], [ 15.565594438985169, 47.776947391009571 ], [ 15.565594438985169, 47.547720913025522 ], [ 15.367626117089852, 47.422688288670585 ], [ 14.607010985597316, 47.276816893589825 ], [ 13.992267249185542, 47.214300581412353 ], [ 13.460878595677059, 47.162203654597796 ], [ 13.075361337249337, 47.078848571694508 ], [ 12.950328712894398, 46.870460864436275 ], [ 13.002425639708957, 46.787105781532986 ], [ 13.137877649426803, 46.61518592304494 ], [ 13.137877649426803, 46.474524220645641 ], [ 12.908651171442752, 46.391169137742345 ], [ 12.549182376422307, 46.417217601149623 ], [ 12.34079466916408, 46.464104835282726 ], [ 12.179294196038951, 46.406798215786715 ], [ 12.09593911313566, 46.286975284113232 ], [ 12.064680957046926, 46.120265118306648 ], [ 11.871922327833063, 45.922296796411331 ], [ 11.616647386441734, 45.870199869596775 ], [ 11.429098449909327, 45.880619254959683 ], [ 10.460095611158563, 45.932716181774239 ], [ 9.574447855311091, 45.870199869596775 ], [ 8.740897026278176, 45.70348970379019 ], [ 7.928184967971083, 45.536779537983605 ], [ 7.511409553454625, 45.380488757539936 ], [ 7.188408607204371, 45.015810269838035 ], [ 7.084214753575257, 44.640712396773225 ], [ 7.085976709400344, 44.2364134853892 ], [ 6.90448035606506, 44.12886009082014 ], [ 6.539801868363159, 43.930891768924809 ], [ 6.03967137094341, 43.659987749489112 ], [ 5.654154112515687, 43.576632666585823 ], [ 5.133184844370115, 43.691245905577844 ], [ 4.539279878684163, 43.889214227473161 ] ] ] ] } },
{ "type": "Feature", "properties": { "id": null, "Zone": "области высотной поясности" }, "geometry": { "type": "MultiPolygon", "coordinates": [ [ [ [ 13.937630242578308, 45.591015936864622 ], [ 14.101670795496103, 45.792054479374919 ], [ 14.403832971020535, 45.896248333004031 ], [ 14.643478834367498, 45.838941713508021 ], [ 14.924802239166105, 45.69307031842726 ], [ 15.570804131666616, 45.312762752680996 ], [ 16.347048341203518, 44.849100104031436 ], [ 18.170440779713026, 44.302082372478601 ], [ 19.326992554996195, 43.822790645784671 ], [ 20.295995393746956, 43.60398355316353 ], [ 21.067029910602404, 43.364337689816566 ], [ 21.952677666449876, 42.739174568041882 ], [ 23.088390671007229, 42.207785914533382 ], [ 24.18242613411293, 42.009817592638065 ], [ 25.3389779093961, 41.905623739008952 ], [ 25.745333938549646, 41.718074802476551 ], [ 25.91204410435623, 41.436751397677938 ], [ 26.056942172965339, 40.824123440100763 ], [ 25.447677036244158, 40.85254547786144 ], [ 24.925848422960939, 40.947061672523205 ], [ 24.244942446290398, 41.290880002597177 ], [ 23.598940553789891, 41.57220340739579 ], [ 23.296778378265458, 41.593042178121607 ], [ 23.223842680725078, 41.374235085500473 ], [ 23.348875305080014, 41.155427992879332 ], [ 23.213423295362169, 41.061653524613128 ], [ 22.827906036934444, 41.061653524613128 ], [ 22.597308383889015, 41.130487168943205 ], [ 22.05537763844427, 41.149865831052693 ], [ 21.674160597426976, 40.931274522457954 ], [ 21.509853788526147, 40.613619954007923 ], [ 21.520273173889059, 40.165586383402733 ], [ 21.468176247074503, 39.905101749329944 ], [ 21.713031803102925, 39.389342173865842 ], [ 22.317356154151788, 38.868372905720271 ], [ 22.484066319958369, 38.57663011555875 ], [ 22.536163246772929, 38.118177159590651 ], [ 22.598679558950398, 37.472175267090137 ], [ 22.775809110119891, 36.815753989226721 ], [ 22.650776485764954, 36.763657062412165 ], [ 22.463227549232549, 36.89910907213001 ], [ 22.379872466329257, 37.170013091565707 ], [ 22.108968446893559, 37.222110018380263 ], [ 21.942258281086975, 37.055399852573686 ], [ 21.838064427457862, 36.97204476967039 ], [ 21.775548115280394, 37.065819237936594 ], [ 21.775548115280394, 37.27420694519482 ], [ 21.733870573828746, 37.5242721939047 ], [ 21.671354261651278, 37.711821130437102 ], [ 21.650515490925457, 37.97230576450989 ], [ 21.45254716903014, 38.472436261929637 ], [ 20.712770808263425, 39.326825861688377 ], [ 20.264737237658235, 39.931150212737236 ], [ 20.066768915762918, 40.420861324794075 ], [ 20.108446457214562, 40.868894895399272 ], [ 20.056349530400006, 41.327347851367371 ], [ 19.910478135319245, 41.639929412254716 ], [ 19.540027296637106, 41.719986070312757 ], [ 19.371768833094961, 41.877547512370654 ], [ 19.371768163347252, 41.877550679783496 ], [ 19.16246, 41.95502 ], [ 18.88214, 42.28151 ], [ 18.450016883020862, 42.479992245312182 ], [ 18.450016310304818, 42.479991360029317 ], [ 17.509970330483327, 42.849994615239154 ], [ 16.930005730871642, 43.20999848080038 ], [ 16.015384555737683, 43.507215481127218 ], [ 15.174453973052096, 44.243191229827914 ], [ 15.376250441151797, 44.317915350922078 ], [ 14.920309279040509, 44.738483995129457 ], [ 14.901602410550879, 45.076060289076111 ], [ 14.258747592839995, 45.233776760430942 ], [ 13.952254672917036, 44.802123521496867 ], [ 13.656975538801191, 45.136935126315961 ], [ 13.679403110415819, 45.484149074885011 ], [ 13.937630242578308, 45.591015936864622 ] ] ] ] } },
{ "type": "Feature", "properties": { "id": null, "Zone": "широколиственных лесов" }, "geometry": { "type": "MultiPolygon", "coordinates": [ [ [ [ 19.888481479581287, 54.866160386771512 ], [ 20.910739130158738, 54.007739838030616 ], [ 21.869322583546591, 53.549286882062511 ], [ 22.827906036934444, 53.40341548698175 ], [ 24.244942446290402, 53.361737945530102 ], [ 25.328558524033191, 53.590964423514158 ], [ 26.141270582340283, 53.77851336004656 ], [ 27.204047889357255, 53.77851336004656 ], [ 29.35044127411701, 53.736835818594919 ], [ 31.038381702908666, 53.611803194239982 ], [ 33.330646482749181, 53.465931799159208 ], [ 34.789360433556787, 53.29922163335263 ], [ 36.206396842912739, 53.153350238271869 ], [ 37.144141525574767, 53.153350238271869 ], [ 37.998531125333514, 53.382576716255919 ], [ 37.790143418075282, 52.903284989561989 ], [ 37.310851691381359, 52.403154492142242 ], [ 36.143880530735274, 51.882185223996672 ], [ 35.226974618799062, 51.757152599641735 ], [ 33.726583126539822, 51.757152599641735 ], [ 32.851354756055258, 51.569603663109326 ], [ 31.851093761215758, 51.06947316568958 ], [ 31.538512200328412, 50.777730375528058 ], [ 31.038381702908666, 50.423471273189065 ], [ 30.100637020246637, 50.319277419559953 ], [ 28.725278152342327, 50.527665126818185 ], [ 27.537468220970418, 50.59018143899565 ], [ 26.89146632846991, 50.423471273189065 ], [ 26.141270582340287, 50.131728483027544 ], [ 25.787011480001297, 49.798308151414382 ], [ 25.682817626372181, 49.339855195446276 ], [ 26.078754270162818, 48.735530844397417 ], [ 26.619336785597795, 48.220726223333472 ], [ 27.068595879638831, 47.301128792770292 ], [ 27.297822357622884, 46.623868744181046 ], [ 27.318661128348708, 45.821576071236862 ], [ 27.27698358689706, 45.467316968897869 ], [ 26.839369401654778, 45.102638481195967 ], [ 26.34965828959794, 44.873412003211911 ], [ 25.693237011735093, 44.692809323587788 ], [ 24.797169870524709, 44.442744074877915 ], [ 24.172006748750022, 44.088484972538929 ], [ 24.100679152124172, 43.741051337247853 ], [ 24.328297529193694, 43.452902465401337 ], [ 25.047235119234582, 43.265353528868928 ], [ 25.984979801896614, 43.171579060602724 ], [ 27.172789733268516, 43.265353528868928 ], [ 28.039095086384719, 43.293171698574184 ], [ 27.673897739378049, 42.577892361006221 ], [ 27.99672041190539, 42.007358710287789 ], [ 28.115524529744416, 41.622886054036243 ], [ 27.131112191816872, 41.494058017173991 ], [ 26.214206279880663, 41.473219246448167 ], [ 25.91204410435623, 41.436751397677938 ], [ 25.745333938549646, 41.718074802476551 ], [ 25.3389779093961, 41.905623739008952 ], [ 24.18242613411293, 42.009817592638065 ], [ 23.088390671007229, 42.207785914533382 ], [ 22.543954573664056, 42.462522070171019 ], [ 21.952677666449876, 42.739174568041882 ], [ 21.067029910602404, 43.364337689816566 ], [ 20.295995393746956, 43.60398355316353 ], [ 19.519457023080697, 43.779330927184944 ], [ 19.326992554996195, 43.822790645784671 ], [ 18.170440779713026, 44.302082372478601 ], [ 16.347048341203518, 44.849100104031436 ], [ 15.900023634003711, 45.116114862023267 ], [ 15.570804131666616, 45.312762752680996 ], [ 15.327626568012997, 45.455923737735141 ], [ 14.924802239166105, 45.69307031842726 ], [ 14.643478834367498, 45.838941713508021 ], [ 14.403832971020535, 45.896248333004031 ], [ 14.101670795496103, 45.792054479374919 ], [ 13.937630242578308, 45.591015936864622 ], [ 13.141606479554296, 45.736691799495418 ], [ 12.328581170306251, 45.381778062514826 ], [ 12.383874952858548, 44.885374253919096 ], [ 12.261453484759102, 44.600482082693986 ], [ 12.589237094786455, 44.091365871754462 ], [ 13.526905958722494, 43.587727362637864 ], [ 12.926885095827874, 43.680826520214978 ], [ 12.562206608125972, 43.691245905577887 ], [ 12.187108735061161, 43.628729593400422 ], [ 11.861502942470167, 43.963452348183971 ], [ 11.121726581703454, 44.421905304152077 ], [ 9.986013577146107, 44.901197030845999 ], [ 8.923236270129141, 45.401327528265753 ], [ 8.537719011701418, 45.34923060145119 ], [ 8.339750689806101, 45.192939821007521 ], [ 8.339750689806101, 45.04706842592676 ], [ 8.537719011701418, 44.97413272838638 ], [ 8.912816884766229, 44.932455186934739 ], [ 9.269680833445957, 44.68108751505445 ], [ 8.727872794574562, 44.785281368683563 ], [ 8.040193360622407, 44.670668129691535 ], [ 7.467127165662277, 44.462280422433309 ], [ 7.085976709400344, 44.2364134853892 ], [ 7.084214753575257, 44.640712396773225 ], [ 7.188408607204371, 45.015810269838035 ], [ 7.511409553454625, 45.380488757539936 ], [ 7.928184967971083, 45.536779537983605 ], [ 8.740897026278176, 45.70348970379019 ], [ 9.574447855311091, 45.870199869596775 ], [ 10.460095611158563, 45.932716181774239 ], [ 11.429098449909327, 45.880619254959683 ], [ 11.616647386441734, 45.870199869596775 ], [ 11.871922327833063, 45.922296796411331 ], [ 12.064680957046926, 46.120265118306648 ], [ 12.09593911313566, 46.286975284113232 ], [ 12.179294196038951, 46.406798215786715 ], [ 12.34079466916408, 46.464104835282726 ], [ 12.549182376422307, 46.417217601149623 ], [ 12.908651171442752, 46.391169137742345 ], [ 13.137877649426803, 46.474524220645641 ], [ 13.137877649426803, 46.61518592304494 ], [ 13.124220657551696, 46.63251979734796 ], [ 13.002425639708957, 46.787105781532986 ], [ 12.950328712894398, 46.870460864436275 ], [ 13.075361337249337, 47.078848571694508 ], [ 13.460878595677059, 47.162203654597796 ], [ 13.992267249185542, 47.214300581412353 ], [ 14.607010985597316, 47.276816893589825 ], [ 15.367626117089852, 47.422688288670585 ], [ 15.565594438985169, 47.547720913025522 ], [ 15.565594438985169, 47.776947391009571 ], [ 15.367626117089852, 47.995754483630712 ], [ 15.096722097654155, 48.047851410445269 ], [ 14.732043609952255, 48.006173868993621 ], [ 14.419462049064911, 47.818624932461219 ], [ 13.908912166282246, 47.724850464195015 ], [ 13.408781668862497, 47.745689234920839 ], [ 12.993293685361698, 47.787238033270917 ], [ 12.783618547087812, 47.808205547098304 ], [ 11.913599869284706, 47.933238171453233 ], [ 11.319694903598755, 47.875931551957223 ], [ 10.673693011098246, 47.709221386150638 ], [ 10.366321142892359, 47.532091834981145 ], [ 10.255402789895173, 47.382988475214432 ], [ 10.048529889323561, 47.104897035101764 ], [ 9.932448357796659, 46.920728054382963 ], [ 9.82972279670242, 46.833993015666067 ], [ 9.694270786984569, 46.849622093710451 ], [ 9.308753528556846, 47.058009800968676 ], [ 8.756526104322539, 47.058009800968676 ], [ 8.339750689806081, 46.901719020525007 ], [ 7.797942650934687, 46.537040532823106 ], [ 7.183198914522912, 46.120265118306648 ], [ 6.852498513716636, 45.986713033365639 ], [ 6.842347679740073, 45.982613658105876 ], [ 6.641390875651517, 45.901458025685493 ], [ 6.182937919683414, 45.807683557419296 ], [ 5.682807422263665, 45.755586630604739 ], [ 5.43274217355379, 45.599295850161063 ], [ 5.109741227303536, 45.255456133184985 ], [ 4.609610729883787, 44.682389938224858 ], [ 4.515836261617584, 44.307292065160048 ], [ 4.539279878684163, 43.889214227473161 ], [ 3.882858600820743, 43.982988695739365 ], [ 3.320211791223525, 43.857956071384429 ], [ 2.622112971908459, 43.659987749489112 ], [ 2.973767227906713, 44.088484972538915 ], [ 3.307187559519879, 44.630293011410309 ], [ 3.583301271637032, 45.161681664918795 ], [ 3.770850208169438, 45.531569845302151 ], [ 3.796898671576717, 45.713909089153098 ], [ 3.739592052080704, 45.880619254959683 ], [ 3.588510964318488, 45.974393723225887 ], [ 3.322816637564246, 46.026490650040444 ], [ 3.057122310810005, 45.984813108588796 ], [ 2.911250915729245, 45.937925874455694 ], [ 2.786218291374307, 45.797264172056394 ], [ 2.556991813390256, 45.370069372177021 ], [ 2.359023491494938, 44.797003177216894 ], [ 2.192313325688355, 44.296872679797147 ], [ 2.004764389155949, 43.807161567740309 ], [ 1.957877155022849, 43.593564167800622 ], [ 1.983925618430126, 43.442483080038407 ], [ 2.056861315970506, 43.327869841046379 ], [ 2.218361789095635, 43.322660148364925 ], [ 2.33037018174694, 43.430761271505062 ], [ 2.153240630577441, 42.857695076544935 ], [ 1.963086847704306, 42.921513811892844 ], [ 1.254568643026327, 43.025707665521956 ], [ 0.139694409194803, 43.067385206973604 ], [ -0.631340107660643, 43.077804592336513 ], [ -1.502770961910528, 43.034014390630432 ], [ -2.360958077903942, 42.984030124070308 ], [ -4.017640350606857, 43.036127050884872 ], [ -5.528451228229016, 43.150740289876893 ], [ -6.596438227927436, 43.135111211832509 ], [ -7.096568725347185, 43.077804592336499 ], [ -7.46645690573054, 42.916304119211368 ], [ -7.706102769077503, 42.629771021731301 ], [ -7.737360925166239, 42.395334851065797 ], [ -7.555021681315288, 42.119221138948646 ], [ -7.312770971627601, 41.935579471927298 ], [ -7.411755132575259, 41.935579471927291 ], [ -8.07498777246265, 41.911607207834976 ], [ -8.276564117696909, 41.904321315838558 ], [ -9.034817674180246, 41.880570583659676 ], [ -8.984433152695672, 42.592775173506269 ], [ -9.392883673530648, 43.026624660812701 ], [ -7.97818966310831, 43.748337714200993 ], [ -6.754491746436756, 43.567909450853925 ], [ -5.411886359061597, 43.574239813809683 ], [ -4.347842779955783, 43.403449205085039 ], [ -3.517531704106091, 43.455900783861303 ], [ -1.901351284177764, 43.422802028978339 ], [ -1.384225226232985, 44.022610378590116 ], [ -1.193797573237418, 46.014917710954862 ], [ -2.225724249673846, 47.064362697938222 ], [ -2.963276129559603, 47.570326646507951 ], [ -4.491554938159481, 47.954954332056374 ], [ -4.592349819344776, 48.68416046812699 ], [ -3.295813971357802, 48.901692409859628 ], [ -1.616510789384961, 48.644421291694542 ], [ -1.933494025063311, 49.776341864615745 ], [ -0.98946895995536, 49.347375800160911 ], [ 1.338761020522696, 50.127173163445264 ], [ 1.6390010921385, 50.9466063502975 ], [ 2.513573032246143, 51.148506171261829 ], [ 3.314971144228537, 51.345780951536085 ], [ 3.31501148496416, 51.34577662473805 ], [ 3.830288527043137, 51.620544542031951 ], [ 4.705997348661185, 53.091798407597764 ], [ 6.074182570020923, 53.510403347378144 ], [ 6.905139601274129, 53.482162177130647 ], [ 7.100424838905269, 53.693932196662672 ], [ 7.936239454793963, 53.748295803433791 ], [ 8.121706170289485, 53.527792466844289 ], [ 8.800734490604668, 54.020785630908904 ], [ 8.572117954145369, 54.395646470754059 ], [ 8.526229282270208, 54.962743638725158 ], [ 8.120310906617533, 55.517722683323598 ], [ 8.089976840862221, 56.540011705137587 ], [ 8.256581658571207, 56.809969387430328 ], [ 8.543437534223415, 57.110002753316948 ], [ 9.424469028367554, 57.172066148499503 ], [ 9.775558709358535, 57.447940782289663 ], [ 10.580005730846125, 57.73001658795485 ], [ 10.546105991262664, 57.215732733786119 ], [ 10.250000034230226, 56.890016181050441 ], [ 10.369992710011957, 56.609981594460791 ], [ 10.912181837618306, 56.458621324277885 ], [ 10.667803989310016, 56.081383368547208 ], [ 10.369992710011957, 56.190007229224733 ], [ 9.649984978889279, 55.469999498102055 ], [ 9.921906365609118, 54.983104153048032 ], [ 9.9395797054529, 54.596641954153256 ], [ 10.950112338920519, 54.363607082733154 ], [ 10.93946699386845, 54.00869334575259 ], [ 11.956252475643282, 54.196485500701158 ], [ 12.518440382546714, 54.470370591847995 ], [ 13.647467075259499, 54.075510972705899 ], [ 14.119686313542559, 53.75702912049104 ], [ 14.802900424873458, 54.050706285205749 ], [ 16.363477003655731, 54.513158677785725 ], [ 17.622831658608675, 54.851535956432912 ], [ 18.620858595461641, 54.682605699270781 ], [ 18.696254510175464, 54.43871877706929 ], [ 19.660640089606403, 54.426083889373928 ], [ 19.888481479581287, 54.866160386771512 ] ], [ [ 19.535380262254439, 49.350274580809241 ], [ 19.056088535560512, 49.537823517341643 ], [ 18.753926360036079, 49.610759214882023 ], [ 18.462183569874561, 49.610759214882023 ], [ 18.128763238261392, 49.444049049075439 ], [ 18.045408155358103, 49.204403185728481 ], [ 18.104972771891852, 49.043983466175312 ], [ 18.639313121044054, 48.902241010204044 ], [ 18.962314067294308, 48.756369615123283 ], [ 18.962314067294308, 48.547981907865058 ], [ 18.889378369753928, 48.360432971332649 ], [ 18.993572223383044, 48.235400346977713 ], [ 19.174364861739889, 48.111378892603867 ], [ 19.462444564714058, 48.110367722622776 ], [ 19.769470656013112, 48.202691148463614 ], [ 20.191801540117858, 48.485465595687586 ], [ 20.660673881448872, 48.443788054235945 ], [ 21.171223764231534, 48.193722805526072 ], [ 21.587999178747992, 48.079109566534044 ], [ 21.900580739635334, 48.141625878711508 ], [ 22.254839841974324, 48.318755429881008 ], [ 22.963358046652303, 48.224980961614804 ], [ 23.546843626975342, 47.860302473912903 ], [ 24.015715968306356, 47.360171976493156 ], [ 24.161587363387117, 47.172623039960747 ], [ 24.338716914556613, 46.693331313266825 ], [ 24.422071997459902, 46.370330367016564 ], [ 24.713814787621423, 46.161942659758338 ], [ 24.958670343649253, 46.092480090672552 ], [ 25.026396348508769, 46.005651879314669 ], [ 25.000347885100897, 45.873672998051418 ], [ 24.724234172984332, 45.818102942782261 ], [ 24.244942446290409, 45.838941713508085 ], [ 23.171745753910528, 45.828522328145169 ], [ 22.588260173587489, 45.307553059999599 ], [ 22.494485705321289, 44.974132728386436 ], [ 22.588260173587489, 44.776164406491105 ], [ 22.932099890563563, 44.651131782136169 ], [ 23.369714075805845, 44.755325635765288 ], [ 24.046974124395089, 45.067907196652627 ], [ 24.692976016895599, 45.234617362459211 ], [ 25.359816680121931, 45.203359206370479 ], [ 25.844318099496732, 45.196412949462172 ], [ 26.27672259205756, 45.243300183595281 ], [ 26.558045996856169, 45.389171578676041 ], [ 26.75601431875149, 45.597559285934274 ], [ 26.75601431875149, 45.795527607829591 ], [ 26.589304152944905, 46.212303022346049 ], [ 26.443432757864144, 46.660336592951246 ], [ 26.255883821331736, 46.9833375392015 ], [ 25.974560416533127, 47.306338485451761 ], [ 25.66197885564636, 47.558140298388459 ], [ 25.151428972863702, 48.120787107985677 ], [ 24.474168924274458, 48.891821624841135 ], [ 23.68229563669319, 49.121048102825185 ], [ 22.776418898212626, 49.027395331409622 ], [ 22.098549061530651, 49.246080727180129 ], [ 21.607808058364213, 49.470107326854091 ], [ 20.5043831010052, 49.246080727180129 ], [ 20.098027071851654, 49.204403185728481 ], [ 19.535380262254439, 49.350274580809241 ] ] ] ] } },
{ "type": "Feature", "properties": { "id": null, "Zone": "области высотной поясности" }, "geometry": { "type": "MultiPolygon", "coordinates": [ [ [ [ 18.128763238261392, 49.444049049075439 ], [ 18.462183569874561, 49.610759214882023 ], [ 18.746096953376899, 49.610759214882023 ], [ 18.753926360036079, 49.610759214882023 ], [ 19.056088535560512, 49.537823517341643 ], [ 19.130398123915519, 49.508745852333163 ], [ 19.535380262254439, 49.350274580809241 ], [ 19.69414039858691, 49.309114545463785 ], [ 19.918357845699234, 49.250984096212441 ], [ 20.098027071851654, 49.204403185728481 ], [ 20.5043831010052, 49.246080727180129 ], [ 21.607808058364213, 49.470107326854091 ], [ 22.410599534822687, 49.145411133167407 ], [ 22.776418898212626, 49.027395331409622 ], [ 23.68229563669319, 49.121048102825185 ], [ 24.474168924274458, 48.891821624841135 ], [ 25.151428972863702, 48.120787107985677 ], [ 25.343815632646525, 47.908769156388281 ], [ 25.66197885564636, 47.558140298388459 ], [ 25.974560416533127, 47.306338485451761 ], [ 26.255883821331736, 46.9833375392015 ], [ 26.443432757864144, 46.660336592951246 ], [ 26.589304152944905, 46.212303022346049 ], [ 26.75601431875149, 45.795527607829591 ], [ 26.75601431875149, 45.597559285934274 ], [ 26.558045996856169, 45.389171578676041 ], [ 26.27672259205756, 45.243300183595281 ], [ 25.844318099496732, 45.196412949462172 ], [ 25.359816680121931, 45.203359206370479 ], [ 24.692976016895599, 45.234617362459211 ], [ 24.046974124395089, 45.067907196652627 ], [ 23.369714075805845, 44.755325635765288 ], [ 22.932099890563563, 44.651131782136169 ], [ 22.588260173587489, 44.776164406491105 ], [ 22.494485705321289, 44.974132728386436 ], [ 22.588260173587489, 45.307553059999599 ], [ 23.171745753910528, 45.828522328145169 ], [ 24.244942446290409, 45.838941713508085 ], [ 24.724234172984332, 45.818102942782261 ], [ 25.000347885100897, 45.873672998051418 ], [ 25.026396348508769, 46.005651879314669 ], [ 24.958670343649253, 46.092480090672552 ], [ 24.713814787621423, 46.161942659758338 ], [ 24.422071997459902, 46.370330367016564 ], [ 24.338716914556613, 46.693331313266825 ], [ 24.161587363387117, 47.172623039960747 ], [ 24.015715968306356, 47.360171976493156 ], [ 23.546843626975342, 47.860302473912903 ], [ 23.17999518931105, 48.089582747453086 ], [ 22.963358046652303, 48.224980961614804 ], [ 22.312430897010387, 48.311133084361529 ], [ 22.254839841974324, 48.318755429881008 ], [ 21.900580739635334, 48.141625878711508 ], [ 21.587999178747992, 48.079109566534044 ], [ 21.171223764231534, 48.193722805526072 ], [ 20.660673881448872, 48.443788054235945 ], [ 20.379778526869835, 48.468756530198526 ], [ 20.191801540117858, 48.485465595687586 ], [ 19.769470656013112, 48.202691148463614 ], [ 19.462444564714058, 48.110367722622776 ], [ 19.174364861739889, 48.111378892603867 ], [ 18.993572223383044, 48.235400346977713 ], [ 18.889378369753928, 48.360432971332649 ], [ 18.962314067294308, 48.547981907865058 ], [ 18.962314067294308, 48.756369615123283 ], [ 18.639313121044054, 48.902241010204044 ], [ 18.104972771891852, 49.043983466175312 ], [ 18.045408155358103, 49.204403185728481 ], [ 18.128763238261392, 49.444049049075439 ] ] ] ] } },
{ "type": "Feature", "properties": { "id": null, "Zone": "широколиственных лесов" }, "geometry": { "type": "MultiPolygon", "coordinates": [ [ [ [ -9.688524542672454, 53.881362616585299 ], [ -7.572167934591064, 55.131622219454869 ], [ -6.733847011736145, 55.172860012423783 ], [ -5.661948614921968, 54.554603176483809 ], [ -6.197884894220991, 53.867565009163364 ], [ -6.032985398777611, 53.153164170944351 ], [ -6.788856573910849, 52.260117906292336 ], [ -8.561616583683559, 51.669301255899356 ], [ -9.977085740590269, 51.820454820353078 ], [ -9.166282517930782, 52.864628811242682 ], [ -9.688524542672454, 53.881362616585299 ] ] ] ] } },
{ "type": "Feature", "properties": { "id": null, "Zone": "широколиственных лесов" }, "geometry": { "type": "MultiPolygon", "coordinates": [ [ [ [ -5.009998745127632, 58.630013332750082 ], [ -4.211494513353557, 58.55084503847911 ], [ -3.005004848635281, 58.635000108466329 ], [ -4.073828497728073, 57.553024807355257 ], [ -3.055001796877718, 57.69001902936094 ], [ -1.959280564776918, 57.684799709699519 ], [ -2.219988165689358, 56.870017401753557 ], [ -3.119003058271176, 55.973793036515474 ], [ -2.085009324543023, 55.9099984808513 ], [ -2.005675679673857, 55.804902850350175 ], [ -1.11499101399221, 54.624986477265395 ], [ -0.4304849918542, 54.464376125702188 ], [ 0.184981316742039, 53.325014146531032 ], [ 0.469976840831805, 52.929999498092002 ], [ 1.681530795914682, 52.739520168664001 ], [ 1.559987827164321, 52.099998480836007 ], [ 1.050561557630942, 51.806760565795685 ], [ 1.449865349950244, 51.289427802121907 ], [ 0.550333693045502, 50.765738837275876 ], [ -0.787517462558696, 50.77498891865622 ], [ -2.489997524414434, 50.500018622431242 ], [ -2.956273972984093, 50.696879991247044 ], [ -3.617448085942385, 50.228355617872751 ], [ -4.542507900399244, 50.341837063185665 ], [ -5.245023159191135, 49.959999904981089 ], [ -5.776566941745273, 50.159677639356858 ], [ -4.309989793301895, 51.210001125689189 ], [ -3.414850633142123, 51.42600861266925 ], [ -3.422719467108379, 51.426848167406092 ], [ -4.98436723471093, 51.593466091511004 ], [ -5.267295701508942, 51.991400458374585 ], [ -4.222346564134909, 52.301355699261364 ], [ -4.77001339356417, 52.840004991255626 ], [ -4.579999152026971, 53.495003770555172 ], [ -3.093830673788716, 53.404547400669685 ], [ -3.092079637047107, 53.404440822963579 ], [ -2.945008510744344, 53.984999701546712 ], [ -3.614700825433033, 54.600936773292574 ], [ -3.630005458989331, 54.615012925833014 ], [ -4.844169073903061, 54.790971177786844 ], [ -5.082526617849283, 55.061600653699372 ], [ -4.7191121077567, 55.508472601943481 ], [ -5.047980922862109, 55.783985500707558 ], [ -5.586397670911197, 55.311146145236819 ], [ -5.644998745130238, 56.275014960344834 ], [ -6.149980841486411, 56.785009670633485 ], [ -6.069859513594714, 57.336069379456262 ], [ -5.786824713555291, 57.818848375064647 ], [ -5.009998745127632, 58.630013332750082 ] ] ] ] } },
{ "type": "Feature", "properties": { "id": null, "Zone": "жестколистных вечнозеленых лесов и кустарников (средиземноморского типа)" }, "geometry": { "type": "MultiPolygon", "coordinates": [ [ [ [ 24.925848422960939, 40.947061672523205 ], [ 23.714811232200759, 40.687129218095095 ], [ 24.40799889496401, 40.124992987624069 ], [ 23.899967889102584, 39.962005520175524 ], [ 23.342999301860743, 39.960997829745793 ], [ 22.813987664488934, 40.476005153966526 ], [ 22.626298862404724, 40.25656118423916 ], [ 22.84974775563478, 39.659310818025745 ], [ 23.35002729665257, 39.190011298167235 ], [ 22.973099399515547, 38.970903225249629 ], [ 23.530016310324925, 38.510001125638439 ], [ 24.025024855248887, 38.219992987616422 ], [ 24.040011020613576, 37.655014553369426 ], [ 23.115002882589124, 37.920011298162194 ], [ 23.409971958111043, 37.409990749657368 ], [ 22.774971958108608, 37.305010077456529 ], [ 23.15422529469862, 36.422505804992056 ], [ 22.490028110451078, 36.410000108377403 ], [ 21.670026482843639, 36.844986477194198 ], [ 21.29501061370155, 37.644989325504639 ], [ 21.120034213961333, 38.310323391262727 ], [ 20.730032179454554, 38.769985256498785 ], [ 20.217712029712857, 39.340234686839608 ], [ 20.15001590341052, 39.624997666983973 ], [ 19.980000441170148, 39.694993394523408 ], [ 19.960001661873207, 39.915005805006047 ], [ 19.406081984136733, 40.250773423822466 ], [ 19.319058872157143, 40.727230129553561 ], [ 19.403549838954291, 41.409565741535459 ], [ 19.540027296637106, 41.719986070312757 ], [ 19.910478135319245, 41.639929412254716 ], [ 20.056349530400006, 41.327347851367371 ], [ 20.108446457214562, 40.868894895399272 ], [ 20.066768915762918, 40.420861324794075 ], [ 20.264737237658235, 39.931150212737236 ], [ 20.342704770077546, 39.82598470389258 ], [ 20.712770808263425, 39.326825861688377 ], [ 21.45254716903014, 38.472436261929637 ], [ 21.650515490925457, 37.97230576450989 ], [ 21.671354261651278, 37.711821130437102 ], [ 21.733870573828746, 37.5242721939047 ], [ 21.775548115280394, 37.27420694519482 ], [ 21.775548115280394, 37.065819237936594 ], [ 21.838064427457862, 36.97204476967039 ], [ 21.942258281086975, 37.055399852573686 ], [ 22.108968446893559, 37.222110018380263 ], [ 22.379872466329257, 37.170013091565707 ], [ 22.463227549232549, 36.89910907213001 ], [ 22.650776485764954, 36.763657062412165 ], [ 22.775809110119891, 36.815753989226721 ], [ 22.598679558950398, 37.472175267090137 ], [ 22.536163246772929, 38.118177159590651 ], [ 22.484066319958369, 38.57663011555875 ], [ 22.317356154151788, 38.868372905720271 ], [ 21.713031803102925, 39.389342173865842 ], [ 21.468176247074503, 39.905101749329944 ], [ 21.520273173889059, 40.165586383402733 ], [ 21.509853788526147, 40.613619954007923 ], [ 21.674160597426976, 40.931274522457954 ], [ 22.05537763844427, 41.149865831052693 ], [ 22.597308383889015, 41.130487168943205 ], [ 22.827906036934444, 41.061653524613128 ], [ 23.213423295362169, 41.061653524613128 ], [ 23.348875305080014, 41.155427992879332 ], [ 23.251226982057968, 41.326312558167913 ], [ 23.223842680725078, 41.374235085500473 ], [ 23.296778378265458, 41.593042178121607 ], [ 23.598940553789891, 41.57220340739579 ], [ 23.977867905085535, 41.407186657638007 ], [ 24.244942446290398, 41.290880002597177 ], [ 24.925848422960939, 40.947061672523205 ] ] ] ] } },
{ "type": "Feature", "properties": { "id": null, "Zone": "жестколистных вечнозеленых лесов и кустарников (средиземноморского типа)" }, "geometry": { "type": "MultiPolygon", "coordinates": [ [ [ [ 25.91204410435623, 41.436751397677938 ], [ 26.214206279880663, 41.473219246448167 ], [ 27.131112191816872, 41.494058017173991 ], [ 28.115524529744416, 41.622886054036243 ], [ 28.988442824018733, 41.299934190428189 ], [ 28.806438429486743, 41.054962063148558 ], [ 27.619017368284091, 40.999823309893138 ], [ 27.192376743282381, 40.69056570084242 ], [ 26.35800906749779, 40.151993923496505 ], [ 26.04335127127257, 40.617753607743168 ], [ 26.056942172965339, 40.824123440100763 ], [ 25.941595688221209, 41.311807520646617 ], [ 25.91204410435623, 41.436751397677938 ] ] ] ] } },
{ "type": "Feature", "properties": { "id": null, "Zone": "саванн и редколесий" }, "geometry": { "type": "MultiPolygon", "coordinates": [ [ [ [ 67.443666619745471, 23.944843654876991 ], [ 68.456999387464393, 24.51827441465057 ], [ 69.1030012799649, 24.768339663360443 ], [ 69.978229650449464, 24.726662121908799 ], [ 70.770102938030732, 24.66414580973133 ], [ 71.249394664724662, 24.810017204812091 ], [ 71.582814996337817, 25.060082453521964 ], [ 71.728686391418577, 25.41434155586095 ], [ 71.812041474321873, 25.851955741103232 ], [ 72.728947386258085, 26.87305550666855 ], [ 73.562498215291015, 27.87331650150805 ], [ 73.89591854690417, 28.456802081831089 ], [ 73.906337932267078, 28.883996881710466 ], [ 73.770885922549226, 29.248675369412368 ], [ 73.450638462217427, 29.97641347911987 ], [ 72.520559678999859, 30.749066861671604 ], [ 71.645331308515296, 31.457585066349584 ], [ 71.103523269643915, 31.791005397962749 ], [ 70.728425396579098, 31.916038022317686 ], [ 70.395005064965929, 31.916038022317686 ], [ 70.160568894299828, 31.747591292283907 ], [ 70.019907191901126, 31.249197359091355 ], [ 69.769841943191238, 30.20725882280021 ], [ 69.31138898722314, 29.12364274505742 ], [ 69.01443650437956, 28.736388922402487 ], [ 68.602870782545168, 28.498479623282734 ], [ 67.415060851173251, 28.081704208766268 ], [ 66.727381417221096, 27.831638960056395 ], [ 66.873252812301857, 28.51931839400855 ], [ 66.873252812301857, 29.269514140138174 ], [ 66.935769124479322, 29.769644637557924 ], [ 67.019124207382617, 29.957193574090329 ], [ 67.331705768269956, 30.10306496917109 ], [ 67.769319953512237, 29.915516032638681 ], [ 67.936030119318815, 29.519579388848047 ], [ 68.186095368028703, 29.102803974331589 ], [ 68.394483075286928, 28.998610120702477 ], [ 68.62370955327097, 29.165320286509058 ], [ 68.97796865560997, 29.561256930299709 ], [ 69.186356362868196, 30.186420052074396 ], [ 69.394744070126421, 31.249197359091362 ], [ 69.262522007122556, 32.5019440780883 ], [ 69.332227757948942, 33.291396890222003 ], [ 69.582293006658816, 33.812366158367581 ], [ 70.290811211336802, 34.541723133771377 ], [ 71.186878352547183, 35.166886255546068 ], [ 71.874557786499324, 35.604500440788343 ], [ 72.291333201015789, 35.625339211514159 ], [ 72.812302469161352, 35.375273962804286 ], [ 73.291594195855282, 34.937659777562004 ], [ 73.749948358051967, 34.317698879527853 ], [ 74.26059703460605, 33.593559065746426 ], [ 74.844082614929093, 32.978815329334651 ], [ 75.354632497711748, 32.551620529455285 ], [ 75.667214058599086, 32.18694204175339 ], [ 75.875601765857311, 31.749327856511108 ], [ 75.906859921946065, 31.457585066349584 ], [ 75.93811807803479, 31.311713671268826 ], [ 76.250699638922143, 30.926196412841101 ], [ 77.000895385051763, 30.592776081227935 ], [ 77.7719299019072, 30.269775134977685 ], [ 81.585424944732793, 28.936093808525008 ], [ 83.502591851508498, 28.352608228201973 ], [ 83.836012183121667, 27.602412482072349 ], [ 84.356981451267231, 27.24815337973336 ], [ 85.669824006994077, 26.51879640432956 ], [ 86.440858523849528, 25.726923116748289 ], [ 86.711762543285218, 24.810017204812084 ], [ 86.711762543285218, 24.289047936666513 ], [ 86.503374836026993, 23.809756209972583 ], [ 86.128276962962175, 23.476335878359421 ], [ 85.503113841187485, 23.55969096126271 ], [ 84.836273177961161, 23.768078668520939 ], [ 84.06523866110571, 24.018143917230816 ], [ 83.085816436992033, 24.184854083037397 ], [ 82.460653315217357, 24.184854083037397 ], [ 81.877167734894314, 23.93478883432752 ], [ 81.439553549652032, 23.580529731988534 ], [ 81.314520925297089, 23.142915546746252 ], [ 81.314520925297089, 22.746978902955618 ], [ 81.814651422716835, 21.892589303196878 ], [ 82.814912417556343, 20.975683391260674 ], [ 84.565369158525456, 20.017099937872821 ], [ 85.638565850905337, 19.735776533074212 ], [ 85.060265740909699, 19.4785788029711 ], [ 83.941005893900012, 18.302009792549725 ], [ 83.189217156917849, 17.671221421778981 ], [ 82.192792189465919, 17.016636053937816 ], [ 82.191241896497189, 16.556664130107848 ], [ 81.692719354177484, 16.310219224507904 ], [ 80.791999139330144, 15.951972357644493 ], [ 80.324895867843878, 15.89918488205835 ], [ 80.025069207686442, 15.136414903214147 ], [ 80.233273553390404, 13.835770778859981 ], [ 80.286293572921863, 13.006260687710835 ], [ 79.862546828128501, 12.056215318240888 ], [ 79.857999302086824, 10.35727509199711 ], [ 79.340511509115998, 10.30885427493962 ], [ 78.885345493489183, 9.546135972527722 ], [ 79.189719679688295, 9.216543687370148 ], [ 78.277940708330505, 8.933046779816934 ], [ 77.941165399084355, 8.252959092639742 ], [ 77.539897902337941, 7.965534776232332 ], [ 77.084250467955044, 8.399485258226596 ], [ 77.110298931362337, 8.847518828831786 ], [ 77.042572926503397, 9.337229940888623 ], [ 76.766459214386259, 10.280184316232107 ], [ 76.334054721825424, 11.275235618390154 ], [ 75.964166541442069, 11.686801340225152 ], [ 75.609907439103083, 12.645384793613005 ], [ 75.491945527368102, 13.138193312890944 ], [ 75.130615712409138, 14.750100636921111 ], [ 74.448145971138473, 16.349476290128017 ], [ 73.968854244444543, 18.079094260371317 ], [ 73.645853298194254, 19.339839889283606 ], [ 73.406207434847289, 19.933744854969557 ], [ 73.21865849831488, 20.267165186582723 ], [ 73.06236771787124, 20.371359040211832 ], [ 72.824475132136797, 20.419503282141534 ], [ 72.630533481745402, 21.356009426351008 ], [ 71.175273471973952, 20.757441311114235 ], [ 70.470458611945105, 20.877330634031384 ], [ 69.164130080038831, 22.0892980005727 ], [ 69.644927606082405, 22.450774644454338 ], [ 69.349596795534353, 22.84317963306269 ], [ 68.176645135373406, 23.691965033456711 ], [ 67.443666619745471, 23.944843654876991 ] ] ] ] } },
{ "type": "Feature", "properties": { "id": null, "Zone": "переменно-влажных (в том числе муссонных) лесов" }, "geometry": { "type": "MultiPolygon", "coordinates": [ [ [ [ 72.824475132136797, 20.419503282141534 ], [ 73.21865849831488, 20.267165186582723 ], [ 73.406207434847289, 19.933744854969557 ], [ 73.645853298194254, 19.339839889283606 ], [ 73.968854244444543, 18.079094260371317 ], [ 74.448145971138473, 16.349476290128017 ], [ 75.130615712409138, 14.750100636921111 ], [ 75.491945527368102, 13.138193312890944 ], [ 75.609907439103083, 12.645384793613005 ], [ 75.964166541442069, 11.686801340225152 ], [ 76.334054721825424, 11.275235618390154 ], [ 76.766459214386259, 10.280184316232107 ], [ 77.042572926503397, 9.337229940888623 ], [ 77.110298931362337, 8.847518828831786 ], [ 77.085094854402968, 8.414008705130888 ], [ 77.084250467955044, 8.399485258226596 ], [ 77.085094854402968, 8.414008705130888 ], [ 76.592978957021671, 8.89927623131419 ], [ 76.130061476551077, 10.299630031775521 ], [ 75.746467319648502, 11.308250637248307 ], [ 75.396101108709587, 11.781245022015824 ], [ 74.864815708316826, 12.741935736537897 ], [ 74.616717156883539, 13.992582912649681 ], [ 74.443859490867226, 14.617221787977698 ], [ 73.534199253233396, 15.990652167214961 ], [ 73.119909295549434, 17.928570054592498 ], [ 72.820909458308648, 19.208233547436166 ], [ 72.824475132136797, 20.419503282141534 ] ] ] ] } },
{ "type": "Feature", "properties": { "id": null, "Zone": "области высотной поясности" }, "geometry": { "type": "MultiPolygon", "coordinates": [ [ [ [ 31.327519646729492, 39.746206122545665 ], [ 31.494229812536148, 39.478775231564306 ], [ 31.410874729632855, 38.936967192692912 ], [ 31.494229812536148, 38.603546861079742 ], [ 31.765133831971845, 38.395159153821517 ], [ 32.473652036649824, 38.082577592934172 ], [ 33.390557948586029, 37.853351114950122 ], [ 34.05739861181236, 37.832512344224298 ], [ 34.953465753022748, 37.957544968579235 ], [ 35.76617781132984, 38.0200612807567 ], [ 36.558051098911108, 38.311804070918221 ], [ 36.76643880616934, 38.707740714708862 ], [ 36.537212328185291, 39.187032441402785 ], [ 35.516112562619966, 38.853612109789616 ], [ 35.01598206520022, 38.624385631805566 ], [ 34.640884192135402, 38.770257026886327 ], [ 34.411657714151353, 39.187032441402785 ], [ 34.224108777618945, 39.666324168096708 ], [ 33.744817050925022, 39.937228187532412 ], [ 32.911266221892106, 39.853873104629116 ], [ 31.911005227052605, 40.083099582613173 ], [ 31.681778749068553, 40.562391309307095 ], [ 32.348619412294887, 41.000005494549377 ], [ 33.432235490037677, 41.187554431081779 ], [ 34.995143294474374, 40.687423933662025 ], [ 37.704183488831347, 40.228970977693919 ], [ 40.121480893026806, 40.270648519145567 ], [ 42.288713048512392, 40.979166723823539 ], [ 43.582745802592733, 41.092143256182567 ], [ 44.435106433272139, 40.979166723823553 ], [ 45.560351189970447, 40.812289537105926 ], [ 46.310595798596204, 40.437358684952159 ], [ 47.060791544725767, 39.364161992572306 ], [ 47.128517549584686, 39.150564592632612 ], [ 47.071210930088682, 38.957805963418757 ], [ 46.7742584472457, 38.754627948841978 ], [ 46.36790241809215, 38.65564378789432 ], [ 46.143623081248819, 38.741201483712217 ], [ 45.735379266143013, 39.319719143219743 ], [ 45.393689886659942, 39.728840480274201 ], [ 45.008172628232217, 40.166454665516483 ], [ 44.560139057627076, 40.208132206968102 ], [ 44.257976882102589, 40.103938353339018 ], [ 44.091266716296005, 39.76009863636294 ], [ 44.109225294782341, 39.428136298168099 ], [ 44.414267662546315, 38.936967192692904 ], [ 44.622655369804541, 38.561869319628094 ], [ 44.893559389240238, 38.103416363659989 ], [ 45.414528657385816, 37.728318490595179 ], [ 46.081369320612147, 37.790834802772643 ], [ 46.498144735128605, 37.999222510030869 ], [ 46.998275232548352, 38.207610217289101 ], [ 47.519244500693929, 38.374320383095686 ], [ 48.0402137688395, 38.249287758740749 ], [ 48.394472871178493, 38.020061280756693 ], [ 48.686215661340007, 37.644963407691883 ], [ 48.936280910049888, 37.123994139546312 ], [ 49.394733866017987, 36.769735037207319 ], [ 50.842354363819709, 36.872814235983398 ], [ 52.264024692601424, 36.700421657857703 ], [ 53.825789829326418, 36.965030829408235 ], [ 54.43771638166713, 36.915606432288079 ], [ 55.083718274167637, 37.144832910272136 ], [ 55.896430332474729, 37.519930783336946 ], [ 56.180374790273333, 37.93512665460743 ], [ 55.917269103200553, 38.249287758740749 ], [ 55.271267210700046, 38.520191778176446 ], [ 55.312944752151687, 38.749418256160496 ], [ 55.458816147232447, 38.832773339063785 ], [ 56.167334351910426, 38.666063173257207 ], [ 57.105079034572455, 38.270126529466566 ], [ 58.126178800137779, 37.91586742712758 ], [ 58.522115443928413, 37.91586742712758 ], [ 59.293149960783865, 37.728318490595171 ], [ 60.064184477639309, 37.290704305352897 ], [ 60.533056818969591, 36.82183196402179 ], [ 60.835218994494028, 36.311282081239128 ], [ 60.835218994494753, 35.915345437448579 ], [ 60.793541453043105, 35.623602647287065 ], [ 60.803960838405303, 35.206827232770493 ], [ 60.710186370139091, 34.852568130431507 ], [ 60.397604809251746, 34.644180423173282 ], [ 60.043345706913485, 34.727535506076677 ], [ 59.538005516811552, 34.836939052387137 ], [ 59.02224594134816, 35.060955837689846 ], [ 58.417921590299301, 35.269343544948072 ], [ 58.084501258686132, 35.623602647287065 ], [ 57.938629863605371, 36.144571915432635 ], [ 57.584370761266385, 36.68637995430403 ], [ 56.959207639491694, 36.936445203013903 ], [ 56.729981161507645, 36.811412578658967 ], [ 56.4173996006203, 36.227926998335924 ], [ 55.958946644652201, 35.748635271642001 ], [ 55.208750898522574, 35.561086335109593 ], [ 53.9584246549732, 35.561086335109593 ], [ 52.812292265052946, 35.602763876561241 ], [ 51.853708811665086, 35.602763876561241 ], [ 50.853447816825593, 35.165149691318959 ], [ 51.020157982632171, 34.748374276802501 ], [ 53.291583991746862, 33.602241886882233 ], [ 54.208489903683066, 32.997917535833366 ], [ 54.687781630376989, 32.893723682204254 ], [ 55.45881614723244, 32.581142121316908 ], [ 55.875591561748898, 32.331076872607035 ], [ 56.438238371346117, 31.935140228816401 ], [ 56.813336244410927, 31.580881126477411 ], [ 57.271789200379033, 30.934879233976901 ], [ 57.626048302718019, 30.101328404943985 ], [ 57.876113551427892, 29.517842824620946 ], [ 58.147017570863589, 28.934357244297903 ], [ 58.793019463364104, 28.559259371233093 ], [ 59.126439794977266, 28.434226746878153 ], [ 59.459860126590435, 28.434226746878153 ], [ 59.959990624010182, 28.455065517603977 ], [ 60.14753956054259, 28.851002161394611 ], [ 60.126700789816766, 29.538681595346766 ], [ 60.00166816546183, 30.05965086349234 ], [ 59.66824783384866, 30.684813985267027 ], [ 59.29314996078385, 31.26829956559007 ], [ 58.959729629170681, 31.685074980106528 ], [ 58.834697004815752, 32.289399331155387 ], [ 58.688825609734991, 33.01875630655919 ], [ 58.355405278121822, 33.727274511237169 ], [ 58.14180787818141, 34.279501935471366 ], [ 58.147017570863589, 34.477470257366797 ], [ 58.266840502536354, 34.571244725632887 ], [ 58.459599131750934, 34.539986569544261 ], [ 59.168117336428914, 34.081533613576156 ], [ 60.355927267800823, 33.331337867446535 ], [ 60.710186370139098, 33.029175691921999 ], [ 60.908154692034415, 32.591561506679717 ], [ 61.022767931027147, 30.78900783889614 ], [ 61.37702703336614, 30.05965086349234 ], [ 61.814641218608422, 29.830424385508287 ], [ 62.648192047641338, 29.684552990427527 ], [ 63.085806232883613, 29.705391761153351 ], [ 63.669291813206655, 29.934618239137404 ], [ 64.195470774032984, 29.99192485863329 ], [ 64.409068173972656, 29.99713455131474 ], [ 64.570568647097787, 29.950247317181642 ], [ 64.674762500726899, 29.882521312322716 ], [ 64.732069120223628, 29.767908073330819 ], [ 64.747698198267287, 29.627246370931388 ], [ 64.669552808046163, 29.476165283169301 ], [ 64.497632949557428, 29.33550358076986 ], [ 64.205890159395892, 29.220890341777839 ], [ 63.481742876674254, 29.163583722281956 ], [ 62.55441757937443, 29.127115873511642 ], [ 62.387707413567846, 29.043760790608349 ], [ 62.30435233066455, 28.814534312624296 ], [ 62.283513559938726, 28.533210907825683 ], [ 62.429384955019486, 28.178951805486694 ], [ 62.62735327691481, 27.824692703147704 ], [ 63.012870535342536, 27.501691756897447 ], [ 63.440065335222606, 27.371449439861188 ], [ 64.023550915545641, 27.308933127683719 ], [ 64.21109985207805, 27.350610669135364 ], [ 64.69039157877198, 27.496482064216124 ], [ 65.378071012724135, 27.934096249458406 ], [ 65.7948464272406, 28.496743059055625 ], [ 66.044911675950473, 29.080228639378664 ], [ 66.232460612482868, 29.538681595346766 ], [ 66.67007479772515, 29.955457009863224 ], [ 67.503625626758065, 30.914040463251077 ], [ 67.727642412060618, 31.257880180227193 ], [ 67.842255651052653, 31.752800984965482 ], [ 67.842255651052653, 31.940349921497894 ], [ 67.774529646193713, 32.034124389764102 ], [ 67.696384255971893, 32.086221316578651 ], [ 67.586980709661361, 32.101850394622986 ], [ 67.232721607322375, 31.976817770268045 ], [ 66.940978817160854, 31.810107604461464 ], [ 66.477316168511237, 31.419380653352331 ], [ 65.914669358914026, 31.210992946094102 ], [ 65.523942407804896, 31.28913833631589 ], [ 65.294715929820839, 31.435009731396651 ], [ 65.070699144518201, 32.065382545852842 ], [ 64.857101744578557, 32.185205477526274 ], [ 64.502842642239571, 32.185205477526274 ], [ 63.981873374094, 32.16436670680045 ], [ 63.695340276613877, 32.247721789703789 ], [ 63.502581647400078, 32.414431955510324 ], [ 63.377549023045134, 32.831207370026782 ], [ 63.247306706008679, 32.909352760248666 ], [ 62.877418525625387, 32.997917535833366 ], [ 62.335610486753993, 33.164627701639951 ], [ 62.033448311229499, 33.352176638172395 ], [ 61.939673842963359, 33.602241886882233 ], [ 62.043867696592407, 33.883565291680881 ], [ 62.314771716028169, 33.977339759947043 ], [ 62.908676681714056, 34.019017301398733 ], [ 63.179580701149753, 34.123211155027846 ], [ 63.273355169415957, 34.289921320834424 ], [ 63.127483774335261, 34.414953945189325 ], [ 62.752385901270451, 34.477470257366789 ], [ 62.32519110139102, 34.675438579262149 ], [ 62.168900320947408, 34.852568130431607 ], [ 62.148061550221527, 35.040117066964051 ], [ 62.283513559939372, 35.154730305956079 ], [ 62.70028897445583, 35.279762930311016 ], [ 63.419226564496782, 35.415214940028818 ], [ 64.336132476432994, 35.706957730190339 ], [ 66.294976924660347, 35.977861749626037 ], [ 67.399431773128953, 35.998700520351861 ], [ 69.160307899460989, 36.592605486037819 ], [ 69.785471021235679, 36.842670734747692 ], [ 70.473150455187834, 37.488672627248206 ], [ 70.702376933171891, 37.988803124667953 ], [ 70.671118777083151, 38.436836695273144 ], [ 70.493989225913651, 38.613966246442637 ], [ 69.389534377445045, 38.384739768458587 ], [ 67.701593948653397, 37.926286812490481 ], [ 67.389012387766044, 37.947125583216305 ], [ 66.951398202523762, 38.18677144656327 ], [ 66.883672197664168, 38.546240241583611 ], [ 67.076430826878706, 38.822353953700869 ], [ 67.998546431495711, 39.327694143801978 ], [ 69.207195133593444, 39.681953246140964 ], [ 71.473411450027371, 40.093518967976067 ], [ 72.34863982051192, 40.218551592331004 ], [ 72.869609088657498, 40.656165777573285 ], [ 73.140513108093188, 41.239651357896321 ], [ 73.077996795915723, 41.718943084590251 ], [ 72.932125400834295, 42.000266489388792 ], [ 72.69247953748733, 42.172186347876831 ], [ 72.3903173619629, 42.156557269832469 ], [ 71.952703176721286, 41.823136938219363 ], [ 71.157858514291604, 41.143587144529121 ], [ 70.785732016074533, 40.885392255557264 ], [ 70.389795372284581, 40.781198401928222 ], [ 69.910503645590651, 40.739520860476574 ], [ 69.597922084702617, 40.895811640920179 ], [ 69.493728231073504, 41.218812587170433 ], [ 69.493728231073504, 41.500135991969046 ], [ 69.639599626154947, 41.989847104025948 ], [ 69.806309791961539, 42.198234811284181 ], [ 70.139730123574708, 42.635848996526455 ], [ 70.139730123574708, 42.865075474510512 ], [ 70.014697499219764, 43.156818264672026 ], [ 69.61876085542913, 43.323528430478611 ], [ 69.243662982364313, 43.573593679188484 ], [ 68.99359773365444, 43.948691552253301 ], [ 68.86856510929951, 44.282111883866463 ], [ 68.889403880025327, 44.448822049673048 ], [ 69.035275275106088, 44.573854674027984 ], [ 69.264501753090144, 44.51133836185052 ], [ 69.764632250509891, 44.302950654592287 ], [ 70.139730123574708, 44.073724176608238 ], [ 70.723215703897736, 43.677787532817604 ], [ 71.202507430591666, 43.531916137736843 ], [ 71.973541947447117, 43.323528430478611 ], [ 72.848770317931681, 43.115140723220385 ], [ 74.036580249303583, 42.990108098865448 ], [ 74.640904600352442, 43.010946869591265 ], [ 75.099357556320541, 43.198495806123674 ], [ 75.120196327046372, 43.469399825559371 ], [ 74.703420912529907, 43.615271220640132 ], [ 74.078257790755231, 43.865336469350005 ], [ 73.890708854222822, 44.073724176608238 ], [ 74.140774102932696, 44.386305737495576 ], [ 75.141035097772189, 44.261273113140639 ], [ 76.141296092611697, 44.052885405882414 ], [ 77.162395858177007, 43.781981386446716 ], [ 77.558332501967641, 43.719465074269245 ], [ 77.725042667774233, 43.969530322979125 ], [ 77.579171272693472, 44.365466966769759 ], [ 77.829236521403345, 44.865597464189506 ], [ 78.287689477371444, 45.164286511259604 ], [ 79.767242198904867, 45.456029301421125 ], [ 81.10092352535753, 45.768610862308471 ], [ 82.434604851810192, 46.039514881744168 ], [ 82.913896578504122, 45.831127174485943 ], [ 83.22647813939146, 45.185125281985428 ], [ 84.101706509876024, 44.935060033275555 ], [ 86.769069162781364, 44.476607077307449 ], [ 91.895406761333788, 44.205703057871759 ], [ 92.856595061061967, 44.091958100993487 ], [ 93.479153336496324, 43.893121496984413 ], [ 94.013146836345143, 43.706440842565762 ], [ 94.122550382655703, 43.586617910892279 ], [ 94.083477687545184, 43.413829770290484 ], [ 94.013146836345143, 43.294875120730758 ], [ 93.773500972998178, 43.247987886597656 ], [ 92.812312673269986, 43.267958375209723 ], [ 88.832107464637815, 43.684733789726181 ], [ 88.29029942576642, 43.434668541016308 ], [ 88.582042215927942, 43.142925750854786 ], [ 88.707074840282885, 42.7886666485158 ], [ 88.352815737943899, 42.476085087628455 ], [ 85.539581689957828, 42.267697380370237 ], [ 82.580476246890953, 42.142664756015307 ], [ 80.163178842695501, 41.767566882950497 ], [ 77.183234628902824, 40.767305888110997 ], [ 75.682843136643584, 40.037948912707193 ], [ 75.43277788793371, 39.433624561658334 ], [ 75.474455429385358, 38.996010376416052 ], [ 76.03710223898257, 38.099943235205671 ], [ 77.537493731241838, 36.849616991656312 ], [ 78.621109808984642, 36.432841577139854 ], [ 80.621631798663628, 36.099421245526692 ], [ 82.372088539632756, 36.057743704075044 ], [ 83.664092324633771, 36.224453869881629 ], [ 84.62267577802163, 36.432841577139854 ], [ 85.789646938667715, 36.807939450204671 ], [ 90.20746633254214, 38.266653401012256 ], [ 92.958184068350761, 38.975171605690235 ], [ 95.375481472546227, 39.058526688593524 ], [ 98.001166583999904, 39.016849147141883 ], [ 99.251492827549285, 38.683428815528714 ], [ 100.626851695453595, 37.974910610850735 ], [ 101.460402524486511, 36.974649616011234 ], [ 102.544018602229329, 35.640968289558572 ], [ 103.836022387230344, 34.724062377622367 ], [ 105.398930191667034, 34.057221714396029 ], [ 106.58674012303895, 33.890511548589444 ], [ 108.816488590701994, 33.775898309597423 ], [ 110.900365663284276, 33.692543226694127 ], [ 112.036078667841622, 33.473736134072986 ], [ 112.25488576046277, 33.244509656088937 ], [ 112.202788833648214, 33.025702563467796 ], [ 111.713077721591375, 32.806895470846655 ], [ 110.421073936590375, 32.858992397661225 ], [ 108.399713176185557, 32.869411783024134 ], [ 107.628678659330106, 32.723540387943373 ], [ 107.399452181346049, 32.588088378225528 ], [ 107.54532357642681, 32.265087431975275 ], [ 108.191325468927289, 31.983764027176655 ], [ 109.441651712476656, 31.650343695563489 ], [ 110.389815780501593, 31.421117217579436 ], [ 110.754494268203501, 31.191890739595383 ], [ 110.858688121832614, 30.993922417700066 ], [ 110.691977956026022, 30.837631637256397 ], [ 110.202266843969184, 30.837631637256397 ], [ 109.274941546670078, 30.712599012901457 ], [ 108.451810103000071, 30.639663315361076 ], [ 107.816227595862472, 30.629243929998168 ], [ 107.003515537555387, 30.920986720159686 ], [ 104.836283382069809, 31.629504924837661 ], [ 104.16944271884347, 31.671182466289309 ], [ 103.252536806907273, 31.212729510321207 ], [ 102.919116475294103, 30.295823598384999 ], [ 102.835761392390808, 29.337240144997146 ], [ 103.002471558197399, 27.586783404028026 ], [ 103.731828533601174, 26.461489784833578 ], [ 104.231959031020921, 26.211424536123705 ], [ 104.836283382069794, 26.044714370317124 ], [ 105.065509860053837, 25.752971580155602 ], [ 105.023832318602189, 25.450809404631169 ], [ 104.825863996706858, 25.054872760840539 ], [ 104.398669196827484, 24.752710585316109 ], [ 103.783925460415716, 24.315096400073827 ], [ 103.658892836060772, 24.033772995275218 ], [ 103.752667304326977, 23.887901600194457 ], [ 103.950635626222294, 23.825385288016989 ], [ 104.773767069892301, 23.960837297734837 ], [ 105.659414825739773, 24.11712807817851 ], [ 106.326255488966112, 24.137966848904334 ], [ 106.763869674208394, 23.887901600194457 ], [ 107.201483859450661, 23.116867083339013 ], [ 107.555742961789662, 22.554220273741795 ], [ 107.597420503241295, 22.345832566483566 ], [ 107.347355254531422, 22.220799942128629 ], [ 106.378352415780654, 22.179122400676981 ], [ 105.774028064731795, 22.272896868943185 ], [ 104.721670143077745, 22.564639659104706 ], [ 103.440085743439639, 22.970995688258252 ], [ 103.033729714286082, 22.856382449266228 ], [ 103.064987870374821, 22.554220273741795 ], [ 103.294214348358878, 22.314574410394833 ], [ 104.148603948117611, 21.293474644829502 ], [ 105.180123099045844, 19.740986225755698 ], [ 105.169703713682935, 19.480501591682909 ], [ 105.023832318602174, 19.365888352690884 ], [ 104.78418645525521, 19.386727123416708 ], [ 104.367411040738745, 19.355468967327973 ], [ 104.159023333480519, 19.240855728335948 ], [ 104.190281489569259, 19.022048635714807 ], [ 104.440346738279132, 18.740725230916198 ], [ 105.180123099045858, 18.084303953052782 ], [ 106.556007928495688, 16.604283962464805 ], [ 107.64951743005588, 15.323166831881245 ], [ 108.25384178110474, 14.312486451678836 ], [ 108.566423341992078, 13.176773447121489 ], [ 108.660197810258282, 12.436997086354776 ], [ 108.472648873725888, 11.895189047483381 ], [ 108.264261166467648, 11.582607486596039 ], [ 107.993357147031958, 11.551349330507303 ], [ 107.847485751951197, 11.822253349943001 ], [ 107.784969439773732, 12.551610325346802 ], [ 107.191064474087767, 13.864452881073644 ], [ 104.909219079610168, 16.875655250955045 ], [ 103.956476678485302, 18.240954087796879 ], [ 103.20019209189374, 18.309632066312773 ], [ 102.998705682387708, 17.961694647691601 ], [ 102.413004998791621, 17.932781683824288 ], [ 102.113591750092482, 18.109101670804165 ], [ 102.085565646261159, 18.469821211480497 ], [ 102.189759499890258, 18.96995170890024 ], [ 102.429405363237223, 19.54301790386037 ], [ 102.491921675414687, 19.876438235473536 ], [ 102.304372738882293, 20.084825942731765 ], [ 101.991791177994941, 20.022309630554297 ], [ 101.658370846381786, 19.803502537933156 ], [ 101.231176046502412, 19.647211757489487 ], [ 100.981110797792539, 19.647211757489487 ], [ 100.751884319808482, 19.918115776925184 ], [ 100.678948622268109, 20.293213649989994 ], [ 100.897755714889243, 20.584956440151515 ], [ 101.314531129405708, 20.897538001038857 ], [ 101.366628056220264, 21.283055259466582 ], [ 101.001949568518356, 22.00199284950747 ], [ 100.803981246623039, 22.147864244588231 ], [ 100.564335383276074, 22.262477483580255 ], [ 100.397625217469496, 22.012412234870382 ], [ 100.147559968759623, 21.418507269184431 ], [ 99.918333490775566, 20.835021688861389 ], [ 99.928752876138475, 20.022309630554297 ], [ 100.08504365658213, 19.62637298676367 ], [ 100.574754768638968, 19.126242489343923 ], [ 100.751884319808454, 18.834499699182402 ], [ 100.71020677835682, 18.584434450472529 ], [ 100.512238456461489, 18.39688551394012 ], [ 100.126721198033778, 18.167659035956071 ], [ 99.709945783517313, 17.855077475068725 ], [ 99.491138690896179, 17.052784802124549 ], [ 99.439041764081622, 16.802719553414676 ], [ 99.329638217771048, 16.615170616882267 ], [ 99.183766822690302, 16.651638465652457 ], [ 99.053524505653897, 16.938171563132524 ], [ 98.964959730069154, 17.18302711916094 ], [ 98.860765876440041, 17.245543431338412 ], [ 98.83992710571421, 17.068413880168919 ], [ 99.04831481297245, 15.7764100951679 ], [ 99.329638217771034, 14.223921676094093 ], [ 99.345267295815404, 12.984014817907633 ], [ 99.256702520230647, 12.296335383955478 ], [ 99.241073442186291, 12.239028764459466 ], [ 98.991008193476418, 12.509932783895163 ], [ 98.605490935048678, 13.697742715267069 ], [ 98.147037979080579, 16.260911514543281 ], [ 98.167876749806396, 17.615431611721768 ], [ 97.859122755934862, 17.567946071843664 ], [ 98.147037979080608, 18.136400879867345 ], [ 98.37626445706465, 18.907435396722793 ], [ 98.959750037387693, 20.512020742611156 ], [ 98.980588808113524, 21.199700176563308 ], [ 98.813878642306932, 21.824863298337995 ], [ 98.626329705774538, 22.095767317773692 ], [ 98.459619539967946, 21.845702069063819 ], [ 98.209554291258073, 21.241377718014956 ], [ 97.646907481660861, 20.095245328094698 ], [ 97.167615754966931, 19.136661874706846 ], [ 96.855034194079593, 18.67820891873874 ], [ 96.563291403918072, 18.803241543093677 ], [ 96.438258779563128, 19.115823103981022 ], [ 96.563291403918072, 20.095245328094698 ], [ 96.730001569724649, 21.13718386438584 ], [ 97.89697273037072, 24.210902546444704 ], [ 98.292909374161354, 25.252841082735845 ], [ 98.303328759524277, 26.273940848301166 ], [ 98.25123183270972, 26.659458106728891 ], [ 97.959489042548199, 27.003297823704969 ], [ 97.740681949927051, 26.909523355438765 ], [ 97.125938213515283, 25.461228789994074 ], [ 96.730001569724649, 24.929840136485591 ], [ 96.573710789280966, 24.867323824308123 ], [ 96.417420008837297, 25.086130916929264 ], [ 96.334064925934015, 25.680035882615215 ], [ 96.209032301579072, 25.91968174596218 ], [ 95.750579345610973, 25.950939902050912 ], [ 95.354642701820339, 25.711294038703951 ], [ 94.656543882505247, 24.398451482977105 ], [ 94.239768467988782, 23.460706800315076 ], [ 94.041800146093465, 22.564639659104692 ], [ 94.198090926537148, 21.460184810636079 ], [ 94.500253102061578, 20.189019796360885 ], [ 94.406478633795373, 19.740986225755695 ], [ 94.1564133850855, 19.64721175748949 ], [ 93.822993053472331, 19.970212703739744 ], [ 93.166571775608915, 21.23095833265203 ], [ 92.551828039197133, 22.773027366362921 ], [ 92.510150497745485, 23.26273847841976 ], [ 92.572666809922936, 23.658675122210393 ], [ 92.84357082935864, 24.117128078178496 ], [ 93.104055463431422, 24.690194273138626 ], [ 93.083216692705605, 24.992356448663056 ], [ 92.791473902544084, 25.054872760840524 ], [ 92.333020946575971, 25.117389073017993 ], [ 92.103794468591929, 25.232002312010021 ], [ 91.947503688148259, 25.419551248542426 ], [ 91.989181229599907, 25.648777726526479 ], [ 92.135052624680668, 25.752971580155592 ], [ 93.176991160971809, 25.940520516687997 ], [ 94.218929697262951, 26.440651014107747 ], [ 95.135835609199162, 27.107491677334082 ], [ 95.573449794441444, 27.378395696769779 ], [ 95.78183750169967, 27.690977257657121 ], [ 95.573449794441444, 27.982720047818642 ], [ 95.198351921376627, 28.024397589270286 ], [ 94.781576506860176, 27.857687423463702 ], [ 94.156413385085486, 27.586783404028004 ], [ 93.218668702423457, 27.19084676023737 ], [ 91.217512648486434, 26.808648179628022 ], [ 90.11369186427585, 26.586522409188508 ], [ 88.717494225645723, 26.753232574995092 ], [ 86.425229445805215, 27.253363072414842 ], [ 83.502591851508498, 28.352608228201973 ], [ 81.585424944732793, 28.936093808525008 ], [ 80.329540118534439, 29.375310359763784 ], [ 77.7719299019072, 30.269775134977685 ], [ 77.000895385051763, 30.592776081227935 ], [ 76.250699638922143, 30.926196412841101 ], [ 75.93811807803479, 31.311713671268826 ], [ 75.906859921946065, 31.457585066349584 ], [ 75.875601765857311, 31.749327856511108 ], [ 75.667214058599086, 32.18694204175339 ], [ 75.354632497711748, 32.551620529455285 ], [ 74.844082614929093, 32.978815329334651 ], [ 74.26059703460605, 33.593559065746426 ], [ 73.749948358051967, 34.317698879527853 ], [ 73.291594195855282, 34.937659777562004 ], [ 72.812302469161352, 35.375273962804286 ], [ 72.291333201015789, 35.625339211514159 ], [ 71.874557786499324, 35.604500440788343 ], [ 71.555952366383451, 35.401751537078241 ], [ 71.186878352547183, 35.166886255546068 ], [ 70.290811211336802, 34.541723133771377 ], [ 69.582293006658816, 33.812366158367581 ], [ 69.332227757948942, 33.291396890222003 ], [ 69.262522007122556, 32.5019440780883 ], [ 69.394744070126421, 31.249197359091362 ], [ 69.186356362868196, 30.186420052074396 ], [ 68.97796865560997, 29.561256930299709 ], [ 68.62370955327097, 29.165320286509058 ], [ 68.394483075286928, 28.998610120702477 ], [ 68.186095368028703, 29.102803974331589 ], [ 67.936030119318815, 29.519579388848047 ], [ 67.769319953512237, 29.915516032638681 ], [ 67.331705768269956, 30.10306496917109 ], [ 67.019124207382617, 29.957193574090329 ], [ 66.935769124479322, 29.769644637557924 ], [ 66.873252812301857, 29.269514140138174 ], [ 66.873252812301857, 28.51931839400855 ], [ 66.727381417221096, 27.831638960056395 ], [ 66.920140046434966, 27.336718155318149 ], [ 67.35775423167722, 26.378134701930289 ], [ 67.441109314580515, 25.940520516688011 ], [ 67.274399148773938, 25.607100185074842 ], [ 66.982656358612417, 25.64877772652649 ], [ 66.75342988062836, 26.232263306849529 ], [ 66.461687090466839, 26.565683638462694 ], [ 65.815685197966332, 26.482328555559402 ], [ 64.648714037320246, 25.961359287413831 ], [ 63.981873374093915, 25.919681745962187 ], [ 63.940195832642274, 26.086391911768768 ], [ 64.002712144819739, 26.294779619026997 ], [ 63.690130583932401, 26.294779619026997 ], [ 62.669030818367077, 26.065553141042948 ], [ 61.272833179736942, 25.857165433784715 ], [ 60.064184477639245, 25.794649121607257 ], [ 59.251472419332153, 25.961359287413842 ], [ 58.709664380460758, 26.148908223946247 ], [ 58.584631756105821, 26.440651014107765 ], [ 58.793019463364047, 26.586522409188525 ], [ 59.376505043687089, 26.774071345720934 ], [ 59.959990624010132, 26.815748887172578 ], [ 60.376766038526583, 26.919942740801694 ], [ 60.480959892155703, 27.25336307241486 ], [ 59.980829394735949, 27.565944633302202 ], [ 58.438760361025061, 27.878526194189547 ], [ 57.792758468524553, 27.98272004781866 ], [ 57.000885180943278, 27.878526194189547 ], [ 56.250689434813658, 27.670138486931318 ], [ 55.375461064329095, 27.461750779673089 ], [ 54.416877610941242, 27.399234467495617 ], [ 53.249906450295164, 27.711816028382962 ], [ 51.957902665294142, 28.524528086690054 ], [ 51.3744170849711, 29.21220752064221 ], [ 50.207445924325029, 30.504211305643217 ], [ 49.623960344001986, 30.98350303233714 ], [ 49.540605261098698, 31.671182466289295 ], [ 49.769831739082747, 31.942086485724992 ], [ 49.957380675615155, 32.254668046612338 ], [ 49.707315426905282, 32.546410836773859 ], [ 48.707054432065782, 32.671443461128796 ], [ 47.956858685936155, 32.817314856209556 ], [ 47.227501710532358, 33.192412729274366 ], [ 45.977175466982985, 34.130157411936395 ], [ 44.455945203997913, 35.588871362743994 ], [ 43.601555604239181, 36.297389567421973 ], [ 42.747166004480441, 36.776681294115896 ], [ 41.74690500964094, 36.964230230648305 ], [ 40.621611390446503, 37.360166874438939 ], [ 39.600511624881186, 37.818619830407037 ], [ 39.037864815283967, 37.901974913310333 ], [ 38.225152756976875, 37.735264747503749 ], [ 37.662505947379657, 37.422683186616403 ], [ 37.412440698669784, 37.016327157462861 ], [ 36.912310201250037, 36.266131411333234 ], [ 36.620567411088516, 36.047324318712093 ], [ 36.417550083163036, 36.04061697035506 ], [ 36.724761264717628, 37.047585313551593 ], [ 36.724761264717628, 37.339328103713115 ], [ 36.53721232818522, 37.464360728068051 ], [ 36.047501216128381, 37.328908718350199 ], [ 35.568209489434459, 37.276811791535636 ], [ 34.984723909111423, 37.255973020809812 ], [ 34.276205704433437, 37.328908718350192 ], [ 34.026140455723564, 37.29765056226146 ], [ 33.77607520701369, 36.92255268919665 ], [ 33.70313950947331, 36.672487440486776 ], [ 33.515590572940908, 36.5161966600431 ], [ 33.234267168142296, 36.474519118591459 ], [ 32.827911138988753, 36.401583421051072 ], [ 32.442393880561028, 36.505777274680192 ], [ 32.015199080681654, 36.755842523390065 ], [ 31.358777802818238, 36.96423023064829 ], [ 30.785711607858108, 37.162198552543607 ], [ 30.358516807978738, 37.141359781817791 ], [ 30.108451559268865, 37.110101625729051 ], [ 29.847966925196079, 36.860036377019178 ], [ 29.608321061849114, 36.703745596575509 ], [ 29.326997657050505, 36.724584367301333 ], [ 29.160287491243924, 36.839197606293354 ], [ 29.003996710800251, 36.985069001374114 ], [ 28.753931462090378, 37.130940396454875 ], [ 28.316317276848096, 37.141359781817791 ], [ 27.920380633057462, 37.141359781817791 ], [ 27.649476613621765, 37.183037323269431 ], [ 27.430669521000624, 37.391425030527664 ], [ 27.566121530718473, 37.537296425608424 ], [ 27.816186779428346, 37.714425976777918 ], [ 27.857864320879994, 38.027007537665263 ], [ 27.816186779428346, 38.256234015649312 ], [ 27.670315384347585, 38.558396191173742 ], [ 27.524443989266828, 38.714686971617418 ], [ 27.441088906363536, 38.9751716056902 ], [ 27.48276644781518, 39.162720542222608 ], [ 27.732831696525054, 39.391947020206658 ], [ 28.170445881767325, 39.516979644561616 ], [ 28.680995764549987, 39.642012268916552 ], [ 29.618740447212016, 39.829561205448961 ], [ 30.254322954349611, 39.808722434723137 ], [ 30.900324846850122, 39.767044893271489 ], [ 31.327519646729492, 39.746206122545665 ] ] ] ] } },
{ "type": "Feature", "properties": { "id": null, "Zone": "тундры" }, "geometry": { "type": "MultiPolygon", "coordinates": [ [ [ [ 179.975680926705564, 66.689000106807612 ], [ 180.0, 64.979708702198479 ], [ 179.99281, 64.97433 ], [ 178.707200000000284, 64.53493 ], [ 177.41128, 64.60821 ], [ 178.313000000000102, 64.07593 ], [ 178.90825000000018, 63.25197 ], [ 179.37034, 62.982620000000111 ], [ 179.48636, 62.56894 ], [ 179.22825, 62.304100000000176 ], [ 177.3643, 62.5219 ], [ 174.569290000000251, 61.76915 ], [ 173.68013, 61.65261 ], [ 172.15, 60.95 ], [ 170.6985, 60.336180000000127 ], [ 170.330850000000282, 59.88177 ], [ 168.90046, 60.57355 ], [ 166.294980000000237, 59.788550000000157 ], [ 165.840000000000146, 60.16 ], [ 164.87674, 59.7316 ], [ 163.53929, 59.86871 ], [ 163.217110000000162, 59.21101 ], [ 162.01733, 58.24328 ], [ 162.05297, 57.83912 ], [ 163.19191, 57.615030000000104 ], [ 163.057940000000144, 56.159240000000125 ], [ 162.129580000000146, 56.12219 ], [ 161.70146, 55.285680000000184 ], [ 162.11749, 54.85514 ], [ 160.368770000000268, 54.34433 ], [ 160.021730000000161, 53.20257 ], [ 158.530940000000101, 52.958680000000186 ], [ 158.23118, 51.94269 ], [ 156.789790000000266, 51.01105 ], [ 156.42, 51.7 ], [ 155.99182, 53.15895 ], [ 155.43366, 55.381030000000123 ], [ 155.914420000000291, 56.767920000000174 ], [ 156.75815, 57.3647 ], [ 156.81035, 57.83204 ], [ 158.364330000000109, 58.05575 ], [ 160.15064, 59.31477 ], [ 161.87204, 60.343 ], [ 163.66969, 61.140900000000101 ], [ 164.47355, 62.55061 ], [ 163.258420000000115, 62.466270000000122 ], [ 163.054599097337359, 62.177406244666955 ], [ 161.304142356368232, 62.4899878055543 ], [ 161.773014697699153, 62.854666293256159 ], [ 161.882418244009727, 63.261022322409708 ], [ 162.106435029312308, 63.573603883297054 ], [ 162.335661507296379, 63.667378351563251 ], [ 162.538839521873172, 63.651749273518895 ], [ 162.976453707115439, 63.641329888155973 ], [ 163.648504063023211, 63.422522795534832 ], [ 164.179892716531782, 63.427732488216328 ], [ 165.263508794274571, 63.823669132006962 ], [ 166.685754896311977, 63.891395136865853 ], [ 167.373434330264132, 64.006008375857874 ], [ 167.456789413167428, 64.26649300993067 ], [ 167.352595559538315, 64.526977644003452 ], [ 166.99312676451791, 64.907285209749759 ], [ 166.904561988933125, 65.183398921866882 ], [ 167.034804305969544, 65.365738165717872 ], [ 167.529725110707801, 65.652271263197903 ], [ 168.055904071534854, 65.782513580234323 ], [ 169.181197690729306, 65.990901287492548 ], [ 169.634440954015929, 66.027369136262706 ], [ 169.931393436858912, 65.928384975315083 ], [ 170.139781144117165, 65.532448331524449 ], [ 170.494040246456137, 65.365738165717872 ], [ 171.640172636376406, 65.699158497331041 ], [ 173.630275240692498, 66.616064409267224 ], [ 174.15124450883809, 66.751516418985048 ], [ 174.474245455088322, 66.751516418985048 ], [ 174.703471933072393, 66.668161336081752 ], [ 174.781617323294199, 66.569177175134101 ], [ 174.739939781842565, 66.449354243460618 ], [ 174.583649001398896, 66.355579775194428 ], [ 174.359632216096287, 66.209708380113682 ], [ 174.265857747830097, 66.100304833803094 ], [ 174.224180206378435, 65.970062516766717 ], [ 174.302325596600269, 65.85023958509322 ], [ 174.4638260697254, 65.813771736323048 ], [ 175.016053493959703, 65.876288048500513 ], [ 175.985056332710485, 66.084675755758752 ], [ 177.079091795816169, 66.157611453299126 ], [ 178.07935279065569, 66.261805306928238 ], [ 179.079613785495184, 66.418096087371907 ], [ 179.975680926705564, 66.689000106807612 ] ], [ [ 163.339829771647885, 60.36313076835058 ], [ 163.136651757071178, 60.503792470749836 ], [ 162.808441118139399, 60.503792470749886 ], [ 162.355197854852747, 60.36313076835058 ], [ 160.167126928641324, 58.831481120002593 ], [ 158.901171607047587, 57.893736437340557 ], [ 157.869652456119326, 57.424864096009543 ], [ 157.322634724566484, 56.955991754678521 ], [ 157.18197302216717, 56.471490335303137 ], [ 157.18197302216717, 55.799439979395345 ], [ 157.244489334344649, 54.736662672378372 ], [ 157.072569475856596, 53.642627209272668 ], [ 157.260118412389005, 53.345674726429692 ], [ 157.369521958699579, 53.189383945986016 ], [ 157.619587207409467, 53.111238555764182 ], [ 158.369782953539101, 53.501965506873361 ], [ 158.713622670515178, 54.236532174958626 ], [ 159.135607777713091, 54.955469764999513 ], [ 159.495076572733524, 55.252422247842489 ], [ 160.120239694508228, 55.596261964818574 ], [ 160.432821255395567, 55.846327213528447 ], [ 160.464079411484306, 56.237054164637627 ], [ 160.260901396907514, 56.377715867036933 ], [ 159.666996431221577, 56.393344945081303 ], [ 159.401302104467334, 56.377715867036933 ], [ 159.416931182511689, 56.565264803569342 ], [ 160.057723382330749, 57.002878988811624 ], [ 160.745402816282905, 58.003139983651124 ], [ 161.089242533258982, 58.690819417603286 ], [ 162.089503528098504, 59.58167686613222 ], [ 163.105393600982353, 60.128694597685069 ], [ 163.339829771647885, 60.36313076835058 ] ], [ [ 172.04395740042537, 63.589292535596151 ], [ 170.688605145797737, 63.011794618406995 ], [ 169.733965731668746, 63.011794618406995 ], [ 169.227181845155798, 62.976437603068881 ], [ 168.967897066009641, 62.76429551104021 ], [ 168.956111394230277, 62.56393909079091 ], [ 169.23307468104548, 62.410725357659089 ], [ 169.262538860493919, 62.245725952747904 ], [ 168.673255271525392, 62.080726547836719 ], [ 166.563620023018075, 61.644656692000012 ], [ 166.445763305224347, 61.42072892819197 ], [ 166.775762115046717, 61.267515195060156 ], [ 167.435759734691487, 61.361800569295113 ], [ 168.095757354336229, 61.573942661323784 ], [ 168.720397958642877, 61.609299676661898 ], [ 170.971461268502651, 61.243943851501413 ], [ 171.761101277720456, 62.15144057851294 ], [ 173.045739501671846, 62.15144057851294 ], [ 173.599666075302281, 62.369475506431286 ], [ 174.200735336050172, 62.705367152143353 ], [ 174.996268181157689, 62.917509244172017 ], [ 175.815372369823933, 63.070722977303838 ], [ 176.510727004806796, 63.235722382215023 ], [ 176.587333871372692, 63.453757310133376 ], [ 176.422334466461507, 63.565721192037401 ], [ 176.01572879007324, 63.577506863816772 ], [ 175.308588483310984, 63.524471340809605 ], [ 174.524841309982861, 63.418400294795269 ], [ 173.552523388184795, 63.306436412891259 ], [ 174.13002130537393, 63.724827761058904 ], [ 174.401091756299479, 63.942862688977257 ], [ 174.336270561512919, 64.048933734991593 ], [ 173.935557721014334, 64.02536239143285 ], [ 173.646808762419766, 63.954648360756629 ], [ 172.998596814554389, 63.872148658301043 ], [ 172.04395740042537, 63.589292535596151 ] ] ] ] } },
{ "type": "Feature", "properties": { "id": null, "Zone": "полупустынь и пустынь" }, "geometry": { "type": "MultiPolygon", "coordinates": [ [ [ [ 34.265434744646207, 31.219357309520319 ], [ 34.556371697738911, 31.548823960896996 ], [ 34.488107130681357, 31.605538845337321 ], [ 34.752587111151172, 32.072926337201167 ], [ 35.338983011449592, 32.529045194502267 ], [ 35.651564572336937, 32.904143067567084 ], [ 35.891210435683902, 33.143788930914049 ], [ 36.073549679534835, 33.034385384603496 ], [ 36.3131955428818, 33.1281598528697 ], [ 36.532002635502941, 33.576193423474891 ], [ 36.646615874494969, 33.98254945262844 ], [ 36.86542296711611, 34.451421793959454 ], [ 36.86542296711611, 34.576454418314398 ], [ 36.847189042731017, 34.641575576832601 ], [ 36.782067884212822, 34.680648271943511 ], [ 36.706527340331718, 34.691067657306434 ], [ 36.61535771840623, 34.659809501217687 ], [ 36.448194207512103, 34.593935248344067 ], [ 36.48511540136986, 34.925503827971909 ], [ 36.422599089192389, 35.477731252206219 ], [ 36.417550083163036, 36.04061697035506 ], [ 36.620567411088516, 36.047324318712093 ], [ 36.912310201250037, 36.266131411333234 ], [ 37.167157793273496, 36.648402799368419 ], [ 37.662505947379657, 37.422683186616403 ], [ 38.225152756976875, 37.735264747503749 ], [ 39.037864815283967, 37.901974913310333 ], [ 39.600511624881186, 37.818619830407037 ], [ 40.621611390446503, 37.360166874438939 ], [ 41.37184817510353, 37.096194672429988 ], [ 41.74690500964094, 36.964230230648305 ], [ 42.080098676507468, 36.901756418110828 ], [ 42.747166004480441, 36.776681294115896 ], [ 43.601555604239181, 36.297389567421973 ], [ 44.455945203997913, 35.588871362743994 ], [ 45.578466982289811, 34.512480616436697 ], [ 45.977175466982985, 34.130157411936395 ], [ 47.227501710532358, 33.192412729274366 ], [ 47.956858685936155, 32.817314856209556 ], [ 48.707054432065782, 32.671443461128796 ], [ 49.707315426905282, 32.546410836773859 ], [ 49.957380675615155, 32.254668046612338 ], [ 49.769831739082747, 31.942086485724992 ], [ 49.540605261098698, 31.671182466289295 ], [ 49.623960344001986, 30.98350303233714 ], [ 50.207445924325029, 30.504211305643217 ], [ 51.3744170849711, 29.21220752064221 ], [ 51.957902665294142, 28.524528086690054 ], [ 53.249906450295164, 27.711816028382962 ], [ 54.416877610941242, 27.399234467495617 ], [ 55.375461064329095, 27.461750779673089 ], [ 56.250689434813658, 27.670138486931318 ], [ 57.000885180943278, 27.878526194189547 ], [ 57.792758468524553, 27.98272004781866 ], [ 58.438760361025061, 27.878526194189547 ], [ 59.980829394735949, 27.565944633302202 ], [ 60.480959892155703, 27.25336307241486 ], [ 60.376766038526583, 26.919942740801694 ], [ 59.959990624010132, 26.815748887172578 ], [ 59.376505043687089, 26.774071345720934 ], [ 58.793019463364047, 26.586522409188525 ], [ 58.584631756105821, 26.440651014107765 ], [ 58.709664380460758, 26.148908223946247 ], [ 59.251472419332153, 25.961359287413842 ], [ 60.064184477639245, 25.794649121607257 ], [ 61.272833179736942, 25.857165433784715 ], [ 61.774295273013529, 25.93201052233346 ], [ 62.669030818367077, 26.065553141042948 ], [ 63.690130583932401, 26.294779619026997 ], [ 64.002712144819739, 26.294779619026997 ], [ 63.940195832642274, 26.086391911768768 ], [ 63.981873374093915, 25.919681745962187 ], [ 64.648714037320246, 25.961359287413831 ], [ 65.815685197966332, 26.482328555559402 ], [ 66.461687090466839, 26.565683638462694 ], [ 66.75342988062836, 26.232263306849529 ], [ 66.982656358612417, 25.64877772652649 ], [ 67.274399148773938, 25.607100185074842 ], [ 67.441109314580515, 25.940520516688011 ], [ 67.35775423167722, 26.378134701930289 ], [ 66.920140046434966, 27.336718155318149 ], [ 66.727381417221096, 27.831638960056395 ], [ 67.415060851173251, 28.081704208766268 ], [ 68.602870782545168, 28.498479623282734 ], [ 69.01443650437956, 28.736388922402487 ], [ 69.31138898722314, 29.12364274505742 ], [ 69.769841943191238, 30.20725882280021 ], [ 70.019907191901126, 31.249197359091355 ], [ 70.160568894299828, 31.747591292283907 ], [ 70.395005064965929, 31.916038022317686 ], [ 70.728425396579098, 31.916038022317686 ], [ 71.103523269643915, 31.791005397962749 ], [ 71.645331308515296, 31.457585066349584 ], [ 72.520559678999859, 30.749066861671604 ], [ 73.450638462217427, 29.97641347911987 ], [ 73.770885922549226, 29.248675369412368 ], [ 73.906337932267078, 28.883996881710466 ], [ 73.89591854690417, 28.456802081831089 ], [ 73.562498215291015, 27.87331650150805 ], [ 72.728947386258085, 26.87305550666855 ], [ 71.812041474321873, 25.851955741103232 ], [ 71.728686391418577, 25.41434155586095 ], [ 71.582814996337817, 25.060082453521964 ], [ 71.249394664724662, 24.810017204812091 ], [ 70.958822718710906, 24.721582264720947 ], [ 70.770102938030732, 24.66414580973133 ], [ 69.978229650449464, 24.726662121908799 ], [ 69.1030012799649, 24.768339663360443 ], [ 68.456999387464393, 24.51827441465057 ], [ 67.443666619745471, 23.944843654876991 ], [ 67.145441928989072, 24.663611151624647 ], [ 66.372827589793275, 25.425140896093851 ], [ 64.530407749291129, 25.237038682551429 ], [ 62.905700718034609, 25.218409328710209 ], [ 61.49736290878419, 25.078237006118499 ], [ 59.616134067630846, 25.380156561783778 ], [ 58.525761346272304, 25.609961656185732 ], [ 57.397251417882387, 25.739902045183641 ], [ 56.970765822177555, 26.966106268821363 ], [ 56.492138706290206, 27.143304755150197 ], [ 55.723710158110066, 26.964633490501043 ], [ 54.715089552637266, 26.480657863871514 ], [ 53.493096958231348, 26.812368882753049 ], [ 52.483597853409613, 27.580849107365495 ], [ 51.520762566947418, 27.865689602158298 ], [ 50.852948032439542, 28.814520575469388 ], [ 50.115008579311585, 30.147772528599717 ], [ 49.576850213423995, 29.985715236932407 ], [ 48.941333449098551, 30.317090359004037 ], [ 48.567971225789755, 29.926778265903522 ], [ 47.974519077349896, 29.975819200148504 ], [ 48.18318851094449, 29.534476630159762 ], [ 48.093943312376418, 29.306299343375002 ], [ 48.416094191283946, 28.55200429942667 ], [ 48.807594842327177, 27.689627997339883 ], [ 49.299554477745829, 27.461218166609811 ], [ 49.470913527225662, 27.109999294538085 ], [ 50.152422316290881, 26.689663194275997 ], [ 50.212935418504685, 26.277026882425375 ], [ 50.113303257045942, 25.943972276304251 ], [ 50.239858839728754, 25.608049628190926 ], [ 50.527386509000735, 25.327808335872103 ], [ 50.660556675016892, 24.999895534764022 ], [ 50.810108270069577, 24.754742539971378 ], [ 50.743910760303692, 25.482424221289396 ], [ 51.013351678273494, 26.006991685484195 ], [ 51.286461622936059, 26.114582017515868 ], [ 51.589078810437258, 25.801112779233382 ], [ 51.606700473848811, 25.215670477798739 ], [ 51.38960778179063, 24.627385972588058 ], [ 51.579518670463273, 24.245497137951105 ], [ 51.757440626844186, 24.294072984305469 ], [ 51.794389275932872, 24.019826158132506 ], [ 52.577080519425607, 24.177439276622707 ], [ 53.404006788960146, 24.15131684009917 ], [ 54.008000929587581, 24.121757920828216 ], [ 54.693023716048629, 24.797892360935091 ], [ 55.43902469261414, 25.439145209244941 ], [ 56.070820753814559, 26.055464178973981 ], [ 56.362017449779273, 26.395934353128979 ], [ 56.485679152253738, 26.309117946878633 ], [ 56.39142133975335, 25.895990708921246 ], [ 56.261041701080956, 25.714606431576769 ], [ 56.396847365144005, 24.924732163995486 ], [ 56.845140415276006, 24.241673081961505 ], [ 57.4034525897574, 23.878594468678813 ], [ 58.136947869708251, 23.74793060962881 ], [ 58.72921146020542, 23.565667832935361 ], [ 59.180501743410332, 22.992395331305474 ], [ 59.450097690677033, 22.6602709009656 ], [ 59.808060337162857, 22.533611965418217 ], [ 59.806148309168066, 22.310524807214193 ], [ 59.442191196536385, 21.714540513592027 ], [ 59.282407667889913, 21.43388580981485 ], [ 58.861141391846559, 21.114034532144302 ], [ 58.48798587426694, 20.428985907467094 ], [ 58.034318475176605, 20.481437486243337 ], [ 57.826372511634105, 20.24300242764863 ], [ 57.665762160070955, 19.73600495043307 ], [ 57.788700392493325, 19.067570298737678 ], [ 57.694390903560645, 18.94470958096376 ], [ 57.234263950433814, 18.947991034414287 ], [ 56.609650913321929, 18.574267076079465 ], [ 56.512189162019467, 18.087113348863966 ], [ 56.283520949127933, 17.876066799383963 ], [ 55.661491733630641, 17.884128322821496 ], [ 55.269939406155117, 17.632309068263197 ], [ 55.274900343655133, 17.22835439703762 ], [ 54.791002231674042, 16.950696926333379 ], [ 54.239252964093708, 17.044980577049913 ], [ 53.570508253804576, 16.707662665264706 ], [ 53.108572625547509, 16.651051133688952 ], [ 52.385205926325881, 16.382411200419654 ], [ 52.19172936382509, 15.93843313238402 ], [ 52.1681649107, 15.597420355689948 ], [ 51.172515089732485, 15.175249742081492 ], [ 49.57457645040315, 14.708766587782748 ], [ 48.679230584514158, 14.00320241948566 ], [ 48.238947381387419, 13.948089504446372 ], [ 47.938914015500785, 14.007233181204427 ], [ 47.354453566279716, 13.592219753468383 ], [ 46.717076450391744, 13.399699204965019 ], [ 45.877592807810267, 13.347764390511685 ], [ 45.625050083199881, 13.290946153206763 ], [ 45.406458774605255, 13.026905422411433 ], [ 45.144355910020863, 12.953938300015309 ], [ 44.989533318874415, 12.69958690027471 ], [ 44.494576450382851, 12.721652736863348 ], [ 44.175112745954493, 12.585950425664876 ], [ 43.482958611837127, 12.636800035040084 ], [ 43.222871128112132, 13.220950425667425 ], [ 43.25144819516953, 13.767583726450852 ], [ 43.087943963398061, 14.062630316621309 ], [ 42.892245314308724, 14.802249253798749 ], [ 42.60487267433362, 15.213335272680595 ], [ 42.805015496600049, 15.261962795467255 ], [ 42.702437778500659, 15.718885809791999 ], [ 42.823670688657415, 15.911742255105267 ], [ 42.77933230975097, 16.347891343648683 ], [ 42.649572788266084, 16.774635321514964 ], [ 42.347989129410713, 17.075805568912003 ], [ 42.270887892431226, 17.474721787989125 ], [ 41.754381951673963, 17.833046169500975 ], [ 41.22139122901558, 18.67159963630121 ], [ 40.93934126156654, 19.486485297111756 ], [ 40.247652215339826, 20.174634507726491 ], [ 39.801684604660949, 20.338862209550058 ], [ 39.139399448408284, 21.291904812092934 ], [ 39.023695916506796, 21.986875311770195 ], [ 39.066328973147591, 22.57965566659027 ], [ 38.492772251140082, 23.688451036060854 ], [ 38.023860304523623, 24.078685614512935 ], [ 37.483634881344386, 24.285494696545015 ], [ 37.154817742671185, 24.858482977797308 ], [ 37.209491408036001, 25.084541530858107 ], [ 36.93162723160259, 25.602959499610179 ], [ 36.639603712721225, 25.826227525327223 ], [ 36.249136590323815, 26.570135606384881 ], [ 35.640181512196392, 27.376520494083422 ], [ 35.130186801907882, 28.063351955674719 ], [ 34.632336053207979, 28.058546047471566 ], [ 34.787778761541944, 28.607427273059699 ], [ 34.832220493312946, 28.957483425404845 ], [ 34.956037225084259, 29.356554673778845 ], [ 34.92260257339143, 29.501326198844524 ], [ 34.823243288783814, 29.761080761718219 ], [ 34.26544, 31.21936 ], [ 34.265434744646207, 31.219357309520319 ] ], [ [ 40.832603944044656, 21.476682170793929 ], [ 40.342892831987818, 21.758005575592538 ], [ 39.946956188197184, 21.653811721963425 ], [ 39.82192356384224, 21.435004629342281 ], [ 39.832342949205156, 21.184939380632407 ], [ 40.061569427189205, 20.93487413192253 ], [ 40.738829475778452, 20.486840561317337 ], [ 41.363992597553143, 19.851258054179734 ], [ 41.864123094972896, 18.913513371517702 ], [ 42.405931133844291, 17.902832991315286 ], [ 42.781029006909108, 17.183895401274391 ], [ 43.072771797070622, 16.756700601395032 ], [ 43.291578889691763, 16.173215021071989 ], [ 43.270740118965946, 15.475116201756919 ], [ 43.364514587232144, 14.672823528812733 ], [ 43.562482909127453, 13.860111470505634 ], [ 43.656257377393658, 13.443336055989175 ], [ 43.729193074934038, 13.078657568287273 ], [ 43.885483855377714, 12.943205558569424 ], [ 44.656518372233165, 13.27662589018259 ], [ 45.990199698685835, 13.776756387602344 ], [ 48.563787883324977, 14.620726601998173 ], [ 49.407758097720802, 15.006243860425899 ], [ 49.511951951349921, 15.329244806676156 ], [ 49.178531619736752, 15.548051899297297 ], [ 48.751336819857379, 15.568890670023119 ], [ 48.074076771268132, 15.308406035950332 ], [ 47.678140127477498, 14.933308162885519 ], [ 47.26136471296104, 14.912469392159696 ], [ 47.032138234976983, 15.047921401877545 ], [ 46.646620976549258, 14.902050006796784 ], [ 46.427813883928117, 14.7353398409902 ], [ 46.000619084048743, 14.568629675183615 ], [ 45.740134449975955, 14.631145987361085 ], [ 45.729715064613046, 14.891630621433873 ], [ 45.740134449975955, 15.204212182321218 ], [ 45.302520264733673, 15.381341733490713 ], [ 44.906583620943039, 15.36050296276489 ], [ 44.656518372233165, 15.443858045668183 ], [ 44.541905133241137, 15.735600835829704 ], [ 44.635679601507341, 16.152376250346165 ], [ 44.625260216144426, 16.485796581959331 ], [ 44.468969435700757, 16.8192169135725 ], [ 43.791518589051918, 17.319976711491108 ], [ 43.499966596949989, 17.892413605952388 ], [ 43.499966596949989, 18.392544103372142 ], [ 43.562482909127453, 18.788480747162779 ], [ 43.406192128683784, 19.288611244582526 ], [ 43.072771797070615, 19.496998951840759 ], [ 42.676835153279981, 19.559515264018227 ], [ 42.468447446021749, 19.851258054179748 ], [ 42.239220968037699, 20.309711010147854 ], [ 42.030833260779467, 20.76816396611596 ], [ 41.634896616988826, 20.934874131922545 ], [ 41.155604890294903, 20.997390444100013 ], [ 40.94721718303667, 21.164100609906598 ], [ 40.832603944044656, 21.476682170793929 ] ], [ [ 56.055325959258333, 24.915079340554747 ], [ 55.80526071054846, 25.1443058185388 ], [ 55.565614847201495, 25.165144589264624 ], [ 55.378065910669086, 25.102628277087156 ], [ 55.242613900951241, 24.925498725917659 ], [ 55.128000661959213, 24.727530404022342 ], [ 55.107161891233389, 24.435787613860818 ], [ 55.107161891233389, 24.237819291965501 ], [ 55.180097588773769, 24.050270355433092 ], [ 55.367646525306178, 23.821043877449043 ], [ 55.971970876355044, 23.581398014102078 ], [ 56.253294281153657, 23.237558297125997 ], [ 56.472101373774798, 22.820782882609539 ], [ 56.784682934662143, 22.581137019262574 ], [ 56.90971555901708, 22.529040092448014 ], [ 57.545298066154679, 22.435265624181813 ], [ 57.784943929501644, 22.237297302286493 ], [ 57.899557168493672, 21.976812668213707 ], [ 57.930815324582404, 21.643392336600538 ], [ 57.982912251396961, 21.299552619624457 ], [ 58.180880573292285, 21.268294463535725 ], [ 58.38926828055051, 21.507940326882689 ], [ 58.524720290268363, 21.883038199947503 ], [ 58.597655987808743, 22.258136073012317 ], [ 58.618494758534567, 22.570717633899662 ], [ 58.514300904905447, 22.956234892327387 ], [ 58.305913197647222, 23.154203214222704 ], [ 57.743266388049996, 23.237558297125997 ], [ 57.159780807726953, 23.279235838577641 ], [ 56.930554329742904, 23.362590921480937 ], [ 56.607553383492643, 23.727269409182838 ], [ 56.28455243724239, 24.227399906602589 ], [ 56.232455510427833, 24.665014091844871 ], [ 56.055325959258333, 24.915079340554747 ] ] ] ] } },
{ "type": "Feature", "properties": { "id": null, "Zone": "области высотной поясности" }, "geometry": { "type": "MultiPolygon", "coordinates": [ [ [ [ 36.448194207512103, 34.593935248344067 ], [ 36.706527340331718, 34.691067657306434 ], [ 36.782067884212822, 34.680648271943511 ], [ 36.847189042731017, 34.641575576832601 ], [ 36.86542296711611, 34.576454418314398 ], [ 36.86542296711611, 34.451421793959454 ], [ 36.646615874494969, 33.98254945262844 ], [ 36.532002635502941, 33.576193423474891 ], [ 36.3131955428818, 33.1281598528697 ], [ 36.073549679534835, 33.034385384603496 ], [ 35.891210435683902, 33.143788930914049 ], [ 35.857887502617217, 33.359511076556124 ], [ 35.909444360068946, 33.740298742940759 ], [ 36.044896369786791, 34.099767537961206 ], [ 36.195977457549013, 34.33420370862671 ], [ 36.448194207512103, 34.593935248344067 ] ] ] ] } },
{ "type": "Feature", "properties": { "id": null, "Zone": "жестколистных вечнозеленых лесов и кустарников (средиземноморского типа)" }, "geometry": { "type": "MultiPolygon", "coordinates": [ [ [ [ 39.955008579270924, 43.434997666999223 ], [ 41.947478177876164, 43.086487413472391 ], [ 43.98967770900682, 42.325872281979848 ], [ 44.239742957716693, 42.044548877181242 ], [ 44.208484801627961, 41.856999940648834 ], [ 43.906322626103524, 41.825741784560094 ], [ 43.479127826224158, 41.825741784560094 ], [ 43.343675816506305, 41.752806087019714 ], [ 43.385353357957953, 41.586095921213129 ], [ 43.582745802592733, 41.092143256182567 ], [ 42.288713048512392, 40.979166723823539 ], [ 40.121480893026806, 40.270648519145567 ], [ 37.704183488831347, 40.228970977693919 ], [ 34.995143294474374, 40.687423933662025 ], [ 33.432235490037677, 41.187554431081779 ], [ 32.348619412294887, 41.000005494549377 ], [ 31.681778749068553, 40.562391309307095 ], [ 31.911005227052605, 40.083099582613173 ], [ 31.590609127142137, 40.116962585042607 ], [ 31.371802034520993, 40.033607502139311 ], [ 31.319705107706437, 39.939833033873114 ], [ 31.327519646729492, 39.746206122545665 ], [ 30.900324846850122, 39.767044893271489 ], [ 30.254322954349611, 39.808722434723137 ], [ 29.618740447212016, 39.829561205448961 ], [ 28.680995764549987, 39.642012268916552 ], [ 28.170445881767325, 39.516979644561616 ], [ 27.732831696525054, 39.391947020206658 ], [ 27.48276644781518, 39.162720542222608 ], [ 27.441088906363536, 38.9751716056902 ], [ 27.524443989266828, 38.714686971617418 ], [ 27.670315384347585, 38.558396191173742 ], [ 27.816186779428346, 38.256234015649312 ], [ 27.857864320879994, 38.027007537665263 ], [ 27.816186779428346, 37.714425976777918 ], [ 27.566121530718473, 37.537296425608424 ], [ 27.430669521000624, 37.391425030527664 ], [ 27.649476613621765, 37.183037323269431 ], [ 27.920380633057462, 37.141359781817791 ], [ 28.316317276848096, 37.141359781817791 ], [ 28.753931462090378, 37.130940396454875 ], [ 29.003996710800251, 36.985069001374114 ], [ 29.160287491243924, 36.839197606293354 ], [ 29.326997657050505, 36.724584367301333 ], [ 29.608321061849114, 36.703745596575509 ], [ 29.847966925196079, 36.860036377019178 ], [ 30.108451559268865, 37.110101625729051 ], [ 30.358516807978738, 37.141359781817791 ], [ 30.785711607858108, 37.162198552543607 ], [ 31.358777802818238, 36.96423023064829 ], [ 32.015199080681654, 36.755842523390065 ], [ 32.442393880561028, 36.505777274680192 ], [ 32.827911138988753, 36.401583421051072 ], [ 33.234267168142296, 36.474519118591459 ], [ 33.515590572940908, 36.5161966600431 ], [ 33.70313950947331, 36.672487440486776 ], [ 33.77607520701369, 36.92255268919665 ], [ 34.026140455723564, 37.29765056226146 ], [ 34.276205704433437, 37.328908718350192 ], [ 34.984723909111423, 37.255973020809812 ], [ 35.568209489434459, 37.276811791535636 ], [ 36.047501216128381, 37.328908718350199 ], [ 36.53721232818522, 37.464360728068051 ], [ 36.724761264717628, 37.339328103713115 ], [ 36.724761264717628, 37.047585313551593 ], [ 36.417550083163036, 36.04061697035506 ], [ 36.422599089192389, 35.477731252206219 ], [ 36.48511540136986, 34.925503827971909 ], [ 36.448194207512103, 34.593935248344067 ], [ 36.195977457549013, 34.33420370862671 ], [ 36.044896369786791, 34.099767537961206 ], [ 35.909444360068946, 33.740298742940759 ], [ 35.857887502617217, 33.359511076556139 ], [ 35.821100701650238, 33.277426459276299 ], [ 35.828440711346481, 33.081019206576627 ], [ 35.651564572336937, 32.904143067567084 ], [ 35.338983011449592, 32.529045194502267 ], [ 35.290817599203464, 32.491580483742929 ], [ 35.132320509546211, 32.368296007532877 ], [ 34.752587111151172, 32.072926337201167 ], [ 34.955417107896778, 32.827376410446377 ], [ 35.098457472480675, 33.080539252244265 ], [ 35.126052687324545, 33.090900376918782 ], [ 35.482206658680127, 33.905450140919442 ], [ 35.979592319489399, 34.610058295219133 ], [ 35.998402540843642, 34.644914048800004 ], [ 35.905023227692226, 35.410009467097325 ], [ 36.149762811026534, 35.821534735653671 ], [ 35.782084995269855, 36.274995429014851 ], [ 36.160821567536999, 36.650605577128331 ], [ 35.550936313628313, 36.565442816711325 ], [ 34.714553256984345, 36.795532131490901 ], [ 34.026894972476384, 36.219960028624016 ], [ 32.509158156064075, 36.107563788389186 ], [ 31.699595167779567, 36.64427521417258 ], [ 30.621624790171097, 36.677864895162301 ], [ 30.391096225717064, 36.26298065850699 ], [ 29.699975620245539, 36.144357408180994 ], [ 28.732902866335422, 36.676831366516467 ], [ 27.641186557737317, 36.658822129862742 ], [ 27.048767937943264, 37.653360907535998 ], [ 26.318218214633045, 38.208133246405396 ], [ 26.804700148228733, 38.985760199533516 ], [ 26.170785353304328, 39.463612168936464 ], [ 27.280019972449391, 40.420013739578309 ], [ 28.81997765474722, 40.460011298172212 ], [ 29.240003696415584, 41.219990749672668 ], [ 31.145933872204441, 41.087621568357022 ], [ 32.347979363745708, 41.736264146484615 ], [ 33.513282911927462, 42.018960069337311 ], [ 35.167703891751785, 42.040224921225416 ], [ 36.913127068842101, 41.33535838476427 ], [ 38.347664829264517, 40.948586127275732 ], [ 39.512606642420195, 41.102762763018553 ], [ 40.373432651538224, 41.013672593747351 ], [ 41.554084100110657, 41.535656236327569 ], [ 41.70317060727271, 41.962942816732919 ], [ 41.453470086438386, 42.64512339941794 ], [ 40.875469191253792, 43.013628038091284 ], [ 40.32139448422032, 43.128633938156845 ], [ 39.955008579270924, 43.434997666999223 ] ] ] ] } },
{ "type": "Feature", "properties": { "id": null, "Zone": "степей" }, "geometry": { "type": "MultiPolygon", "coordinates": [ [ [ [ 31.327519646729492, 39.746206122545665 ], [ 31.319705107706437, 39.939833033873114 ], [ 31.371802034520993, 40.033607502139311 ], [ 31.590609127142137, 40.116962585042607 ], [ 31.911005227052605, 40.083099582613173 ], [ 32.911266221892106, 39.853873104629116 ], [ 33.744817050925022, 39.937228187532412 ], [ 34.224108777618945, 39.666324168096708 ], [ 34.411657714151353, 39.187032441402785 ], [ 34.640884192135402, 38.770257026886327 ], [ 35.01598206520022, 38.624385631805566 ], [ 35.516112562619966, 38.853612109789616 ], [ 36.537212328185291, 39.187032441402785 ], [ 36.76643880616934, 38.707740714708862 ], [ 36.558051098911108, 38.311804070918221 ], [ 35.76617781132984, 38.0200612807567 ], [ 34.953465753022748, 37.957544968579235 ], [ 34.05739861181236, 37.832512344224298 ], [ 33.390557948586029, 37.853351114950122 ], [ 32.473652036649824, 38.082577592934172 ], [ 31.765133831971845, 38.395159153821517 ], [ 31.494229812536148, 38.603546861079742 ], [ 31.410874729632855, 38.936967192692912 ], [ 31.494229812536148, 39.478775231564306 ], [ 31.327519646729492, 39.746206122545665 ] ] ] ] } },
{ "type": "Feature", "properties": { "id": null, "Zone": "области высотной поясности" }, "geometry": { "type": "MultiPolygon", "coordinates": [ [ [ [ 40.342892831987818, 21.758005575592538 ], [ 40.832603944044656, 21.476682170793929 ], [ 40.94721718303667, 21.164100609906598 ], [ 41.155604890294903, 20.997390444100013 ], [ 41.634896616988826, 20.934874131922545 ], [ 42.030833260779467, 20.76816396611596 ], [ 42.239220968037699, 20.309711010147854 ], [ 42.468447446021749, 19.851258054179748 ], [ 42.676835153279981, 19.559515264018227 ], [ 43.072771797070615, 19.496998951840759 ], [ 43.406192128683784, 19.288611244582526 ], [ 43.562482909127453, 18.788480747162779 ], [ 43.499966596949989, 18.392544103372142 ], [ 43.499966596949989, 17.892413605952388 ], [ 43.791518589051918, 17.319976711491108 ], [ 44.468969435700757, 16.8192169135725 ], [ 44.625260216144426, 16.485796581959331 ], [ 44.635679601507341, 16.152376250346165 ], [ 44.541905133241137, 15.735600835829704 ], [ 44.656518372233165, 15.443858045668183 ], [ 44.906583620943039, 15.36050296276489 ], [ 45.302520264733673, 15.381341733490713 ], [ 45.740134449975955, 15.204212182321218 ], [ 45.729715064613046, 14.891630621433873 ], [ 45.740134449975955, 14.631145987361085 ], [ 46.000619084048743, 14.568629675183615 ], [ 46.427813883928117, 14.7353398409902 ], [ 46.646620976549258, 14.902050006796784 ], [ 47.032138234976983, 15.047921401877545 ], [ 47.26136471296104, 14.912469392159696 ], [ 47.678140127477498, 14.933308162885519 ], [ 48.074076771268132, 15.308406035950332 ], [ 48.751336819857379, 15.568890670023119 ], [ 49.178531619736752, 15.548051899297297 ], [ 49.511951951349921, 15.329244806676156 ], [ 49.407758097720802, 15.006243860425899 ], [ 48.563787883324977, 14.620726601998173 ], [ 45.990199698685835, 13.776756387602344 ], [ 44.656518372233165, 13.27662589018259 ], [ 43.885483855377714, 12.943205558569424 ], [ 43.729193074934038, 13.078657568287273 ], [ 43.656257377393658, 13.443336055989175 ], [ 43.562482909127453, 13.860111470505634 ], [ 43.364514587232144, 14.672823528812733 ], [ 43.270740118965946, 15.475116201756919 ], [ 43.291578889691763, 16.173215021071989 ], [ 43.130416581787017, 16.602981175484647 ], [ 43.072771797070622, 16.756700601395032 ], [ 42.781029006909108, 17.183895401274391 ], [ 42.405931133844291, 17.902832991315286 ], [ 41.864123094972896, 18.913513371517702 ], [ 41.363992597553143, 19.851258054179734 ], [ 40.738829475778452, 20.486840561317337 ], [ 40.061569427189205, 20.93487413192253 ], [ 39.832342949205156, 21.184939380632407 ], [ 39.82192356384224, 21.435004629342281 ], [ 39.946956188197184, 21.653811721963425 ], [ 40.342892831987818, 21.758005575592538 ] ] ] ] } },
{ "type": "Feature", "properties": { "id": null, "Zone": "области высотной поясности" }, "geometry": { "type": "MultiPolygon", "coordinates": [ [ [ [ 55.565614847201495, 25.165144589264624 ], [ 55.80526071054846, 25.1443058185388 ], [ 56.04770589495655, 24.922064399498051 ], [ 56.055325959258333, 24.915079340554747 ], [ 56.232455510427833, 24.665014091844871 ], [ 56.28455243724239, 24.227399906602589 ], [ 56.607553383492643, 23.727269409182838 ], [ 56.930554329742904, 23.362590921480937 ], [ 57.159780807726953, 23.279235838577641 ], [ 57.743266388049996, 23.237558297125997 ], [ 58.305913197647222, 23.154203214222704 ], [ 58.514300904905447, 22.956234892327387 ], [ 58.618494758534567, 22.570717633899662 ], [ 58.597655987808743, 22.258136073012317 ], [ 58.524720290268363, 21.883038199947503 ], [ 58.38926828055051, 21.507940326882689 ], [ 58.180880573292285, 21.268294463535725 ], [ 57.982912251396961, 21.299552619624457 ], [ 57.930815324582404, 21.643392336600538 ], [ 57.899557168493672, 21.976812668213707 ], [ 57.784943929501644, 22.237297302286493 ], [ 57.545298066154679, 22.435265624181813 ], [ 56.90971555901708, 22.529040092448014 ], [ 56.784682934662143, 22.581137019262574 ], [ 56.472101373774798, 22.820782882609539 ], [ 56.253294281153657, 23.237558297125997 ], [ 55.971970876355044, 23.581398014102078 ], [ 55.527430560331617, 23.757681242869989 ], [ 55.367646525306178, 23.821043877449043 ], [ 55.180097588773769, 24.050270355433092 ], [ 55.107161891233389, 24.237819291965501 ], [ 55.107161891233389, 24.435787613860818 ], [ 55.128000661959213, 24.727530404022342 ], [ 55.242613900951241, 24.925498725917659 ], [ 55.378065910669086, 25.102628277087156 ], [ 55.565614847201495, 25.165144589264624 ] ] ] ] } },
{ "type": "Feature", "properties": { "id": null, "Zone": "области высотной поясности" }, "geometry": { "type": "MultiPolygon", "coordinates": [ [ [ [ 36.675460000000101, 45.244690000000105 ], [ 37.941224505836736, 45.097428788514364 ], [ 39.024840583579532, 44.722330915449554 ], [ 39.608326163902575, 44.388910583836385 ], [ 40.816974866000308, 44.305555500933096 ], [ 42.734141772776027, 44.055490252223215 ], [ 43.692725226163894, 43.768957154743163 ], [ 44.797180074632514, 43.404278667041261 ], [ 45.297310572052254, 43.242778193916124 ], [ 45.953731849915691, 43.253197579279032 ], [ 46.360087879069241, 43.227149115871754 ], [ 46.552846508283103, 43.13337464760555 ], [ 46.693508210682396, 42.971874174480419 ], [ 46.943573459392269, 42.492582447786496 ], [ 47.402026415360375, 41.617354077301925 ], [ 47.594785044574252, 41.289143438370218 ], [ 47.922995683505945, 41.002610340890143 ], [ 48.391868024836967, 40.815061404357735 ], [ 48.709659278405766, 40.611883389780964 ], [ 48.777385283264692, 40.523318614196214 ], [ 48.766965897901784, 40.429544145930016 ], [ 48.579416961369375, 40.20031766794596 ], [ 48.298093556570763, 39.991929960687727 ], [ 48.115754312719815, 39.892945799740069 ], [ 47.870898756691389, 39.918994263147354 ], [ 47.610414122618607, 40.106543199679756 ], [ 47.370768259271642, 40.408705375204192 ], [ 47.037347927658466, 40.669190009276974 ], [ 46.464281732698332, 40.830690482402098 ], [ 45.964151235278578, 40.924464950668302 ], [ 45.354617191548257, 41.143272043289443 ], [ 44.208484801627961, 41.856999940648834 ], [ 44.239742957716693, 42.044548877181242 ], [ 43.98967770900682, 42.325872281979848 ], [ 41.947478177876164, 43.086487413472391 ], [ 39.955008579270924, 43.434997666999223 ], [ 38.68, 44.28 ], [ 37.53912, 44.65721 ], [ 36.675460000000101, 45.244690000000105 ] ] ] ] } },
{ "type": "Feature", "properties": { "id": null, "Zone": "области высотной поясности" }, "geometry": { "type": "MultiPolygon", "coordinates": [ [ [ [ 138.717519735916653, 50.531138255272715 ], [ 138.821713589545794, 50.624912723538941 ], [ 138.925907443174879, 50.635332108901828 ], [ 139.024891604122558, 50.604073952813117 ], [ 139.118666072388748, 50.452992865050895 ], [ 139.181182384566227, 50.270653621199948 ], [ 139.170762999203305, 49.874716977409314 ], [ 139.113456379707316, 49.619442036017979 ], [ 139.030101296803991, 49.405844636078271 ], [ 138.425776945755132, 48.468099953416242 ], [ 136.737836516963483, 46.530094275914706 ], [ 135.049896088171806, 44.800476305671395 ], [ 133.11189041067027, 43.508472520670374 ], [ 132.934760859500784, 43.430327130448525 ], [ 132.75763130833127, 43.414698052404162 ], [ 132.564872679117428, 43.419907745085617 ], [ 132.413791591355192, 43.498053135307458 ], [ 132.335646201133358, 43.612666374299479 ], [ 132.340855893814819, 43.737698998654423 ], [ 132.37732374258502, 43.956506091275557 ], [ 132.528404830347228, 44.185732569259613 ], [ 132.653437454702157, 44.310765193614557 ], [ 132.861825161960411, 44.467055974058226 ], [ 133.695375990993313, 45.154735408010389 ], [ 134.924863463816877, 46.321706568656474 ], [ 137.008740536399188, 48.530616265593707 ], [ 137.758936282528794, 49.489199718981567 ], [ 138.321583092126019, 50.135201611482074 ], [ 138.717519735916653, 50.531138255272715 ] ] ] ] } },
{ "type": "Feature", "properties": { "id": null, "Zone": "переменно-влажных (в том числе муссонных) лесов" }, "geometry": { "type": "MultiPolygon", "coordinates": [ [ [ [ 134.924863463816877, 46.321706568656474 ], [ 133.695375990993313, 45.154735408010389 ], [ 132.861825161960411, 44.467055974058226 ], [ 132.653437454702157, 44.310765193614557 ], [ 132.528404830347228, 44.185732569259613 ], [ 132.37732374258502, 43.956506091275557 ], [ 132.340855893814819, 43.737698998654423 ], [ 132.335646201133358, 43.612666374299479 ], [ 132.413791591355192, 43.498053135307458 ], [ 132.564872679117428, 43.419907745085617 ], [ 132.75763130833127, 43.414698052404162 ], [ 132.934760859500784, 43.430327130448525 ], [ 132.90627, 42.798490000000129 ], [ 132.278070000000184, 43.284560000000113 ], [ 130.935870000000136, 42.55274 ], [ 130.780004853585126, 42.220010361082579 ], [ 130.780003660046759, 42.220007813203225 ], [ 130.78, 42.220000000000141 ], [ 130.77999231657833, 42.220009604277188 ], [ 130.400030552289024, 42.280003567059708 ], [ 129.965948521037262, 41.94136790625106 ], [ 129.667362095254816, 41.601104437825228 ], [ 129.705189243692473, 40.882827867184332 ], [ 129.188114862179987, 40.661807766271991 ], [ 129.010399611528214, 40.485436102859815 ], [ 128.63336836152672, 40.189846910150308 ], [ 127.96741417858135, 40.025412502597561 ], [ 127.533435500194173, 39.756850083976701 ], [ 127.502119582225305, 39.323930772451533 ], [ 127.385434198110275, 39.213472398427655 ], [ 127.783342726757724, 39.050898342437421 ], [ 128.349716424676615, 38.61224294692785 ], [ 129.212919549680066, 37.432392483055949 ], [ 129.460449660358165, 36.784189154602828 ], [ 129.4683044780665, 35.632140611303953 ], [ 129.091376580929591, 35.082484239231434 ], [ 128.185850457879098, 34.890377102186392 ], [ 127.386519403188402, 34.475673733044118 ], [ 126.485747511908755, 34.39004588473648 ], [ 126.373919712429142, 34.934560451795946 ], [ 126.559231398627787, 35.684540513647903 ], [ 126.117397902532289, 36.725484727519259 ], [ 126.860143263863392, 36.893924058574626 ], [ 126.174758742376241, 37.74968577732804 ], [ 125.689103631697208, 37.940010077459021 ], [ 125.568439162295704, 37.752088731429623 ], [ 125.275330438336198, 37.669070542952724 ], [ 125.240087111513162, 37.857224432927438 ], [ 124.981033156433966, 37.94882090916478 ], [ 124.71216067921938, 38.10834605564979 ], [ 124.985994093933982, 38.54847422947968 ], [ 125.221948683778706, 38.665857245430672 ], [ 125.132858514507518, 38.848559271798592 ], [ 125.386589797060594, 39.387957872061165 ], [ 125.321115757346817, 39.55138458918421 ], [ 124.737482131042398, 39.660344346671621 ], [ 124.265624627785314, 39.928493353834156 ], [ 122.867570428560953, 39.63778758397622 ], [ 122.131387974130902, 39.170451768544666 ], [ 121.054554478032856, 38.897471014962846 ], [ 121.58599490772248, 39.360853583324072 ], [ 121.376757033372684, 39.750261338859488 ], [ 122.168595005381064, 40.422442531896024 ], [ 121.640358514493528, 40.946389878903332 ], [ 120.76862877816194, 40.593388169917539 ], [ 119.63960208544907, 39.898055935214245 ], [ 119.023463983233057, 39.252333075511146 ], [ 118.042748651197911, 39.204273993479703 ], [ 117.532702264477109, 38.737635809884083 ], [ 118.059698520989642, 38.061475531561058 ], [ 118.878149855628322, 37.897325344385933 ], [ 118.911636183753444, 37.448463853498708 ], [ 119.702802362142052, 37.156388658185051 ], [ 120.823457472823605, 37.870427761378011 ], [ 121.711258579597995, 37.48112335870718 ], [ 122.35793745329849, 37.454484157860719 ], [ 122.5199947449658, 36.93061432550185 ], [ 121.104163853033072, 36.651329047180425 ], [ 120.637008905114527, 36.111439520811075 ], [ 119.664561802246055, 35.609790554337721 ], [ 119.151208123858595, 34.909859117160437 ], [ 120.227524855633732, 34.360331936168649 ], [ 120.620369093916551, 33.376722723925141 ], [ 121.229014113450233, 32.460318711877193 ], [ 121.90814578663003, 31.692174384074647 ], [ 121.891919386890379, 30.949351508095106 ], [ 121.264257440273283, 30.676267401648701 ], [ 121.503519321784665, 30.142914943964289 ], [ 122.0921138855891, 29.832520453403149 ], [ 121.938428175953064, 29.018022365834781 ], [ 121.684438511238511, 28.225512600206617 ], [ 121.125661248866493, 28.135673122667185 ], [ 120.395473260582321, 27.053206895449321 ], [ 119.585496860839498, 25.740780544532612 ], [ 118.656871372554519, 24.547390855400241 ], [ 117.281606479970876, 23.624501451099658 ], [ 115.890735304835118, 22.78287323657807 ], [ 114.763827345846238, 22.668074042241667 ], [ 114.152546828265642, 22.22376007739615 ], [ 113.806779819800738, 22.548339748621402 ], [ 113.241077915501592, 22.051367499270455 ], [ 111.843592157032475, 21.550493679281473 ], [ 110.785465529424073, 21.397143866455338 ], [ 110.444039341271676, 20.341032619706329 ], [ 109.889861281373612, 20.282457383703488 ], [ 109.627655063924664, 21.008227037026703 ], [ 109.864488153118316, 21.395050970947523 ], [ 108.522812941524407, 21.715212307211814 ], [ 108.050180291782937, 21.552379869060118 ], [ 106.715067987090094, 20.696850694252021 ], [ 105.881682163519031, 19.752050482659698 ], [ 105.662005649846307, 19.05816518806057 ], [ 106.42681684776602, 18.004120998603227 ], [ 107.361953566519745, 16.697456569887052 ], [ 108.269495070429628, 16.079742336486149 ], [ 108.877106561317476, 15.27669057867044 ], [ 109.335269810017223, 13.426028347217724 ], [ 109.200135939573983, 11.666859239137764 ], [ 108.366129998815452, 11.008320624226272 ], [ 107.220928582795239, 10.364483954301832 ], [ 106.405112746203429, 9.530839748569321 ], [ 105.15826378786511, 8.599759629750494 ], [ 104.795185174582386, 9.241038316276502 ], [ 105.076201613385621, 9.918490505406808 ], [ 104.72427498941795, 10.213326593486705 ], [ 104.859726999135802, 10.536327539736963 ], [ 105.199914992292349, 10.889309800658097 ], [ 105.52656766236214, 11.005199881067981 ], [ 105.985020618330239, 10.984361110342157 ], [ 106.297602179217591, 11.119813120060005 ], [ 106.589344969379113, 11.307362056592414 ], [ 106.860248988814803, 11.547007919939377 ], [ 107.047797925347211, 11.807492554012164 ], [ 107.495831495952402, 11.91168640764128 ], [ 107.847485751951197, 11.822253349943001 ], [ 107.993357147031958, 11.551349330507303 ], [ 108.264261166467648, 11.582607486596039 ], [ 108.472648873725888, 11.895189047483381 ], [ 108.660197810258282, 12.436997086354776 ], [ 108.566423341992078, 13.176773447121489 ], [ 108.25384178110474, 14.312486451678836 ], [ 107.64951743005588, 15.323166831881245 ], [ 107.429496217698386, 15.580935917418026 ], [ 106.556007928495688, 16.604283962464805 ], [ 105.180123099045858, 18.084303953052782 ], [ 104.440346738279132, 18.740725230916198 ], [ 104.190281489569259, 19.022048635714807 ], [ 104.175443014339095, 19.125917962325946 ], [ 104.159023333480519, 19.240855728335948 ], [ 104.367411040738745, 19.355468967327973 ], [ 104.78418645525521, 19.386727123416708 ], [ 105.023832318602174, 19.365888352690884 ], [ 105.169703713682935, 19.480501591682909 ], [ 105.180123099045844, 19.740986225755698 ], [ 104.148603948117611, 21.293474644829502 ], [ 103.294214348358878, 22.314574410394833 ], [ 103.064987870374821, 22.554220273741795 ], [ 103.049221037089509, 22.706632995499771 ], [ 103.50451460166056, 22.703756618739209 ], [ 104.070919893955562, 22.770975103948327 ], [ 104.721670143077745, 22.564639659104706 ], [ 105.774028064731795, 22.272896868943185 ], [ 106.378352415780654, 22.179122400676981 ], [ 106.601810631747455, 22.188733506740068 ], [ 107.347355254531422, 22.220799942128629 ], [ 107.597420503241295, 22.345832566483566 ], [ 107.555742961789662, 22.554220273741795 ], [ 107.201483859450661, 23.116867083339013 ], [ 106.763869674208394, 23.887901600194457 ], [ 106.326255488966112, 24.137966848904334 ], [ 105.659414825739773, 24.11712807817851 ], [ 104.773767069892301, 23.960837297734837 ], [ 103.950635626222294, 23.825385288016989 ], [ 103.752667304326977, 23.887901600194457 ], [ 103.658892836060772, 24.033772995275218 ], [ 103.783925460415716, 24.315096400073827 ], [ 104.398669196827484, 24.752710585316109 ], [ 104.825863996706858, 25.054872760840539 ], [ 105.023832318602189, 25.450809404631169 ], [ 105.065509860053837, 25.752971580155602 ], [ 104.836283382069794, 26.044714370317124 ], [ 104.231959031020921, 26.211424536123705 ], [ 103.731828533601174, 26.461489784833578 ], [ 103.002471558197399, 27.586783404028026 ], [ 102.835761392390808, 29.337240144997146 ], [ 102.919116475294103, 30.295823598384999 ], [ 103.252536806907273, 31.212729510321207 ], [ 104.16944271884347, 31.671182466289309 ], [ 104.836283382069809, 31.629504924837661 ], [ 107.003515537555387, 30.920986720159686 ], [ 107.816227595862472, 30.629243929998168 ], [ 108.451810103000071, 30.639663315361076 ], [ 109.274941546670078, 30.712599012901457 ], [ 110.202266843969184, 30.837631637256397 ], [ 110.691977956026022, 30.837631637256397 ], [ 110.858688121832614, 30.993922417700066 ], [ 110.754494268203501, 31.191890739595383 ], [ 110.389815780501593, 31.421117217579436 ], [ 109.441651712476656, 31.650343695563489 ], [ 108.191325468927289, 31.983764027176655 ], [ 107.54532357642681, 32.265087431975275 ], [ 107.399452181346049, 32.588088378225528 ], [ 107.628678659330106, 32.723540387943373 ], [ 108.399713176185557, 32.869411783024134 ], [ 110.421073936590375, 32.858992397661225 ], [ 111.713077721591375, 32.806895470846655 ], [ 112.202788833648214, 33.025702563467796 ], [ 112.25488576046277, 33.244509656088937 ], [ 112.663846635956531, 33.896589523384542 ], [ 113.268170987005433, 35.563691181450359 ], [ 113.163977133376321, 36.793178654273916 ], [ 113.684946401521884, 38.29357014653317 ], [ 114.935272645071265, 40.148220741131418 ], [ 116.018888722814069, 41.023449111615982 ], [ 118.457024897735323, 41.898677482100553 ], [ 120.499224428865986, 42.607195686778532 ], [ 122.874844291609804, 43.065648642746638 ], [ 125.271302925079439, 43.774166847424617 ], [ 126.292402690644764, 44.274297344844371 ], [ 127.271824914758412, 45.170364486054787 ], [ 127.480212622016651, 45.753850066377836 ], [ 127.45937385129082, 46.191464251620118 ], [ 127.376018768387539, 46.399851958878344 ], [ 126.938404583145257, 46.837466144120626 ], [ 126.396596544273848, 47.066692622104682 ], [ 125.896466046854101, 47.379274182992027 ], [ 125.60472325669258, 47.879404680411774 ], [ 125.500529403063467, 48.358696407105704 ], [ 125.333819237256876, 48.775471821622162 ], [ 125.042076447095354, 49.150569694686979 ], [ 124.812849969111312, 49.567345109203437 ], [ 125.021237676369537, 49.984120523719902 ], [ 125.250464154353594, 50.40089593823636 ], [ 126.104853754112327, 50.817671352752818 ], [ 127.230147373306778, 51.213607996543459 ], [ 128.001181890162229, 51.317801850172572 ], [ 129.709961089679695, 51.171930455091811 ], [ 130.397640523631878, 50.963542747833579 ], [ 130.981126103954921, 50.901026435656114 ], [ 131.293707664842259, 50.671799957672057 ], [ 131.397901518471343, 50.286282699244332 ], [ 131.41874028919716, 50.088314377349015 ], [ 131.335385206293864, 49.84866851400205 ], [ 131.210352581938935, 49.692377733558374 ], [ 131.06448118685816, 49.473570640937233 ], [ 130.991545489317787, 49.233924777590268 ], [ 131.179094425850195, 49.098472767872423 ], [ 131.595869840366646, 49.004698299606218 ], [ 132.106419723149315, 49.160989080049887 ], [ 133.221293956980844, 49.67153896283255 ], [ 134.106941712828331, 50.129991918800656 ], [ 134.784201761417563, 50.452992865050916 ], [ 135.586494434361754, 50.650961186946233 ], [ 136.545077887749613, 50.817671352752818 ], [ 137.159821624161395, 50.744735655212438 ], [ 137.39946748750836, 50.452992865050916 ], [ 137.30569301924217, 49.963281752994078 ], [ 136.972272687628987, 49.265182933679007 ], [ 136.763884980370761, 48.96302075815457 ], [ 137.008740536399188, 48.530616265593707 ], [ 134.924863463816877, 46.321706568656474 ] ], [ [ 128.84515210455811, 42.73222831113349 ], [ 128.386699148590026, 42.763486467222222 ], [ 127.719858485363673, 42.482163062423609 ], [ 127.146792290403539, 42.190420272262088 ], [ 126.54246793935468, 42.117484574721708 ], [ 126.198628222378602, 41.982032565003863 ], [ 126.104853754112398, 41.731967316293982 ], [ 126.073595598023658, 41.440224526132461 ], [ 125.906885432217081, 41.210998048148411 ], [ 125.500529403063524, 40.77338386290613 ], [ 125.260883539716602, 40.544157384922066 ], [ 125.177528456813278, 40.210737053308904 ], [ 125.240044768990771, 40.033607502139404 ], [ 125.542206944515172, 39.929413648510298 ], [ 125.88604666149125, 39.918994263147383 ], [ 126.026708363890563, 39.892945799740097 ], [ 126.136111910201123, 39.783542253429538 ], [ 126.167370066289834, 39.418863765727622 ], [ 126.084014983386567, 39.085443434114467 ], [ 125.896466046854158, 38.626990478146361 ], [ 125.896466046854144, 38.42902215625103 ], [ 126.03191805657201, 38.283150761170269 ], [ 126.427854700362644, 38.116440595363684 ], [ 126.683719924018931, 37.804772854151182 ], [ 127.240566758669743, 37.491277473588994 ], [ 127.381228461069071, 37.069292366391089 ], [ 127.448954465927969, 36.345145083668733 ], [ 127.391647846431979, 35.943998747196645 ], [ 127.490632007379617, 35.699143191168218 ], [ 127.824052338992786, 35.532433025361634 ], [ 128.178311441331772, 35.636626878990747 ], [ 128.36586037786418, 35.970047210603916 ], [ 128.449215460767476, 36.47017770802367 ], [ 128.470054231493293, 37.032824517620888 ], [ 128.39190884127143, 37.329777000463871 ], [ 128.261666524235068, 37.57463255649229 ], [ 127.844891109718617, 37.9497304295571 ], [ 127.032179051411518, 38.595732322057614 ], [ 126.73001687588706, 39.15837913165484 ], [ 126.657081178346672, 39.481380077905094 ], [ 126.719597490524166, 39.804381024155347 ], [ 127.428115695202152, 40.450382916655862 ], [ 128.470054231493293, 41.033868496978904 ], [ 128.928507187461406, 41.596515306576123 ], [ 129.116056123993815, 42.034129491818405 ], [ 129.095217353267998, 42.534259989238159 ], [ 128.84515210455811, 42.73222831113349 ] ] ] ] } },
{ "type": "Feature", "properties": { "id": null, "Zone": "области высотной поясности" }, "geometry": { "type": "MultiPolygon", "coordinates": [ [ [ [ 125.906885432217081, 41.210998048148411 ], [ 126.073595598023658, 41.440224526132461 ], [ 126.104853754112398, 41.731967316293982 ], [ 126.198628222378602, 41.982032565003863 ], [ 126.54246793935468, 42.117484574721708 ], [ 127.146792290403539, 42.190420272262088 ], [ 127.719858485363673, 42.482163062423609 ], [ 128.386699148590026, 42.763486467222222 ], [ 128.84515210455811, 42.73222831113349 ], [ 129.095217353267998, 42.534259989238159 ], [ 129.105477983077918, 42.288004873799792 ], [ 129.116056123993815, 42.034129491818405 ], [ 128.928507187461406, 41.596515306576123 ], [ 128.470054231493293, 41.033868496978904 ], [ 127.428115695202152, 40.450382916655862 ], [ 126.719597490524166, 39.804381024155347 ], [ 126.657081178346672, 39.481380077905094 ], [ 126.73001687588706, 39.15837913165484 ], [ 127.032179051411518, 38.595732322057614 ], [ 127.428798257620983, 38.280470901737274 ], [ 127.844891109718617, 37.9497304295571 ], [ 128.261666524235068, 37.57463255649229 ], [ 128.39190884127143, 37.329777000463871 ], [ 128.470054231493293, 37.032824517620888 ], [ 128.449215460767476, 36.47017770802367 ], [ 128.36586037786418, 35.970047210603916 ], [ 128.178311441331772, 35.636626878990747 ], [ 127.824052338992786, 35.532433025361634 ], [ 127.490632007379617, 35.699143191168218 ], [ 127.391647846431979, 35.943998747196645 ], [ 127.448954465927969, 36.345145083668733 ], [ 127.381228461069071, 37.069292366391089 ], [ 127.240566758669743, 37.491277473588994 ], [ 126.683719924018931, 37.804772854151182 ], [ 126.427854700362644, 38.116440595363684 ], [ 126.03191805657201, 38.283150761170269 ], [ 125.896466046854144, 38.42902215625103 ], [ 125.896466046854158, 38.626990478146361 ], [ 126.084014983386567, 39.085443434114467 ], [ 126.167370066289834, 39.418863765727622 ], [ 126.136111910201123, 39.783542253429538 ], [ 126.026708363890563, 39.892945799740097 ], [ 125.88604666149125, 39.918994263147383 ], [ 125.542206944515172, 39.929413648510298 ], [ 125.240044768990771, 40.033607502139404 ], [ 125.177528456813278, 40.210737053308904 ], [ 125.260883539716602, 40.544157384922066 ], [ 125.500529403063524, 40.77338386290613 ], [ 125.503188492448501, 40.776247497628411 ], [ 125.906885432217081, 41.210998048148411 ] ] ] ] } },
{ "type": "Feature", "properties": { "id": null, "Zone": "саванн и редколесий" }, "geometry": { "type": "MultiPolygon", "coordinates": [ [ [ [ 94.406478633795373, 19.740986225755695 ], [ 94.500253102061578, 20.189019796360885 ], [ 94.198090926537148, 21.460184810636079 ], [ 94.041800146093465, 22.564639659104692 ], [ 94.239768467988782, 23.460706800315076 ], [ 94.656543882505247, 24.398451482977105 ], [ 95.354642701820339, 25.711294038703951 ], [ 95.750579345610973, 25.950939902050912 ], [ 96.209032301579072, 25.91968174596218 ], [ 96.334064925934015, 25.680035882615215 ], [ 96.417420008837297, 25.086130916929264 ], [ 96.573710789280966, 24.867323824308123 ], [ 96.730001569724649, 24.929840136485591 ], [ 97.125938213515283, 25.461228789994074 ], [ 97.740681949927051, 26.909523355438765 ], [ 97.959489042548199, 27.003297823704969 ], [ 98.25123183270972, 26.659458106728891 ], [ 98.303328759524277, 26.273940848301166 ], [ 98.29632584937805, 25.587655653971186 ], [ 98.292909374161354, 25.252841082735845 ], [ 97.89697273037072, 24.210902546444704 ], [ 97.788941352568798, 23.92635561384142 ], [ 96.730001569724649, 21.13718386438584 ], [ 96.563291403918072, 20.095245328094698 ], [ 96.438258779563128, 19.115823103981022 ], [ 96.563291403918072, 18.803241543093677 ], [ 96.855034194079593, 18.67820891873874 ], [ 96.571105942939752, 18.32481809851333 ], [ 96.362718235681527, 18.178946703432569 ], [ 96.070975445520006, 18.095591620529277 ], [ 95.737555113906836, 18.095591620529277 ], [ 95.320779699390371, 18.241463015610037 ], [ 94.987359367777202, 18.741593513029791 ], [ 94.406478633795373, 19.740986225755695 ] ] ] ] } },
{ "type": "Feature", "properties": { "id": null, "Zone": "влажных экваториальных лесов" }, "geometry": { "type": "MultiPolygon", "coordinates": [ [ [ [ 100.557407668055021, 4.767280381688295 ], [ 101.020183492902987, 5.321425165599778 ], [ 101.145216117257917, 4.717100814550911 ], [ 101.259829356249952, 4.352422326849009 ], [ 101.42653952205653, 4.060679536687487 ], [ 101.645346614677663, 3.758517361163054 ], [ 101.822476165847164, 3.643904122171027 ], [ 102.072541414557037, 3.623065351445204 ], [ 102.197574038911981, 3.8001949026147 ], [ 102.239251580363629, 4.185712161042425 ], [ 102.093380185282868, 4.675423273099265 ], [ 101.728701697580959, 5.175553770519017 ], [ 101.364023209879065, 5.634006726487122 ], [ 101.801637395121347, 6.59259017987498 ], [ 102.141186964936381, 6.221636053894628 ], [ 102.371147088635212, 6.128205064310919 ], [ 102.96170535686673, 5.524495144061106 ], [ 103.381214634212171, 4.855001125503748 ], [ 103.438575474056123, 4.181605536308339 ], [ 103.332122023534865, 3.726697902842986 ], [ 103.429428745540491, 3.382868760589005 ], [ 103.502447544368891, 2.791018581550176 ], [ 103.854674106870306, 2.515454006353764 ], [ 104.24793175661145, 1.631141058759084 ], [ 104.228811476663481, 1.293048000489492 ], [ 103.519707472754391, 1.226333726400682 ], [ 102.573615350354771, 1.967115383304687 ], [ 101.390638462329193, 2.760813706875581 ], [ 101.273539666755823, 3.270291652841152 ], [ 100.695435418706637, 3.93913971599487 ], [ 100.557407668055021, 4.767280381688295 ] ] ] ] } },
{ "type": "Feature", "properties": { "id": null, "Zone": "области высотной поясности" }, "geometry": { "type": "MultiPolygon", "coordinates": [ [ [ [ 101.364023209879065, 5.634006726487122 ], [ 101.728701697580959, 5.175553770519017 ], [ 102.093380185282868, 4.675423273099265 ], [ 102.239251580363629, 4.185712161042425 ], [ 102.197574038911981, 3.8001949026147 ], [ 102.072541414557037, 3.623065351445204 ], [ 101.822476165847164, 3.643904122171027 ], [ 101.645346614677663, 3.758517361163054 ], [ 101.42653952205653, 4.060679536687487 ], [ 101.259829356249952, 4.352422326849009 ], [ 101.145216117257917, 4.717100814550911 ], [ 101.020183492902987, 5.321425165599778 ], [ 101.041022263628804, 5.488135331406363 ], [ 101.103538575806269, 5.618377648442758 ], [ 101.233780892842674, 5.654845497212948 ], [ 101.364023209879065, 5.634006726487122 ] ] ] ] } },
{ "type": "Feature", "properties": { "id": null, "Zone": "переменно-влажных (в том числе муссонных) лесов" }, "geometry": { "type": "MultiPolygon", "coordinates": [ [ [ [ 100.097797479251113, 13.406856390837433 ], [ 100.018732537844556, 12.307001044153354 ], [ 99.47892052612363, 10.846366685423547 ], [ 99.153772414143162, 9.963061428258555 ], [ 99.222398716226763, 9.239255479362427 ], [ 99.873831821698133, 9.20786204674512 ], [ 100.279646844486223, 8.295152899606052 ], [ 100.459274123132758, 7.429572658717177 ], [ 101.017327915452725, 6.856868597842478 ], [ 101.62307905477806, 6.74062246340192 ], [ 101.791979763602839, 6.571435367977296 ], [ 101.411465259401112, 5.737927406392574 ], [ 101.364023209879065, 5.634006726487122 ], [ 101.233780892842674, 5.654845497212948 ], [ 101.103538575806269, 5.618377648442758 ], [ 101.041022263628804, 5.488135331406363 ], [ 101.020183492902987, 5.321425165599778 ], [ 100.557407668055021, 4.767280381688295 ], [ 100.196706170657748, 5.312492580583708 ], [ 100.306260207116523, 6.040561835143905 ], [ 100.085756870527106, 6.464489447450291 ], [ 99.690690545655755, 6.848212795433597 ], [ 99.519641554769635, 7.34345388430276 ], [ 98.988252801512303, 7.907993068875328 ], [ 98.503786248775995, 8.382305202666288 ], [ 98.339661899817003, 7.794511623562386 ], [ 98.150009393305822, 8.350007432483878 ], [ 98.259150018306258, 8.973922837759801 ], [ 98.553550653073046, 9.932959906448545 ], [ 98.457174106848726, 10.67526601810515 ], [ 98.764545526120784, 11.441291612183749 ], [ 98.428338657629851, 12.032986761925685 ], [ 98.509574009192676, 13.122377631070677 ], [ 98.103603957107694, 13.640459703012851 ], [ 97.777732375075175, 14.837285874892642 ], [ 97.597071567782763, 16.100567938699768 ], [ 97.164539829499802, 16.92873444260934 ], [ 96.505768670642993, 16.427240505432849 ], [ 95.369352248112406, 15.714389960182601 ], [ 94.80840457558412, 15.803454291237641 ], [ 94.188804152404543, 16.037936102762018 ], [ 94.533485955791349, 17.277240301985728 ], [ 94.324816522196755, 18.2135139022499 ], [ 93.540988397193644, 19.366492621330025 ], [ 93.663254835996213, 19.726961574781996 ], [ 93.078277622452191, 19.855144965081976 ], [ 92.36855350135562, 20.670883287025347 ], [ 92.082886183646139, 21.19219513598577 ], [ 92.02521528520839, 21.701569729086767 ], [ 91.834890985077436, 22.182935695885565 ], [ 91.41708702999766, 22.765019029221222 ], [ 90.496006300827275, 22.805016587815128 ], [ 90.586956821660976, 22.392793687422866 ], [ 90.272970819055558, 21.836367702720111 ], [ 89.847467075564282, 22.039146023033425 ], [ 89.702049595094934, 21.857115790285306 ], [ 89.418862746135488, 21.966178900637299 ], [ 89.031961297566227, 22.055708319582976 ], [ 88.888765903685425, 21.690588487224748 ], [ 88.208497348995223, 21.703171698487807 ], [ 86.975704380240273, 21.495561631755209 ], [ 87.033168572948867, 20.743307806882413 ], [ 86.499351027373791, 20.151638495356607 ], [ 85.620379519089454, 19.740543823938573 ], [ 84.565369158525456, 20.017099937872821 ], [ 82.814912417556343, 20.975683391260674 ], [ 81.814651422716835, 21.892589303196878 ], [ 81.314520925297089, 22.746978902955618 ], [ 81.314520925297089, 23.142915546746252 ], [ 81.439553549652032, 23.580529731988534 ], [ 81.877167734894314, 23.93478883432752 ], [ 82.460653315217357, 24.184854083037397 ], [ 83.085816436992033, 24.184854083037397 ], [ 84.06523866110571, 24.018143917230816 ], [ 84.836273177961161, 23.768078668520939 ], [ 85.503113841187485, 23.55969096126271 ], [ 86.128276962962175, 23.476335878359421 ], [ 86.503374836026993, 23.809756209972583 ], [ 86.711762543285218, 24.289047936666513 ], [ 86.711762543285218, 24.810017204812084 ], [ 86.440858523849528, 25.726923116748289 ], [ 85.669824006994077, 26.51879640432956 ], [ 85.309248624289751, 26.719116061387517 ], [ 85.17566937004932, 26.793326758187753 ], [ 84.356981451267231, 27.24815337973336 ], [ 84.328255230112617, 27.267687210118495 ], [ 83.836012183121667, 27.602412482072349 ], [ 83.502591851508498, 28.352608228201973 ], [ 86.425229445805215, 27.253363072414842 ], [ 88.161514761300751, 26.874537185397632 ], [ 88.717494225645723, 26.753232574995092 ], [ 90.11369186427585, 26.586522409188508 ], [ 91.217512648486434, 26.808648179628022 ], [ 92.033483514375092, 26.838310451763562 ], [ 92.048230520983964, 26.96730606696806 ], [ 93.218668702423457, 27.19084676023737 ], [ 94.156413385085486, 27.586783404028004 ], [ 94.781576506860176, 27.857687423463702 ], [ 95.198351921376627, 28.024397589270286 ], [ 95.573449794441444, 27.982720047818642 ], [ 95.78183750169967, 27.690977257657121 ], [ 95.573449794441444, 27.378395696769779 ], [ 95.135835609199162, 27.107491677334082 ], [ 94.218929697262951, 26.440651014107747 ], [ 93.176991160971809, 25.940520516687997 ], [ 92.135052624680668, 25.752971580155592 ], [ 91.989181229599907, 25.648777726526479 ], [ 91.947503688148259, 25.419551248542426 ], [ 92.103794468591929, 25.232002312010021 ], [ 92.333020946575971, 25.117389073017993 ], [ 92.791473902544084, 25.054872760840524 ], [ 93.083216692705605, 24.992356448663056 ], [ 93.104055463431422, 24.690194273138626 ], [ 92.84357082935864, 24.117128078178496 ], [ 92.572666809922936, 23.658675122210393 ], [ 92.510150497745485, 23.26273847841976 ], [ 92.551828039197133, 22.773027366362921 ], [ 92.816078255444467, 22.110162417132329 ], [ 93.166571775608915, 21.23095833265203 ], [ 93.822993053472331, 19.970212703739744 ], [ 94.1564133850855, 19.64721175748949 ], [ 94.406478633795373, 19.740986225755695 ], [ 94.987359367777202, 18.741593513029791 ], [ 95.320779699390371, 18.241463015610037 ], [ 95.737555113906836, 18.095591620529277 ], [ 96.070975445520006, 18.095591620529277 ], [ 96.362718235681527, 18.178946703432569 ], [ 96.571105942939752, 18.32481809851333 ], [ 96.855034194079593, 18.67820891873874 ], [ 97.167615754966931, 19.136661874706846 ], [ 97.646907481660861, 20.095245328094698 ], [ 98.209554291258073, 21.241377718014956 ], [ 98.459619539967946, 21.845702069063819 ], [ 98.626329705774538, 22.095767317773692 ], [ 98.813878642306932, 21.824863298337995 ], [ 98.980588808113524, 21.199700176563308 ], [ 98.959750037387693, 20.512020742611156 ], [ 98.677220635627322, 19.735064887770129 ], [ 98.37626445706465, 18.907435396722793 ], [ 98.147037979080608, 18.136400879867345 ], [ 97.859122755934862, 17.567946071843664 ], [ 98.167876749806396, 17.615431611721768 ], [ 98.161789304845726, 17.21974768927814 ], [ 98.147037979080579, 16.260911514543281 ], [ 98.336606389340503, 15.201051766271897 ], [ 98.442704113594601, 14.6078690352149 ], [ 98.605490935048678, 13.697742715267069 ], [ 98.991008193476418, 12.509932783895163 ], [ 99.241073442186291, 12.239028764459466 ], [ 99.256702520230647, 12.296335383955478 ], [ 99.293110208016415, 12.579030371468468 ], [ 99.345267295815404, 12.984014817907633 ], [ 99.551050156732416, 13.198480499960882 ], [ 99.894889873708493, 13.417287592582023 ], [ 100.097797479251113, 13.406856390837433 ] ] ] ] } },
{ "type": "Feature", "properties": { "id": null, "Zone": "саванн и редколесий" }, "geometry": { "type": "MultiPolygon", "coordinates": [ [ [ [ 99.345267295815404, 12.984014817907633 ], [ 99.329638217771034, 14.223921676094093 ], [ 99.04831481297245, 15.7764100951679 ], [ 98.83992710571421, 17.068413880168919 ], [ 98.860765876440041, 17.245543431338412 ], [ 98.964959730069154, 17.18302711916094 ], [ 99.053524505653897, 16.938171563132524 ], [ 99.183766822690302, 16.651638465652457 ], [ 99.329638217771048, 16.615170616882267 ], [ 99.439041764081622, 16.802719553414676 ], [ 99.491138690896179, 17.052784802124549 ], [ 99.709945783517313, 17.855077475068725 ], [ 100.126721198033778, 18.167659035956071 ], [ 100.512238456461489, 18.39688551394012 ], [ 100.71020677835682, 18.584434450472529 ], [ 100.751884319808454, 18.834499699182402 ], [ 100.574754768638968, 19.126242489343923 ], [ 100.08504365658213, 19.62637298676367 ], [ 99.928752876138475, 20.022309630554297 ], [ 99.924672294523148, 20.340594996549683 ], [ 99.918333490775566, 20.835021688861389 ], [ 100.147559968759623, 21.418507269184431 ], [ 100.238513161424251, 21.634521101762918 ], [ 100.397625217469496, 22.012412234870382 ], [ 100.564335383276074, 22.262477483580255 ], [ 100.803981246623039, 22.147864244588231 ], [ 101.001949568518356, 22.00199284950747 ], [ 101.090950896983927, 21.826533087675351 ], [ 101.161869513335162, 21.686722101154334 ], [ 101.366628056220264, 21.283055259466582 ], [ 101.355039600428526, 21.197300686607765 ], [ 101.314531129405708, 20.897538001038857 ], [ 100.897755714889243, 20.584956440151515 ], [ 100.678948622268109, 20.293213649989994 ], [ 100.751884319808482, 19.918115776925184 ], [ 100.981110797792539, 19.647211757489487 ], [ 101.231176046502412, 19.647211757489487 ], [ 101.658370846381786, 19.803502537933156 ], [ 101.991791177994941, 20.022309630554297 ], [ 102.304372738882293, 20.084825942731765 ], [ 102.491921675414687, 19.876438235473536 ], [ 102.429405363237223, 19.54301790386037 ], [ 102.189759499890258, 18.96995170890024 ], [ 102.085565646261159, 18.469821211480497 ], [ 102.113591750092482, 18.109101670804165 ], [ 102.413004998791621, 17.932781683824288 ], [ 102.998705682387708, 17.961694647691601 ], [ 103.20019209189374, 18.309632066312773 ], [ 103.956476678485302, 18.240954087796879 ], [ 104.736242138817275, 17.123534652340105 ], [ 104.909219079610168, 16.875655250955045 ], [ 106.729271759355086, 14.47385057311814 ], [ 107.191064474087767, 13.864452881073644 ], [ 107.563700308676573, 13.040731562508938 ], [ 107.784969439773732, 12.551610325346802 ], [ 107.847485751951197, 11.822253349943001 ], [ 107.495831495952402, 11.91168640764128 ], [ 107.047797925347211, 11.807492554012164 ], [ 106.860248988814803, 11.547007919939377 ], [ 106.589344969379113, 11.307362056592414 ], [ 106.297602179217591, 11.119813120060005 ], [ 106.173970519542209, 11.066239400867339 ], [ 105.985020618330239, 10.984361110342157 ], [ 105.52656766236214, 11.005199881067981 ], [ 105.199914992292349, 10.889309800658097 ], [ 104.859726999135802, 10.536327539736963 ], [ 104.72427498941795, 10.213326593486705 ], [ 105.076201613385621, 9.918490505406808 ], [ 104.334334751403475, 10.48654368737523 ], [ 103.497279901139706, 10.632555446815928 ], [ 103.090689731867258, 11.153660590047165 ], [ 102.584932489026698, 12.186594956913282 ], [ 101.687157830819956, 12.645740057826572 ], [ 100.831809523524868, 12.627084865769206 ], [ 100.978467238369205, 13.412721665902566 ], [ 100.097797479251113, 13.406856390837433 ], [ 99.894889873708493, 13.417287592582023 ], [ 99.551050156732416, 13.198480499960882 ], [ 99.345267295815404, 12.984014817907633 ] ] ] ] } },
{ "type": "Feature", "properties": { "id": null, "Zone": "полупустынь и пустынь" }, "geometry": { "type": "MultiPolygon", "coordinates": [ [ [ [ 46.68201, 44.609200000000101 ], [ 45.969360927960139, 45.227671105550854 ], [ 45.886005845056843, 45.727801602970608 ], [ 45.948522157234315, 46.457158578374411 ], [ 45.719295679250259, 47.186515553778214 ], [ 45.302520264733801, 47.895033758456201 ], [ 45.302520264733801, 48.499358109505067 ], [ 46.136071093766724, 49.103682460553934 ], [ 47.761495210380915, 49.833039435957737 ], [ 49.845372282963218, 50.645751494264836 ], [ 51.179053609415888, 50.812461660071421 ], [ 52.200153374981213, 50.583235182087364 ], [ 53.20041436982072, 50.18729853829673 ], [ 54.138159052482756, 49.520457875070392 ], [ 55.221775130225552, 48.811939670392412 ], [ 55.930293334903538, 48.666068275311652 ], [ 56.84719924683975, 48.645229504585828 ], [ 57.138942037001272, 48.749423358214941 ], [ 57.555717451517737, 49.062004919102264 ], [ 57.347329744259511, 49.437102792167074 ], [ 56.784682934662285, 50.083104684667589 ], [ 56.605705690081791, 50.560377336882233 ], [ 56.777980000000127, 51.04355 ], [ 57.368168514985328, 51.020849367329625 ], [ 58.38926828055066, 50.416525016280758 ], [ 59.952176084987386, 49.020327377650617 ], [ 61.202502328536767, 48.249292860795165 ], [ 62.640377508618556, 47.999227612085292 ], [ 64.224124083781106, 48.124260236440229 ], [ 65.641160493137065, 48.874455982569856 ], [ 66.641421487976572, 49.37458647998961 ], [ 67.600004941364432, 49.541296645796194 ], [ 68.600265936203925, 49.291231397086321 ], [ 69.392139223785207, 48.41600302660175 ], [ 69.933947262656602, 48.082582694988581 ], [ 70.767498091689532, 48.124260236440229 ], [ 71.601048920722448, 48.374325485150109 ], [ 72.684664998465252, 48.66606827531163 ], [ 73.434860744594872, 48.874455982569856 ], [ 74.143378949272858, 48.874455982569856 ], [ 74.893574695402478, 48.707745816763271 ], [ 75.352027651370577, 48.374325485150109 ], [ 75.935513231693633, 47.832517446278707 ], [ 76.268933563306803, 47.540774656117186 ], [ 77.310872099597958, 47.040644158697432 ], [ 79.123845152744536, 47.01980538797158 ], [ 80.540881562100509, 47.290709407407284 ], [ 81.666175181294946, 47.332386948858925 ], [ 82.562242322505341, 46.998966617245756 ], [ 84.229343980571173, 46.623868744180946 ], [ 85.167088663233216, 46.623868744180946 ], [ 86.083994575169427, 46.686385056358418 ], [ 86.646641384766639, 46.957289075794115 ], [ 87.000900487105639, 47.49909711466551 ], [ 87.1467718821864, 47.936711299907799 ], [ 87.709418691783611, 47.999227612085257 ], [ 88.876389852429696, 47.707484821923735 ], [ 89.897489617995035, 47.082321700149045 ], [ 91.293687256625176, 46.207093329664474 ], [ 92.689884895255304, 45.54025266643815 ], [ 95.19053738235408, 45.02970278365548 ], [ 97.284833840299285, 44.727540608131044 ], [ 98.983193654453856, 44.467055974058262 ], [ 99.452065995784878, 44.529572286235727 ], [ 99.556259849413991, 44.644185525227755 ], [ 99.545840464051082, 44.821315076397248 ], [ 99.337452756792842, 44.998444627566748 ], [ 98.670612093566518, 45.196412949462065 ], [ 95.753184191951306, 46.373803495471073 ], [ 93.585952036465699, 46.915611534342474 ], [ 93.085821539045952, 47.165676783052348 ], [ 92.418980875819614, 47.790839904827038 ], [ 91.960527919851557, 48.791100899666546 ], [ 91.960527919851557, 49.624651728699462 ], [ 92.210593168561431, 49.999749601764279 ], [ 92.960788914691051, 50.228976079748328 ], [ 94.836278280015122, 50.2914923919258 ], [ 96.774283957516658, 49.770523123780222 ], [ 96.232475918645264, 49.374586479989588 ], [ 96.128282065016151, 49.020327377650595 ], [ 96.336669772274377, 48.749423358214898 ], [ 96.545057479532616, 48.624390733859961 ], [ 96.294992230822743, 48.541035650956665 ], [ 95.815700504128813, 48.332647943698433 ], [ 95.711506650499686, 48.165937777891855 ], [ 95.794861733402982, 47.936711299907799 ], [ 96.253314689371095, 47.519935885391341 ], [ 96.607573791710081, 47.1239992416007 ], [ 97.295253225662236, 46.603029973455129 ], [ 98.087126513243518, 46.26960964184196 ], [ 99.12906504953466, 45.998705622406263 ], [ 100.337713751632393, 45.769479144422206 ], [ 101.150425809939492, 45.748640373696389 ], [ 102.088170492601535, 45.811156685873854 ], [ 103.067592716715239, 45.686124061518903 ], [ 106.193408325588692, 44.852573232485987 ], [ 107.735477359299594, 44.47747535942117 ], [ 109.1941913101072, 44.227410110711297 ], [ 110.069419680591764, 44.060699944904712 ], [ 111.11135821688292, 43.727279613291543 ], [ 111.882392733738371, 43.227149115871796 ], [ 112.382523231158117, 42.643663535548747 ], [ 112.382523231158117, 42.268565662483937 ], [ 111.944909045915836, 41.914306560144944 ], [ 111.423939777770258, 41.580886228531774 ], [ 110.236129846398342, 41.268304667644429 ], [ 109.215030080833031, 40.893206794579619 ], [ 108.902448519945679, 40.497270150788978 ], [ 108.56902818833251, 39.851268258288471 ], [ 108.610705729784158, 39.163588824336308 ], [ 108.298124168896805, 37.996617663690223 ], [ 107.506250881315538, 37.100550522479836 ], [ 105.985020618330452, 35.912740591107926 ], [ 104.734694374781085, 35.183383615704123 ], [ 103.836022387230344, 34.724062377622367 ], [ 102.544018602229329, 35.640968289558572 ], [ 101.460402524486511, 36.974649616011234 ], [ 100.626851695453595, 37.974910610850735 ], [ 99.251492827549285, 38.683428815528714 ], [ 98.001166583999904, 39.016849147141883 ], [ 95.375481472546227, 39.058526688593524 ], [ 92.958184068350761, 38.975171605690235 ], [ 90.20746633254214, 38.266653401012256 ], [ 85.789646938667715, 36.807939450204671 ], [ 84.62267577802163, 36.432841577139854 ], [ 83.664092324633771, 36.224453869881629 ], [ 82.372088539632756, 36.057743704075044 ], [ 80.621631798663628, 36.099421245526692 ], [ 78.621109808984642, 36.432841577139854 ], [ 77.537493731241838, 36.849616991656312 ], [ 76.03710223898257, 38.099943235205671 ], [ 75.474455429385358, 38.996010376416052 ], [ 75.43277788793371, 39.433624561658334 ], [ 75.682843136643584, 40.037948912707193 ], [ 76.493650966276235, 40.432091607667509 ], [ 76.543039588461014, 40.456099965674007 ], [ 77.183234628902824, 40.767305888110997 ], [ 80.163178842695501, 41.767566882950497 ], [ 82.580476246890953, 42.142664756015307 ], [ 85.539581689957828, 42.267697380370237 ], [ 88.352815737943899, 42.476085087628455 ], [ 88.707074840282885, 42.7886666485158 ], [ 88.582042215927942, 43.142925750854786 ], [ 88.29029942576642, 43.434668541016308 ], [ 88.832107464637815, 43.684733789726181 ], [ 92.812312673269986, 43.267958375209723 ], [ 93.773500972998178, 43.247987886597656 ], [ 94.013146836345143, 43.294875120730758 ], [ 94.083477687545184, 43.413829770290484 ], [ 94.122550382655703, 43.586617910892279 ], [ 94.013146836345143, 43.706440842565762 ], [ 93.479153336496324, 43.893121496984413 ], [ 92.856595061061967, 44.091958100993487 ], [ 91.895406761333788, 44.205703057871759 ], [ 86.769069162781364, 44.476607077307449 ], [ 84.101706509876024, 44.935060033275555 ], [ 83.22647813939146, 45.185125281985428 ], [ 82.913896578504122, 45.831127174485943 ], [ 82.626717940172483, 45.955987452021432 ], [ 82.434604851810192, 46.039514881744168 ], [ 81.10092352535753, 45.768610862308471 ], [ 79.767242198904867, 45.456029301421125 ], [ 78.287689477371444, 45.164286511259604 ], [ 77.829236521403345, 44.865597464189506 ], [ 77.579171272693472, 44.365466966769759 ], [ 77.725042667774233, 43.969530322979125 ], [ 77.558332501967641, 43.719465074269245 ], [ 77.162395858177007, 43.781981386446716 ], [ 76.141296092611697, 44.052885405882414 ], [ 75.141035097772189, 44.261273113140639 ], [ 74.140774102932696, 44.386305737495576 ], [ 73.890708854222822, 44.073724176608238 ], [ 74.078257790755231, 43.865336469350005 ], [ 74.703420912529907, 43.615271220640132 ], [ 75.120196327046372, 43.469399825559371 ], [ 75.099357556320541, 43.198495806123674 ], [ 74.869523906570521, 43.104472949407757 ], [ 74.640904600352442, 43.010946869591265 ], [ 74.036580249303583, 42.990108098865448 ], [ 73.6299279936011, 43.032913599465708 ], [ 72.848770317931681, 43.115140723220385 ], [ 71.973541947447117, 43.323528430478611 ], [ 71.202507430591666, 43.531916137736843 ], [ 70.723215703897736, 43.677787532817604 ], [ 70.139730123574708, 44.073724176608238 ], [ 69.764632250509891, 44.302950654592287 ], [ 69.264501753090144, 44.51133836185052 ], [ 69.035275275106088, 44.573854674027984 ], [ 68.889403880025327, 44.448822049673048 ], [ 68.86856510929951, 44.282111883866463 ], [ 68.99359773365444, 43.948691552253301 ], [ 69.243662982364313, 43.573593679188484 ], [ 69.61876085542913, 43.323528430478611 ], [ 70.014697499219764, 43.156818264672026 ], [ 70.139730123574708, 42.865075474510512 ], [ 70.139730123574708, 42.635848996526455 ], [ 69.806309791961539, 42.198234811284181 ], [ 69.639599626154947, 41.989847104025948 ], [ 69.531921794958791, 41.628357242154785 ], [ 69.493728231073504, 41.500135991969046 ], [ 69.493728231073504, 41.218812587170433 ], [ 69.597922084702617, 40.895811640920179 ], [ 69.777999031246253, 40.805773167648596 ], [ 69.910503645590651, 40.739520860476574 ], [ 70.389795372284581, 40.781198401928222 ], [ 70.612492321020667, 40.839802862121985 ], [ 70.785732016074533, 40.885392255557264 ], [ 71.157858514291604, 41.143587144529121 ], [ 71.952703176721286, 41.823136938219363 ], [ 72.3903173619629, 42.156557269832469 ], [ 72.69247953748733, 42.172186347876831 ], [ 72.932125400834295, 42.000266489388792 ], [ 73.077996795915723, 41.718943084590251 ], [ 73.140513108093188, 41.239651357896321 ], [ 72.98216488669101, 40.898593650260864 ], [ 72.935817875129402, 40.798769317666604 ], [ 72.869609088657498, 40.656165777573285 ], [ 72.34863982051192, 40.218551592331004 ], [ 71.473411450027371, 40.093518967976067 ], [ 70.659916037550815, 39.945780720652749 ], [ 70.624570191599616, 39.939361590008737 ], [ 69.499107736144452, 39.734967259018042 ], [ 69.207195133593444, 39.681953246140964 ], [ 67.998546431495711, 39.327694143801978 ], [ 67.576592036145755, 39.096453599457526 ], [ 67.076430826878706, 38.822353953700869 ], [ 66.883672197664168, 38.546240241583611 ], [ 66.951398202523762, 38.18677144656327 ], [ 67.389012387766044, 37.947125583216305 ], [ 67.701593948653397, 37.926286812490481 ], [ 68.363772002854276, 38.106137642026525 ], [ 69.389534377445045, 38.384739768458587 ], [ 70.493989225913651, 38.613966246442637 ], [ 70.671118777083151, 38.436836695273144 ], [ 70.675095360824486, 38.379838994980737 ], [ 70.702376933171891, 37.988803124667953 ], [ 70.473150455187834, 37.488672627248206 ], [ 69.785471021235679, 36.842670734747692 ], [ 69.160307899460989, 36.592605486037819 ], [ 67.399431773128953, 35.998700520351861 ], [ 66.294976924660347, 35.977861749626037 ], [ 64.336132476432994, 35.706957730190339 ], [ 63.419226564496782, 35.415214940028818 ], [ 62.70028897445583, 35.279762930311016 ], [ 62.283513559939372, 35.154730305956079 ], [ 62.148061550221527, 35.040117066964051 ], [ 62.168900320947408, 34.852568130431607 ], [ 62.32519110139102, 34.675438579262149 ], [ 62.752385901270451, 34.477470257366789 ], [ 63.127483774335261, 34.414953945189325 ], [ 63.273355169415957, 34.289921320834424 ], [ 63.179580701149753, 34.123211155027846 ], [ 62.908676681714056, 34.019017301398733 ], [ 62.314771716028169, 33.977339759947043 ], [ 62.043867696592407, 33.883565291680881 ], [ 61.939673842963359, 33.602241886882233 ], [ 62.033448311229499, 33.352176638172395 ], [ 62.335610486753993, 33.164627701639951 ], [ 62.877418525625387, 32.997917535833366 ], [ 63.247306706008679, 32.909352760248666 ], [ 63.377549023045134, 32.831207370026782 ], [ 63.502581647400078, 32.414431955510324 ], [ 63.695340276613877, 32.247721789703789 ], [ 63.981873374094, 32.16436670680045 ], [ 64.502842642239571, 32.185205477526274 ], [ 64.857101744578557, 32.185205477526274 ], [ 65.070699144518201, 32.065382545852842 ], [ 65.294715929820839, 31.435009731396651 ], [ 65.523942407804896, 31.28913833631589 ], [ 65.914669358914026, 31.210992946094102 ], [ 66.477316168511237, 31.419380653352331 ], [ 66.940978817160854, 31.810107604461464 ], [ 67.232721607322375, 31.976817770268045 ], [ 67.586980709661361, 32.101850394622986 ], [ 67.696384255971893, 32.086221316578651 ], [ 67.774529646193713, 32.034124389764102 ], [ 67.842255651052653, 31.940349921497894 ], [ 67.842255651052653, 31.752800984965482 ], [ 67.80333790111014, 31.58474706475921 ], [ 67.727642412060618, 31.257880180227193 ], [ 67.503625626758065, 30.914040463251077 ], [ 66.67007479772515, 29.955457009863224 ], [ 66.232460612482868, 29.538681595346766 ], [ 66.044911675950473, 29.080228639378664 ], [ 65.7948464272406, 28.496743059055625 ], [ 65.378071012724135, 27.934096249458406 ], [ 64.69039157877198, 27.496482064216124 ], [ 64.21109985207805, 27.350610669135364 ], [ 64.023550915545641, 27.308933127683719 ], [ 63.440065335222606, 27.371449439861188 ], [ 63.012870535342536, 27.501691756897447 ], [ 62.744534780186029, 27.726513605812357 ], [ 62.62735327691481, 27.824692703147704 ], [ 62.429384955019486, 28.178951805486694 ], [ 62.318667612246621, 28.447836780792219 ], [ 62.283513559938726, 28.533210907825683 ], [ 62.30435233066455, 28.814534312624296 ], [ 62.387707413567846, 29.043760790608349 ], [ 62.55441757937443, 29.127115873511642 ], [ 63.481742876674254, 29.163583722281956 ], [ 64.205890159395892, 29.220890341777839 ], [ 64.497632949557428, 29.33550358076986 ], [ 64.669552808046163, 29.476165283169301 ], [ 64.690727875884718, 29.517103747657515 ], [ 64.747698198267287, 29.627246370931388 ], [ 64.732069120223628, 29.767908073330819 ], [ 64.674762500726899, 29.882521312322716 ], [ 64.570568647097787, 29.950247317181642 ], [ 64.409068173972656, 29.99713455131474 ], [ 64.195470774032984, 29.99192485863329 ], [ 63.669291813206655, 29.934618239137404 ], [ 63.085806232883613, 29.705391761153351 ], [ 62.648192047641338, 29.684552990427527 ], [ 61.814641218608422, 29.830424385508287 ], [ 61.37702703336614, 30.05965086349234 ], [ 61.288038033464403, 30.242863510348858 ], [ 61.022767931027147, 30.78900783889614 ], [ 60.974970952943302, 31.540723948755545 ], [ 60.908154692034415, 32.591561506679717 ], [ 60.710186370139098, 33.029175691921999 ], [ 60.628141698604487, 33.099154970584038 ], [ 60.355927267800823, 33.331337867446535 ], [ 59.168117336428914, 34.081533613576156 ], [ 58.459599131750934, 34.539986569544261 ], [ 58.266840502536354, 34.571244725632887 ], [ 58.147017570863589, 34.477470257366797 ], [ 58.14180787818141, 34.279501935471366 ], [ 58.355405278121822, 33.727274511237169 ], [ 58.688825609734991, 33.01875630655919 ], [ 58.834697004815752, 32.289399331155387 ], [ 58.959729629170681, 31.685074980106528 ], [ 59.29314996078385, 31.26829956559007 ], [ 59.66824783384866, 30.684813985267027 ], [ 60.00166816546183, 30.05965086349234 ], [ 60.126700789816766, 29.538681595346766 ], [ 60.14753956054259, 28.851002161394611 ], [ 59.959990624010182, 28.455065517603977 ], [ 59.459860126590435, 28.434226746878153 ], [ 59.126439794977266, 28.434226746878153 ], [ 58.793019463364104, 28.559259371233093 ], [ 58.147017570863589, 28.934357244297903 ], [ 57.876113551427892, 29.517842824620946 ], [ 57.626048302718019, 30.101328404943985 ], [ 57.271789200379033, 30.934879233976901 ], [ 56.813336244410927, 31.580881126477411 ], [ 56.438238371346117, 31.935140228816401 ], [ 55.875591561748898, 32.331076872607035 ], [ 55.45881614723244, 32.581142121316908 ], [ 54.687781630376989, 32.893723682204254 ], [ 54.208489903683066, 32.997917535833366 ], [ 53.291583991746862, 33.602241886882233 ], [ 51.020157982632171, 34.748374276802501 ], [ 50.853447816825593, 35.165149691318959 ], [ 51.853708811665086, 35.602763876561241 ], [ 52.812292265052946, 35.602763876561241 ], [ 53.9584246549732, 35.561086335109593 ], [ 55.208750898522574, 35.561086335109593 ], [ 55.958946644652201, 35.748635271642001 ], [ 56.4173996006203, 36.227926998335924 ], [ 56.729981161507645, 36.811412578658967 ], [ 56.959207639491694, 36.936445203013903 ], [ 57.584370761266385, 36.68637995430403 ], [ 57.938629863605371, 36.144571915432635 ], [ 58.084501258686132, 35.623602647287065 ], [ 58.417921590299301, 35.269343544948072 ], [ 59.02224594134816, 35.060955837689846 ], [ 59.538005516811552, 34.836939052387137 ], [ 60.043345706913485, 34.727535506076677 ], [ 60.397604809251746, 34.644180423173282 ], [ 60.710186370139091, 34.852568130431507 ], [ 60.803960838405303, 35.206827232770493 ], [ 60.793541453043105, 35.623602647287065 ], [ 60.835218994494753, 35.915345437448579 ], [ 60.835218994494028, 36.311282081239128 ], [ 60.716963464941244, 36.511093148414524 ], [ 60.533056818969591, 36.82183196402179 ], [ 60.064184477639309, 37.290704305352897 ], [ 59.293149960783865, 37.728318490595171 ], [ 58.522115443928413, 37.91586742712758 ], [ 58.126178800137779, 37.91586742712758 ], [ 57.105079034572455, 38.270126529466566 ], [ 56.167334351910426, 38.666063173257207 ], [ 55.458816147232447, 38.832773339063785 ], [ 55.312944752151687, 38.749418256160496 ], [ 55.271267210700046, 38.520191778176446 ], [ 55.917269103200553, 38.249287758740749 ], [ 56.180374790273333, 37.93512665460743 ], [ 55.896430332474729, 37.519930783336946 ], [ 55.083718274167637, 37.144832910272136 ], [ 54.43771638166713, 36.915606432288079 ], [ 53.825789829326418, 36.965030829408235 ], [ 53.921597934795557, 37.198918361961262 ], [ 53.735511102112518, 37.906136176091692 ], [ 53.880928582581845, 38.952093003895357 ], [ 53.101027866432901, 39.290573635407128 ], [ 53.35780805849123, 39.975286363274449 ], [ 52.693972609269821, 40.033629055331971 ], [ 52.915251092343624, 40.876523342444727 ], [ 53.858139275941134, 40.631034450842179 ], [ 54.73684533063215, 40.951014919593462 ], [ 54.008310988181314, 41.551210842447418 ], [ 53.72171349469059, 42.12319143327003 ], [ 52.916749708880076, 41.868116563477329 ], [ 52.814688755103617, 41.135370591794711 ], [ 52.502459751196149, 41.78331553808637 ], [ 52.446339145727222, 42.027150783855575 ], [ 52.692112257707265, 42.443895372073371 ], [ 52.501426222550322, 42.792297878585202 ], [ 51.342427199108215, 43.132974758469345 ], [ 50.891291945200237, 44.031033637053781 ], [ 50.339129266161365, 44.284015611338475 ], [ 50.305642938036272, 44.609835516938915 ], [ 51.278503452363225, 44.514854234386462 ], [ 51.316899041556042, 45.245998236667901 ], [ 52.167389764215727, 45.408391425145112 ], [ 53.040876499245201, 45.259046535821767 ], [ 53.220865512917726, 46.234645901059935 ], [ 53.042736850807785, 46.853006089864493 ], [ 52.042022739475613, 46.804636949239239 ], [ 51.191945428274266, 47.048704738953916 ], [ 50.034083286342479, 46.608989976582222 ], [ 49.101160000000107, 46.399330000000134 ], [ 48.64541, 45.806290000000104 ], [ 47.67591, 45.641490000000147 ], [ 46.68201, 44.609200000000101 ] ] ] ] } },
{ "type": "Feature", "properties": { "id": null, "Zone": "степей" }, "geometry": { "type": "MultiPolygon", "coordinates": [ [ [ [ 28.678390918208581, 44.206571339985537 ], [ 27.980292098893514, 44.331603964340481 ], [ 27.626032996554521, 44.612927369139086 ], [ 27.542677913651229, 44.915089544663523 ], [ 27.599984533147321, 45.217251720188003 ], [ 27.777114084316818, 45.488155739623707 ], [ 28.318922123188212, 45.967447466317637 ], [ 29.072106967899291, 46.517677720722496 ], [ 30.282976264097037, 47.301128792770307 ], [ 31.314495415025192, 47.83251744627875 ], [ 34.857086438415102, 48.874455982569899 ], [ 37.336900154788033, 49.562135416522047 ], [ 38.399677461805005, 50.249814850474209 ], [ 39.545809851725288, 51.041688138055484 ], [ 41.81723586084, 51.812722654910935 ], [ 44.547114825922804, 52.208659298701576 ], [ 47.006089771569918, 52.45872454741145 ], [ 48.548158805280821, 52.729628566847147 ], [ 50.048550297540075, 52.979693815557027 ], [ 51.153005146008695, 52.875499961927908 ], [ 52.382492618832259, 52.667112254669675 ], [ 54.132949359801394, 52.667112254669675 ], [ 55.945922412947994, 52.354530693782337 ], [ 56.800312012706733, 52.146142986524104 ], [ 57.4046363637556, 51.708528801281822 ], [ 58.446574900046755, 51.520979864749414 ], [ 59.11341556327308, 51.541818635475238 ], [ 59.363480811982953, 51.812722654910935 ], [ 59.863611309402707, 52.45872454741145 ], [ 62.885233064647053, 53.240178449629816 ], [ 65.802660966262266, 53.448566156888049 ], [ 68.178280829006084, 53.365211073984753 ], [ 69.720349862716986, 53.511082469065521 ], [ 71.033192418443832, 53.761147717775394 ], [ 72.908681783767904, 54.427988381001732 ], [ 74.075652944414003, 54.615537317534134 ], [ 75.221785334334257, 54.386310839550084 ], [ 76.284562641351258, 53.886180342130331 ], [ 78.118374465223681, 53.656953864146274 ], [ 81.348383927726246, 53.615276322694626 ], [ 83.432261000308543, 53.552760010517162 ], [ 84.890974951116149, 53.469404927613894 ], [ 85.828719633778192, 53.052629513097436 ], [ 87.662531457650616, 52.1148848304354 ], [ 88.662792452490109, 51.406366625757414 ], [ 88.016790559989602, 50.989591211240956 ], [ 86.828980628617686, 50.822881045434372 ], [ 85.745364550874896, 50.864558586886019 ], [ 84.932652492567797, 50.989591211240956 ], [ 84.161617975712346, 51.031268752692604 ], [ 83.682326249018431, 50.770784118619808 ], [ 83.630229322203874, 50.499880099184111 ], [ 83.8386170294621, 50.114362840756385 ], [ 84.213714902526917, 49.947652674949801 ], [ 84.901394336479072, 49.614232343336639 ], [ 85.359847292447185, 49.364167094626758 ], [ 85.662009467971615, 49.155779387368526 ], [ 85.766203321600727, 48.916133524021568 ], [ 85.641170697245784, 48.613971348497131 ], [ 85.505718687527946, 48.436841797327638 ], [ 85.557815614342502, 48.218034704706497 ], [ 85.922494102044396, 48.072163309625736 ], [ 86.495560297004531, 47.988808226722441 ], [ 87.1467718821864, 47.936711299907799 ], [ 87.000900487105639, 47.49909711466551 ], [ 86.646641384766639, 46.957289075794115 ], [ 86.083994575169427, 46.686385056358418 ], [ 85.167088663233216, 46.623868744180946 ], [ 84.229343980571173, 46.623868744180946 ], [ 83.006750759018615, 46.898952219030271 ], [ 82.562242322505341, 46.998966617245756 ], [ 81.666175181294946, 47.332386948858925 ], [ 80.540881562100509, 47.290709407407284 ], [ 79.123845152744536, 47.01980538797158 ], [ 77.310872099597958, 47.040644158697432 ], [ 76.268933563306803, 47.540774656117186 ], [ 75.935513231693633, 47.832517446278707 ], [ 75.352027651370577, 48.374325485150109 ], [ 74.893574695402478, 48.707745816763271 ], [ 74.143378949272858, 48.874455982569856 ], [ 73.434860744594872, 48.874455982569856 ], [ 72.684664998465252, 48.66606827531163 ], [ 71.601048920722448, 48.374325485150109 ], [ 70.767498091689532, 48.124260236440229 ], [ 69.933947262656602, 48.082582694988581 ], [ 69.392139223785207, 48.41600302660175 ], [ 68.600265936203925, 49.291231397086321 ], [ 67.600004941364432, 49.541296645796194 ], [ 66.641421487976572, 49.37458647998961 ], [ 65.641160493137065, 48.874455982569856 ], [ 64.224124083781106, 48.124260236440229 ], [ 62.640377508618556, 47.999227612085292 ], [ 61.202502328536767, 48.249292860795165 ], [ 59.952176084987386, 49.020327377650617 ], [ 58.38926828055066, 50.416525016280758 ], [ 57.368168514985328, 51.020849367329625 ], [ 56.777980000000127, 51.04355 ], [ 56.605705690081791, 50.560377336882233 ], [ 56.784682934662285, 50.083104684667589 ], [ 57.347329744259511, 49.437102792167074 ], [ 57.555717451517737, 49.062004919102264 ], [ 57.138942037001272, 48.749423358214941 ], [ 56.84719924683975, 48.645229504585828 ], [ 55.930293334903538, 48.666068275311652 ], [ 55.221775130225552, 48.811939670392412 ], [ 54.138159052482756, 49.520457875070392 ], [ 53.20041436982072, 50.18729853829673 ], [ 52.200153374981213, 50.583235182087364 ], [ 51.179053609415888, 50.812461660071421 ], [ 49.845372282963218, 50.645751494264836 ], [ 48.62837639124136, 50.171123096493311 ], [ 48.287830040423593, 50.038310019674384 ], [ 47.761495210380915, 49.833039435957737 ], [ 46.777314468387942, 49.391419872242942 ], [ 46.136071093766724, 49.103682460553934 ], [ 45.302520264733801, 48.499358109505067 ], [ 45.302520264733801, 47.895033758456201 ], [ 45.719295679250259, 47.186515553778214 ], [ 45.948522157234315, 46.457158578374411 ], [ 45.886005845056843, 45.727801602970608 ], [ 45.969360927960139, 45.227671105550854 ], [ 46.68201, 44.609200000000101 ], [ 47.59094, 43.66016 ], [ 47.49252, 42.986580000000117 ], [ 48.584370000000149, 41.80888 ], [ 48.584353396113421, 41.808868791620668 ], [ 49.110263706260696, 41.282286688800511 ], [ 49.618914829309603, 40.572924302729959 ], [ 50.084829542853129, 40.526157131505812 ], [ 50.392821079312682, 40.256561184239118 ], [ 49.569202101444795, 40.176100979160665 ], [ 49.395259230350376, 39.399481716462248 ], [ 49.223228387250707, 39.049218858387931 ], [ 48.856532423707591, 38.815486355131782 ], [ 48.883249139202491, 38.320245266262617 ], [ 49.199612257693339, 37.582874253889884 ], [ 50.14777143738462, 37.374566555321337 ], [ 50.842354363819709, 36.872814235983398 ], [ 49.394733866017987, 36.769735037207319 ], [ 48.936280910049888, 37.123994139546312 ], [ 48.686215661340007, 37.644963407691883 ], [ 48.394472871178493, 38.020061280756693 ], [ 48.0402137688395, 38.249287758740749 ], [ 47.519244500693929, 38.374320383095686 ], [ 46.998275232548352, 38.207610217289101 ], [ 46.498144735128605, 37.999222510030869 ], [ 46.081369320612147, 37.790834802772643 ], [ 45.414528657385816, 37.728318490595179 ], [ 44.893559389240238, 38.103416363659989 ], [ 44.622655369804541, 38.561869319628094 ], [ 44.414267662546315, 38.936967192692904 ], [ 44.109225294782341, 39.428136298168099 ], [ 44.091266716296005, 39.76009863636294 ], [ 44.257976882102589, 40.103938353339018 ], [ 44.560139057627076, 40.208132206968102 ], [ 45.008172628232217, 40.166454665516483 ], [ 45.393689886659942, 39.728840480274201 ], [ 45.735379266143013, 39.319719143219743 ], [ 46.143623081248819, 38.741201483712217 ], [ 46.36790241809215, 38.65564378789432 ], [ 46.7742584472457, 38.754627948841978 ], [ 47.071210930088682, 38.957805963418757 ], [ 47.128517549584686, 39.150564592632612 ], [ 47.125967601155338, 39.158606737679008 ], [ 47.060791544725767, 39.364161992572306 ], [ 46.310595798596204, 40.437358684952159 ], [ 45.560351189970447, 40.812289537105926 ], [ 44.435106433272139, 40.979166723823553 ], [ 43.582745802592733, 41.092143256182567 ], [ 43.385353357957953, 41.586095921213129 ], [ 43.343675816506305, 41.752806087019714 ], [ 43.479127826224158, 41.825741784560094 ], [ 43.906322626103524, 41.825741784560094 ], [ 44.208484801627961, 41.856999940648834 ], [ 45.075706716466733, 41.316957202772009 ], [ 45.354617191548257, 41.143272043289443 ], [ 45.964151235278578, 40.924464950668302 ], [ 46.464281732698332, 40.830690482402098 ], [ 47.037347927658466, 40.669190009276974 ], [ 47.370768259271642, 40.408705375204192 ], [ 47.610414122618607, 40.106543199679756 ], [ 47.870898756691389, 39.918994263147354 ], [ 48.115754312719815, 39.892945799740069 ], [ 48.298093556570763, 39.991929960687727 ], [ 48.579416961369375, 40.20031766794596 ], [ 48.766965897901784, 40.429544145930016 ], [ 48.777385283264692, 40.523318614196214 ], [ 48.709659278405766, 40.611883389780964 ], [ 48.391868024836967, 40.815061404357735 ], [ 47.922995683505945, 41.002610340890143 ], [ 47.738979364715036, 41.163259508088572 ], [ 47.594785044574252, 41.289143438370218 ], [ 47.402026415360375, 41.617354077301925 ], [ 46.943573459392269, 42.492582447786496 ], [ 46.693508210682396, 42.971874174480419 ], [ 46.552846508283103, 43.13337464760555 ], [ 46.360087879069241, 43.227149115871754 ], [ 45.953731849915691, 43.253197579279032 ], [ 45.297310572052254, 43.242778193916124 ], [ 44.797180074632514, 43.404278667041261 ], [ 43.692725226163894, 43.768957154743163 ], [ 42.734141772776027, 44.055490252223215 ], [ 40.816974866000308, 44.305555500933096 ], [ 39.608326163902575, 44.388910583836385 ], [ 39.024840583579532, 44.722330915449554 ], [ 37.941224505836736, 45.097428788514364 ], [ 36.675460000000101, 45.244690000000105 ], [ 37.403170000000102, 45.40451000000013 ], [ 38.23295, 46.24087 ], [ 37.67372, 46.63657 ], [ 39.147670000000119, 47.044750000000136 ], [ 39.1212, 47.26336 ], [ 38.223538038899335, 47.10218984637595 ], [ 37.425137159989902, 47.02222056740419 ], [ 36.759854770664447, 46.698700263041019 ], [ 35.823684523264888, 46.64596446388714 ], [ 34.96234174982385, 46.273196519549742 ], [ 35.012658970047369, 45.737725199825491 ], [ 35.02078779474607, 45.651218980484657 ], [ 35.51000857925311, 45.40999339454612 ], [ 36.529997999830186, 45.46998973243717 ], [ 36.334712762199274, 45.113215643894023 ], [ 35.239999220528205, 44.939996242851748 ], [ 33.882511020652885, 44.361478583344194 ], [ 33.326420932760129, 44.564877020844904 ], [ 33.546924269349404, 45.034770819674861 ], [ 32.454174432105503, 45.327466132176085 ], [ 32.630804477679192, 45.51918569597899 ], [ 33.588162062318418, 45.851568508480227 ], [ 33.435988094713366, 45.971917370797485 ], [ 33.29856733575474, 46.080598456397809 ], [ 31.744140252415207, 46.333347886737329 ], [ 31.67530724460255, 46.706245022155542 ], [ 30.748748813609211, 46.583100084004116 ], [ 30.377608676888883, 46.03241018328572 ], [ 29.603289015427436, 45.293308010431126 ], [ 29.626543409958771, 45.035390936862399 ], [ 29.141611769331835, 44.820210272799045 ], [ 28.8378577003202, 44.913873806328056 ], [ 28.678390918208581, 44.206571339985537 ] ] ] ] } },
{ "type": "Feature", "properties": { "id": null, "Zone": "области высотной поясности" }, "geometry": { "type": "MultiPolygon", "coordinates": [ [ [ [ 88.662792452490109, 51.406366625757414 ], [ 89.001422476784825, 51.958594049991781 ], [ 89.459875432752938, 52.729628566847232 ], [ 89.918328388721051, 53.083887669186225 ], [ 90.606007822673206, 53.104726439912049 ], [ 91.106138320092953, 52.833822420476352 ], [ 91.502074963883587, 52.14614298652419 ], [ 91.898011607674235, 51.479302323297851 ], [ 92.273109480739052, 51.104204450233041 ], [ 92.752401207432982, 50.874977972248985 ], [ 93.06498276832032, 50.854139201523161 ], [ 93.273370475578545, 51.041688138055569 ], [ 93.460919412110954, 51.562657406201147 ], [ 93.377564329207672, 52.417047005959887 ], [ 93.210854163401081, 53.542340625154331 ], [ 93.315048017030193, 54.063309893299909 ], [ 93.481758182836785, 54.271697600558142 ], [ 94.065243763159827, 54.500924078542191 ], [ 95.419763860338321, 54.625956702897128 ], [ 97.003510435500871, 54.542601619993839 ], [ 97.9412551181629, 54.292536371283958 ], [ 101.67139507808524, 52.917177503379619 ], [ 102.734172385102227, 52.417047005959866 ], [ 103.025915175263748, 52.125304215798344 ], [ 103.150947799618677, 51.812722654910999 ], [ 103.234302882521973, 51.270914616039605 ], [ 103.307238580062503, 51.041688138055648 ], [ 103.421851819054382, 50.874977972248963 ], [ 103.536465058046559, 50.708267806442485 ], [ 103.838627233570833, 50.604073952813266 ], [ 104.13037002373251, 50.614493338176281 ], [ 104.432532199256954, 50.760364733257049 ], [ 104.984759623491243, 50.968752440515253 ], [ 105.568245203814286, 51.23965645995095 ], [ 106.11005324268568, 51.593915562289943 ], [ 106.901926530266962, 52.094046059709697 ], [ 107.839671212928991, 52.656692869306916 ], [ 108.860770978494173, 53.500663083702683 ], [ 108.902448519945821, 54.000793581122437 ], [ 108.631544500510117, 54.250858829832318 ], [ 107.589605964218975, 54.10498743475155 ], [ 106.964442842444285, 54.250858829832318 ], [ 106.818571447363524, 54.542601619993839 ], [ 106.881087759540989, 55.292797366123466 ], [ 108.339801710348581, 56.543123609672818 ], [ 109.673483036801258, 56.939060253463452 ], [ 110.194452304946836, 57.251641814350805 ], [ 110.632066490189118, 57.501707063060678 ], [ 111.236390841237991, 57.814288623948023 ], [ 111.736521338657738, 57.960160019028784 ], [ 112.236651836077499, 57.793449853222199 ], [ 112.320006918980781, 57.626739687415615 ], [ 112.236651836077499, 57.355835667979918 ], [ 112.257490606803316, 57.147447960721685 ], [ 112.507555855513189, 57.043254107092572 ], [ 113.195235289465344, 57.043254107092572 ], [ 113.862075952691683, 56.897382712011812 ], [ 114.403883991563077, 56.730672546205227 ], [ 114.841498176805374, 56.418090985317882 ], [ 115.174918508418529, 56.042993112253065 ], [ 115.633371464386641, 55.751250322091543 ], [ 116.091824420354754, 55.626217697736607 ], [ 116.487761064145388, 55.688734009914072 ], [ 116.654471229951966, 55.87628294644648 ], [ 116.967052790839318, 56.334735902414586 ], [ 117.508860829710713, 56.688995004753579 ], [ 117.800603619872234, 56.9807377949151 ], [ 118.008991327130474, 57.543384604512326 ], [ 117.88395870277553, 57.814288623948023 ], [ 117.508860829710713, 57.960160019028784 ], [ 116.758665083581093, 58.147708955561193 ], [ 116.383567210516276, 58.251902809190305 ], [ 115.883436713096515, 58.41861297499689 ], [ 115.383306215676768, 58.585323140803474 ], [ 115.091563425515247, 58.772872077335883 ], [ 114.966530801160303, 58.877065930964996 ], [ 114.86233694753119, 59.189647491852341 ], [ 115.112402196241064, 59.37719642838475 ], [ 115.675049005838289, 59.502229052739686 ], [ 116.696148771403614, 59.668939218546271 ], [ 117.508860829710713, 59.502229052739686 ], [ 118.217379034388699, 59.231325033303989 ], [ 118.654993219630981, 58.939582243142468 ], [ 119.030091092695798, 58.772872077335883 ], [ 119.551060360841376, 58.689516994432587 ], [ 120.030352087535306, 58.689516994432587 ], [ 120.405449960600109, 58.710355765158411 ], [ 120.780547833664926, 58.647839452980939 ], [ 120.988935540923165, 58.439451745722714 ], [ 121.072290623826447, 58.001837560480425 ], [ 121.030613082374799, 57.689255999593087 ], [ 121.030613082374799, 57.418351980157382 ], [ 121.301517101810504, 57.230803043624974 ], [ 121.676614974875321, 57.251641814350798 ], [ 122.364294408827476, 57.585062145963967 ], [ 122.947779989150519, 57.897643706851312 ], [ 123.531265569473561, 58.210225267738657 ], [ 124.07307360834497, 58.501968057900179 ], [ 124.656559188668012, 58.710355765158411 ], [ 125.886046661491591, 58.710355765158404 ], [ 127.928246192622254, 58.522806828625995 ], [ 128.90766841673593, 58.376935433545235 ], [ 129.282766289800747, 58.21022526773865 ], [ 129.51199276778479, 58.106031414109538 ], [ 129.637025392139748, 57.939321248302953 ], [ 129.470315226333156, 57.626739687415608 ], [ 128.991023499639226, 57.376674438705734 ], [ 127.428115695202493, 56.272219590237114 ], [ 126.990501509960211, 55.855444175720649 ], [ 126.823791344153634, 55.396991219752543 ], [ 127.05301782213769, 55.271958595397606 ], [ 127.553148319557437, 55.313636136849254 ], [ 128.949345958187564, 55.605378927010776 ], [ 130.595608845527607, 56.313897131688762 ], [ 132.658647147384045, 57.314158126528255 ], [ 134.867556844321285, 58.231064038464467 ], [ 135.909495380612441, 58.710355765158397 ], [ 136.347109565854737, 59.18964749185232 ], [ 136.618013585290441, 59.731455530723721 ], [ 136.659691126742075, 61.127653169353863 ], [ 136.30543202440316, 62.669722203064765 ], [ 135.59691381972516, 62.898948681048822 ], [ 134.346587576175779, 63.149013929758695 ], [ 133.929812161659328, 63.482434261371864 ], [ 133.304649039884623, 63.607466885726801 ], [ 132.679485918109947, 63.565789344275153 ], [ 131.262449508753974, 63.46159549064604 ], [ 130.137155889559551, 63.565789344275153 ], [ 129.053539811816734, 63.857532134436681 ], [ 127.990762504799775, 64.170113695324019 ], [ 127.198889217218493, 64.461856485485541 ], [ 126.448693471088873, 64.774438046372893 ], [ 125.761014037136704, 65.295407314518471 ], [ 125.073334603184577, 66.670766182422796 ], [ 125.198367227539507, 67.69186594798812 ], [ 125.594303871330141, 68.379545381940275 ], [ 125.844369120040028, 68.879675879360022 ], [ 126.948823968508663, 69.963291957102825 ], [ 127.699019714638283, 70.255034747264347 ], [ 128.532570543671198, 70.317551059441811 ], [ 129.199411206897537, 70.130002122909403 ], [ 129.53283153851072, 69.838259332747882 ], [ 129.616186621414016, 69.4006451475056 ], [ 129.699541704317284, 68.608771859924332 ], [ 129.970445723752988, 67.983608738149641 ], [ 130.220510972462876, 67.295929304197486 ], [ 130.470576221172735, 66.462378475164556 ], [ 130.845674094237552, 65.733021499760753 ], [ 131.283288279479848, 65.295407314518471 ], [ 131.783418776899595, 65.378762397421767 ], [ 132.929551166819863, 66.087280602099753 ], [ 133.658908142223652, 66.337345850809626 ], [ 134.971750697950512, 66.691604953148612 ], [ 135.28433225883785, 66.920831431132669 ], [ 135.28433225883785, 67.48347824072988 ], [ 135.15929963448292, 68.191996445407867 ], [ 135.534397507547737, 68.462900464843571 ], [ 136.534658502387231, 68.358706611214458 ], [ 137.201499165613569, 68.066963821052937 ], [ 140.202282150132106, 66.983347743310148 ], [ 141.244220686423262, 66.233151997180514 ], [ 141.869383808197938, 65.232891002341006 ], [ 142.286159222714389, 64.816115587824555 ], [ 142.869644803037431, 64.691082963469611 ], [ 143.53648546626377, 64.732760504921259 ], [ 143.953260880780249, 65.149535919437724 ], [ 143.953260880780249, 65.482956251050894 ], [ 143.994938422231883, 66.024764289922288 ], [ 144.578424002554925, 66.441539704438739 ], [ 146.245525660620757, 66.441539704438739 ], [ 149.454696352397491, 65.607988875405823 ], [ 150.746700137398534, 64.982825753631133 ], [ 151.205153093366619, 64.482695256211386 ], [ 151.246830634818281, 63.899209675888343 ], [ 150.996765386108393, 63.39907917846859 ], [ 150.121537015623858, 63.06565884685542 ], [ 148.829533230622815, 62.565528349435667 ], [ 148.371080274654702, 62.315463100725793 ], [ 148.329402733203068, 62.06539785201592 ], [ 148.662823064816223, 61.731977520402751 ], [ 149.788116684010674, 61.565267354596166 ], [ 150.788377678850168, 61.690299978951103 ], [ 152.830577209980845, 62.523850807984019 ], [ 153.99754837062693, 63.44075671992023 ], [ 154.706066575304902, 64.086758612420724 ], [ 155.060325677643903, 64.524372797663005 ], [ 155.122841989821353, 64.941148212179456 ], [ 154.872776741111494, 65.024503295082752 ], [ 154.622711492401606, 64.982825753631104 ], [ 154.039225912078564, 64.941148212179456 ], [ 153.830838204820338, 65.232891002340992 ], [ 154.164258536433493, 65.524633792502513 ], [ 154.706066575304902, 65.733021499760738 ], [ 156.373168233370734, 66.233151997180485 ], [ 157.144202750226185, 66.253990767906316 ], [ 157.977753579259115, 65.712182729034907 ], [ 158.477884076678862, 65.357923626695921 ], [ 159.1447247399052, 65.024503295082752 ], [ 159.62401646659913, 64.607727880566301 ], [ 159.62401646659913, 64.10759738314654 ], [ 159.97827556893813, 63.857532134436667 ], [ 160.249179588373806, 63.857532134436667 ], [ 160.957697793051778, 64.190952466049836 ], [ 161.374473207568229, 64.691082963469583 ], [ 161.270279353939117, 65.191213460889344 ], [ 160.811826397971004, 65.607988875405795 ], [ 160.603438690712778, 65.962247977744795 ], [ 160.686793773616074, 66.399862162987077 ], [ 161.020214105229229, 66.629088640971119 ], [ 161.478667061197342, 66.64992741169695 ], [ 162.916542241279132, 66.379023392261246 ], [ 164.125190943376879, 66.128958143551372 ], [ 164.917064230958147, 66.149796914277204 ], [ 165.875647684346006, 66.524894787342006 ], [ 166.146551703781711, 66.837476348229359 ], [ 166.063196620878415, 67.004186514035936 ], [ 165.062935626038893, 67.212574221294176 ], [ 164.187707255554329, 67.441800699278218 ], [ 164.229384797005991, 67.629349635810627 ], [ 164.896225460232301, 67.816898572343035 ], [ 165.271323333297119, 67.858576113794683 ], [ 165.417194728377893, 68.108641362504557 ], [ 165.271323333297119, 68.379545381940261 ], [ 164.396094962812555, 68.442061694117726 ], [ 163.604221675231287, 68.796320796456712 ], [ 163.854286923941174, 68.98386973298912 ], [ 164.833709148054851, 69.088063586618233 ], [ 165.646421206361936, 68.858837108634191 ], [ 167.167651469347049, 68.546255547746853 ], [ 168.647204190880473, 67.900253655246345 ], [ 169.626626414994149, 67.69186594798812 ], [ 170.501854785478713, 67.69186594798812 ], [ 171.147856677979235, 67.941931196697993 ], [ 171.606309633947319, 68.191996445407867 ], [ 172.168956443544545, 68.608771859924332 ], [ 173.106701126206588, 68.817159567182557 ], [ 174.482059994110898, 68.837998337908374 ], [ 175.523998530402054, 68.587933089198501 ], [ 176.50342075451573, 68.400384152666092 ], [ 178.503942744194717, 67.837737343068895 ], [ 179.233299719598534, 67.587672094359021 ], [ 179.129105865969422, 67.441800699278261 ], [ 178.691491680727125, 67.275090533471669 ], [ 178.649814139275492, 67.087541596939275 ], [ 179.129105865969422, 67.025025284761796 ], [ 180.004334236453985, 66.962508972584331 ], [ 179.975680926705564, 66.689000106807612 ], [ 179.079613785495184, 66.418096087371907 ], [ 178.07935279065569, 66.261805306928238 ], [ 177.079091795816169, 66.157611453299126 ], [ 175.985056332710485, 66.084675755758752 ], [ 175.016053493959703, 65.876288048500513 ], [ 174.4638260697254, 65.813771736323048 ], [ 174.302325596600269, 65.85023958509322 ], [ 174.224180206378435, 65.970062516766717 ], [ 174.265857747830097, 66.100304833803094 ], [ 174.359632216096287, 66.209708380113682 ], [ 174.583649001398896, 66.355579775194428 ], [ 174.739939781842565, 66.449354243460618 ], [ 174.781617323294199, 66.569177175134101 ], [ 174.703471933072393, 66.668161336081752 ], [ 174.474245455088322, 66.751516418985048 ], [ 174.15124450883809, 66.751516418985048 ], [ 173.630275240692498, 66.616064409267224 ], [ 171.640172636376406, 65.699158497331041 ], [ 170.494040246456137, 65.365738165717872 ], [ 170.139781144117165, 65.532448331524449 ], [ 169.931393436858912, 65.928384975315083 ], [ 169.634440954015929, 66.027369136262706 ], [ 169.181197690729306, 65.990901287492548 ], [ 168.055904071534854, 65.782513580234323 ], [ 167.529725110707801, 65.652271263197903 ], [ 167.034804305969544, 65.365738165717872 ], [ 166.904561988933125, 65.183398921866882 ], [ 166.99312676451791, 64.907285209749759 ], [ 167.352595559538315, 64.526977644003452 ], [ 167.456789413167428, 64.26649300993067 ], [ 167.373434330264132, 64.006008375857874 ], [ 166.685754896311977, 63.891395136865853 ], [ 165.263508794274571, 63.823669132006962 ], [ 164.179892716531782, 63.427732488216328 ], [ 163.648504063023211, 63.422522795534832 ], [ 162.976453707115439, 63.641329888155973 ], [ 162.538839521873172, 63.651749273518895 ], [ 162.335661507296379, 63.667378351563251 ], [ 162.106435029312308, 63.573603883297054 ], [ 161.882418244009727, 63.261022322409708 ], [ 161.773014697699153, 62.854666293256159 ], [ 161.304142356368232, 62.4899878055543 ], [ 159.394789988615059, 62.555108964072772 ], [ 156.99833135514541, 62.409237568992012 ], [ 155.393746009257029, 61.888268300846434 ], [ 154.330968702240057, 61.096395013265159 ], [ 153.83083820482031, 60.596264515845405 ], [ 153.330707707400563, 60.325360496409708 ], [ 151.934510068770436, 60.325360496409708 ], [ 150.225730869252942, 60.367038037861356 ], [ 148.07933748449318, 60.367038037861356 ], [ 146.183009348443278, 60.700458369474525 ], [ 143.494807924812136, 60.783813452377835 ], [ 141.5568022473106, 60.283682954958081 ], [ 139.431247633276655, 58.741613921247179 ], [ 135.305171029563667, 55.928379873261086 ], [ 133.929812161659356, 55.344894292938044 ], [ 132.762841001013271, 55.136506585679811 ], [ 131.720902464722116, 55.011473961324874 ], [ 131.220771967302369, 54.803086254066649 ], [ 131.304127050205636, 54.46966592245348 ], [ 131.929290171980341, 54.386310839550191 ], [ 132.221032962141862, 54.052890507937022 ], [ 132.304388045045158, 53.761147717775501 ], [ 132.137677879238566, 53.386049844710683 ], [ 132.762841001013271, 53.344372303259036 ], [ 133.346326581336314, 53.552760010517268 ], [ 134.013167244562624, 53.677792634872205 ], [ 134.93007315649885, 53.677792634872205 ], [ 135.055105780853779, 53.51108246906562 ], [ 135.138460863757075, 52.969274430194226 ], [ 134.763362990692258, 52.385788849871176 ], [ 134.429942659079103, 51.927335893903077 ], [ 134.638330366337328, 51.593915562289908 ], [ 135.263493488112005, 51.55223802083826 ], [ 135.680268902628484, 51.55223802083826 ], [ 135.846979068435019, 51.323011542854204 ], [ 135.680268902628455, 50.989591211241034 ], [ 135.586494434361754, 50.650961186946233 ], [ 134.784201761417563, 50.452992865050916 ], [ 134.106941712828331, 50.129991918800656 ], [ 133.221293956980844, 49.67153896283255 ], [ 132.106419723149315, 49.160989080049887 ], [ 131.595869840366646, 49.004698299606218 ], [ 131.179094425850195, 49.098472767872423 ], [ 130.991545489317787, 49.233924777590268 ], [ 131.06448118685816, 49.473570640937233 ], [ 131.210352581938935, 49.692377733558374 ], [ 131.335385206293864, 49.84866851400205 ], [ 131.41874028919716, 50.088314377349015 ], [ 131.397901518471343, 50.286282699244332 ], [ 131.293707664842259, 50.671799957672057 ], [ 130.981126103954921, 50.901026435656114 ], [ 130.397640523631878, 50.963542747833579 ], [ 130.168414045648291, 51.218817689225091 ], [ 130.272607899277403, 51.510560479386612 ], [ 130.470576221172706, 51.646012489104464 ], [ 130.626867001616375, 51.823142040273957 ], [ 130.585189460164742, 51.979432820717626 ], [ 130.38722113826941, 52.166981757250035 ], [ 130.157994660285368, 52.354530693782444 ], [ 129.928768182301326, 52.646273483943965 ], [ 130.06422019201915, 52.896338732653838 ], [ 130.137155889559551, 53.03179074237169 ], [ 130.001703879841699, 53.198500908178275 ], [ 128.699280709477762, 53.26101722035574 ], [ 128.022020660888501, 53.156823366726627 ], [ 127.344760612299211, 53.34437230325905 ], [ 126.261144534556422, 53.761147717775508 ], [ 125.240044768991098, 53.886180342130444 ], [ 123.906363442538421, 54.261278215195262 ], [ 123.114490154957153, 54.532182234630959 ], [ 122.260100555198406, 54.761408712615015 ], [ 121.176484477455645, 54.657214858985895 ], [ 119.967835775357912, 54.09456804938867 ], [ 118.738348302534348, 53.448566156888155 ], [ 118.196540263662953, 52.906758118016761 ], [ 114.403883991563163, 52.260756225516261 ], [ 111.486456089947936, 51.427205396483338 ], [ 110.632066490189189, 51.010429981966894 ], [ 110.559130792648915, 50.848929508841827 ], [ 110.590388948737541, 50.635332108902077 ], [ 110.965486821802358, 50.156040382208147 ], [ 111.054051597387229, 49.93723328958707 ], [ 111.069680675431471, 49.697587426240041 ], [ 111.095729138838863, 49.338118631219658 ], [ 111.028003133979837, 49.051585533739527 ], [ 110.814405734040264, 48.884875367932999 ], [ 110.486195095108428, 48.822359055755477 ], [ 109.652644266075512, 48.759842743578005 ], [ 109.074368378434045, 48.707745816763506 ], [ 108.678431734643411, 48.634810119223125 ], [ 108.464834334703639, 48.488938724142315 ], [ 108.048058920187174, 48.051324538900033 ], [ 107.693799817848188, 47.69706543656104 ], [ 107.501041188634403, 47.551194041480329 ], [ 107.235346861880075, 47.488677729302815 ], [ 106.964442842444384, 47.592871582931927 ], [ 106.735216364460328, 47.905453143819273 ], [ 106.448683266980339, 48.249292860795379 ], [ 106.448683266980339, 48.509777494868167 ], [ 106.547667427927919, 48.759842743578012 ], [ 106.823781140045156, 49.228715084909062 ], [ 107.110314237525145, 49.572554801885111 ], [ 108.423156793251991, 50.510299484547147 ], [ 108.839932207768456, 50.86455858688614 ], [ 108.944126061397569, 51.260495230676774 ], [ 108.610705729784399, 51.57307679156412 ], [ 106.964442842444384, 51.448044167209183 ], [ 105.964181847604877, 50.739525962531197 ], [ 105.380696267281834, 49.697587426240048 ], [ 105.115001940527677, 49.478780333618936 ], [ 104.755533145507201, 49.364167094626872 ], [ 103.880304775022637, 49.510038489707632 ], [ 101.754750160988678, 49.989330216401562 ], [ 101.004554414859058, 50.093524070030682 ], [ 100.191842356551959, 49.697587426240041 ], [ 100.045970961471198, 49.489199718981816 ], [ 99.504162922599804, 49.259973240997759 ], [ 97.837061264533958, 49.468360948255992 ], [ 96.774283957516658, 49.770523123780222 ], [ 96.353406245804877, 49.883662293595222 ], [ 94.836278280015122, 50.2914923919258 ], [ 94.437110809676525, 50.278186809581179 ], [ 92.960788914691051, 50.228976079748328 ], [ 92.210593168561431, 49.999749601764279 ], [ 91.960527919851557, 49.624651728699462 ], [ 91.960527919851557, 48.791100899666546 ], [ 92.418980875819614, 47.790839904827038 ], [ 93.085821539045952, 47.165676783052348 ], [ 93.585952036465699, 46.915611534342474 ], [ 95.753184191951306, 46.373803495471073 ], [ 98.670612093566518, 45.196412949462065 ], [ 99.337452756792842, 44.998444627566748 ], [ 99.545840464051082, 44.821315076397248 ], [ 99.556259849413991, 44.644185525227755 ], [ 99.452065995784878, 44.529572286235727 ], [ 98.983193654453856, 44.467055974058262 ], [ 97.284833840299285, 44.727540608131044 ], [ 95.19053738235408, 45.02970278365548 ], [ 92.689884895255304, 45.54025266643815 ], [ 91.293687256625176, 46.207093329664474 ], [ 90.840081108096669, 46.491443452622647 ], [ 89.897489617995035, 47.082321700149045 ], [ 88.876389852429696, 47.707484821923735 ], [ 87.709418691783611, 47.999227612085257 ], [ 87.1467718821864, 47.936711299907799 ], [ 86.495560297004531, 47.988808226722441 ], [ 85.922494102044396, 48.072163309625736 ], [ 85.75319237009866, 48.139884002404031 ], [ 85.557815614342502, 48.218034704706497 ], [ 85.505718687527946, 48.436841797327638 ], [ 85.641170697245784, 48.613971348497131 ], [ 85.766203321600727, 48.916133524021568 ], [ 85.662009467971615, 49.155779387368526 ], [ 85.359847292447185, 49.364167094626758 ], [ 84.901394336479072, 49.614232343336639 ], [ 84.213714902526917, 49.947652674949801 ], [ 83.8386170294621, 50.114362840756385 ], [ 83.630229322203874, 50.499880099184111 ], [ 83.682326249018431, 50.770784118619808 ], [ 83.913348066876111, 50.896339454412036 ], [ 84.161617975712346, 51.031268752692604 ], [ 84.932652492567797, 50.989591211240956 ], [ 85.745364550874896, 50.864558586886019 ], [ 86.828980628617686, 50.822881045434372 ], [ 88.016790559989602, 50.989591211240956 ], [ 88.662792452490109, 51.406366625757414 ] ] ] ] } },
{ "type": "Feature", "properties": { "id": null, "Zone": "области высотной поясности" }, "geometry": { "type": "MultiPolygon", "coordinates": [ [ [ [ 96.545057479532616, 48.624390733859961 ], [ 97.316091996388437, 48.697326431400619 ], [ 98.243417293687557, 48.551455036319858 ], [ 98.920677342276804, 48.165937777892132 ], [ 99.254097673889973, 47.738742978012759 ], [ 99.691711859132255, 47.269870636681745 ], [ 100.243939283366558, 46.832256451439463 ], [ 102.088170492601535, 45.811156685873854 ], [ 101.150425809939492, 45.748640373696389 ], [ 100.337713751632393, 45.769479144422206 ], [ 99.12906504953466, 45.998705622406263 ], [ 98.087126513243518, 46.26960964184196 ], [ 97.295253225662236, 46.603029973455129 ], [ 96.607573791710081, 47.1239992416007 ], [ 96.253314689371095, 47.519935885391341 ], [ 95.794861733402982, 47.936711299907799 ], [ 95.711506650499686, 48.165937777891855 ], [ 95.815700504128813, 48.332647943698433 ], [ 96.294992230822743, 48.541035650956665 ], [ 96.545057479532616, 48.624390733859961 ] ] ] ] } },
{ "type": "Feature", "properties": { "id": null, "Zone": "лесостепей" }, "geometry": { "type": "MultiPolygon", "coordinates": [ [ [ [ 99.254097673889973, 47.738742978012759 ], [ 98.920677342276804, 48.165937777892132 ], [ 98.243417293687557, 48.551455036319858 ], [ 97.316091996388437, 48.697326431400619 ], [ 96.545057479532616, 48.624390733859961 ], [ 96.336669772274377, 48.749423358214898 ], [ 96.128282065016151, 49.020327377650595 ], [ 96.232475918645264, 49.374586479989588 ], [ 96.774283957516658, 49.770523123780222 ], [ 97.837061264533958, 49.468360948255992 ], [ 99.504162922599804, 49.259973240997759 ], [ 100.045970961471198, 49.489199718981816 ], [ 100.191842356551959, 49.697587426240041 ], [ 101.004554414859058, 50.093524070030682 ], [ 101.754750160988678, 49.989330216401562 ], [ 103.880304775022637, 49.510038489707632 ], [ 104.755533145507201, 49.364167094626872 ], [ 105.115001940527677, 49.478780333618936 ], [ 105.380696267281834, 49.697587426240048 ], [ 105.770713546574243, 50.394046853547913 ], [ 105.964181847604877, 50.739525962531197 ], [ 106.964442842444384, 51.448044167209183 ], [ 108.610705729784399, 51.57307679156412 ], [ 108.944126061397569, 51.260495230676774 ], [ 108.839932207768456, 50.86455858688614 ], [ 108.423156793251991, 50.510299484547147 ], [ 107.602466641391075, 49.92409223321792 ], [ 107.110314237525145, 49.572554801885111 ], [ 106.823781140045156, 49.228715084909062 ], [ 106.547667427927919, 48.759842743578012 ], [ 106.182988940226139, 49.020327377650851 ], [ 105.432793194096519, 48.926552909384654 ], [ 104.682597447966884, 48.739003972852245 ], [ 104.119950638369659, 48.551455036319837 ], [ 103.348916121514208, 48.218034704706668 ], [ 102.890463165546109, 48.030485768174259 ], [ 102.286138814497235, 47.94713068527097 ], [ 101.494265526915967, 47.999227612085527 ], [ 100.994135029496221, 47.915872529182238 ], [ 100.066809732197072, 47.749162363375667 ], [ 99.254097673889973, 47.738742978012759 ] ] ] ] } },
{ "type": "Feature", "properties": { "id": null, "Zone": "лесостепей" }, "geometry": { "type": "MultiPolygon", "coordinates": [ [ [ [ 94.065243763159827, 54.500924078542191 ], [ 93.481758182836785, 54.271697600558142 ], [ 93.315048017030193, 54.063309893299909 ], [ 93.210854163401081, 53.542340625154331 ], [ 93.377564329207672, 52.417047005959887 ], [ 93.460919412110954, 51.562657406201147 ], [ 93.273370475578545, 51.041688138055569 ], [ 93.06498276832032, 50.854139201523161 ], [ 92.752401207432982, 50.874977972248985 ], [ 92.273109480739052, 51.104204450233041 ], [ 91.898011607674235, 51.479302323297851 ], [ 91.502074963883587, 52.14614298652419 ], [ 91.106138320092953, 52.833822420476352 ], [ 90.606007822673206, 53.104726439912049 ], [ 89.918328388721051, 53.083887669186225 ], [ 89.459875432752938, 52.729628566847232 ], [ 89.001422476784825, 51.958594049991781 ], [ 88.662792452490109, 51.406366625757414 ], [ 87.662531457650616, 52.1148848304354 ], [ 85.828719633778192, 53.052629513097436 ], [ 84.890974951116149, 53.469404927613894 ], [ 83.432261000308543, 53.552760010517162 ], [ 81.348383927726246, 53.615276322694626 ], [ 78.118374465223681, 53.656953864146274 ], [ 77.192884055649756, 53.77264016534302 ], [ 76.284562641351258, 53.886180342130331 ], [ 75.840739288227198, 54.095038390659298 ], [ 75.221785334334257, 54.386310839550084 ], [ 74.075652944414003, 54.615537317534134 ], [ 72.908681783767904, 54.427988381001732 ], [ 72.533376106510701, 54.294546362421393 ], [ 71.033192418443832, 53.761147717775394 ], [ 69.720349862716986, 53.511082469065521 ], [ 68.178280829006084, 53.365211073984753 ], [ 65.802660966262266, 53.448566156888049 ], [ 62.885233064647053, 53.240178449629816 ], [ 60.760193964824985, 52.690599372089629 ], [ 59.863611309402707, 52.45872454741145 ], [ 58.889398777970861, 52.27117561087924 ], [ 58.847721236519213, 52.64627348394405 ], [ 58.826882465793389, 53.104726439912156 ], [ 58.826882465793389, 53.542340625154438 ], [ 58.847721236519213, 54.08414866402584 ], [ 58.931076319422523, 54.323794527372783 ], [ 59.076947714503262, 54.521762849268121 ], [ 59.337432348576073, 54.771828097977981 ], [ 59.660433294826312, 54.876021951607107 ], [ 59.973014855713657, 54.876021951607107 ], [ 61.327534952892151, 54.938538263784579 ], [ 63.203024318216215, 55.146925971042812 ], [ 63.776090513176378, 55.146925971042783 ], [ 64.130349615515371, 55.053151502776579 ], [ 64.390834249588167, 54.855183180881276 ], [ 64.890964747007914, 54.605117932171403 ], [ 65.141029995717787, 54.64679547362303 ], [ 65.495289098056787, 54.792666868703812 ], [ 66.130871605194372, 54.928118878421643 ], [ 66.82897042450945, 54.938538263784572 ], [ 71.455177525642142, 55.188603512494453 ], [ 74.706025758870538, 55.063570888139509 ], [ 77.373388411775878, 55.146925971042805 ], [ 79.999073523229569, 55.563701385559263 ], [ 81.791207805650345, 55.563701385559263 ], [ 83.374954380812895, 55.563701385559263 ], [ 85.083733580330374, 55.730411551365847 ], [ 86.469511833597636, 55.839815097676649 ], [ 90.501813969044363, 55.105248429591157 ], [ 94.065243763159827, 54.500924078542191 ] ] ] ] } },
{ "type": "Feature", "properties": { "id": null, "Zone": "степей" }, "geometry": { "type": "MultiPolygon", "coordinates": [ [ [ [ 108.678431734643411, 48.634810119223125 ], [ 110.309065543939084, 48.520196880231104 ], [ 110.975906207165409, 48.228454090069576 ], [ 111.351004080230226, 48.124260236440463 ], [ 111.642746870391747, 48.124260236440463 ], [ 111.997005972730733, 48.270131631521224 ], [ 112.455458928698846, 48.582713192408569 ], [ 113.018105738296057, 48.895294753295914 ], [ 114.455980918377847, 49.457941562893133 ], [ 115.485695428531358, 49.805177313834747 ], [ 116.678800897286123, 49.888531399121405 ], [ 117.727667922332046, 49.874716977409591 ], [ 118.394508585558384, 49.687168040877189 ], [ 118.727928917171553, 49.270392626360731 ], [ 118.977994165881427, 48.811939670392626 ], [ 119.061349248784722, 48.103421465714639 ], [ 119.061349248784722, 47.540774656117421 ], [ 118.582057522090793, 46.415481036922984 ], [ 117.498441444348003, 45.081799710470314 ], [ 115.74798470337889, 43.373020510952834 ], [ 113.89333410878065, 41.768435165064467 ], [ 111.83029580692417, 39.601203009578882 ], [ 110.913389894987958, 37.225583146835064 ], [ 110.579969563374789, 36.266999693447211 ], [ 110.079839065955042, 35.683514113124168 ], [ 109.454675944180352, 35.26673869860771 ], [ 107.995961993372745, 34.8916408255429 ], [ 105.398930191667034, 34.057221714396029 ], [ 103.836022387230344, 34.724062377622367 ], [ 104.734694374781085, 35.183383615704123 ], [ 105.985020618330452, 35.912740591107926 ], [ 107.506250881315538, 37.100550522479836 ], [ 108.298124168896805, 37.996617663690223 ], [ 108.610705729784158, 39.163588824336308 ], [ 108.56902818833251, 39.851268258288471 ], [ 108.902448519945679, 40.497270150788978 ], [ 109.215030080833031, 40.893206794579619 ], [ 110.236129846398342, 41.268304667644429 ], [ 111.423939777770258, 41.580886228531774 ], [ 111.944909045915836, 41.914306560144944 ], [ 112.382523231158117, 42.268565662483937 ], [ 112.382523231158117, 42.643663535548747 ], [ 111.882392733738371, 43.227149115871796 ], [ 111.402956853664563, 43.538134551595348 ], [ 111.11135821688292, 43.727279613291543 ], [ 110.069419680591764, 44.060699944904712 ], [ 109.1941913101072, 44.227410110711297 ], [ 107.735477359299594, 44.47747535942117 ], [ 106.193408325588692, 44.852573232485987 ], [ 103.067592716715239, 45.686124061518903 ], [ 102.088170492601535, 45.811156685873854 ], [ 100.243939283366558, 46.832256451439463 ], [ 99.691711859132255, 47.269870636681745 ], [ 99.254097673889973, 47.738742978012759 ], [ 100.066809732197072, 47.749162363375667 ], [ 100.994135029496221, 47.915872529182238 ], [ 101.494265526915967, 47.999227612085527 ], [ 102.286138814497235, 47.94713068527097 ], [ 102.890463165546109, 48.030485768174259 ], [ 103.348916121514208, 48.218034704706668 ], [ 104.119950638369659, 48.551455036319837 ], [ 104.682597447966884, 48.739003972852245 ], [ 105.432793194096519, 48.926552909384654 ], [ 106.182988940226139, 49.020327377650851 ], [ 106.547667427927919, 48.759842743578012 ], [ 106.448683266980339, 48.509777494868167 ], [ 106.448683266980339, 48.249292860795379 ], [ 106.735216364460328, 47.905453143819273 ], [ 106.964442842444384, 47.592871582931927 ], [ 107.235346861880075, 47.488677729302815 ], [ 107.501041188634403, 47.551194041480329 ], [ 107.693799817848188, 47.69706543656104 ], [ 108.048058920187174, 48.051324538900033 ], [ 108.464834334703639, 48.488938724142315 ], [ 108.678431734643411, 48.634810119223125 ] ] ] ] } },
{ "type": "Feature", "properties": { "id": null, "Zone": "лесостепей" }, "geometry": { "type": "MultiPolygon", "coordinates": [ [ [ [ 118.196540263662953, 52.906758118016761 ], [ 118.227798419751807, 52.45872454741162 ], [ 118.727928917171567, 51.771045113459465 ], [ 120.103287785075878, 51.250075845313887 ], [ 122.082971004029048, 50.645751494265028 ], [ 123.312458476852612, 50.12478222611945 ], [ 124.250203159514641, 49.624651728699703 ], [ 124.812849969111312, 49.567345109203437 ], [ 125.042076447095354, 49.150569694686979 ], [ 125.333819237256876, 48.775471821622162 ], [ 125.500529403063467, 48.358696407105704 ], [ 125.60472325669258, 47.879404680411774 ], [ 125.896466046854101, 47.379274182992027 ], [ 126.396596544273848, 47.066692622104682 ], [ 126.938404583145257, 46.837466144120626 ], [ 127.376018768387539, 46.399851958878344 ], [ 127.45937385129082, 46.191464251620118 ], [ 127.480212622016651, 45.753850066377836 ], [ 127.271824914758412, 45.170364486054787 ], [ 126.292402690644764, 44.274297344844371 ], [ 125.271302925079439, 43.774166847424617 ], [ 122.874844291609804, 43.065648642746638 ], [ 120.499224428865986, 42.607195686778532 ], [ 118.457024897735323, 41.898677482100553 ], [ 116.018888722814069, 41.023449111615982 ], [ 114.935272645071265, 40.148220741131418 ], [ 113.684946401521884, 38.29357014653317 ], [ 113.163977133376321, 36.793178654273916 ], [ 113.268170987005433, 35.563691181450359 ], [ 112.663846635956531, 33.896589523384542 ], [ 112.25488576046277, 33.244509656088937 ], [ 112.036078667841622, 33.473736134072986 ], [ 110.900365663284276, 33.692543226694127 ], [ 108.816488590701994, 33.775898309597423 ], [ 106.58674012303895, 33.890511548589444 ], [ 105.398930191667034, 34.057221714396029 ], [ 107.995961993372745, 34.8916408255429 ], [ 109.454675944180352, 35.26673869860771 ], [ 110.079839065955042, 35.683514113124168 ], [ 110.579969563374789, 36.266999693447211 ], [ 110.913389894987958, 37.225583146835064 ], [ 111.83029580692417, 39.601203009578882 ], [ 113.89333410878065, 41.768435165064467 ], [ 115.74798470337889, 43.373020510952834 ], [ 117.498441444348003, 45.081799710470314 ], [ 118.582057522090793, 46.415481036922984 ], [ 118.743031521104768, 46.793419991129703 ], [ 119.061349248784722, 47.540774656117421 ], [ 119.061349248784722, 47.596827800315793 ], [ 119.061349248784722, 48.103421465714639 ], [ 118.977994165881427, 48.811939670392626 ], [ 118.727928917171553, 49.270392626360731 ], [ 118.394508585558384, 49.687168040877189 ], [ 118.319319212313161, 49.708315052102407 ], [ 117.727667922332046, 49.874716977409591 ], [ 116.678800897286123, 49.888531399121405 ], [ 115.485695428531358, 49.805177313834747 ], [ 114.455980918377847, 49.457941562893133 ], [ 113.018105738296057, 48.895294753295914 ], [ 112.455458928698846, 48.582713192408569 ], [ 111.997005972730733, 48.270131631521224 ], [ 111.642746870391747, 48.124260236440463 ], [ 111.351004080230226, 48.124260236440463 ], [ 110.975906207165409, 48.228454090069576 ], [ 110.309065543939084, 48.520196880231104 ], [ 108.678431734643411, 48.634810119223125 ], [ 109.074368378434045, 48.707745816763506 ], [ 109.652644266075512, 48.759842743578005 ], [ 110.486195095108428, 48.822359055755477 ], [ 110.814405734040264, 48.884875367932999 ], [ 111.028003133979837, 49.051585533739527 ], [ 111.072743043277399, 49.240869765382818 ], [ 111.095729138838863, 49.338118631219658 ], [ 111.069680675431471, 49.697587426240041 ], [ 111.054051597387229, 49.93723328958707 ], [ 110.965486821802358, 50.156040382208147 ], [ 110.590388948737541, 50.635332108902077 ], [ 110.559130792648915, 50.848929508841827 ], [ 110.632066490189189, 51.010429981966894 ], [ 111.486456089947936, 51.427205396483338 ], [ 114.403883991563163, 52.260756225516261 ], [ 118.196540263662953, 52.906758118016761 ] ] ] ] } },
{ "type": "Feature", "properties": { "id": null, "Zone": "хвойных лесов (тайги)" }, "geometry": { "type": "MultiPolygon", "coordinates": [ [ [ [ 130.397640523631878, 50.963542747833579 ], [ 129.709961089679695, 51.171930455091811 ], [ 128.001181890162229, 51.317801850172572 ], [ 127.230147373306778, 51.213607996543459 ], [ 127.053895933082899, 51.151593600909131 ], [ 126.104853754112327, 50.817671352752818 ], [ 125.250464154353594, 50.40089593823636 ], [ 125.021237676369537, 49.984120523719902 ], [ 124.812849969111312, 49.567345109203437 ], [ 124.250203159514641, 49.624651728699703 ], [ 123.312458476852612, 50.12478222611945 ], [ 122.082971004029048, 50.645751494265028 ], [ 120.103287785075878, 51.250075845313887 ], [ 119.909630344948496, 51.32343093627123 ], [ 118.727928917171567, 51.771045113459465 ], [ 118.227798419751807, 52.45872454741162 ], [ 118.196540263662953, 52.906758118016761 ], [ 118.738348302534348, 53.448566156888155 ], [ 119.967835775357912, 54.09456804938867 ], [ 121.176484477455645, 54.657214858985895 ], [ 122.260100555198406, 54.761408712615015 ], [ 123.114490154957153, 54.532182234630959 ], [ 123.906363442538421, 54.261278215195262 ], [ 125.240044768991098, 53.886180342130444 ], [ 126.261144534556422, 53.761147717775508 ], [ 127.344760612299211, 53.34437230325905 ], [ 128.022020660888501, 53.156823366726627 ], [ 128.699280709477762, 53.26101722035574 ], [ 130.001703879841699, 53.198500908178275 ], [ 130.137155889559551, 53.03179074237169 ], [ 130.06422019201915, 52.896338732653838 ], [ 129.928768182301326, 52.646273483943965 ], [ 130.157994660285368, 52.354530693782444 ], [ 130.38722113826941, 52.166981757250035 ], [ 130.585189460164742, 51.979432820717626 ], [ 130.626867001616375, 51.823142040273957 ], [ 130.470576221172706, 51.646012489104464 ], [ 130.272607899277403, 51.510560479386612 ], [ 130.168414045648291, 51.218817689225091 ], [ 130.397640523631878, 50.963542747833579 ] ] ] ] } },
{ "type": "Feature", "properties": { "id": null, "Zone": "хвойных лесов (тайги)" }, "geometry": { "type": "MultiPolygon", "coordinates": [ [ [ [ 132.90627, 42.798490000000129 ], [ 132.934760859500784, 43.430327130448525 ], [ 133.11189041067027, 43.508472520670374 ], [ 135.049896088171806, 44.800476305671395 ], [ 136.737836516963483, 46.530094275914706 ], [ 138.425776945755132, 48.468099953416242 ], [ 139.030101296803991, 49.405844636078271 ], [ 139.113456379707316, 49.619442036017979 ], [ 139.170762999203305, 49.874716977409314 ], [ 139.181182384566227, 50.270653621199948 ], [ 139.118666072388748, 50.452992865050895 ], [ 139.024891604122558, 50.604073952813117 ], [ 138.925907443174879, 50.635332108901828 ], [ 138.821713589545794, 50.624912723538941 ], [ 138.717519735916653, 50.531138255272715 ], [ 138.321583092126019, 50.135201611482074 ], [ 137.758936282528794, 49.489199718981567 ], [ 137.008740536399188, 48.530616265593707 ], [ 136.763884980370761, 48.96302075815457 ], [ 136.972272687628987, 49.265182933679007 ], [ 137.30569301924217, 49.963281752994078 ], [ 137.39946748750836, 50.452992865050916 ], [ 137.159821624161395, 50.744735655212438 ], [ 136.545077887749613, 50.817671352752818 ], [ 135.586494434361754, 50.650961186946233 ], [ 135.680268902628455, 50.989591211241034 ], [ 135.846979068435019, 51.323011542854204 ], [ 135.680268902628484, 51.55223802083826 ], [ 135.263493488112005, 51.55223802083826 ], [ 134.638330366337328, 51.593915562289908 ], [ 134.429942659079103, 51.927335893903077 ], [ 134.763362990692258, 52.385788849871176 ], [ 135.138460863757075, 52.969274430194226 ], [ 135.055105780853779, 53.51108246906562 ], [ 134.93007315649885, 53.677792634872205 ], [ 134.013167244562624, 53.677792634872205 ], [ 133.346326581336314, 53.552760010517268 ], [ 132.762841001013271, 53.344372303259036 ], [ 132.137677879238566, 53.386049844710683 ], [ 132.304388045045158, 53.761147717775501 ], [ 132.221032962141862, 54.052890507937022 ], [ 131.929290171980341, 54.386310839550191 ], [ 131.304127050205636, 54.46966592245348 ], [ 131.220771967302369, 54.803086254066649 ], [ 131.720902464722116, 55.011473961324874 ], [ 132.762841001013271, 55.136506585679811 ], [ 133.929812161659356, 55.344894292938044 ], [ 135.305171029563667, 55.928379873261086 ], [ 139.431247633276655, 58.741613921247179 ], [ 141.5568022473106, 60.283682954958081 ], [ 143.494807924812136, 60.783813452377835 ], [ 146.183009348443278, 60.700458369474525 ], [ 148.07933748449318, 60.367038037861356 ], [ 150.225730869252942, 60.367038037861356 ], [ 151.934510068770436, 60.325360496409708 ], [ 153.330707707400563, 60.325360496409708 ], [ 155.216616458087486, 60.439973735401836 ], [ 154.218060000000264, 59.758180000000152 ], [ 155.04375, 59.14495 ], [ 152.81185, 58.88385 ], [ 151.26573000000019, 58.78089 ], [ 151.33815, 59.50396 ], [ 149.78371, 59.655730000000176 ], [ 148.54481, 59.16448 ], [ 145.48722, 59.33637 ], [ 142.19782, 59.039980000000128 ], [ 138.958480000000236, 57.08805 ], [ 135.12619, 54.72959 ], [ 136.70171, 54.603550000000155 ], [ 137.19342, 53.97732 ], [ 138.1647, 53.755010000000198 ], [ 138.80463, 54.25455 ], [ 139.90151, 54.189680000000124 ], [ 141.34531, 53.089570000000151 ], [ 141.37923, 52.23877 ], [ 140.59742000000017, 51.239670000000103 ], [ 140.51308, 50.045530000000156 ], [ 140.061930000000189, 48.44671000000011 ], [ 138.554720000000202, 46.99965 ], [ 138.21971, 46.30795 ], [ 136.86232, 45.143500000000131 ], [ 135.515350000000126, 43.989 ], [ 134.86939000000018, 43.39821 ], [ 133.536870000000249, 42.81147 ], [ 132.90627, 42.798490000000129 ] ] ] ] } },
{ "type": "Feature", "properties": { "id": null, "Zone": "хвойных лесов (тайги)" }, "geometry": { "type": "MultiPolygon", "coordinates": [ [ [ [ 142.209748976815433, 54.225475979216874 ], [ 142.654786411713019, 54.365880845753892 ], [ 142.914615513276544, 53.704577541714784 ], [ 143.260847609632094, 52.740760403039062 ], [ 143.235267775647628, 51.756660264688762 ], [ 143.648007440362846, 50.747600409541505 ], [ 144.65414757708561, 48.976390692737539 ], [ 143.173927850517202, 49.306551418650315 ], [ 142.558668247650132, 47.861575018904951 ], [ 143.533492466404027, 46.836728013692522 ], [ 143.505277134372648, 46.137907619809525 ], [ 142.747700636973832, 46.740764878926512 ], [ 142.092030064054541, 45.966755276058834 ], [ 141.906925083585008, 46.805928860046563 ], [ 142.018442824470867, 47.780132961612964 ], [ 141.904444614835029, 48.85918854429957 ], [ 142.135800002205713, 49.615163072297392 ], [ 142.179983351815281, 50.952342434281903 ], [ 141.594075962490024, 51.9354348822025 ], [ 141.682546014573688, 53.301966457728795 ], [ 142.606934035410745, 53.762145087287934 ], [ 142.209748976815433, 54.225475979216874 ] ] ] ] } },
{ "type": "Feature", "properties": { "id": null, "Zone": "переменно-влажных (в том числе муссонных) лесов" }, "geometry": { "type": "MultiPolygon", "coordinates": [ [ [ [ 141.380548944259999, 43.388824774746439 ], [ 143.599001778441249, 42.466533984379538 ], [ 143.183849725517234, 41.995214748699198 ], [ 141.6114909201724, 42.6787905950561 ], [ 141.067286411706675, 41.584593817707969 ], [ 139.955106235920994, 41.56955597591103 ], [ 139.81754357315998, 42.563758856774385 ], [ 140.312087030193254, 43.333272610032687 ], [ 141.380548944259999, 43.388824774746439 ] ] ] ] } },
{ "type": "Feature", "properties": { "id": null, "Zone": "хвойных лесов (тайги)" }, "geometry": { "type": "MultiPolygon", "coordinates": [ [ [ [ 141.380548944259999, 43.388824774746439 ], [ 141.671952345953855, 44.772125352551463 ], [ 141.967644891527982, 45.551483466161343 ], [ 143.142870314709739, 44.510358384776971 ], [ 143.910161981379474, 44.174099839853739 ], [ 144.613426548439634, 43.960882880217483 ], [ 145.320825230083074, 44.384732977875409 ], [ 145.543137241802697, 43.262088324550618 ], [ 144.059661899999867, 42.988358262700558 ], [ 143.183849725517234, 41.995214748699198 ], [ 143.599001778441249, 42.466533984379538 ], [ 141.380548944259999, 43.388824774746439 ] ] ] ] } },
{ "type": "Feature", "properties": { "id": null, "Zone": "лесотундры" }, "geometry": { "type": "MultiPolygon", "coordinates": [ [ [ [ 155.216616458087486, 60.439973735401836 ], [ 153.330707707400563, 60.325360496409708 ], [ 153.83083820482031, 60.596264515845405 ], [ 154.330968702240057, 61.096395013265159 ], [ 155.393746009257029, 61.888268300846434 ], [ 156.99833135514541, 62.409237568992012 ], [ 159.394789988615059, 62.555108964072772 ], [ 161.304142356368232, 62.4899878055543 ], [ 163.048468355681877, 62.178261696990972 ], [ 163.054599097337359, 62.177406244666955 ], [ 163.048468355681877, 62.178261696990972 ], [ 162.65791, 61.6425 ], [ 160.12148, 60.54423 ], [ 159.30232, 61.773960000000102 ], [ 156.72068, 61.43442 ], [ 155.216616458087486, 60.439973735401836 ] ] ] ] } },
{ "type": "Feature", "properties": { "id": null, "Zone": "тундры" }, "geometry": { "type": "MultiPolygon", "coordinates": [ [ [ [ 160.940530000000308, 69.437280000000101 ], [ 162.27907, 69.64204 ], [ 164.05248, 69.66823 ], [ 165.940370000000144, 69.47199 ], [ 167.83567, 69.582690000000127 ], [ 169.577630000000113, 68.6938 ], [ 170.816880000000197, 69.01363 ], [ 170.008200000000102, 69.65276 ], [ 170.453450000000203, 70.09703 ], [ 173.643910000000119, 69.81743 ], [ 175.724030000000198, 69.877250000000174 ], [ 178.6, 69.4 ], [ 180.0, 68.96363636363651 ], [ 180.0, 66.962818560902477 ], [ 179.129105865969422, 67.025025284761796 ], [ 178.649814139275492, 67.087541596939275 ], [ 178.691491680727125, 67.275090533471669 ], [ 179.129105865969422, 67.441800699278261 ], [ 179.233299719598534, 67.587672094359021 ], [ 178.503942744194717, 67.837737343068895 ], [ 176.50342075451573, 68.400384152666092 ], [ 175.523998530402054, 68.587933089198501 ], [ 174.482059994110898, 68.837998337908374 ], [ 173.106701126206588, 68.817159567182557 ], [ 172.168956443544545, 68.608771859924332 ], [ 171.606309633947319, 68.191996445407867 ], [ 171.147856677979235, 67.941931196697993 ], [ 170.501854785478713, 67.69186594798812 ], [ 169.626626414994149, 67.69186594798812 ], [ 168.647204190880473, 67.900253655246345 ], [ 167.167651469347049, 68.546255547746853 ], [ 165.646421206361936, 68.858837108634191 ], [ 164.833709148054851, 69.088063586618233 ], [ 163.854286923941174, 68.98386973298912 ], [ 163.604221675231287, 68.796320796456712 ], [ 164.396094962812555, 68.442061694117726 ], [ 165.271323333297119, 68.379545381940261 ], [ 165.417194728377893, 68.108641362504557 ], [ 165.271323333297119, 67.858576113794683 ], [ 164.896225460232301, 67.816898572343035 ], [ 164.229384797005991, 67.629349635810627 ], [ 162.812348387650076, 68.093012284460414 ], [ 162.166346495149554, 68.197206138089527 ], [ 161.499505831923216, 68.426432616073583 ], [ 161.124407958858399, 68.843208030590034 ], [ 160.940530000000308, 69.437280000000101 ] ] ] ] } },
{ "type": "Feature", "properties": { "id": null, "Zone": "лесостепей" }, "geometry": { "type": "MultiPolygon", "coordinates": [ [ [ [ 37.998531125333514, 53.382576716255919 ], [ 39.071727817713146, 53.880970649449168 ], [ 39.988633729649358, 54.006003273804104 ], [ 40.90553964158557, 54.006003273804104 ], [ 41.780768012070141, 54.547811312675506 ], [ 42.906061631264578, 54.881231644288668 ], [ 44.864906079491945, 55.047941810095253 ], [ 46.823750527719298, 54.79787656138538 ], [ 48.324142019978552, 54.381101146868914 ], [ 49.074337766108187, 54.214390981062337 ], [ 49.907888595141102, 54.297746063965626 ], [ 51.158214838690483, 54.79787656138538 ], [ 52.825316496756322, 55.256329517353485 ], [ 53.992287657402414, 55.298007058805126 ], [ 55.117581276596852, 54.922909185740316 ], [ 55.909454564178127, 54.297746063965626 ], [ 56.451262603049528, 53.464195234932703 ], [ 56.800312012706733, 52.146142986524104 ], [ 55.945922412947994, 52.354530693782337 ], [ 54.132949359801394, 52.667112254669675 ], [ 52.382492618832259, 52.667112254669675 ], [ 51.153005146008695, 52.875499961927908 ], [ 50.048550297540075, 52.979693815557027 ], [ 48.548158805280821, 52.729628566847147 ], [ 47.006089771569918, 52.45872454741145 ], [ 44.547114825922804, 52.208659298701576 ], [ 41.81723586084, 51.812722654910935 ], [ 39.545809851725288, 51.041688138055484 ], [ 38.399677461805005, 50.249814850474209 ], [ 37.95200563680018, 49.960144846059322 ], [ 37.336900154788033, 49.562135416522047 ], [ 34.857086438415102, 48.874455982569899 ], [ 31.314495415025192, 47.83251744627875 ], [ 30.282976264097037, 47.301128792770307 ], [ 29.629082462863643, 46.878049438796779 ], [ 29.072106967899291, 46.517677720722496 ], [ 28.862972446414062, 46.437889309263831 ], [ 28.885351867497192, 46.381245997318572 ], [ 28.318922123188212, 45.967447466317637 ], [ 28.115948627621531, 45.787893989470184 ], [ 27.777114084316818, 45.488155739623707 ], [ 27.599984533147321, 45.217251720188003 ], [ 27.542677913651229, 44.915089544663523 ], [ 27.626032996554521, 44.612927369139086 ], [ 27.980292098893514, 44.331603964340481 ], [ 28.67401078087866, 44.207355842193884 ], [ 28.558081495891997, 43.707461656258133 ], [ 28.039095086384719, 43.293171698574184 ], [ 27.172789733268516, 43.265353528868928 ], [ 25.984979801896614, 43.171579060602724 ], [ 25.047235119234582, 43.265353528868928 ], [ 24.328297529193694, 43.452902465401337 ], [ 24.100679152124172, 43.741051337247853 ], [ 24.172006748750022, 44.088484972538929 ], [ 24.797169870524709, 44.442744074877915 ], [ 25.693237011735093, 44.692809323587788 ], [ 26.34965828959794, 44.873412003211911 ], [ 26.839369401654778, 45.102638481195967 ], [ 27.27698358689706, 45.467316968897869 ], [ 27.318661128348708, 45.821576071236862 ], [ 27.297822357622884, 46.623868744181046 ], [ 27.068595879638831, 47.301128792770292 ], [ 26.619336785597795, 48.220726223333472 ], [ 26.078754270162818, 48.735530844397417 ], [ 25.682817626372181, 49.339855195446276 ], [ 25.787011480001297, 49.798308151414382 ], [ 26.141270582340287, 50.131728483027544 ], [ 26.89146632846991, 50.423471273189065 ], [ 27.537468220970418, 50.59018143899565 ], [ 28.725278152342327, 50.527665126818185 ], [ 30.100637020246637, 50.319277419559953 ], [ 31.038381702908666, 50.423471273189065 ], [ 31.538512200328412, 50.777730375528058 ], [ 31.851093761215758, 51.06947316568958 ], [ 32.851354756055258, 51.569603663109326 ], [ 33.726583126539822, 51.757152599641735 ], [ 34.37726224861575, 51.757152599641735 ], [ 35.226974618799062, 51.757152599641735 ], [ 36.143880530735274, 51.882185223996672 ], [ 37.310851691381359, 52.403154492142242 ], [ 37.790143418075282, 52.903284989561989 ], [ 37.998531125333514, 53.382576716255919 ] ] ] ] } },
{ "type": "Feature", "properties": { "id": null, "Zone": "смешанных лесов" }, "geometry": { "type": "MultiPolygon", "coordinates": [ [ [ [ 24.604214308376186, 59.465853786855021 ], [ 26.089173655525443, 58.819759311469227 ], [ 28.485632288995085, 57.861175858081367 ], [ 30.069378864157635, 57.569433067919846 ], [ 32.069900853836643, 57.756982004452254 ], [ 33.299388326660193, 57.923692170258839 ], [ 36.008428521017166, 57.756982004452226 ], [ 39.759407251665309, 56.965108716870958 ], [ 43.760451231023318, 56.131557887838035 ], [ 47.303042254413228, 56.089880346386394 ], [ 49.887049824415271, 56.214912970741331 ], [ 51.262408692319596, 56.173235429289683 ], [ 54.033965198854048, 55.860653868402359 ], [ 55.701066856919887, 55.548072307515014 ], [ 56.868038017565979, 55.902331409854007 ], [ 58.160041802567001, 56.590010843806169 ], [ 58.660172299986755, 56.652527155983634 ], [ 59.014431402325741, 56.610849614531986 ], [ 58.347590739099402, 55.818976326950718 ], [ 58.01417040748624, 55.15213566372438 ], [ 57.784943929502191, 54.443617459046401 ], [ 57.618233763695599, 53.526711547110189 ], [ 57.597394992969782, 52.81819334243221 ], [ 57.722427617324719, 52.463934240093216 ], [ 58.180880573292825, 52.213868991383336 ], [ 58.639333529260924, 52.203449606020413 ], [ 58.889398777970861, 52.27117561087924 ], [ 59.863611309402707, 52.45872454741145 ], [ 59.363480811982953, 51.812722654910935 ], [ 59.11341556327308, 51.541818635475238 ], [ 58.446574900046755, 51.520979864749414 ], [ 57.4046363637556, 51.708528801281822 ], [ 56.800312012706733, 52.146142986524104 ], [ 56.451262603049528, 53.464195234932703 ], [ 55.909454564178127, 54.297746063965626 ], [ 55.117581276596852, 54.922909185740316 ], [ 53.992287657402414, 55.298007058805126 ], [ 52.825316496756322, 55.256329517353485 ], [ 51.158214838690483, 54.79787656138538 ], [ 49.907888595141102, 54.297746063965626 ], [ 49.074337766108187, 54.214390981062337 ], [ 48.324142019978552, 54.381101146868914 ], [ 46.823750527719298, 54.79787656138538 ], [ 44.864906079491945, 55.047941810095253 ], [ 42.906061631264578, 54.881231644288668 ], [ 41.780768012070141, 54.547811312675506 ], [ 40.90553964158557, 54.006003273804104 ], [ 39.988633729649358, 54.006003273804104 ], [ 39.071727817713146, 53.880970649449168 ], [ 37.998531125333514, 53.382576716255919 ], [ 37.144141525574767, 53.153350238271869 ], [ 36.206396842912739, 53.153350238271869 ], [ 34.789360433556787, 53.29922163335263 ], [ 33.330646482749181, 53.465931799159208 ], [ 32.513773546158959, 53.517914622396773 ], [ 31.038381702908666, 53.611803194239982 ], [ 29.35044127411701, 53.736835818594919 ], [ 27.204047889357255, 53.77851336004656 ], [ 26.141270582340283, 53.77851336004656 ], [ 25.328558524033191, 53.590964423514158 ], [ 24.244942446290402, 53.361737945530102 ], [ 23.592582321139876, 53.380925008034531 ], [ 22.827906036934444, 53.40341548698175 ], [ 21.869322583546591, 53.549286882062511 ], [ 20.910739130158738, 54.007739838030616 ], [ 20.505295314378966, 54.34820322573789 ], [ 19.888481479581287, 54.866160386771512 ], [ 21.268448927503467, 55.190481675835315 ], [ 21.055800408622417, 56.031076361711065 ], [ 21.090423618257972, 56.783872789122938 ], [ 21.581866489353672, 57.411870632549935 ], [ 22.524341261492879, 57.753374335350763 ], [ 23.318452996522097, 57.006236477274868 ], [ 24.120729607853431, 57.025692654032767 ], [ 24.312862583114622, 57.793423570376973 ], [ 24.428927850042161, 58.383413397853289 ], [ 24.061198357853186, 58.257374579493408 ], [ 23.426560092876684, 58.612753404364625 ], [ 23.339795363058645, 59.187240302153384 ], [ 24.604214308376186, 59.465853786855021 ] ] ] ] } },
{ "type": "Feature", "properties": { "id": null, "Zone": "области высотной поясности" }, "geometry": { "type": "MultiPolygon", "coordinates": [ [ [ [ 59.014431402325741, 56.610849614531986 ], [ 59.123834948636322, 56.683785312072366 ], [ 59.238448187628329, 56.72025316084256 ], [ 59.373900197346195, 56.756721009612747 ], [ 59.504142514382593, 56.756721009612761 ], [ 59.644804216781893, 56.741091931568384 ], [ 59.780256226499723, 56.70462408279819 ], [ 59.894869465491773, 56.626478692576356 ], [ 59.983434241076523, 56.506655760902881 ], [ 60.014692397165255, 56.267009897555909 ], [ 59.941756699624875, 55.923170180579838 ], [ 59.92091792889903, 55.657475853825588 ], [ 59.879240387447403, 55.464717224611732 ], [ 59.660433294826312, 54.876021951607107 ], [ 59.337432348576073, 54.771828097977981 ], [ 59.076947714503262, 54.521762849268121 ], [ 58.931076319422523, 54.323794527372783 ], [ 58.847721236519213, 54.08414866402584 ], [ 58.826882465793389, 53.542340625154438 ], [ 58.826882465793389, 53.104726439912156 ], [ 58.847721236519213, 52.64627348394405 ], [ 58.889398777970861, 52.27117561087924 ], [ 58.639333529260924, 52.203449606020413 ], [ 58.180880573292825, 52.213868991383336 ], [ 57.722427617324719, 52.463934240093216 ], [ 57.597394992969782, 52.81819334243221 ], [ 57.618233763695599, 53.526711547110189 ], [ 57.784943929502191, 54.443617459046401 ], [ 58.01417040748624, 55.15213566372438 ], [ 58.347590739099402, 55.818976326950718 ], [ 59.014431402325741, 56.610849614531986 ] ] ] ] } },
{ "type": "Feature", "properties": { "id": null, "Zone": "смешанных лесов" }, "geometry": { "type": "MultiPolygon", "coordinates": [ [ [ [ 59.92091792889903, 55.657475853825588 ], [ 61.197292635855703, 56.240961434148645 ], [ 63.322847249889641, 56.918221482737891 ], [ 64.489818410535733, 57.157867346084856 ], [ 65.46924063464941, 57.209964272899413 ], [ 66.209016995416121, 57.17870611681068 ], [ 66.448662858763086, 57.1057704192703 ], [ 66.459082244125995, 56.959899024189539 ], [ 66.167339453964473, 56.595220536487638 ], [ 66.000629288157896, 56.303477746326116 ], [ 66.031887444246635, 56.011734956164588 ], [ 66.229855766141952, 55.886702331809651 ], [ 66.584114868480953, 55.740830936728912 ], [ 67.365568770699312, 55.834605404995109 ], [ 69.105606126305531, 56.188864507334102 ], [ 70.376771140580743, 56.23054204878575 ], [ 71.345773979331526, 56.23054204878575 ], [ 72.189744193727364, 56.376413443866511 ], [ 73.127488876389393, 56.53270422431018 ], [ 73.836007081067379, 56.595220536487652 ], [ 74.554944671108274, 56.4597685267698 ], [ 74.846687461269795, 56.251380819511574 ], [ 75.607302592762323, 56.084670653704997 ], [ 76.440853421795254, 56.18886450733411 ], [ 77.399436875183113, 56.668156234028039 ], [ 79.170732386878058, 56.876543941286272 ], [ 81.129576835105425, 57.001576565641209 ], [ 82.942549888252017, 57.334996897254378 ], [ 83.984488424543173, 57.605900916690075 ], [ 85.193137126640906, 57.855966165399948 ], [ 86.110043038577118, 57.835127394674124 ], [ 86.818561243255104, 57.605900916690054 ], [ 87.256175428497386, 57.022415336367011 ], [ 87.693789613739668, 56.876543941286251 ], [ 88.318952735514358, 57.022415336367011 ], [ 89.173342335273105, 57.35583566798018 ], [ 90.0694094764835, 57.501707063060941 ], [ 91.007154159145529, 57.334996897254356 ], [ 91.403090802936163, 57.168286731447772 ], [ 91.590639739468571, 56.980737794915363 ], [ 91.569800968742754, 56.605639921850553 ], [ 91.132186783500472, 56.293058360963208 ], [ 90.507023661725782, 56.105509424430799 ], [ 90.090248247209317, 55.834605404995102 ], [ 90.34031349591919, 55.688734009914342 ], [ 90.715411368984007, 55.77208909281763 ], [ 91.382252032210346, 55.87628294644675 ], [ 91.77818867600098, 55.87628294644675 ], [ 92.069931466162501, 55.709572780640165 ], [ 91.903221300355924, 55.355313678301172 ], [ 91.819866217452628, 55.105248429591299 ], [ 91.986576383259205, 54.855183180881419 ], [ 86.469511833597636, 55.839815097676649 ], [ 85.083733580330374, 55.730411551365847 ], [ 83.374954380812895, 55.563701385559263 ], [ 81.791207805650345, 55.563701385559263 ], [ 79.999073523229569, 55.563701385559263 ], [ 77.373388411775878, 55.146925971042805 ], [ 74.706025758870538, 55.063570888139509 ], [ 71.455177525642142, 55.188603512494453 ], [ 70.869157171034388, 55.156926736569709 ], [ 68.268727603532184, 55.016362976164181 ], [ 66.82897042450945, 54.938538263784572 ], [ 66.130871605194372, 54.928118878421643 ], [ 65.495289098056787, 54.792666868703812 ], [ 65.141029995717787, 54.64679547362303 ], [ 64.890964747007914, 54.605117932171403 ], [ 64.390834249588167, 54.855183180881276 ], [ 64.130349615515371, 55.053151502776579 ], [ 63.776090513176378, 55.146925971042783 ], [ 63.203024318216215, 55.146925971042812 ], [ 61.327534952892151, 54.938538263784579 ], [ 59.973014855713657, 54.876021951607107 ], [ 59.660433294826312, 54.876021951607107 ], [ 59.879240387447403, 55.464717224611732 ], [ 59.92091792889903, 55.657475853825588 ] ] ] ] } },
{ "type": "Feature", "properties": { "id": null, "Zone": "широколиственных лесов" }, "geometry": { "type": "MultiPolygon", "coordinates": [ [ [ [ 10.903913608451603, 55.779954738988721 ], [ 12.370904168353292, 56.111407375708794 ], [ 12.690006137755603, 55.609990953180741 ], [ 12.089991082414684, 54.800014553437919 ], [ 11.043543328504226, 55.36486379660424 ], [ 10.903913608451603, 55.779954738988721 ] ] ] ] } },
{ "type": "Feature", "properties": { "id": null, "Zone": "смешанных лесов" }, "geometry": { "type": "MultiPolygon", "coordinates": [ [ [ [ 5.665835402050419, 58.588155422593701 ], [ 5.308234490590678, 59.663231919993834 ], [ 4.992078077828978, 61.970998033284317 ], [ 5.912900424837886, 62.614472968182724 ], [ 8.553411085655739, 63.45400828719648 ], [ 10.527709181366758, 64.486038316497499 ], [ 12.358346795306373, 65.879725857193179 ], [ 14.761145867581604, 67.810641587995164 ], [ 16.435927361728943, 68.563205471461728 ], [ 19.184028354578459, 69.817444159617779 ], [ 21.378416375420585, 70.2551693793461 ], [ 23.023742303161526, 70.202071845166202 ], [ 24.546543409938465, 71.030496731237221 ], [ 26.370049676221811, 70.986261705195389 ], [ 23.041503436873882, 69.640291010852849 ], [ 21.416079320259687, 69.744484864481961 ], [ 19.457234872032327, 69.265193137788032 ], [ 17.993868442464333, 68.567391262477358 ], [ 17.644261818885727, 68.431642308755102 ], [ 16.768878614985482, 68.013936672631402 ], [ 15.393674580496844, 67.410542543189777 ], [ 14.643478834367217, 66.660346797060143 ], [ 11.788567244929464, 64.472275870848733 ], [ 10.121465586863625, 63.326143480928465 ], [ 8.391847616620312, 62.430076339718099 ], [ 7.245715226700048, 61.888268300846697 ], [ 6.328809314763836, 61.471492886330239 ], [ 6.037066524602315, 61.096395013265429 ], [ 6.037066524602315, 60.575425745119851 ], [ 6.120421607505606, 59.887746311167689 ], [ 6.016227753876492, 59.241744418667182 ], [ 5.665835402050419, 58.588155422593701 ] ] ] ] } },
{ "type": "Feature", "properties": { "id": null, "Zone": "области высотной поясности" }, "geometry": { "type": "MultiPolygon", "coordinates": [ [ [ [ 5.665835402050419, 58.588155422593701 ], [ 6.016227753876492, 59.241744418667182 ], [ 6.120421607505606, 59.887746311167689 ], [ 6.037066524602315, 60.575425745119851 ], [ 6.037066524602315, 61.096395013265429 ], [ 6.328809314763836, 61.471492886330239 ], [ 7.245715226700048, 61.888268300846697 ], [ 8.391847616620312, 62.430076339718099 ], [ 10.121465586863625, 63.326143480928465 ], [ 11.788567244929464, 64.472275870848733 ], [ 14.643478834367217, 66.660346797060143 ], [ 15.393674580496844, 67.410542543189777 ], [ 16.768878614985482, 68.013936672631402 ], [ 17.644261818885727, 68.431642308755102 ], [ 17.993868442464333, 68.567391262477358 ], [ 19.457234872032327, 69.265193137788032 ], [ 21.416079320259687, 69.744484864481961 ], [ 23.041503436873882, 69.640291010852849 ], [ 26.370049676221811, 70.986261705195389 ], [ 28.165547316202943, 71.185474351680554 ], [ 26.964402026010056, 70.562406615470593 ], [ 25.229574363085288, 69.859098103473997 ], [ 23.662049594830759, 68.891247463650544 ], [ 20.936787593565754, 68.025286279601573 ], [ 17.769294443240661, 66.608249870245601 ], [ 15.101931790335319, 64.649405422018248 ], [ 13.476507673721125, 63.524111802823803 ], [ 13.059732259204667, 62.940626222500761 ], [ 11.992064243221563, 61.80036245385655 ], [ 10.736209323275403, 60.450393120764915 ], [ 10.277756367307298, 60.304521725684154 ], [ 9.600496318718051, 60.158650330603393 ], [ 8.933655655491714, 60.148230945240485 ], [ 8.287653762991201, 60.085714633063013 ], [ 8.037588514281325, 59.87732692580478 ], [ 7.870878348474742, 59.408454584473766 ], [ 7.662490641216512, 58.897904701691104 ], [ 6.912294895086884, 58.533226213989202 ], [ 6.412164397667132, 58.32483850673097 ], [ 5.665835402050419, 58.588155422593701 ] ] ] ] } },
{ "type": "Feature", "properties": { "id": null, "Zone": "широколиственных лесов" }, "geometry": { "type": "MultiPolygon", "coordinates": [ [ [ [ 11.027368605196868, 58.856149400459358 ], [ 16.447709588291474, 57.041118069071885 ], [ 15.879785597403783, 56.104301866268663 ], [ 14.666681349352075, 56.200885118222175 ], [ 14.100721062891465, 55.407781073622651 ], [ 12.942910597392057, 55.361737372450577 ], [ 12.625100538797028, 56.30708018658197 ], [ 11.787942335668674, 57.441817125063068 ], [ 11.027368605196868, 58.856149400459358 ] ] ] ] } },
{ "type": "Feature", "properties": { "id": null, "Zone": "смешанных лесов" }, "geometry": { "type": "MultiPolygon", "coordinates": [ [ [ [ 9.600496318718051, 60.158650330603393 ], [ 10.277756367307298, 60.304521725684154 ], [ 10.736209323275403, 60.450393120764915 ], [ 13.997476941866703, 60.023198320885584 ], [ 15.664578599932543, 60.169069715966344 ], [ 17.119554884518124, 61.341165676510968 ], [ 17.831346062906391, 60.636583360427409 ], [ 18.787721795332089, 60.081914374422595 ], [ 17.86922488777634, 58.953766181058697 ], [ 16.829185011470088, 58.719826972073392 ], [ 16.447709588291474, 57.041118069071885 ], [ 11.027368605196868, 58.856149400459358 ], [ 10.356556837616067, 59.469807033925356 ], [ 8.382000359743586, 58.313288479233215 ], [ 7.048748406613271, 58.078884182357285 ], [ 6.412164397667132, 58.32483850673097 ], [ 6.412164397667132, 58.32483850673097 ], [ 6.912294895086884, 58.533226213989202 ], [ 7.662490641216512, 58.897904701691104 ], [ 7.870878348474742, 59.408454584473766 ], [ 8.037588514281325, 59.87732692580478 ], [ 8.287653762991201, 60.085714633063013 ], [ 8.933655655491714, 60.148230945240485 ], [ 9.600496318718051, 60.158650330603393 ] ] ] ] } },
{ "type": "Feature", "properties": { "id": null, "Zone": "тундры" }, "geometry": { "type": "MultiPolygon", "coordinates": [ [ [ [ 26.964402026010056, 70.562406615470593 ], [ 28.165547316202943, 71.185474351680554 ], [ 31.293418409965454, 70.453787746859902 ], [ 30.005435011522792, 70.186258856884891 ], [ 31.101042202597625, 69.558101088056219 ], [ 31.10108, 69.558110000000113 ], [ 32.132720000000177, 69.905950000000189 ], [ 33.77547, 69.301420000000121 ], [ 36.51396, 69.06342 ], [ 40.292340000000138, 67.9324 ], [ 41.05987, 67.45713000000012 ], [ 41.125950000000103, 66.79158 ], [ 38.967533964084097, 67.478268548048803 ], [ 37.092044598760026, 68.040915357646014 ], [ 34.758102277467856, 68.374335689259183 ], [ 32.215772248917446, 68.832788645227282 ], [ 30.632025673754903, 69.124531435388803 ], [ 28.881568932785772, 70.020598576599184 ], [ 26.964402026010056, 70.562406615470593 ] ] ] ] } },
{ "type": "Feature", "properties": { "id": null, "Zone": "лесотундры" }, "geometry": { "type": "MultiPolygon", "coordinates": [ [ [ [ 25.229574363085288, 69.859098103473997 ], [ 26.964402026010056, 70.562406615470593 ], [ 28.881568932785772, 70.020598576599184 ], [ 30.200047883758277, 69.345662923125175 ], [ 30.632025673754903, 69.124531435388803 ], [ 32.215772248917446, 68.832788645227282 ], [ 34.758102277467856, 68.374335689259183 ], [ 37.092044598760026, 68.040915357646014 ], [ 38.967533964084097, 67.478268548048803 ], [ 41.125950000000103, 66.79158 ], [ 40.01583, 66.266180000000134 ], [ 38.321532071583576, 66.707234031193337 ], [ 36.466881476985336, 67.16568698716145 ], [ 33.382743409563531, 67.644978713855394 ], [ 30.402799195770847, 67.895043962565268 ], [ 28.110534415930317, 68.249303064904254 ], [ 26.776853089477648, 68.95782126958224 ], [ 25.229574363085288, 69.859098103473997 ] ] ] ] } },
{ "type": "Feature", "properties": { "id": null, "Zone": "хвойных лесов (тайги)" }, "geometry": { "type": "MultiPolygon", "coordinates": [ [ [ [ 10.736209323275403, 60.450393120764915 ], [ 11.992064243221563, 61.80036245385655 ], [ 13.059732259204667, 62.940626222500761 ], [ 13.476507673721125, 63.524111802823803 ], [ 15.101931790335319, 64.649405422018248 ], [ 17.769294443240661, 66.608249870245601 ], [ 20.936787593565754, 68.025286279601573 ], [ 22.324113789067798, 68.46611385300973 ], [ 23.662049594830759, 68.891247463650544 ], [ 25.229574363085288, 69.859098103473997 ], [ 25.92952051435287, 69.451385362163293 ], [ 26.776853089477648, 68.95782126958224 ], [ 28.110534415930317, 68.249303064904254 ], [ 29.041757848395026, 68.105386716250621 ], [ 30.402799195770847, 67.895043962565268 ], [ 33.382743409563531, 67.644978713855394 ], [ 36.466881476985336, 67.16568698716145 ], [ 38.321532071583576, 66.707234031193337 ], [ 40.01583, 66.266180000000134 ], [ 38.38295, 65.999530000000107 ], [ 33.918710000000146, 66.75961 ], [ 33.18444, 66.63253 ], [ 34.814770000000124, 65.900150000000167 ], [ 34.878574253078739, 65.436212877048206 ], [ 34.94391, 64.41437000000019 ], [ 36.23129, 64.10945 ], [ 37.01273, 63.849830000000111 ], [ 37.141970000000185, 64.33471 ], [ 36.539579035089787, 64.76446 ], [ 37.17604, 65.143220000000156 ], [ 39.59345, 64.520790000000204 ], [ 40.4356, 64.76446 ], [ 39.762600000000191, 65.49682 ], [ 40.97587049278534, 66.009135211878302 ], [ 42.697673924006388, 65.790328119257182 ], [ 44.677357142959572, 65.790328119257182 ], [ 46.802911756993517, 65.977877055789577 ], [ 49.428596868447222, 66.227942304499464 ], [ 52.28350845788497, 66.144587221596183 ], [ 55.430162837484247, 65.977877055789591 ], [ 58.035009178212121, 65.68613426562807 ], [ 61.744310367408609, 65.561101641273154 ], [ 60.306435187326827, 64.935938519498464 ], [ 59.59791698264884, 64.206581544094661 ], [ 59.222819109584023, 63.331353173610097 ], [ 59.076947714503262, 62.351930949496413 ], [ 58.847721236519213, 61.184959788850328 ], [ 58.660172299986804, 59.851278462397659 ], [ 58.7435273828901, 59.246954111348785 ], [ 59.222819109584023, 59.017727633364736 ], [ 59.973014855713657, 59.351147964977905 ], [ 60.368951499504291, 60.03882739893006 ], [ 60.619016748214165, 61.122443476672856 ], [ 60.660694289665813, 62.289414637318941 ], [ 60.744049372569108, 63.206320549255153 ], [ 61.077469704182278, 64.039871378288083 ], [ 61.911020533215193, 64.519163104981999 ], [ 62.890442757328877, 65.060971143853408 ], [ 63.682316044910152, 64.373291709901252 ], [ 64.661738269023829, 64.0607101490139 ], [ 65.828709429669914, 64.164904002643013 ], [ 68.204329292413746, 64.581679417159435 ], [ 69.996463574834507, 64.873422207320957 ], [ 72.392922208304157, 64.540001875707787 ], [ 75.789641836613328, 63.977355066110562 ], [ 78.498682030970315, 64.102387690465505 ], [ 85.333798829040248, 65.748650577805535 ], [ 88.001161481945587, 66.498846323935155 ], [ 90.710201676302574, 66.290458616676929 ], [ 92.210593168561829, 65.706973036353887 ], [ 94.752923197112239, 65.248520080385788 ], [ 98.337191761953832, 64.998454831675886 ], [ 101.421329829375637, 65.040132373127534 ], [ 103.130109028893116, 64.456646792804491 ], [ 103.713594609216173, 64.498324334256125 ], [ 104.192886335910089, 64.790067124417646 ], [ 104.151208794458455, 65.123487456030816 ], [ 108.902448519946091, 65.227681309659943 ], [ 112.590910938416741, 64.810905895143478 ], [ 114.883175718257263, 64.602518187885238 ], [ 120.759709062939351, 64.852583436595125 ], [ 125.761014037136704, 65.295407314518471 ], [ 126.448693471088873, 64.774438046372893 ], [ 127.198889217218493, 64.461856485485541 ], [ 127.990762504799775, 64.170113695324019 ], [ 129.053539811816734, 63.857532134436681 ], [ 130.137155889559551, 63.565789344275153 ], [ 131.262449508753974, 63.46159549064604 ], [ 132.679485918109947, 63.565789344275153 ], [ 133.304649039884623, 63.607466885726801 ], [ 133.929812161659328, 63.482434261371864 ], [ 134.346587576175779, 63.149013929758695 ], [ 135.59691381972516, 62.898948681048822 ], [ 136.30543202440316, 62.669722203064765 ], [ 136.659691126742075, 61.127653169353863 ], [ 136.618013585290441, 59.731455530723721 ], [ 136.347109565854737, 59.18964749185232 ], [ 135.909495380612441, 58.710355765158397 ], [ 134.867556844321285, 58.231064038464467 ], [ 132.658647147384045, 57.314158126528255 ], [ 130.595608845527607, 56.313897131688762 ], [ 128.949345958187564, 55.605378927010776 ], [ 127.553148319557437, 55.313636136849254 ], [ 127.05301782213769, 55.271958595397606 ], [ 126.823791344153634, 55.396991219752543 ], [ 126.990501509960211, 55.855444175720649 ], [ 127.428115695202493, 56.272219590237114 ], [ 128.991023499639226, 57.376674438705734 ], [ 129.470315226333156, 57.626739687415608 ], [ 129.637025392139748, 57.939321248302953 ], [ 129.51199276778479, 58.106031414109538 ], [ 129.282766289800747, 58.21022526773865 ], [ 128.90766841673593, 58.376935433545235 ], [ 127.928246192622254, 58.522806828625995 ], [ 125.886046661491591, 58.710355765158404 ], [ 124.656559188668012, 58.710355765158411 ], [ 124.07307360834497, 58.501968057900179 ], [ 123.531265569473561, 58.210225267738657 ], [ 122.947779989150519, 57.897643706851312 ], [ 122.364294408827476, 57.585062145963967 ], [ 121.676614974875321, 57.251641814350798 ], [ 121.301517101810504, 57.230803043624974 ], [ 121.030613082374799, 57.418351980157382 ], [ 121.030613082374799, 57.689255999593087 ], [ 121.072290623826447, 58.001837560480425 ], [ 120.988935540923165, 58.439451745722714 ], [ 120.780547833664926, 58.647839452980939 ], [ 120.405449960600109, 58.710355765158411 ], [ 120.030352087535306, 58.689516994432587 ], [ 119.551060360841376, 58.689516994432587 ], [ 119.030091092695798, 58.772872077335883 ], [ 118.654993219630981, 58.939582243142468 ], [ 118.217379034388699, 59.231325033303989 ], [ 117.508860829710713, 59.502229052739686 ], [ 116.696148771403614, 59.668939218546271 ], [ 115.675049005838289, 59.502229052739686 ], [ 115.112402196241064, 59.37719642838475 ], [ 114.86233694753119, 59.189647491852341 ], [ 114.966530801160303, 58.877065930964996 ], [ 115.091563425515247, 58.772872077335883 ], [ 115.383306215676768, 58.585323140803474 ], [ 115.883436713096515, 58.41861297499689 ], [ 116.383567210516276, 58.251902809190305 ], [ 116.758665083581093, 58.147708955561193 ], [ 117.508860829710713, 57.960160019028784 ], [ 117.88395870277553, 57.814288623948023 ], [ 118.008991327130474, 57.543384604512326 ], [ 117.800603619872234, 56.9807377949151 ], [ 117.508860829710713, 56.688995004753579 ], [ 116.967052790839318, 56.334735902414586 ], [ 116.654471229951966, 55.87628294644648 ], [ 116.487761064145388, 55.688734009914072 ], [ 116.091824420354754, 55.626217697736607 ], [ 115.633371464386641, 55.751250322091543 ], [ 115.174918508418529, 56.042993112253065 ], [ 114.841498176805374, 56.418090985317882 ], [ 114.403883991563077, 56.730672546205227 ], [ 113.862075952691683, 56.897382712011812 ], [ 113.195235289465344, 57.043254107092572 ], [ 112.507555855513189, 57.043254107092572 ], [ 112.257490606803316, 57.147447960721685 ], [ 112.236651836077499, 57.355835667979918 ], [ 112.320006918980781, 57.626739687415615 ], [ 112.236651836077499, 57.793449853222199 ], [ 111.736521338657738, 57.960160019028784 ], [ 111.236390841237991, 57.814288623948023 ], [ 110.632066490189118, 57.501707063060678 ], [ 110.194452304946836, 57.251641814350805 ], [ 109.673483036801258, 56.939060253463452 ], [ 108.339801710348581, 56.543123609672818 ], [ 106.881087759540989, 55.292797366123466 ], [ 106.818571447363524, 54.542601619993839 ], [ 106.964442842444285, 54.250858829832318 ], [ 107.589605964218975, 54.10498743475155 ], [ 108.631544500510117, 54.250858829832318 ], [ 108.902448519945821, 54.000793581122437 ], [ 108.860770978494173, 53.500663083702683 ], [ 107.839671212928991, 52.656692869306916 ], [ 106.901926530266962, 52.094046059709697 ], [ 106.11005324268568, 51.593915562289943 ], [ 105.568245203814286, 51.23965645995095 ], [ 104.984759623491243, 50.968752440515253 ], [ 104.432532199256954, 50.760364733257049 ], [ 104.13037002373251, 50.614493338176281 ], [ 103.838627233570833, 50.604073952813266 ], [ 103.536465058046559, 50.708267806442485 ], [ 103.421851819054382, 50.874977972248963 ], [ 103.307238580062503, 51.041688138055648 ], [ 103.234302882521973, 51.270914616039605 ], [ 103.150947799618677, 51.812722654910999 ], [ 103.025915175263748, 52.125304215798344 ], [ 102.734172385102227, 52.417047005959866 ], [ 101.67139507808524, 52.917177503379619 ], [ 97.9412551181629, 54.292536371283958 ], [ 97.003510435500871, 54.542601619993839 ], [ 95.419763860338321, 54.625956702897128 ], [ 94.065243763159827, 54.500924078542191 ], [ 91.986576383259205, 54.855183180881419 ], [ 91.819866217452628, 55.105248429591299 ], [ 91.903221300355924, 55.355313678301172 ], [ 92.069931466162501, 55.709572780640165 ], [ 91.77818867600098, 55.87628294644675 ], [ 91.382252032210346, 55.87628294644675 ], [ 90.715411368984007, 55.77208909281763 ], [ 90.34031349591919, 55.688734009914342 ], [ 90.090248247209317, 55.834605404995102 ], [ 90.507023661725782, 56.105509424430799 ], [ 91.132186783500472, 56.293058360963208 ], [ 91.569800968742754, 56.605639921850553 ], [ 91.590639739468571, 56.980737794915363 ], [ 91.403090802936163, 57.168286731447772 ], [ 91.007154159145529, 57.334996897254356 ], [ 90.0694094764835, 57.501707063060941 ], [ 89.173342335273105, 57.35583566798018 ], [ 88.318952735514358, 57.022415336367011 ], [ 87.693789613739668, 56.876543941286251 ], [ 87.256175428497386, 57.022415336367011 ], [ 86.818561243255104, 57.605900916690054 ], [ 86.110043038577118, 57.835127394674124 ], [ 85.193137126640906, 57.855966165399948 ], [ 83.984488424543173, 57.605900916690075 ], [ 82.942549888252017, 57.334996897254378 ], [ 81.129576835105425, 57.001576565641209 ], [ 79.170732386878058, 56.876543941286272 ], [ 77.399436875183113, 56.668156234028039 ], [ 76.440853421795254, 56.18886450733411 ], [ 75.607302592762323, 56.084670653704997 ], [ 74.846687461269795, 56.251380819511574 ], [ 74.554944671108274, 56.4597685267698 ], [ 73.836007081067379, 56.595220536487652 ], [ 73.127488876389393, 56.53270422431018 ], [ 72.189744193727364, 56.376413443866511 ], [ 71.345773979331526, 56.23054204878575 ], [ 70.376771140580743, 56.23054204878575 ], [ 69.105606126305531, 56.188864507334102 ], [ 67.365568770699312, 55.834605404995109 ], [ 66.584114868480953, 55.740830936728912 ], [ 66.229855766141952, 55.886702331809651 ], [ 66.031887444246635, 56.011734956164588 ], [ 66.000629288157896, 56.303477746326116 ], [ 66.167339453964473, 56.595220536487638 ], [ 66.459082244125995, 56.959899024189539 ], [ 66.448662858763086, 57.1057704192703 ], [ 66.209016995416121, 57.17870611681068 ], [ 65.46924063464941, 57.209964272899413 ], [ 64.489818410535733, 57.157867346084856 ], [ 63.322847249889641, 56.918221482737891 ], [ 61.197292635855703, 56.240961434148645 ], [ 59.92091792889903, 55.657475853825588 ], [ 59.941756699624875, 55.923170180579838 ], [ 60.014692397165255, 56.267009897555909 ], [ 59.983434241076523, 56.506655760902881 ], [ 59.894869465491773, 56.626478692576356 ], [ 59.780256226499723, 56.70462408279819 ], [ 59.644804216781893, 56.741091931568384 ], [ 59.504142514382593, 56.756721009612761 ], [ 59.373900197346195, 56.756721009612747 ], [ 59.238448187628329, 56.72025316084256 ], [ 59.123834948636322, 56.683785312072366 ], [ 59.014431402325741, 56.610849614531986 ], [ 58.660172299986755, 56.652527155983634 ], [ 58.160041802567001, 56.590010843806169 ], [ 56.868038017565979, 55.902331409854007 ], [ 55.701066856919887, 55.548072307515014 ], [ 54.033965198854048, 55.860653868402359 ], [ 51.262408692319596, 56.173235429289683 ], [ 49.887049824415271, 56.214912970741331 ], [ 47.303042254413228, 56.089880346386394 ], [ 43.760451231023318, 56.131557887838035 ], [ 39.759407251665309, 56.965108716870958 ], [ 36.008428521017166, 57.756982004452226 ], [ 33.299388326660193, 57.923692170258839 ], [ 32.069900853836643, 57.756982004452254 ], [ 30.069378864157635, 57.569433067919846 ], [ 28.485632288995085, 57.861175858081367 ], [ 27.579408992264554, 58.223665176773579 ], [ 26.089173655525443, 58.819759311469227 ], [ 24.604214308376186, 59.465853786855021 ], [ 25.864189080516638, 59.611090399811332 ], [ 27.050845929267609, 59.448719157989487 ], [ 27.98112, 59.475370000000112 ], [ 27.981126857000987, 59.475373334325269 ], [ 29.1177, 60.028050000000121 ], [ 28.070001921525666, 60.503519127968232 ], [ 28.069997592895277, 60.503516547275837 ], [ 26.255172967236973, 60.423960679762502 ], [ 24.496623976344523, 60.057316392651657 ], [ 22.869694858499457, 59.846373196036225 ], [ 22.290763787533592, 60.391921291741539 ], [ 21.322244093519316, 60.720169989659524 ], [ 21.544866163832694, 61.705329494871791 ], [ 21.059211053153689, 62.60739329695874 ], [ 21.536029493910803, 63.18973501245587 ], [ 22.442744174903993, 63.817810370531291 ], [ 24.730511508897536, 64.902343655040838 ], [ 25.398067661243942, 65.111426500093742 ], [ 25.294043003040404, 65.534346421970454 ], [ 23.903378533633802, 66.006927395279618 ], [ 22.18317345550193, 65.723740546320172 ], [ 21.21351687997722, 65.026005357515274 ], [ 21.369631381930958, 64.413587958424287 ], [ 19.77887576669022, 63.609554348395037 ], [ 17.847779168375212, 62.74940013289681 ], [ 17.119554884518124, 61.341165676510968 ], [ 15.664578599932543, 60.169069715966344 ], [ 13.997476941866703, 60.023198320885584 ], [ 10.736209323275403, 60.450393120764915 ] ] ] ] } },
{ "type": "Feature", "properties": { "id": null, "Zone": "области высотной поясности" }, "geometry": { "type": "MultiPolygon", "coordinates": [ [ [ [ 61.744310367408609, 65.561101641273154 ], [ 63.109249849950082, 66.238361689862344 ], [ 63.796929283902237, 66.634298333652978 ], [ 63.901123137531357, 66.946879894540331 ], [ 63.901123137531357, 67.738753182121599 ], [ 63.901123137531357, 68.113851055186416 ], [ 64.380414864225287, 68.447271386799571 ], [ 65.338998317613132, 68.30139999171881 ], [ 66.443453166081753, 67.697075640669951 ], [ 66.464291936807584, 67.217783913976021 ], [ 65.985000210113654, 66.801008499459556 ], [ 64.818029049467569, 66.217522919136513 ], [ 63.505186493740716, 65.446488402281076 ], [ 62.890442757328877, 65.060971143853408 ], [ 61.911020533215193, 64.519163104981999 ], [ 61.077469704182278, 64.039871378288083 ], [ 60.744049372569108, 63.206320549255153 ], [ 60.660694289665813, 62.289414637318941 ], [ 60.619016748214165, 61.122443476672856 ], [ 60.368951499504291, 60.03882739893006 ], [ 59.973014855713657, 59.351147964977905 ], [ 59.222819109584023, 59.017727633364736 ], [ 58.7435273828901, 59.246954111348785 ], [ 58.660172299986804, 59.851278462397659 ], [ 58.847721236519213, 61.184959788850328 ], [ 59.076947714503262, 62.351930949496413 ], [ 59.222819109584023, 63.331353173610097 ], [ 59.59791698264884, 64.206581544094661 ], [ 60.306435187326827, 64.935938519498464 ], [ 61.744310367408609, 65.561101641273154 ] ] ] ] } },
{ "type": "Feature", "properties": { "id": null, "Zone": "лесотундры" }, "geometry": { "type": "MultiPolygon", "coordinates": [ [ [ [ 63.901123137531357, 68.113851055186416 ], [ 63.901123137531357, 66.946879894540331 ], [ 63.796929283902237, 66.634298333652978 ], [ 63.109249849950082, 66.238361689862344 ], [ 61.744310367408609, 65.561101641273154 ], [ 58.035009178212121, 65.68613426562807 ], [ 55.430162837484247, 65.977877055789591 ], [ 52.28350845788497, 66.144587221596183 ], [ 49.428596868447222, 66.227942304499464 ], [ 46.802911756993517, 65.977877055789577 ], [ 44.677357142959572, 65.790328119257182 ], [ 42.697673924006388, 65.790328119257182 ], [ 40.980304768298708, 66.008571703341048 ], [ 42.093090000000132, 66.47623 ], [ 43.01604, 66.418580000000134 ], [ 43.949750000000108, 66.06908 ], [ 44.53226, 66.756340000000137 ], [ 44.875325464854974, 66.853105426274098 ], [ 45.562020000000132, 67.010050000000149 ], [ 46.349150000000122, 66.667670000000101 ], [ 47.89416000000017, 66.884550000000104 ], [ 48.13876, 67.52238 ], [ 48.825574940568792, 67.310255959071924 ], [ 49.626565190342617, 67.21257422129456 ], [ 52.981607277200133, 67.196945143250218 ], [ 56.982651256558128, 67.176106372524373 ], [ 59.295754807124482, 67.301138996879317 ], [ 61.442148191884243, 67.530365474863373 ], [ 63.901123137531357, 68.113851055186416 ] ] ] ] } },
{ "type": "Feature", "properties": { "id": null, "Zone": "тундры" }, "geometry": { "type": "MultiPolygon", "coordinates": [ [ [ [ 43.45282, 68.57079 ], [ 46.250000000000114, 68.25 ], [ 46.82134, 67.68997 ], [ 45.55517, 67.56652 ], [ 45.562020000000132, 67.010050000000149 ], [ 44.53226, 66.756340000000137 ], [ 43.69839, 67.35245 ], [ 44.187950000000171, 67.950510000000122 ], [ 43.45282, 68.57079 ] ] ] ] } },
{ "type": "Feature", "properties": { "id": null, "Zone": "тундры" }, "geometry": { "type": "MultiPolygon", "coordinates": [ [ [ [ 48.13876, 67.52238 ], [ 50.227660000000128, 67.998670000000175 ], [ 53.717430000000149, 68.857380000000148 ], [ 54.47171, 68.80815 ], [ 53.48582000000016, 68.20131 ], [ 54.72628, 68.09702 ], [ 55.442680000000109, 68.43866 ], [ 57.31702, 68.46628 ], [ 58.802000000000135, 68.88082 ], [ 59.941420000000107, 68.27844 ], [ 61.077840000000208, 68.94069 ], [ 60.03, 69.52 ], [ 60.55, 69.85 ], [ 63.504000000000133, 69.54739 ], [ 64.888115, 69.234835 ], [ 68.512160000000165, 68.092330000000118 ], [ 69.180680000000109, 68.615630000000124 ], [ 68.16444, 69.14436 ], [ 68.13522, 69.356490000000122 ], [ 66.930080000000146, 69.454610000000116 ], [ 67.25976, 69.92873 ], [ 66.724920000000168, 70.708890000000167 ], [ 66.69466, 71.028970000000186 ], [ 68.010268240029603, 70.842427597098947 ], [ 70.026419307752974, 70.842427597098947 ], [ 71.698730658500281, 71.029976533631356 ], [ 72.47011, 71.09019 ], [ 72.79188, 70.39114 ], [ 72.56470000000013, 69.02085 ], [ 73.66787, 68.4079 ], [ 73.2387, 67.7404 ], [ 72.370781014408081, 67.130521561561778 ], [ 71.495552643923517, 67.224296029827983 ], [ 69.74509590295439, 67.146150639606134 ], [ 67.494508664565501, 67.224296029827968 ], [ 66.464291936807584, 67.217783913976021 ], [ 66.443453166081753, 67.697075640669951 ], [ 65.338998317613132, 68.30139999171881 ], [ 64.380414864225287, 68.447271386799571 ], [ 63.901123137531357, 68.113851055186416 ], [ 61.442148191884243, 67.530365474863373 ], [ 59.295754807124482, 67.301138996879317 ], [ 56.982651256558128, 67.176106372524373 ], [ 52.981607277200133, 67.196945143250218 ], [ 49.626565190342617, 67.21257422129456 ], [ 48.825574940568792, 67.310255959071924 ], [ 48.13876, 67.52238 ] ] ] ] } },
{ "type": "Feature", "properties": { "id": null, "Zone": "арктических пустынь" }, "geometry": { "type": "MultiPolygon", "coordinates": [ [ [ [ 73.46481647751375, 71.22534000918607 ], [ 73.1011, 71.447170000000199 ], [ 74.89082000000019, 72.121190000000126 ], [ 74.65926, 72.83227 ], [ 75.158010000000104, 72.854970000000151 ], [ 75.683510000000126, 72.300560000000132 ], [ 75.28898, 71.3355600000001 ], [ 73.46481647751375, 71.22534000918607 ] ] ] ] } },
{ "type": "Feature", "properties": { "id": null, "Zone": "арктических пустынь" }, "geometry": { "type": "MultiPolygon", "coordinates": [ [ [ [ 72.47011, 71.09019 ], [ 71.698730658500281, 71.029976533631356 ], [ 70.026419307752974, 70.842427597098947 ], [ 68.010268240029603, 70.842427597098947 ], [ 66.69466, 71.028970000000186 ], [ 68.54006, 71.934500000000185 ], [ 69.19636, 72.843360000000189 ], [ 69.94, 73.04 ], [ 72.58754, 72.776290000000131 ], [ 72.79603, 72.22006 ], [ 71.84811, 71.40898 ], [ 72.47011, 71.09019 ] ] ] ] } },
{ "type": "Feature", "properties": { "id": null, "Zone": "тундры" }, "geometry": { "type": "MultiPolygon", "coordinates": [ [ [ [ 73.920990000000131, 66.789460000000133 ], [ 74.186510000000112, 67.28429 ], [ 75.052, 67.760470000000112 ], [ 74.469260000000133, 68.32899 ], [ 74.93584, 68.98918 ], [ 73.84236, 69.07146 ], [ 73.60187000000019, 69.62763 ], [ 74.3998, 70.63175 ], [ 73.1011, 71.447170000000199 ], [ 73.46481647751375, 71.22534000918607 ], [ 75.28898, 71.3355600000001 ], [ 76.35911, 71.152870000000178 ], [ 79.271018970996266, 71.514477953006846 ], [ 81.5, 71.75 ], [ 85.366359408299502, 72.420964479580149 ], [ 92.962091337861978, 73.389967318330946 ], [ 98.2447197168581, 74.390228313170439 ], [ 105.058997744202244, 75.109165903211334 ], [ 108.028522572632028, 75.046649591033869 ], [ 110.151250000000118, 74.47673 ], [ 109.4, 74.18 ], [ 110.64, 74.04 ], [ 112.11919, 73.787740000000156 ], [ 113.019540000000234, 73.976930000000152 ], [ 113.529580000000237, 73.335050000000138 ], [ 115.249156629129658, 72.702287884378762 ], [ 121.31323891034414, 71.733285045628023 ], [ 124.439054519217592, 71.311299938430096 ], [ 124.01706941201968, 71.076863767764593 ], [ 123.298131821978785, 70.889314831232184 ], [ 121.907143876030105, 71.014347455587128 ], [ 118.750070111067913, 71.326929016474452 ], [ 115.374189253484587, 71.670768733450529 ], [ 109.247590660092627, 72.858578664822417 ], [ 105.871709802509301, 73.139902069621016 ], [ 101.15172823311039, 73.23367653788722 ], [ 95.275194888428274, 72.483480791757628 ], [ 92.712026089152062, 71.889575826071678 ], [ 89.711243104633539, 70.983089299498374 ], [ 85.460133876565649, 69.795279368126458 ], [ 81.896704082449915, 68.763760217198225 ], [ 79.989956561037118, 68.029193549112961 ], [ 79.099099112508185, 67.591579363870679 ], [ 77.161093435006649, 67.216481490805862 ], [ 75.488782084259356, 66.935158086007249 ], [ 73.920990000000131, 66.789460000000133 ] ] ] ] } },
{ "type": "Feature", "properties": { "id": null, "Zone": "арктических пустынь" }, "geometry": { "type": "MultiPolygon", "coordinates": [ [ [ [ 76.35911, 71.152870000000178 ], [ 75.903130000000147, 71.87401 ], [ 77.57665, 72.26717 ], [ 79.652020000000107, 72.32011 ], [ 81.5, 71.75 ], [ 76.35911, 71.152870000000178 ] ] ] ] } },
{ "type": "Feature", "properties": { "id": null, "Zone": "арктических пустынь" }, "geometry": { "type": "MultiPolygon", "coordinates": [ [ [ [ 81.5, 71.75 ], [ 80.61071, 72.582850000000121 ], [ 80.51109, 73.6482 ], [ 82.25, 73.850000000000136 ], [ 84.65526, 73.80591000000021 ], [ 86.822300000000155, 73.93688 ], [ 86.00956, 74.459670000000187 ], [ 87.166820000000143, 75.11643 ], [ 88.31571, 75.14393 ], [ 90.26, 75.64 ], [ 92.90058, 75.773330000000101 ], [ 93.23421, 76.0472 ], [ 95.860000000000184, 76.1400000000001 ], [ 96.67821, 75.91548 ], [ 98.92254000000014, 76.44689 ], [ 100.759670000000142, 76.43028 ], [ 101.03532, 76.86189 ], [ 101.990840000000105, 77.287540000000149 ], [ 104.351600000000133, 77.69792 ], [ 106.066640000000177, 77.37389 ], [ 104.705000000000155, 77.1274 ], [ 106.97013, 76.97419 ], [ 107.240000000000123, 76.48 ], [ 108.153800000000103, 76.72335 ], [ 111.077260000000194, 76.71 ], [ 113.33151, 76.22224 ], [ 114.13417, 75.84764 ], [ 113.88539, 75.327790000000164 ], [ 112.77918, 75.031860000000108 ], [ 110.151250000000118, 74.47673 ], [ 108.028522572632028, 75.046649591033869 ], [ 105.058997744202244, 75.109165903211334 ], [ 98.2447197168581, 74.390228313170439 ], [ 92.962091337861978, 73.389967318330946 ], [ 85.366359408299502, 72.420964479580149 ], [ 81.5, 71.75 ] ] ] ] } },
{ "type": "Feature", "properties": { "id": null, "Zone": "арктических пустынь" }, "geometry": { "type": "MultiPolygon", "coordinates": [ [ [ [ 93.31288, 79.4265 ], [ 97.88385, 80.746975 ], [ 100.186655, 79.780135 ], [ 99.93976, 78.88094 ], [ 97.75794, 78.7562 ], [ 94.97259, 79.044745 ], [ 93.31288, 79.4265 ] ] ] ] } },
{ "type": "Feature", "properties": { "id": null, "Zone": "тундры" }, "geometry": { "type": "MultiPolygon", "coordinates": [ [ [ [ 54.427613559797578, 73.6275475124976 ], [ 56.986785516188029, 73.333043524866227 ], [ 55.419335971910925, 72.371267605266027 ], [ 55.622837762276333, 71.540594794390316 ], [ 57.535692579992315, 70.720463975702117 ], [ 56.944979282463883, 70.632743231886664 ], [ 53.677375115784173, 70.762657782668455 ], [ 53.412016635965394, 71.206661688920221 ], [ 51.601894565645665, 71.474759019650449 ], [ 51.455753615124216, 72.014881089965129 ], [ 52.478275180883543, 72.229441636840974 ], [ 52.444168735570877, 72.774731350384812 ], [ 54.427613559797578, 73.6275475124976 ] ] ] ] } },
{ "type": "Feature", "properties": { "id": null, "Zone": "арктических пустынь" }, "geometry": { "type": "MultiPolygon", "coordinates": [ [ [ [ 61.170044386647476, 76.251883450008123 ], [ 57.906069284346266, 75.077907747122566 ], [ 56.986785516188029, 73.333043524866227 ], [ 54.427613559797578, 73.6275475124976 ], [ 53.50828982932515, 73.749813951300197 ], [ 55.902458937407658, 74.627486477345357 ], [ 55.631932814359686, 75.081412258597183 ], [ 61.170044386647476, 76.251883450008123 ] ] ] ] } },
{ "type": "Feature", "properties": { "id": null, "Zone": "тундры" }, "geometry": { "type": "MultiPolygon", "coordinates": [ [ [ [ 150.680276555710236, 70.576733270344846 ], [ 149.992597121758081, 70.107860929013825 ], [ 150.05511343393556, 69.826537524215226 ], [ 150.649018399621497, 69.482697807239134 ], [ 151.930602799259617, 69.107599934174331 ], [ 152.93086379409911, 68.701243905020775 ], [ 153.493510603696336, 68.232371563689767 ], [ 153.462252447607597, 67.826015534536211 ], [ 153.055896418454068, 67.763499222358746 ], [ 151.961860955348357, 68.076080783246084 ], [ 150.742792867887715, 68.451178656310901 ], [ 148.773529034297439, 69.045083621996852 ], [ 146.679232576352234, 69.607730431594078 ], [ 144.991292147560557, 70.264151709457508 ], [ 143.20957725050269, 70.67050773861105 ], [ 141.740443914332189, 70.858056675143459 ], [ 150.680276555710236, 70.576733270344846 ] ] ] ] } },
{ "type": "Feature", "properties": { "id": null, "Zone": "арктических пустынь" }, "geometry": { "type": "MultiPolygon", "coordinates": [ [ [ [ 152.96890000000019, 70.84222 ], [ 150.680276555710236, 70.576733270344846 ], [ 141.740443914332189, 70.858056675143459 ], [ 138.98972617852354, 70.733024050788515 ], [ 133.355443543529276, 70.279780787501622 ], [ 131.214259851450947, 70.279780787501622 ], [ 124.439054519217592, 71.311299938430096 ], [ 121.31323891034414, 71.733285045628023 ], [ 115.249156629129658, 72.702287884378762 ], [ 113.529580000000237, 73.335050000000138 ], [ 113.96881, 73.59488 ], [ 115.56782, 73.75285 ], [ 118.776330000000144, 73.58772 ], [ 119.02, 73.12 ], [ 123.20066, 72.97122 ], [ 123.257770000000164, 73.73503 ], [ 125.380000000000109, 73.56 ], [ 126.97644, 73.565490000000125 ], [ 128.59126, 73.03871 ], [ 129.05157, 72.39872 ], [ 128.46, 71.98 ], [ 129.715990000000147, 71.19304000000011 ], [ 131.288580000000252, 70.786990000000117 ], [ 132.253500000000145, 71.836300000000108 ], [ 133.857660000000237, 71.386420000000101 ], [ 135.56193, 71.655250000000137 ], [ 137.49755, 71.34763 ], [ 138.234090000000151, 71.62803 ], [ 139.86983, 71.487830000000145 ], [ 139.14791, 72.416190000000142 ], [ 140.46817, 72.849410000000148 ], [ 149.5, 72.2 ], [ 150.351180000000113, 71.60643 ], [ 152.96890000000019, 70.84222 ] ] ] ] } },
{ "type": "Feature", "properties": { "id": null, "Zone": "области высотной поясности" }, "geometry": { "type": "MultiPolygon", "coordinates": [ [ [ [ 103.713594609216173, 64.498324334256125 ], [ 103.626330182879698, 64.492091160946373 ], [ 103.130109028893116, 64.456646792804491 ], [ 101.421329829375637, 65.040132373127534 ], [ 100.323387096758992, 65.653573686369072 ], [ 99.90140198956108, 65.856751700945836 ], [ 98.963657306899051, 66.091187871611353 ], [ 98.447897731434921, 65.95052616921204 ], [ 98.072799858370118, 65.637944608324702 ], [ 97.447636736595427, 65.559799218102867 ], [ 97.10379701961935, 65.669202764413427 ], [ 96.634924678288328, 65.95052616921204 ], [ 96.46300481980029, 66.372511276409952 ], [ 96.166052336957307, 66.794496383607878 ], [ 95.697179995626286, 66.857012695785343 ], [ 95.650292761493191, 66.669463759252935 ], [ 95.68155091758193, 66.528802056853635 ], [ 95.978503400424898, 66.122446027700079 ], [ 96.056648790646733, 65.762977232679631 ], [ 95.712809073670655, 65.528541062014128 ], [ 95.400227512783317, 65.544170140058498 ], [ 94.665660844698053, 65.919268013123315 ], [ 94.181159425322676, 66.372511276409952 ], [ 93.540367225503616, 66.857012695785343 ], [ 92.915204103728925, 66.700721915341674 ], [ 92.540106230664108, 66.481914822720526 ], [ 92.039975733244361, 66.184962339877558 ], [ 91.696136016268284, 66.231849574010653 ], [ 91.680506938223914, 66.669463759252935 ], [ 92.024346655199992, 67.044561632317752 ], [ 91.946201264978157, 67.310255959071995 ], [ 91.102231050582319, 67.24773964689453 ], [ 90.352035304452698, 67.200852412761421 ], [ 89.633097714411804, 67.294626881027625 ], [ 89.601839558323064, 67.544692129737498 ], [ 90.101970055742811, 67.810386456491742 ], [ 91.117860128626688, 68.01356447106852 ], [ 91.758652328445748, 68.232371563689668 ], [ 92.086862967377456, 68.544953124577006 ], [ 92.493218996530999, 69.013825465908027 ], [ 92.274411903909865, 69.232632558529161 ], [ 91.414812611469671, 69.201374402440436 ], [ 90.570842397073832, 69.29514887070664 ], [ 90.000381048454443, 69.373294260928461 ], [ 89.594025019300901, 69.654617665727073 ], [ 89.468992394945957, 69.967199226614412 ], [ 89.71905764365583, 70.107860929013711 ], [ 90.125413672809387, 70.15474816314682 ], [ 90.719318638495338, 70.107860929013711 ], [ 91.821168640623213, 70.09223185096937 ], [ 94.603144532520574, 69.701504899860154 ], [ 96.228568649134772, 69.701504899860154 ], [ 98.229090638813773, 69.982828304658767 ], [ 100.167096316315309, 70.045344616836232 ], [ 100.831332133200917, 70.060973694880644 ], [ 101.386164403775965, 69.857795680303823 ], [ 101.612786035419276, 69.467068729194693 ], [ 101.519011567153086, 68.966938231774947 ], [ 100.886033906356204, 68.451178656310773 ], [ 100.229612628492788, 68.263629719778365 ], [ 99.104319009298337, 68.513694968488238 ], [ 98.705777519167015, 68.404291422177721 ], [ 98.510414043612386, 68.169855251512161 ], [ 98.533857660678962, 67.826015534536126 ], [ 98.697962980144794, 67.57595028582621 ], [ 99.791998443250506, 66.950787164051519 ], [ 102.792781427769015, 65.981784325300751 ], [ 103.597678947053936, 65.630130069302496 ], [ 104.151208794458455, 65.123487456030816 ], [ 104.192886335910089, 64.790067124417646 ], [ 103.713594609216173, 64.498324334256125 ] ] ] ] } },
{ "type": "Feature", "properties": { "id": null, "Zone": "лесотундры" }, "geometry": { "type": "MultiPolygon", "coordinates": [ [ [ [ 66.464291936807584, 67.217783913976021 ], [ 72.370781014408081, 67.130521561561778 ], [ 73.2387, 67.7404 ], [ 71.28, 66.320000000000107 ], [ 72.42301, 66.17267000000021 ], [ 72.82077, 66.53267 ], [ 73.920990000000131, 66.789460000000133 ], [ 75.488782084259356, 66.935158086007249 ], [ 77.161093435006649, 67.216481490805862 ], [ 79.099099112508185, 67.591579363870679 ], [ 79.989956561037118, 68.029193549112961 ], [ 81.896704082449915, 68.763760217198225 ], [ 85.460133876565649, 69.795279368126458 ], [ 89.711243104633539, 70.983089299498374 ], [ 92.712026089152062, 71.889575826071678 ], [ 95.275194888428274, 72.483480791757628 ], [ 101.15172823311039, 73.23367653788722 ], [ 105.871709802509301, 73.139902069621016 ], [ 109.247590660092627, 72.858578664822417 ], [ 115.374189253484587, 71.670768733450529 ], [ 123.298131821978785, 70.889314831232184 ], [ 124.01706941201968, 71.076863767764593 ], [ 124.439054519217592, 71.311299938430096 ], [ 131.214259851450947, 70.279780787501622 ], [ 133.355443543529276, 70.279780787501622 ], [ 138.98972617852354, 70.733024050788515 ], [ 141.740443914332189, 70.858056675143459 ], [ 143.20957725050269, 70.67050773861105 ], [ 144.991292147560557, 70.264151709457508 ], [ 146.679232576352234, 69.607730431594078 ], [ 148.773529034297439, 69.045083621996852 ], [ 150.742792867887715, 68.451178656310901 ], [ 151.961860955348357, 68.076080783246084 ], [ 153.055896418454068, 67.763499222358746 ], [ 153.462252447607597, 67.826015534536211 ], [ 153.493510603696336, 68.232371563689767 ], [ 152.93086379409911, 68.701243905020775 ], [ 151.930602799259617, 69.107599934174331 ], [ 150.649018399621497, 69.482697807239134 ], [ 150.05511343393556, 69.826537524215226 ], [ 149.992597121758081, 70.107860929013825 ], [ 150.680276555710236, 70.576733270344846 ], [ 152.96890000000019, 70.84222 ], [ 157.00688, 71.03141 ], [ 158.99779, 70.86672 ], [ 159.830310000000168, 70.45324 ], [ 159.70866, 69.72198 ], [ 160.940530000000308, 69.437280000000101 ], [ 161.124407958858399, 68.843208030590034 ], [ 161.499505831923216, 68.426432616073583 ], [ 162.166346495149554, 68.197206138089527 ], [ 162.812348387650076, 68.093012284460414 ], [ 164.229384797005991, 67.629349635810627 ], [ 164.187707255554329, 67.441800699278218 ], [ 165.062935626038893, 67.212574221294176 ], [ 166.063196620878415, 67.004186514035936 ], [ 166.146551703781711, 66.837476348229359 ], [ 165.875647684346006, 66.524894787342006 ], [ 164.917064230958147, 66.149796914277204 ], [ 164.125190943376879, 66.128958143551372 ], [ 162.916542241279132, 66.379023392261246 ], [ 161.478667061197342, 66.64992741169695 ], [ 161.020214105229229, 66.629088640971119 ], [ 160.686793773616074, 66.399862162987077 ], [ 160.603438690712778, 65.962247977744795 ], [ 160.811826397971004, 65.607988875405795 ], [ 161.270279353939117, 65.191213460889344 ], [ 161.374473207568229, 64.691082963469583 ], [ 160.957697793051778, 64.190952466049836 ], [ 160.249179588373806, 63.857532134436667 ], [ 159.97827556893813, 63.857532134436667 ], [ 159.62401646659913, 64.10759738314654 ], [ 159.62401646659913, 64.607727880566301 ], [ 159.1447247399052, 65.024503295082752 ], [ 158.477884076678862, 65.357923626695921 ], [ 157.977753579259115, 65.712182729034907 ], [ 157.144202750226185, 66.253990767906316 ], [ 156.373168233370734, 66.233151997180485 ], [ 154.706066575304902, 65.733021499760738 ], [ 154.164258536433493, 65.524633792502513 ], [ 153.830838204820338, 65.232891002340992 ], [ 154.039225912078564, 64.941148212179456 ], [ 154.622711492401606, 64.982825753631104 ], [ 154.872776741111494, 65.024503295082752 ], [ 155.122841989821353, 64.941148212179456 ], [ 155.060325677643903, 64.524372797663005 ], [ 154.706066575304902, 64.086758612420724 ], [ 153.99754837062693, 63.44075671992023 ], [ 152.830577209980845, 62.523850807984019 ], [ 150.788377678850168, 61.690299978951103 ], [ 149.788116684010674, 61.565267354596166 ], [ 148.662823064816223, 61.731977520402751 ], [ 148.329402733203068, 62.06539785201592 ], [ 148.371080274654702, 62.315463100725793 ], [ 148.829533230622815, 62.565528349435667 ], [ 150.121537015623858, 63.06565884685542 ], [ 150.996765386108393, 63.39907917846859 ], [ 151.246830634818281, 63.899209675888343 ], [ 151.205153093366619, 64.482695256211386 ], [ 150.746700137398534, 64.982825753631133 ], [ 149.454696352397491, 65.607988875405823 ], [ 146.245525660620757, 66.441539704438739 ], [ 144.578424002554925, 66.441539704438739 ], [ 143.994938422231883, 66.024764289922288 ], [ 143.953260880780249, 65.482956251050894 ], [ 143.953260880780249, 65.149535919437724 ], [ 143.53648546626377, 64.732760504921259 ], [ 142.869644803037431, 64.691082963469611 ], [ 142.286159222714389, 64.816115587824555 ], [ 141.869383808197938, 65.232891002341006 ], [ 141.244220686423262, 66.233151997180514 ], [ 140.202282150132106, 66.983347743310148 ], [ 137.201499165613569, 68.066963821052937 ], [ 136.534658502387231, 68.358706611214458 ], [ 135.534397507547737, 68.462900464843571 ], [ 135.15929963448292, 68.191996445407867 ], [ 135.28433225883785, 67.48347824072988 ], [ 135.28433225883785, 66.920831431132669 ], [ 134.971750697950512, 66.691604953148612 ], [ 133.658908142223652, 66.337345850809626 ], [ 132.929551166819863, 66.087280602099753 ], [ 131.783418776899595, 65.378762397421767 ], [ 131.283288279479848, 65.295407314518471 ], [ 130.845674094237552, 65.733021499760753 ], [ 130.470576221172735, 66.462378475164556 ], [ 130.220510972462876, 67.295929304197486 ], [ 129.970445723752988, 67.983608738149641 ], [ 129.699541704317284, 68.608771859924332 ], [ 129.616186621414016, 69.4006451475056 ], [ 129.53283153851072, 69.838259332747882 ], [ 129.199411206897537, 70.130002122909403 ], [ 128.532570543671198, 70.317551059441811 ], [ 127.699019714638283, 70.255034747264347 ], [ 126.948823968508663, 69.963291957102825 ], [ 125.844369120040028, 68.879675879360022 ], [ 125.594303871330141, 68.379545381940275 ], [ 125.198367227539507, 67.69186594798812 ], [ 125.073334603184577, 66.670766182422796 ], [ 125.761014037136704, 65.295407314518471 ], [ 120.759709062939351, 64.852583436595125 ], [ 114.883175718257263, 64.602518187885238 ], [ 112.590910938416741, 64.810905895143478 ], [ 108.902448519946091, 65.227681309659943 ], [ 104.151208794458455, 65.123487456030816 ], [ 103.597678947053936, 65.630130069302496 ], [ 102.792781427769015, 65.981784325300751 ], [ 99.791998443250506, 66.950787164051519 ], [ 98.697962980144794, 67.57595028582621 ], [ 98.533857660678962, 67.826015534536126 ], [ 98.510414043612386, 68.169855251512161 ], [ 98.705777519167015, 68.404291422177721 ], [ 99.104319009298337, 68.513694968488238 ], [ 100.229612628492788, 68.263629719778365 ], [ 100.886033906356204, 68.451178656310773 ], [ 101.519011567153086, 68.966938231774947 ], [ 101.612786035419276, 69.467068729194693 ], [ 101.386164403775965, 69.857795680303823 ], [ 100.831332133200917, 70.060973694880644 ], [ 100.167096316315309, 70.045344616836232 ], [ 98.229090638813773, 69.982828304658767 ], [ 96.228568649134772, 69.701504899860154 ], [ 94.603144532520574, 69.701504899860154 ], [ 91.821168640623213, 70.09223185096937 ], [ 90.719318638495338, 70.107860929013711 ], [ 90.125413672809387, 70.15474816314682 ], [ 89.71905764365583, 70.107860929013711 ], [ 89.468992394945957, 69.967199226614412 ], [ 89.594025019300901, 69.654617665727073 ], [ 90.000381048454443, 69.373294260928461 ], [ 90.570842397073832, 69.29514887070664 ], [ 91.414812611469671, 69.201374402440436 ], [ 92.274411903909865, 69.232632558529161 ], [ 92.493218996530999, 69.013825465908027 ], [ 92.086862967377456, 68.544953124577006 ], [ 91.758652328445748, 68.232371563689668 ], [ 91.117860128626688, 68.01356447106852 ], [ 90.101970055742811, 67.810386456491742 ], [ 89.601839558323064, 67.544692129737498 ], [ 89.633097714411804, 67.294626881027625 ], [ 90.352035304452698, 67.200852412761421 ], [ 91.102231050582319, 67.24773964689453 ], [ 91.946201264978157, 67.310255959071995 ], [ 92.024346655199992, 67.044561632317752 ], [ 91.680506938223914, 66.669463759252935 ], [ 91.696136016268284, 66.231849574010653 ], [ 92.039975733244361, 66.184962339877558 ], [ 92.540106230664108, 66.481914822720526 ], [ 92.915204103728925, 66.700721915341674 ], [ 93.540367225503616, 66.857012695785343 ], [ 94.181159425322676, 66.372511276409952 ], [ 94.665660844698053, 65.919268013123315 ], [ 95.400227512783317, 65.544170140058498 ], [ 95.712809073670655, 65.528541062014128 ], [ 96.056648790646733, 65.762977232679631 ], [ 95.978503400424898, 66.122446027700079 ], [ 95.68155091758193, 66.528802056853635 ], [ 95.650292761493191, 66.669463759252935 ], [ 95.697179995626286, 66.857012695785343 ], [ 96.166052336957307, 66.794496383607878 ], [ 96.46300481980029, 66.372511276409952 ], [ 96.634924678288328, 65.95052616921204 ], [ 97.10379701961935, 65.669202764413427 ], [ 97.447636736595427, 65.559799218102867 ], [ 98.072799858370118, 65.637944608324702 ], [ 98.447897731434921, 65.95052616921204 ], [ 98.963657306899051, 66.091187871611353 ], [ 99.90140198956108, 65.856751700945836 ], [ 100.323387096758992, 65.653573686369072 ], [ 101.421329829375637, 65.040132373127534 ], [ 98.337191761953832, 64.998454831675886 ], [ 94.752923197112239, 65.248520080385788 ], [ 92.210593168561829, 65.706973036353887 ], [ 90.710201676302574, 66.290458616676929 ], [ 88.001161481945587, 66.498846323935155 ], [ 85.333798829040248, 65.748650577805535 ], [ 78.498682030970315, 64.102387690465505 ], [ 75.789641836613328, 63.977355066110562 ], [ 72.392922208304157, 64.540001875707787 ], [ 69.996463574834507, 64.873422207320957 ], [ 68.204329292413746, 64.581679417159435 ], [ 65.828709429669914, 64.164904002643013 ], [ 64.661738269023829, 64.0607101490139 ], [ 63.682316044910152, 64.373291709901252 ], [ 62.890442757328877, 65.060971143853408 ], [ 63.505186493740716, 65.446488402281076 ], [ 64.818029049467569, 66.217522919136513 ], [ 65.985000210113654, 66.801008499459556 ], [ 66.464291936807584, 67.217783913976021 ] ], [ [ 108.145740657964879, 71.248783626252433 ], [ 106.723494555927459, 71.467590718873581 ], [ 106.238993136552068, 71.217525470163693 ], [ 106.70786547788309, 70.701765894699577 ], [ 107.426803067923984, 70.326668021634759 ], [ 106.989188882681702, 70.045344616836161 ], [ 105.817008029354156, 69.764021212037548 ], [ 105.098070439313261, 69.52958504137203 ], [ 105.332506609978779, 69.076341778085379 ], [ 106.207734980463343, 68.810647451331135 ], [ 107.489319380101449, 68.669985748931836 ], [ 109.255405199114946, 68.576211280665632 ], [ 110.302553428087549, 68.544953124576892 ], [ 110.833942081596035, 68.998196387863544 ], [ 110.990232862039718, 69.764021212037548 ], [ 110.865200237684775, 70.373555255767869 ], [ 110.411956974398123, 70.811169441010151 ], [ 109.38043782346989, 71.076863767764394 ], [ 108.145740657964879, 71.248783626252433 ] ] ] ] } },
{ "type": "Feature", "properties": { "id": null, "Zone": "влажных экваториальных лесов" }, "geometry": { "type": "MultiPolygon", "coordinates": [ [ [ [ 95.293026157617291, 5.479820868344788 ], [ 97.484882033277103, 5.246320909033955 ], [ 98.369169142655664, 4.268370266126396 ], [ 99.142558628335806, 3.590349636240873 ], [ 99.693997837322414, 3.174328518075143 ], [ 100.641433546961622, 2.099381211755741 ], [ 101.658012323007341, 2.083697414555161 ], [ 102.498271112073226, 1.398700466310231 ], [ 103.07684044801303, 0.561361395668868 ], [ 103.838396030698362, 0.104541734208695 ], [ 103.437645298274902, -0.711945896002902 ], [ 104.010788608824043, -1.059211521004286 ], [ 104.369991489684892, -1.084843031421059 ], [ 104.539490187602212, -1.782371514496766 ], [ 104.887892694114015, -2.340425306816705 ], [ 105.622111444116968, -2.428843682468099 ], [ 106.108593377712651, -3.061776625178965 ], [ 105.85744591677414, -4.305524997579774 ], [ 105.817655063909399, -5.85235564537242 ], [ 104.710384149191441, -5.873284600450632 ], [ 103.868213332130779, -5.037314955264996 ], [ 102.584260695406897, -4.220258884298183 ], [ 102.156173130300999, -3.614146009946801 ], [ 101.399113397225065, -2.799777113459164 ], [ 100.902502882900151, -2.050262139497832 ], [ 100.141980828860653, -0.650347588710986 ], [ 99.263739862060277, 0.183141587724634 ], [ 98.970011020913262, 1.042882391764536 ], [ 98.601351352943055, 1.823506577965574 ], [ 97.699597609449853, 2.45318390544206 ], [ 97.176942173249842, 3.308790594898596 ], [ 96.424016554757259, 3.868859768077925 ], [ 95.380876092513503, 4.970782172053688 ], [ 95.293026157617291, 5.479820868344788 ] ], [ [ 98.260348794902654, 3.449843069787264 ], [ 97.353862268329351, 4.293813284183095 ], [ 96.822473614820865, 4.622023923114807 ], [ 96.400488507622953, 4.715798391381011 ], [ 96.197310493046174, 4.60639484507044 ], [ 96.13479418086871, 4.528249454848604 ], [ 96.228568649134914, 4.309442362227463 ], [ 97.447636736595555, 3.371697679565428 ], [ 97.979025390104042, 2.605872855391433 ], [ 98.651075746011841, 2.246404060370986 ], [ 98.901140994721715, 2.027596967749845 ], [ 99.135577165387218, 1.480579236196991 ], [ 99.370013336052736, 0.886674270511036 ], [ 99.885772911516852, 0.058333134159573 ], [ 101.136099155066233, -1.754639918987028 ], [ 102.011327525550797, -3.083111552758243 ], [ 102.573974335148023, -3.598871128222363 ], [ 103.246024691055808, -4.020856235420279 ], [ 103.558606251943147, -3.802049142799136 ], [ 103.324170081277643, -3.348805879512486 ], [ 102.370796320571245, -1.973447011608169 ], [ 100.792259438090156, 0.449060085268753 ], [ 99.370013336052736, 2.293291294504088 ], [ 98.82299560449988, 2.996599806500614 ], [ 98.260348794902654, 3.449843069787264 ] ] ] ] } },
{ "type": "Feature", "properties": { "id": null, "Zone": "влажных экваториальных лесов" }, "geometry": { "type": "MultiPolygon", "coordinates": [ [ [ [ 109.663260125773746, 2.006466986494956 ], [ 110.396135288537096, 1.663774725751395 ], [ 111.168852980597478, 1.850636704918813 ], [ 111.370081007942048, 2.697303371588859 ], [ 111.796928338672899, 2.885896511238059 ], [ 112.995614862115218, 3.102394924324855 ], [ 113.712935418758676, 3.893509426281156 ], [ 114.204016554828371, 4.525873928236805 ], [ 114.599961379048722, 4.900011298029966 ], [ 115.450710483869813, 5.447729803891534 ], [ 116.220741001451017, 6.143191229675566 ], [ 116.72510298061971, 6.924771429873999 ], [ 117.129626092600475, 6.92805288332454 ], [ 117.643393182446275, 6.422166449403249 ], [ 117.689075148592309, 5.987490139180154 ], [ 118.34769127815224, 5.708695786965492 ], [ 119.181903924639968, 5.407835598162207 ], [ 119.11069380094176, 5.016128241389808 ], [ 118.439727004064082, 4.966518866389606 ], [ 118.618320754064797, 4.478202419447555 ], [ 117.882034946770176, 4.137551377779516 ], [ 117.313232456533498, 3.234428208830593 ], [ 118.048329705885394, 2.287690131027333 ], [ 117.875627069165972, 1.827640692548925 ], [ 118.996747267738158, 0.902219143066063 ], [ 117.811858351717802, 0.784241848143708 ], [ 117.478338657706033, 0.102474676917026 ], [ 117.521643507966644, -0.803723239753268 ], [ 116.560048455879468, -1.48766082113621 ], [ 116.5337968282752, -2.483517347832901 ], [ 116.148083937648664, -4.012726332214022 ], [ 116.00085778204911, -3.657037448749058 ], [ 114.864803094544556, -4.106984144714396 ], [ 114.468651564595064, -3.495703627133828 ], [ 113.75567182826407, -3.43916961020652 ], [ 113.256994256647516, -3.118775729996905 ], [ 112.068126255340673, -3.478392022316051 ], [ 111.703290643360049, -2.994442233902654 ], [ 111.048240187628238, -3.049425957861211 ], [ 110.223846063276, -2.934032484553455 ], [ 110.070935500124335, -1.592874037282463 ], [ 109.571947869913998, -1.314906507984475 ], [ 109.091873813922504, -0.459506524257094 ], [ 108.952657505328204, 0.415375474444318 ], [ 109.069136183714079, 1.341933905437614 ], [ 109.663260125773746, 2.006466986494956 ] ], [ [ 116.710475426278165, 5.919237400797313 ], [ 116.491668333657046, 5.895793783730761 ], [ 116.288490319080253, 5.606655839909967 ], [ 115.788359821660507, 4.622023923114831 ], [ 114.209822939179418, 2.262033138415378 ], [ 113.334594568694854, 1.464950158152648 ], [ 112.740689603008903, 1.246143065531506 ], [ 112.193671871456047, 1.042965050954733 ], [ 111.474734281415152, 1.042965050954733 ], [ 111.159137811326616, 0.976478176269481 ], [ 110.974603783995391, 0.839787036377958 ], [ 111.005861940084131, 0.69131079495647 ], [ 111.287185344882744, 0.652238099845551 ], [ 111.763872225235943, 0.738198029089571 ], [ 112.318704495810977, 0.839787036377958 ], [ 112.912609461496928, 0.839787036377958 ], [ 113.311150951628292, 0.792899802244857 ], [ 113.389296341850127, 0.527205475490613 ], [ 113.256449178473019, 0.238067531669819 ], [ 112.943867617585667, 0.089591290248331 ], [ 111.810759459369038, 0.06614767318178 ], [ 111.365330735104578, -0.160473958461545 ], [ 111.216854493683087, -0.496499136415441 ], [ 111.216854493683087, -1.004444172857377 ], [ 111.435661586304221, -1.44205835809966 ], [ 111.779501303280298, -1.692123606809536 ], [ 111.959235700790515, -1.6139782165877 ], [ 112.029566551990172, -1.293582116678171 ], [ 112.248373644611306, -1.168549492323233 ], [ 112.435922581143714, -1.231065804500702 ], [ 112.600027900609575, -1.371727506900008 ], [ 112.928238539541283, -1.35609842885564 ], [ 113.217376483362088, -1.043516867968295 ], [ 113.514328966205056, -0.441797363260156 ], [ 113.920684995358613, -0.051070412150975 ], [ 114.303597407445622, -0.004183178017873 ], [ 115.225713012063295, 0.011445900026494 ], [ 115.616439963172468, 0.32402746091384 ], [ 116.132199538636598, 0.88667427051106 ], [ 116.56981372387888, 1.855677109261829 ], [ 116.601071879967606, 2.183887748193541 ], [ 116.022795992326024, 2.465211152992151 ], [ 115.991537836237285, 2.668389167568925 ], [ 116.491668333657032, 4.059377113517611 ], [ 116.937097057921505, 4.637653001159197 ], [ 117.085573299342997, 5.083081725423664 ], [ 117.038686065209887, 5.544139527732499 ], [ 116.929282518899328, 5.856721088619842 ], [ 116.710475426278165, 5.919237400797313 ] ] ] ] } },
{ "type": "Feature", "properties": { "id": null, "Zone": "влажных экваториальных лесов" }, "geometry": { "type": "MultiPolygon", "coordinates": [ [ [ [ 106.051645949327025, -5.895918877794472 ], [ 107.265008579540194, -5.954985039904081 ], [ 108.072091099074669, -6.345762220895224 ], [ 108.486846144649263, -6.42198495852574 ], [ 108.623478631628956, -6.777673841990705 ], [ 110.539227329553285, -6.877357679881726 ], [ 110.759575636845852, -6.465186455921747 ], [ 112.614811232556406, -6.946035658397626 ], [ 112.978768345188058, -7.594213148634594 ], [ 114.478935174621142, -7.776527601760328 ], [ 115.705526971501058, -8.370806573116873 ], [ 114.564511346496488, -8.751816908404855 ], [ 113.464733514460846, -8.348947442257405 ], [ 112.559672479300971, -8.376180922075221 ], [ 111.982679317857063, -7.8734239733568 ], [ 111.070650949449714, -7.583401476288331 ], [ 110.505731442664356, -7.474882483225436 ], [ 109.825866547734378, -7.490511561269804 ], [ 109.427667270955112, -7.740664157749762 ], [ 108.693655226681329, -7.641600437046243 ], [ 108.27776329959633, -7.766657403192576 ], [ 106.454102004016121, -7.354899590690934 ], [ 106.280624220812314, -6.924899997590252 ], [ 105.365486281355516, -6.851416110871206 ], [ 106.051645949327025, -5.895918877794472 ] ], [ [ 108.075409806765293, -6.880977517539483 ], [ 107.247068670413825, -6.646541346873975 ], [ 106.887599875393377, -6.521508722519036 ], [ 106.598461931572587, -6.435548793275017 ], [ 106.254622214596509, -6.451177871319384 ], [ 106.293694909707426, -6.646541346873975 ], [ 106.567203775483847, -6.8731629785173 ], [ 106.911043492459925, -7.232631773537746 ], [ 107.340843138680029, -7.349849858870501 ], [ 107.684682855656106, -7.248260851582113 ], [ 108.044151650676554, -7.217002695493379 ], [ 108.130111579920566, -7.037268297983156 ], [ 108.075409806765293, -6.880977517539483 ] ] ] ] } },
{ "type": "Feature", "properties": { "id": null, "Zone": "влажных экваториальных лесов" }, "geometry": { "type": "MultiPolygon", "coordinates": [ [ [ [ 125.065989211121803, 1.64325918213153 ], [ 125.240500522971502, 1.419836127117605 ], [ 124.437035353697397, 0.427881171058957 ], [ 123.685504998876695, 0.235593166500891 ], [ 122.723083123872868, 0.431136786293337 ], [ 121.056724888189109, 0.381217352699394 ], [ 120.183083123862716, 0.237246812334234 ], [ 120.040869582195484, -0.519657891444837 ], [ 120.935905389490728, -1.408905938323393 ], [ 121.475820754076196, -0.95596200928513 ], [ 123.340564813328456, -0.615672702643138 ], [ 123.25839928598441, -1.076213067228309 ], [ 122.822715285331611, -0.930950616055853 ], [ 122.388529901215293, -1.516858005381117 ], [ 121.508273553555512, -1.904482924002458 ], [ 122.454572381684301, -3.186058444840924 ], [ 122.271896193532498, -3.529500013852712 ], [ 123.170962762546552, -4.683693129091701 ], [ 123.162332798353802, -5.340603936385996 ], [ 122.628515252778755, -5.634591159694466 ], [ 122.236394484548015, -5.282933037948268 ], [ 122.719569126477012, -4.464171644715826 ], [ 121.738233677254357, -4.851331475446543 ], [ 121.489463332201268, -4.574552504091265 ], [ 121.619171177253861, -4.188477878438682 ], [ 120.898181593917656, -3.602105401222794 ], [ 120.972388950688782, -2.627642917494939 ], [ 120.305452915529855, -2.931603692235733 ], [ 120.390047235191673, -4.097579034037274 ], [ 120.430716587405371, -5.528241062037793 ], [ 119.796543410319487, -5.673400160345665 ], [ 119.366905552244887, -5.37987802492782 ], [ 119.653606398600175, -4.459417412944973 ], [ 119.498835483886012, -3.494411716326532 ], [ 119.078344354327044, -3.487021986508793 ], [ 118.767768996252869, -2.801999200047718 ], [ 119.18097374885869, -2.147103773612805 ], [ 119.323393996255106, -1.353147067880464 ], [ 119.82599897672587, 0.154254462073482 ], [ 120.035701938966298, 0.566477362465761 ], [ 120.885779250167616, 1.30922272379685 ], [ 121.666816847826965, 1.013943589681091 ], [ 122.927566766451804, 0.875192368977409 ], [ 124.077522414242878, 0.917101955566125 ], [ 125.065989211121803, 1.64325918213153 ] ], [ [ 120.297348837460433, -1.676494528765167 ], [ 120.109799900928039, -1.535832826365862 ], [ 119.812847418085056, -1.332654811789087 ], [ 119.625298481552647, -1.293582116678169 ], [ 119.554967630352991, -1.379542045922189 ], [ 119.484636779153348, -1.535832826365862 ], [ 119.429935005998061, -1.903116160408492 ], [ 119.367418693820582, -2.192254104229286 ], [ 119.2658296865322, -2.614239211427201 ], [ 119.195498835332543, -3.0440388576473 ], [ 119.328345998709665, -3.090926091780402 ], [ 119.484636779153348, -3.051853396669484 ], [ 119.695629332752304, -3.32536226244591 ], [ 119.734702027863221, -3.536354816044868 ], [ 119.875363730262521, -3.559798433111419 ], [ 119.93788004244, -3.200329638090973 ], [ 120.04728358875056, -2.715828218715588 ], [ 120.258276142349516, -2.504835665116631 ], [ 120.586486781281238, -2.387617579783876 ], [ 120.883439264124206, -2.332915806628591 ], [ 120.883439264124206, -2.137552331074 ], [ 120.625559476392155, -1.832785309208839 ], [ 120.539599547148129, -1.762454458009187 ], [ 120.297348837460433, -1.676494528765167 ] ] ] ] } },
{ "type": "Feature", "properties": { "id": null, "Zone": "влажных экваториальных лесов" }, "geometry": { "type": "MultiPolygon", "coordinates": [ [ [ [ 123.579981724136687, -10.359987481327956 ], [ 123.459989048354998, -10.239994805546223 ], [ 123.550009393407436, -9.900015557497987 ], [ 123.980008986508096, -9.290026950724716 ], [ 124.968682489116233, -8.892790215697083 ], [ 125.086246372580263, -8.65688730228468 ], [ 125.947072381698263, -8.432094821815035 ], [ 126.644704217638548, -8.398246758663852 ], [ 126.957243280139835, -8.273344821814398 ], [ 127.33592817597463, -8.397316582882603 ], [ 126.967991978056546, -8.668256117388893 ], [ 125.925885044458596, -9.106007175333353 ], [ 125.088520135601087, -9.393173109579294 ], [ 124.435950148619327, -10.140000909061449 ], [ 123.579981724136687, -10.359987481327956 ] ] ] ] } },
{ "type": "Feature", "properties": { "id": null, "Zone": "влажных экваториальных лесов" }, "geometry": { "type": "MultiPolygon", "coordinates": [ [ [ [ 119.920928582846045, -8.444858900591122 ], [ 120.715091994307571, -8.236964613480914 ], [ 121.341668735846511, -8.536739597206072 ], [ 122.007364536630433, -8.460620212440148 ], [ 122.903537225436068, -8.094234307490765 ], [ 122.756982863456315, -8.649807631060696 ], [ 121.2544905945701, -8.933666273639957 ], [ 119.924390903809581, -8.810417982623839 ], [ 119.920928582846045, -8.444858900591122 ] ] ] ] } },
{ "type": "Feature", "properties": { "id": null, "Zone": "влажных экваториальных лесов" }, "geometry": { "type": "MultiPolygon", "coordinates": [ [ [ [ 117.083737420725299, -8.457157891476591 ], [ 117.632024367342098, -8.449303073768228 ], [ 117.900018345207755, -8.095681247594939 ], [ 118.260616489740443, -8.362383314653293 ], [ 118.878459914222077, -8.280682875199844 ], [ 119.126506789223072, -8.705824883665088 ], [ 117.970401645989284, -8.906639499551304 ], [ 117.277730747549015, -9.040894870645594 ], [ 116.740140822416649, -9.032936700072646 ], [ 117.083737420725299, -8.457157891476591 ] ] ] ] } },
{ "type": "Feature", "properties": { "id": null, "Zone": "влажных экваториальных лесов" }, "geometry": { "type": "MultiPolygon", "coordinates": [ [ [ [ 119.900309686361567, -9.361340427287502 ], [ 120.425755649905341, -9.665921319215798 ], [ 120.775501743656747, -9.969675388227429 ], [ 120.715608758630452, -10.239581394087885 ], [ 120.295014276206885, -10.258649997603591 ], [ 118.967808465654713, -9.557969252158074 ], [ 119.900309686361567, -9.361340427287502 ] ] ] ] } },
{ "type": "Feature", "properties": { "id": null, "Zone": "влажных экваториальных лесов" }, "geometry": { "type": "MultiPolygon", "coordinates": [ [ [ [ 130.471344028851775, -3.093764336767634 ], [ 130.834836053592824, -3.858472181822776 ], [ 129.990546502808172, -3.446300957862796 ], [ 129.155248651242346, -3.362636813982248 ], [ 128.590683628453633, -3.428679294451264 ], [ 127.898891229362349, -3.393435967628207 ], [ 128.135879347852836, -2.843650404474971 ], [ 129.370997756060945, -2.802154229344595 ], [ 130.471344028851775, -3.093764336767634 ] ] ] ] } },
{ "type": "Feature", "properties": { "id": null, "Zone": "влажных экваториальных лесов" }, "geometry": { "type": "MultiPolygon", "coordinates": [ [ [ [ 125.989033644719257, -3.177273451351305 ], [ 127.000651483264974, -3.129317722184446 ], [ 127.249215122588907, -3.45906503663889 ], [ 126.874922723498855, -3.790982761249587 ], [ 126.183802118027359, -3.607376397316564 ], [ 125.989033644719257, -3.177273451351305 ] ] ] ] } },
{ "type": "Feature", "properties": { "id": null, "Zone": "влажных экваториальных лесов" }, "geometry": { "type": "MultiPolygon", "coordinates": [ [ [ [ 127.932377557487484, 2.174596258956569 ], [ 128.004156121940866, 1.628531398928345 ], [ 128.594559360875508, 1.540810655112878 ], [ 128.688248732620707, 1.132385972494063 ], [ 128.635952183141342, 0.258485826006194 ], [ 128.120169712436109, 0.356412665199286 ], [ 127.968034295768859, -0.252077325037519 ], [ 128.379998813999691, -0.7800037573313 ], [ 128.100015903842291, -0.899996433113031 ], [ 127.696474644075067, -0.266598402511534 ], [ 127.399490187693686, 1.011721503092545 ], [ 127.600511509309058, 1.810690822757195 ], [ 127.932377557487484, 2.174596258956569 ] ] ] ] } },
{ "type": "Feature", "properties": { "id": null, "Zone": "влажных экваториальных лесов" }, "geometry": { "type": "MultiPolygon", "coordinates": [ [ [ [ 121.883547804859091, 11.891755072471994 ], [ 122.483821242361486, 11.582187404827538 ], [ 123.120216506035945, 11.583660183147856 ], [ 123.100837843926456, 11.16593374271649 ], [ 122.637713657726692, 10.74130849857417 ], [ 122.002610304859573, 10.441016750526089 ], [ 121.967366978036523, 10.905691229694625 ], [ 122.038370396005547, 11.415840969279998 ], [ 121.883547804859091, 11.891755072471994 ] ] ] ] } },
{ "type": "Feature", "properties": { "id": null, "Zone": "влажных экваториальных лесов" }, "geometry": { "type": "MultiPolygon", "coordinates": [ [ [ [ 122.947410516451896, 10.881868394408061 ], [ 123.498849725438447, 10.94062449792392 ], [ 123.337774285984722, 10.267383938025404 ], [ 124.077935825701203, 11.232725531453738 ], [ 123.98243777882584, 10.278778591345755 ], [ 123.623183221532713, 9.950090643753299 ], [ 123.309920688979389, 9.318268744336706 ], [ 122.995883009941664, 9.022188625520414 ], [ 122.38005496631942, 9.713360907424217 ], [ 122.5860889018671, 9.981044826696134 ], [ 122.837081333508749, 10.261156927934225 ], [ 122.947410516451896, 10.881868394408061 ] ] ] ] } },
{ "type": "Feature", "properties": { "id": null, "Zone": "влажных экваториальных лесов" }, "geometry": { "type": "MultiPolygon", "coordinates": [ [ [ [ 123.487687616063468, 8.69300975182118 ], [ 123.841154412939829, 8.240324204944372 ], [ 124.601469761250215, 8.514157619659002 ], [ 124.764612257995623, 8.960409450715488 ], [ 125.471390822451554, 8.986996975129657 ], [ 125.412117954612768, 9.760334784377534 ], [ 126.2227144715431, 9.286074327018866 ], [ 126.306636997585144, 8.782487494334561 ], [ 126.376813592637447, 8.414706325713297 ], [ 126.478512811387887, 7.750354112168978 ], [ 126.537423944200611, 7.189380601424545 ], [ 126.196772902532587, 6.274294338400054 ], [ 125.831420526229067, 7.293715318221842 ], [ 125.363852166852212, 6.786485297060949 ], [ 125.683160841983693, 6.049656887227272 ], [ 125.396511672060626, 5.581003322772276 ], [ 124.219787632342388, 6.161355495626154 ], [ 123.938719517106904, 6.885135606306136 ], [ 124.243662144061275, 7.360610459823661 ], [ 123.610212437027485, 7.83352732994274 ], [ 123.29607140512519, 7.418875637232759 ], [ 122.825505812675374, 7.457374579290204 ], [ 122.085499302255727, 6.899424139834836 ], [ 121.91992801319256, 7.192119452336015 ], [ 122.312358840017055, 8.034962063016465 ], [ 122.942397902519588, 8.316236883981134 ], [ 123.487687616063468, 8.69300975182118 ] ], [ [ 124.954814094681865, 8.279228185496736 ], [ 124.493756292373035, 8.224526412341451 ], [ 124.228061965618792, 8.052606553853412 ], [ 124.157731114419136, 7.802541305143535 ], [ 124.345280050951544, 7.529032439367109 ], [ 124.407796363129023, 7.349298041856885 ], [ 124.485941753350858, 6.794465771281848 ], [ 124.540643526506145, 6.481884210394504 ], [ 124.759450619127279, 6.528771444527605 ], [ 124.868854165437853, 6.825723927370582 ], [ 125.111104875125548, 7.880686695365371 ], [ 125.048588562948069, 8.162010100163982 ], [ 124.954814094681865, 8.279228185496736 ] ] ] ] } },
{ "type": "Feature", "properties": { "id": null, "Zone": "влажных экваториальных лесов" }, "geometry": { "type": "MultiPolygon", "coordinates": [ [ [ [ 119.511496209797514, 11.3696680770272 ], [ 119.689676548339889, 10.554291490109875 ], [ 119.029458449378922, 10.003653265823829 ], [ 118.504580926590364, 9.316382554558047 ], [ 117.174274530100661, 8.367499904814679 ], [ 117.664477166821371, 9.066888739452892 ], [ 118.38691369026175, 9.684499619989211 ], [ 118.98734215706105, 10.376292019080523 ], [ 119.511496209797514, 11.3696680770272 ] ] ] ] } },
{ "type": "Feature", "properties": { "id": null, "Zone": "переменно-влажных (в том числе муссонных) лесов" }, "geometry": { "type": "MultiPolygon", "coordinates": [ [ [ [ 120.286487664878749, 16.034628811095345 ], [ 120.390047235191673, 17.599081122299523 ], [ 120.715867140791914, 18.505227362537525 ], [ 121.321308221523509, 18.504064642810945 ], [ 121.937601353036399, 18.218552354398355 ], [ 122.246006300954292, 18.478949896717097 ], [ 122.336956821787993, 18.224882717354106 ], [ 122.174279412933174, 17.810282701076403 ], [ 122.515653924653293, 17.093504746971973 ], [ 122.252310825693925, 16.262444362854069 ], [ 121.662786086108213, 15.931017564350142 ], [ 120.286487664878749, 16.034628811095345 ] ], [ [ 121.657078627320388, 17.570715082873065 ], [ 121.281980754255571, 18.055216502248449 ], [ 121.063173661634437, 18.102103736381551 ], [ 120.891253803146398, 17.930183877893512 ], [ 120.734963022702715, 17.47694061460686 ], [ 120.70370486661399, 16.945551961098374 ], [ 120.859995647057659, 16.554825009989194 ], [ 120.969399193368233, 16.320388839323684 ], [ 121.125689973811902, 16.132839902791279 ], [ 121.391384300566145, 16.367276073456786 ], [ 121.45390061274361, 16.445421463678624 ], [ 121.688336783409127, 17.039326429364579 ], [ 121.657078627320388, 17.570715082873065 ] ] ] ] } },
{ "type": "Feature", "properties": { "id": null, "Zone": "влажных экваториальных лесов" }, "geometry": { "type": "MultiPolygon", "coordinates": [ [ [ [ 120.286487664878749, 16.034628811095345 ], [ 121.662786086108213, 15.931017564350142 ], [ 121.505069614753424, 15.124813544164622 ], [ 121.728828566577207, 14.328376369682275 ], [ 122.258925409027256, 14.218202216035991 ], [ 122.701275669445693, 14.336541245984378 ], [ 123.950295037940293, 13.782130642141027 ], [ 123.85510704965867, 13.237771104378425 ], [ 124.18128869028493, 12.997527370653501 ], [ 124.077419061378293, 12.536676947474575 ], [ 123.298035109552245, 13.02752553959894 ], [ 122.928651971529945, 13.552919826710422 ], [ 122.671355015148706, 13.185836289925092 ], [ 122.034649692880521, 13.784481919810304 ], [ 121.126384718918573, 13.636687323455547 ], [ 120.62863732308324, 13.857655747935596 ], [ 120.679383579593861, 14.271015529838294 ], [ 120.991819289230534, 14.52539276779504 ], [ 120.693336216312673, 14.756670640517312 ], [ 120.56414513558299, 14.396279201713796 ], [ 120.070428501466438, 14.970869452367126 ], [ 119.920928582846045, 15.406346747290739 ], [ 119.88377322802819, 16.363704331929995 ], [ 120.286487664878749, 16.034628811095345 ] ] ] ] } },
{ "type": "Feature", "properties": { "id": null, "Zone": "влажных экваториальных лесов" }, "geometry": { "type": "MultiPolygon", "coordinates": [ [ [ [ 120.323436313967449, 13.466413479053825 ], [ 121.180128208502111, 13.429697373910443 ], [ 121.527393833503496, 13.069590155484519 ], [ 121.262190382981586, 12.205560207564403 ], [ 120.833896112146562, 12.704496161342433 ], [ 120.323436313967449, 13.466413479053825 ] ] ] ] } },
{ "type": "Feature", "properties": { "id": null, "Zone": "влажных экваториальных лесов" }, "geometry": { "type": "MultiPolygon", "coordinates": [ [ [ [ 124.266761509295691, 12.557760931849671 ], [ 125.227116327007877, 12.53572093347718 ], [ 125.502551711123544, 12.162694606978292 ], [ 125.783464797062209, 11.046121934447783 ], [ 125.01188398651226, 11.311454576050409 ], [ 125.032761265158172, 10.975816148314692 ], [ 125.277449172060187, 10.358722032101284 ], [ 124.801819289245771, 10.134678859899864 ], [ 124.760168084818531, 10.837995103392258 ], [ 124.459101190286049, 10.889929917845592 ], [ 124.302521600441708, 11.495370998577187 ], [ 124.891012811381529, 11.415582587118536 ], [ 124.877990350444009, 11.794189968304947 ], [ 124.266761509295691, 12.557760931849671 ] ] ] ] } },
{ "type": "Feature", "properties": { "id": null, "Zone": "переменно-влажных (в том числе муссонных) лесов" }, "geometry": { "type": "MultiPolygon", "coordinates": [ [ [ [ 108.62621748254044, 19.367887885001906 ], [ 109.119055617308035, 19.821038519769345 ], [ 110.211598748822809, 20.101253973872033 ], [ 110.786550734502214, 20.077534491450052 ], [ 111.010051304164577, 19.695929877190721 ], [ 110.570646600386766, 19.255879218009269 ], [ 110.339187860151469, 18.678395087147592 ], [ 109.475209588663645, 18.197700913968575 ], [ 108.655207961056163, 18.507681993071387 ], [ 108.62621748254044, 19.367887885001906 ] ], [ [ 110.02123002328895, 19.21958281655381 ], [ 109.630503072179778, 19.282099128731279 ], [ 109.325736050314617, 19.172695582420708 ], [ 109.0912998796491, 18.875743099577729 ], [ 109.169445269870948, 18.641306928912222 ], [ 109.317921511292425, 18.516274304557282 ], [ 109.677390306312873, 18.531903382601648 ], [ 109.989971867200225, 18.617863311845671 ], [ 110.146262647643894, 18.852299482511178 ], [ 110.161891725688264, 19.039848419043587 ], [ 110.02123002328895, 19.21958281655381 ] ] ] ] } },
{ "type": "Feature", "properties": { "id": null, "Zone": "области высотной поясности" }, "geometry": { "type": "MultiPolygon", "coordinates": [ [ [ [ 109.325736050314617, 19.172695582420708 ], [ 109.630503072179778, 19.282099128731279 ], [ 110.02123002328895, 19.21958281655381 ], [ 110.161891725688264, 19.039848419043587 ], [ 110.146262647643894, 18.852299482511178 ], [ 109.989971867200225, 18.617863311845671 ], [ 109.677390306312873, 18.531903382601648 ], [ 109.317921511292425, 18.516274304557282 ], [ 109.169445269870948, 18.641306928912222 ], [ 109.0912998796491, 18.875743099577729 ], [ 109.325736050314617, 19.172695582420708 ] ] ] ] } },
{ "type": "Feature", "properties": { "id": null, "Zone": "переменно-влажных (в том числе муссонных) лесов" }, "geometry": { "type": "MultiPolygon", "coordinates": [ [ [ [ 121.495044386888779, 25.295458889257386 ], [ 121.951243931161457, 24.997595933527037 ], [ 121.777817824389928, 24.3942735865194 ], [ 121.367940683499597, 24.158371478573866 ], [ 121.02410096652352, 23.955193463997091 ], [ 120.734963022702715, 23.509764739732628 ], [ 120.555228625192498, 22.751754454580816 ], [ 120.747079705896226, 21.970571397382113 ], [ 120.220083449383679, 22.814860948166739 ], [ 120.106188592612398, 23.556262722258236 ], [ 120.694679803552248, 24.538450832613737 ], [ 121.495044386888779, 25.295458889257386 ] ] ] ] } },
{ "type": "Feature", "properties": { "id": null, "Zone": "области высотной поясности" }, "geometry": { "type": "MultiPolygon", "coordinates": [ [ [ [ 121.777817824389928, 24.3942735865194 ], [ 121.175632358892742, 22.790857245367167 ], [ 120.747079705896226, 21.970571397382113 ], [ 120.555228625192498, 22.751754454580816 ], [ 120.734963022702715, 23.509764739732628 ], [ 121.02410096652352, 23.955193463997091 ], [ 121.777817824389928, 24.3942735865194 ] ] ] ] } },
{ "type": "Feature", "properties": { "id": null, "Zone": "области высотной поясности" }, "geometry": { "type": "MultiPolygon", "coordinates": [ [ [ [ 106.723494555927459, 71.467590718873581 ], [ 108.145740657964879, 71.248783626252433 ], [ 109.38043782346989, 71.076863767764394 ], [ 110.411956974398123, 70.811169441010151 ], [ 110.865200237684775, 70.373555255767869 ], [ 110.990232862039718, 69.764021212037548 ], [ 110.833942081596035, 68.998196387863544 ], [ 110.302553428087549, 68.544953124576892 ], [ 109.255405199114946, 68.576211280665632 ], [ 107.489319380101449, 68.669985748931836 ], [ 106.207734980463343, 68.810647451331135 ], [ 105.332506609978779, 69.076341778085379 ], [ 105.098070439313261, 69.52958504137203 ], [ 105.817008029354156, 69.764021212037548 ], [ 106.989188882681702, 70.045344616836161 ], [ 107.426803067923984, 70.326668021634759 ], [ 106.70786547788309, 70.701765894699577 ], [ 106.238993136552068, 71.217525470163693 ], [ 106.723494555927459, 71.467590718873581 ] ] ] ] } },
{ "type": "Feature", "properties": { "id": null, "Zone": "области высотной поясности" }, "geometry": { "type": "MultiPolygon", "coordinates": [ [ [ [ 163.136651757071178, 60.503792470749836 ], [ 163.339829771647885, 60.36313076835058 ], [ 163.105393600982353, 60.128694597685069 ], [ 162.089503528098504, 59.58167686613222 ], [ 161.089242533258982, 58.690819417603286 ], [ 160.745402816282905, 58.003139983651124 ], [ 160.057723382330749, 57.002878988811624 ], [ 159.416931182511689, 56.565264803569342 ], [ 159.401302104467334, 56.377715867036933 ], [ 159.666996431221577, 56.393344945081303 ], [ 160.260901396907514, 56.377715867036933 ], [ 160.464079411484306, 56.237054164637627 ], [ 160.432821255395567, 55.846327213528447 ], [ 160.120239694508228, 55.596261964818574 ], [ 159.495076572733524, 55.252422247842489 ], [ 159.135607777713091, 54.955469764999513 ], [ 158.713622670515178, 54.236532174958626 ], [ 158.369782953539101, 53.501965506873361 ], [ 157.619587207409467, 53.111238555764182 ], [ 157.369521958699579, 53.189383945986016 ], [ 157.260118412389005, 53.345674726429692 ], [ 157.072569475856596, 53.642627209272668 ], [ 157.244489334344649, 54.736662672378372 ], [ 157.18197302216717, 55.799439979395345 ], [ 157.18197302216717, 56.471490335303137 ], [ 157.322634724566484, 56.955991754678521 ], [ 157.869652456119326, 57.424864096009543 ], [ 158.901171607047587, 57.893736437340557 ], [ 160.167126928641324, 58.831481120002593 ], [ 162.355197854852747, 60.36313076835058 ], [ 162.808441118139399, 60.503792470749886 ], [ 163.136651757071178, 60.503792470749836 ] ] ] ] } },
{ "type": "Feature", "properties": { "id": null, "Zone": "области высотной поясности" }, "geometry": { "type": "MultiPolygon", "coordinates": [ [ [ [ 96.400488507622953, 4.715798391381011 ], [ 96.822473614820865, 4.622023923114807 ], [ 97.353862268329351, 4.293813284183095 ], [ 98.260348794902654, 3.449843069787264 ], [ 98.82299560449988, 2.996599806500614 ], [ 99.370013336052736, 2.293291294504088 ], [ 100.792259438090156, 0.449060085268753 ], [ 102.370796320571245, -1.973447011608169 ], [ 103.324170081277643, -3.348805879512486 ], [ 103.558606251943147, -3.802049142799136 ], [ 103.246024691055808, -4.020856235420279 ], [ 102.573974335148023, -3.598871128222363 ], [ 102.011327525550797, -3.083111552758243 ], [ 101.136099155066233, -1.754639918987028 ], [ 99.885772911516852, 0.058333134159573 ], [ 99.370013336052736, 0.886674270511036 ], [ 99.135577165387218, 1.480579236196991 ], [ 98.901140994721715, 2.027596967749845 ], [ 98.651075746011841, 2.246404060370986 ], [ 97.979025390104042, 2.605872855391433 ], [ 97.447636736595555, 3.371697679565428 ], [ 96.228568649134914, 4.309442362227463 ], [ 96.13479418086871, 4.528249454848604 ], [ 96.197310493046174, 4.60639484507044 ], [ 96.400488507622953, 4.715798391381011 ] ] ] ] } },
{ "type": "Feature", "properties": { "id": null, "Zone": "области высотной поясности" }, "geometry": { "type": "MultiPolygon", "coordinates": [ [ [ [ 109.427667270955112, -7.740664157749762 ], [ 109.825866547734378, -7.490511561269804 ], [ 110.505731442664356, -7.474882483225436 ], [ 111.070650949449714, -7.583401476288331 ], [ 111.982679317857063, -7.8734239733568 ], [ 112.559672479300971, -8.376180922075221 ], [ 111.522061395312448, -8.302128594600973 ], [ 110.586149530074323, -8.122604668819001 ], [ 109.427667270955112, -7.740664157749762 ] ] ] ] } },
{ "type": "Feature", "properties": { "id": null, "Zone": "области высотной поясности" }, "geometry": { "type": "MultiPolygon", "coordinates": [ [ [ [ 106.254622214596509, -6.451177871319384 ], [ 106.598461931572587, -6.435548793275017 ], [ 106.887599875393377, -6.521508722519036 ], [ 107.247068670413825, -6.646541346873975 ], [ 108.075409806765293, -6.880977517539483 ], [ 108.130111579920566, -7.037268297983156 ], [ 108.044151650676554, -7.217002695493379 ], [ 107.684682855656106, -7.248260851582113 ], [ 107.340843138680029, -7.349849858870501 ], [ 106.911043492459925, -7.232631773537746 ], [ 106.567203775483847, -6.8731629785173 ], [ 106.293694909707426, -6.646541346873975 ], [ 106.254622214596509, -6.451177871319384 ] ] ] ] } },
{ "type": "Feature", "properties": { "id": null, "Zone": "области высотной поясности" }, "geometry": { "type": "MultiPolygon", "coordinates": [ [ [ [ 120.539599547148129, -1.762454458009187 ], [ 120.625559476392155, -1.832785309208839 ], [ 120.883439264124206, -2.137552331074 ], [ 120.883439264124206, -2.332915806628591 ], [ 120.586486781281238, -2.387617579783876 ], [ 120.258276142349516, -2.504835665116631 ], [ 120.04728358875056, -2.715828218715588 ], [ 119.93788004244, -3.200329638090973 ], [ 119.875363730262521, -3.559798433111419 ], [ 119.734702027863221, -3.536354816044868 ], [ 119.695629332752304, -3.32536226244591 ], [ 119.484636779153348, -3.051853396669484 ], [ 119.328345998709665, -3.090926091780402 ], [ 119.195498835332543, -3.0440388576473 ], [ 119.2658296865322, -2.614239211427201 ], [ 119.367418693820582, -2.192254104229286 ], [ 119.429935005998061, -1.903116160408492 ], [ 119.484636779153348, -1.535832826365862 ], [ 119.554967630352991, -1.379542045922189 ], [ 119.625298481552647, -1.293582116678169 ], [ 119.812847418085056, -1.332654811789087 ], [ 120.109799900928039, -1.535832826365862 ], [ 120.297348837460433, -1.676494528765167 ], [ 120.539599547148129, -1.762454458009187 ] ] ] ] } },
{ "type": "Feature", "properties": { "id": null, "Zone": "области высотной поясности" }, "geometry": { "type": "MultiPolygon", "coordinates": [ [ [ [ 124.954814094681865, 8.279228185496736 ], [ 125.048588562948069, 8.162010100163982 ], [ 125.111104875125548, 7.880686695365371 ], [ 124.868854165437853, 6.825723927370582 ], [ 124.759450619127279, 6.528771444527605 ], [ 124.540643526506145, 6.481884210394504 ], [ 124.485941753350858, 6.794465771281848 ], [ 124.407796363129023, 7.349298041856885 ], [ 124.345280050951544, 7.529032439367109 ], [ 124.157731114419136, 7.802541305143535 ], [ 124.228061965618792, 8.052606553853412 ], [ 124.493756292373035, 8.224526412341451 ], [ 124.954814094681865, 8.279228185496736 ] ] ] ] } },
{ "type": "Feature", "properties": { "id": null, "Zone": "области высотной поясности" }, "geometry": { "type": "MultiPolygon", "coordinates": [ [ [ [ 121.063173661634437, 18.102103736381551 ], [ 121.281980754255571, 18.055216502248449 ], [ 121.657078627320388, 17.570715082873065 ], [ 121.688336783409127, 17.039326429364579 ], [ 121.45390061274361, 16.445421463678624 ], [ 121.391384300566145, 16.367276073456786 ], [ 121.125689973811902, 16.132839902791279 ], [ 120.969399193368233, 16.320388839323684 ], [ 120.859995647057659, 16.554825009989194 ], [ 120.70370486661399, 16.945551961098374 ], [ 120.734963022702715, 17.47694061460686 ], [ 120.891253803146398, 17.930183877893512 ], [ 121.063173661634437, 18.102103736381551 ] ] ] ] } },
{ "type": "Feature", "properties": { "id": null, "Zone": "переменно-влажных (в том числе муссонных) лесов" }, "geometry": { "type": "MultiPolygon", "coordinates": [ [ [ [ 136.723830601142424, 37.304984239240326 ], [ 137.390611607004473, 36.82739065199884 ], [ 138.85760216690619, 37.827484646143461 ], [ 139.426404657142825, 38.215962225897613 ], [ 140.054790073812001, 39.43880748143637 ], [ 139.883379347899847, 40.563312486323682 ], [ 140.305782505453635, 41.195005194659529 ], [ 141.36897342342661, 41.378559882160275 ], [ 141.914263136970476, 39.991616115878685 ], [ 141.884600864834965, 39.180864569651476 ], [ 140.959489373945814, 38.174000962876619 ], [ 140.976387567305267, 37.142074286440192 ], [ 140.599769728762112, 36.343983466124499 ], [ 140.774074334882584, 35.842877102190215 ], [ 140.2532792502451, 35.138113918593646 ], [ 138.975527785396196, 34.667600002576137 ], [ 137.217598911691255, 34.606285915661829 ], [ 135.792983026268928, 33.464805202766627 ], [ 135.120982700745401, 33.849071153289003 ], [ 135.07943484918269, 34.596544908174806 ], [ 133.340316196832021, 34.375938218720805 ], [ 132.15677086805124, 33.904933376596517 ], [ 130.986144647343451, 33.885761420216241 ], [ 132.000036248909964, 33.149992377244544 ], [ 131.33279015515734, 31.450354519164822 ], [ 130.686317987185987, 31.029579169228246 ], [ 130.202419875204896, 31.418237616495432 ], [ 130.447676222862128, 32.319474595665696 ], [ 129.814691603718927, 32.610309556604363 ], [ 129.408463169472554, 33.296055813117519 ], [ 130.353935174684636, 33.604150702441672 ], [ 130.878450962447175, 34.232742824840017 ], [ 131.884229364143891, 34.749713853487918 ], [ 132.617672967662429, 35.433393052709405 ], [ 134.608300815977714, 35.731617743465804 ], [ 135.677537876528845, 35.527134100886869 ], [ 136.723830601142424, 37.304984239240326 ] ], [ [ 140.965140918225273, 40.230091068883688 ], [ 140.564428077726689, 40.312590771339281 ], [ 140.411214344594867, 40.112234351089981 ], [ 140.411214344594867, 39.711521510591382 ], [ 140.458357031712353, 39.263665982975304 ], [ 139.539074632921455, 37.684385964539651 ], [ 138.784791639041742, 37.142245062688602 ], [ 137.064083559253618, 36.505818786602596 ], [ 136.557299672740697, 36.057963258986518 ], [ 136.604442359858183, 35.78689280806099 ], [ 136.934441169680554, 35.421536982900506 ], [ 137.511939086869717, 35.327251608665541 ], [ 138.65514924946865, 35.704393105605398 ], [ 139.303361197334027, 36.364390725250146 ], [ 140.281571955021775, 37.755099995215872 ], [ 141.012283605342759, 39.181166280519712 ], [ 141.094783307798366, 39.888306587281946 ], [ 140.965140918225273, 40.230091068883688 ] ] ] ] } },
{ "type": "Feature", "properties": { "id": null, "Zone": "области высотной поясности" }, "geometry": { "type": "MultiPolygon", "coordinates": [ [ [ [ 140.564428077726689, 40.312590771339281 ], [ 140.965140918225273, 40.230091068883688 ], [ 141.094783307798366, 39.888306587281946 ], [ 141.012283605342759, 39.181166280519712 ], [ 140.281571955021775, 37.755099995215872 ], [ 139.303361197334027, 36.364390725250146 ], [ 138.65514924946865, 35.704393105605398 ], [ 137.511939086869717, 35.327251608665541 ], [ 136.934441169680554, 35.421536982900506 ], [ 136.604442359858183, 35.78689280806099 ], [ 136.557299672740697, 36.057963258986518 ], [ 137.064083559253618, 36.505818786602596 ], [ 138.784791639041742, 37.142245062688602 ], [ 139.539074632921455, 37.684385964539651 ], [ 140.458357031712353, 39.263665982975304 ], [ 140.411214344594867, 39.711521510591382 ], [ 140.411214344594867, 40.112234351089981 ], [ 140.564428077726689, 40.312590771339281 ] ] ] ] } },
{ "type": "Feature", "properties": { "id": null, "Zone": "переменно-влажных (в том числе муссонных) лесов" }, "geometry": { "type": "MultiPolygon", "coordinates": [ [ [ [ 132.924372593314729, 34.060298570282043 ], [ 133.492968377822194, 33.944620876596673 ], [ 133.904106073136347, 34.364931138642632 ], [ 134.638428176003856, 34.149233710256354 ], [ 134.766379022358535, 33.806334743783623 ], [ 134.203415968970887, 33.201177883429636 ], [ 133.792950067276536, 33.521985175097598 ], [ 133.280268182508848, 33.289570420864891 ], [ 133.014858026257798, 32.704567369104737 ], [ 132.363114862192674, 32.989382025681394 ], [ 132.371176385630235, 33.463642483040061 ], [ 132.924372593314729, 34.060298570282043 ] ] ] ] } },
{ "type": "Feature", "properties": { "id": null, "Zone": "области высотной поясности" }, "geometry": { "type": "MultiPolygon", "coordinates": [ [ [ [ 170.688605145797737, 63.011794618406995 ], [ 172.04395740042537, 63.589292535596151 ], [ 172.998596814554389, 63.872148658301043 ], [ 173.646808762419766, 63.954648360756629 ], [ 173.935557721014334, 64.02536239143285 ], [ 174.336270561512919, 64.048933734991593 ], [ 174.401091756299479, 63.942862688977257 ], [ 174.13002130537393, 63.724827761058904 ], [ 173.552523388184795, 63.306436412891259 ], [ 174.524841309982861, 63.418400294795269 ], [ 175.308588483310984, 63.524471340809605 ], [ 176.01572879007324, 63.577506863816772 ], [ 176.422334466461507, 63.565721192037401 ], [ 176.587333871372692, 63.453757310133376 ], [ 176.510727004806796, 63.235722382215023 ], [ 175.815372369823933, 63.070722977303838 ], [ 174.996268181157689, 62.917509244172017 ], [ 174.200735336050172, 62.705367152143353 ], [ 173.599666075302281, 62.369475506431286 ], [ 173.045739501671846, 62.15144057851294 ], [ 171.761101277720456, 62.15144057851294 ], [ 170.971461268502651, 61.243943851501413 ], [ 168.720397958642877, 61.609299676661898 ], [ 168.095757354336229, 61.573942661323784 ], [ 167.435759734691487, 61.361800569295113 ], [ 166.775762115046717, 61.267515195060156 ], [ 166.445763305224347, 61.42072892819197 ], [ 166.563620023018075, 61.644656692000012 ], [ 168.673255271525392, 62.080726547836719 ], [ 169.262538860493919, 62.245725952747904 ], [ 169.23307468104548, 62.410725357659089 ], [ 168.956111394230277, 62.56393909079091 ], [ 168.967897066009641, 62.76429551104021 ], [ 169.227181845155798, 62.976437603068881 ], [ 169.733965731668746, 63.011794618406995 ], [ 170.688605145797737, 63.011794618406995 ] ] ] ] } },
{ "type": "Feature", "properties": { "id": null, "Zone": "области высотной поясности" }, "geometry": { "type": "MultiPolygon", "coordinates": [ [ [ [ 131.867537876513609, -0.695461114101789 ], [ 132.380116408416711, -0.369537855636949 ], [ 132.950884108253206, -0.677975677311429 ], [ 133.021598138929448, -0.93726045645758 ], [ 133.009812467150056, -1.184759563824362 ], [ 132.868384405797627, -1.444044342970514 ], [ 132.538385595975257, -1.550115388984849 ], [ 132.349814847505314, -1.514758373646737 ], [ 131.913744991668608, -1.396901655853032 ], [ 131.748745586757423, -1.243687922721215 ], [ 131.736959914978058, -0.949046128236951 ], [ 131.867537876513609, -0.695461114101789 ] ] ] ] } },
{ "type": "Feature", "properties": { "id": null, "Zone": "переменно-влажных (в том числе муссонных) лесов" }, "geometry": { "type": "MultiPolygon", "coordinates": [ [ [ [ 138.407913853102286, -6.232849216337485 ], [ 140.311036134470157, -6.712239628349146 ], [ 141.023064918134537, -7.024813956504775 ], [ 141.033851760013818, -9.117892754760483 ], [ 140.143415155192542, -8.29716765710095 ], [ 139.127766554928087, -8.096042982620979 ], [ 138.881476678625006, -8.380935153846075 ], [ 137.614473911692869, -8.41168263105974 ], [ 138.039099155835174, -7.597882175327321 ], [ 138.668621454014783, -7.320224704623087 ], [ 138.407913853102286, -6.232849216337485 ] ] ] ] } },
{ "type": "Feature", "properties": { "id": null, "Zone": "влажных экваториальных лесов" }, "geometry": { "type": "MultiPolygon", "coordinates": [ [ [ [ 135.989250116113453, -4.54654387778907 ], [ 138.366400290873997, -5.144745281692863 ], [ 139.321039705003017, -5.380458717280275 ], [ 140.216750760235186, -5.368673045500904 ], [ 141.006612398265645, -5.017212799284676 ], [ 141.023064918134509, -7.024813956504769 ], [ 141.006689171120541, -7.017625148638606 ], [ 140.311036134470157, -6.712239628349146 ], [ 138.407913853102286, -6.232849216337485 ], [ 137.927839797110778, -5.393365573756 ], [ 135.989250116113453, -4.54654387778907 ] ] ] ] } },
{ "type": "Feature", "properties": { "id": null, "Zone": "области высотной поясности" }, "geometry": { "type": "MultiPolygon", "coordinates": [ [ [ [ 141.006552755379829, -3.827046128737357 ], [ 141.006612398265645, -5.017212799284676 ], [ 140.216750760235186, -5.368673045500904 ], [ 139.321039705003017, -5.380458717280275 ], [ 138.366400290873997, -5.144745281692863 ], [ 135.989250116113453, -4.54654387778907 ], [ 135.164597609599753, -4.462931410340822 ], [ 134.323914870549913, -3.930821088417698 ], [ 135.019269505532776, -3.695107652830287 ], [ 136.209622355249195, -3.624393622154064 ], [ 136.775334600658994, -3.636179293933434 ], [ 137.60033162521492, -3.789393027065251 ], [ 138.94389820806316, -4.249034226460703 ], [ 139.674609858384144, -4.355105272475037 ], [ 140.051751355324001, -4.307962585357555 ], [ 140.629249272513164, -3.919035416638327 ], [ 141.006552755379829, -3.827046128737357 ] ] ] ] } },
{ "type": "Feature", "properties": { "id": null, "Zone": "влажных экваториальных лесов" }, "geometry": { "type": "MultiPolygon", "coordinates": [ [ [ [ 141.006552755379829, -3.827046128737357 ], [ 140.629249272513164, -3.919035416638327 ], [ 140.051751355324001, -4.307962585357555 ], [ 139.674609858384144, -4.355105272475037 ], [ 138.94389820806316, -4.249034226460703 ], [ 137.60033162521492, -3.789393027065251 ], [ 136.775334600658994, -3.636179293933434 ], [ 136.209622355249195, -3.624393622154064 ], [ 135.019269505532776, -3.695107652830287 ], [ 134.323914870549913, -3.930821088417698 ], [ 135.164597609599753, -4.462931410340822 ], [ 133.662880487197867, -3.538853448097541 ], [ 133.367704705946721, -4.024818617370315 ], [ 132.983955519747269, -4.112978610860253 ], [ 132.756940952689035, -3.746282647317123 ], [ 132.753788690319254, -3.31178720460705 ], [ 131.989804315316178, -2.820551039240499 ], [ 133.066844517143409, -2.460417982598436 ], [ 133.780030959203543, -2.479848321140182 ], [ 133.69621178602614, -2.214541517753702 ], [ 132.232373488494261, -2.212526136894319 ], [ 131.836221958544741, -1.617161960459647 ], [ 130.942839797082854, -1.432522067880783 ], [ 130.519558140180095, -0.937720228686089 ], [ 131.867537876513609, -0.695461114101789 ], [ 131.736959914978058, -0.949046128236951 ], [ 131.748745586757423, -1.243687922721215 ], [ 131.913744991668608, -1.396901655853032 ], [ 132.349814847505314, -1.514758373646737 ], [ 132.538385595975257, -1.550115388984849 ], [ 132.868384405797627, -1.444044342970514 ], [ 133.009812467150056, -1.184759563824362 ], [ 133.021598138929448, -0.93726045645758 ], [ 132.950884108253206, -0.677975677311429 ], [ 132.380116408416711, -0.369537855636949 ], [ 133.985548130428356, -0.780210463060456 ], [ 134.143367954647715, -1.151867364103623 ], [ 134.422627394753022, -2.769184665542376 ], [ 135.457602980694674, -3.367752780779149 ], [ 136.293314243718839, -2.307042331556154 ], [ 137.440737746327557, -1.703513278819365 ], [ 138.329727411044701, -1.702686455902693 ], [ 139.184920689042883, -2.051295668143673 ], [ 139.926684198160444, -2.409051608900313 ], [ 141.000210402591847, -2.60015105551566 ], [ 141.006552755379829, -3.827046128737357 ] ] ] ] } },
{ "type": "Feature", "properties": { "id": null, "Zone": "влажных экваториальных лесов" }, "geometry": { "type": "MultiPolygon", "coordinates": [ [ [ [ 134.499625278867882, -5.445042006047871 ], [ 134.727001580952162, -5.737582289252167 ], [ 134.724624465066711, -6.214400730009288 ], [ 134.210133905168846, -6.89523772545472 ], [ 134.112775506730941, -6.142467136259 ], [ 134.290335728085836, -5.783057549669017 ], [ 134.499625278867882, -5.445042006047871 ] ] ] ] } },
{ "type": "Feature", "properties": { "id": null, "Zone": "саванн и редколесий" }, "geometry": { "type": "MultiPolygon", "coordinates": [ [ [ [ 79.872468703128533, 6.76346344647493 ], [ 79.695166863935128, 8.200843410673386 ], [ 80.147800734379643, 9.824077663609557 ], [ 80.838817986986555, 9.268426825391188 ], [ 81.304319289071771, 8.56420624433369 ], [ 81.787959018891399, 7.523055324733164 ], [ 81.637322218760588, 6.481775214051922 ], [ 81.323748878720593, 6.617355154118946 ], [ 80.993750068898208, 7.12413904063188 ], [ 80.710893946193323, 7.35985247621929 ], [ 80.19232438790101, 7.265567101984326 ], [ 79.872468703128533, 6.76346344647493 ] ] ] ] } },
{ "type": "Feature", "properties": { "id": null, "Zone": "переменно-влажных (в том числе муссонных) лесов" }, "geometry": { "type": "MultiPolygon", "coordinates": [ [ [ [ 79.872468703128533, 6.76346344647493 ], [ 80.19232438790101, 7.265567101984326 ], [ 80.710893946193323, 7.35985247621929 ], [ 80.993750068898208, 7.12413904063188 ], [ 81.323748878720593, 6.617355154118946 ], [ 81.637322218760588, 6.481775214051922 ], [ 81.218019647144331, 6.197141424988288 ], [ 80.348356968104412, 5.968369859232155 ], [ 79.872468703128533, 6.76346344647493 ] ] ] ] } },
{ "type": "Feature", "properties": { "id": null, "Zone": "жестколистных вечнозеленых лесов и кустарников (средиземноморского типа)" }, "geometry": { "type": "MultiPolygon", "coordinates": [ [ [ [ 12.570943637755136, 38.126381130519661 ], [ 13.741156447004613, 38.034965521795328 ], [ 14.761249220446189, 38.143873602850462 ], [ 15.520376010813806, 38.231155096991429 ], [ 15.160242954171736, 37.444045518537763 ], [ 15.309897902089006, 37.134219468731828 ], [ 15.099988234119422, 36.619987290995397 ], [ 14.335228712631988, 36.996630967754726 ], [ 13.826732618879959, 37.104531358380157 ], [ 12.431003859108756, 37.612949937483748 ], [ 12.570943637755136, 38.126381130519661 ] ], [ [ 14.3929188436753, 37.672600292760336 ], [ 14.015777346735442, 37.590100590304743 ], [ 13.838992270044884, 37.35438715471733 ], [ 14.145419736308519, 37.236530436923623 ], [ 14.428275859013411, 37.189387749806144 ], [ 14.616846607483339, 37.118673719129916 ], [ 14.711131981718303, 36.965459985998102 ], [ 14.884970640464019, 37.100995211460869 ], [ 14.917381237857287, 37.430994021283247 ], [ 14.758274668835785, 37.595993426194433 ], [ 14.3929188436753, 37.672600292760336 ] ] ] ] } },
{ "type": "Feature", "properties": { "id": null, "Zone": "области высотной поясности" }, "geometry": { "type": "MultiPolygon", "coordinates": [ [ [ [ 14.015777346735442, 37.590100590304743 ], [ 14.3929188436753, 37.672600292760336 ], [ 14.758274668835785, 37.595993426194433 ], [ 14.917381237857287, 37.430994021283247 ], [ 14.884970640464019, 37.100995211460869 ], [ 14.711131981718303, 36.965459985998102 ], [ 14.616846607483339, 37.118673719129916 ], [ 14.428275859013411, 37.189387749806144 ], [ 14.145419736308519, 37.236530436923623 ], [ 13.838992270044884, 37.35438715471733 ], [ 14.015777346735442, 37.590100590304743 ] ] ] ] } },
{ "type": "Feature", "properties": { "id": null, "Zone": "жестколистных вечнозеленых лесов и кустарников (средиземноморского типа)" }, "geometry": { "type": "MultiPolygon", "coordinates": [ [ [ [ 8.159998406617689, 40.950007229163759 ], [ 8.709990675500109, 40.899984442705225 ], [ 9.210011834356266, 41.209991360024176 ], [ 9.80997521326492, 40.500008856766129 ], [ 9.669518670295616, 39.17737641047178 ], [ 9.214817742559433, 39.240473334300148 ], [ 8.806935662479674, 38.906617743478506 ], [ 8.428302443077115, 39.171847032216547 ], [ 8.388253208050912, 40.378310858718763 ], [ 8.159998406617689, 40.950007229163759 ] ] ] ] } },
{ "type": "Feature", "properties": { "id": null, "Zone": "жестколистных вечнозеленых лесов и кустарников (средиземноморского типа)" }, "geometry": { "type": "MultiPolygon", "coordinates": [ [ [ [ 8.746009148807559, 42.628121853193917 ], [ 9.390000848028876, 43.00998484961471 ], [ 9.560016310269134, 42.152491970379522 ], [ 9.229752231491773, 41.380006822264455 ], [ 8.775723097375362, 41.583611965494427 ], [ 8.544212680707773, 42.256516628583057 ], [ 8.746009148807559, 42.628121853193917 ] ] ] ] } },
{ "type": "Feature", "properties": { "id": null, "Zone": "тундры" }, "geometry": { "type": "MultiPolygon", "coordinates": [ [ [ [ -22.134922451250887, 66.41046865504687 ], [ -20.57628373867955, 65.732112128351432 ], [ -19.05684160000159, 66.276600857194765 ], [ -17.798623826559052, 65.993853257909777 ], [ -16.167818976292125, 66.526792304135867 ], [ -14.508695441129234, 66.455892239031428 ], [ -14.739637417041607, 65.808748277440301 ], [ -13.60973222497981, 65.126671047619865 ], [ -14.909833746794902, 64.364081936288684 ], [ -17.794438035543422, 63.678749091233854 ], [ -18.656245896874992, 63.49638296167582 ], [ -19.97275468594276, 63.643634955491528 ], [ -22.762971971110158, 63.960178941495386 ], [ -21.778484259517683, 64.402115790455511 ], [ -23.955043911219111, 64.891129869233495 ], [ -22.184402635170358, 65.084968166760305 ], [ -22.227423265053332, 65.378593655042735 ], [ -24.326184047939336, 65.611189276788465 ], [ -23.650514695723089, 66.262519029395222 ], [ -22.134922451250887, 66.41046865504687 ] ] ] ] } },
{ "type": "Feature", "properties": { "id": null, "Zone": "вечные снега и льды" }, "geometry": { "type": "MultiPolygon", "coordinates": [ [ [ [ 17.59441, 77.63796 ], [ 17.1182, 76.80941 ], [ 15.91315, 76.77045 ], [ 13.76259, 77.38035 ], [ 14.66956, 77.73565 ], [ 13.1706, 78.02493 ], [ 11.22231, 78.8693 ], [ 10.44453, 79.65239 ], [ 13.17077, 80.01046 ], [ 13.71852, 79.66039 ], [ 15.14282, 79.67431 ], [ 15.52255, 80.01608 ], [ 16.99085, 80.05086 ], [ 18.25183, 79.70175 ], [ 21.54383, 78.95611 ], [ 19.02737, 78.5626 ], [ 18.47172, 77.82669 ], [ 17.59441, 77.63796 ] ] ] ] } },
{ "type": "Feature", "properties": { "id": null, "Zone": "вечные снега и льды" }, "geometry": { "type": "MultiPolygon", "coordinates": [ [ [ [ 20.45599205901064, 80.598155626132254 ], [ 21.907944777115404, 80.357679348462042 ], [ 22.919252557067381, 80.657144273593431 ], [ 25.447625359811866, 80.407340399894522 ], [ 27.407505730913446, 80.056405748200419 ], [ 25.92465050629815, 79.517833970854511 ], [ 23.024465773213617, 79.400011705229034 ], [ 20.075188429451828, 79.566823228667218 ], [ 19.897266473070914, 79.84236196564747 ], [ 18.462263624757867, 79.859880276194431 ], [ 17.368015170977458, 80.318896186026976 ], [ 20.45599205901064, 80.598155626132254 ] ] ] ] } },
{ "type": "Feature", "properties": { "id": null, "Zone": "вечные снега и льды" }, "geometry": { "type": "MultiPolygon", "coordinates": [ [ [ [ 22.88426, 78.45494 ], [ 23.28134, 78.07954 ], [ 24.72412, 77.85385 ], [ 22.49032, 77.44493 ], [ 20.72601, 77.67704 ], [ 21.41611, 77.93504 ], [ 20.8119, 78.25463 ], [ 22.88426, 78.45494 ] ] ] ] } },
{ "type": "Feature", "properties": { "id": null, "Zone": "вечные снега и льды" }, "geometry": { "type": "MultiPolygon", "coordinates": [ [ [ [ 61.170044386647476, 76.251883450008123 ], [ 64.498368361270167, 76.439055487769267 ], [ 66.210977003855135, 76.80978221303117 ], [ 68.157059767534804, 76.939696763812933 ], [ 68.852211134725081, 76.544811306454605 ], [ 68.180572544227601, 76.233641669409067 ], [ 64.637326287703019, 75.737754625136247 ], [ 61.583507521414759, 75.260884507946841 ], [ 58.477082147053352, 74.309056301562848 ], [ 56.986785516188029, 73.333043524866227 ], [ 57.906069284346266, 75.077907747122566 ], [ 61.170044386647476, 76.251883450008123 ] ] ] ] } },
{ "type": "Feature", "properties": { "id": null, "Zone": "вечные снега и льды" }, "geometry": { "type": "MultiPolygon", "coordinates": [ [ [ [ 48.318477410684608, 80.784009914869984 ], [ 48.522806023966673, 80.514568996900167 ], [ 49.097189568890855, 80.753985907708397 ], [ 50.039767693894618, 80.918885403151776 ], [ 51.522932977103665, 80.699725653801934 ], [ 51.13618655783128, 80.54728017854093 ], [ 49.793684523320707, 80.415427761548202 ], [ 48.894411248577548, 80.339566758943747 ], [ 48.754936557821772, 80.175468248200886 ], [ 47.586119012244183, 80.010181179515328 ], [ 46.502825962109632, 80.247246812654296 ], [ 47.072455275262939, 80.559424140129508 ], [ 44.846958042181143, 80.589809882317141 ], [ 46.799138624871233, 80.771917629713684 ], [ 48.318477410684608, 80.784009914869984 ] ] ] ] } },
{ "type": "Feature", "properties": { "id": null, "Zone": "вечные снега и льды" }, "geometry": { "type": "MultiPolygon", "coordinates": [ [ [ [ 95.940895, 81.2504 ], [ 97.88385, 80.746975 ], [ 93.31288, 79.4265 ], [ 92.5454, 80.14379 ], [ 91.18107, 80.34146 ], [ 93.77766, 81.0246 ], [ 95.940895, 81.2504 ] ] ] ] } },
{ "type": "Feature", "properties": { "id": null, "Zone": "вечные снега и льды" }, "geometry": { "type": "MultiPolygon", "coordinates": [ [ [ [ 101.2649, 79.23399 ], [ 102.08635, 79.34641 ], [ 102.837815, 79.28129 ], [ 105.37243, 78.71334 ], [ 105.07547, 78.30689 ], [ 99.43814, 77.921 ], [ 101.2649, 79.23399 ] ] ] ] } },
{ "type": "Feature", "properties": { "id": null, "Zone": "вечные снега и льды" }, "geometry": { "type": "MultiPolygon", "coordinates": [ [ [ [ 145.086285, 75.562625 ], [ 144.3, 74.82 ], [ 140.61381, 74.84768 ], [ 138.95544, 74.61148 ], [ 136.97439, 75.26167 ], [ 137.51176, 75.94917 ], [ 138.831075, 76.13676 ], [ 141.471615, 76.09289 ], [ 145.086285, 75.562625 ] ] ] ] } },
{ "type": "Feature", "properties": { "id": null, "Zone": "вечные снега и льды" }, "geometry": { "type": "MultiPolygon", "coordinates": [ [ [ [ 142.06207, 73.85758 ], [ 143.48283, 73.47525 ], [ 143.60385, 73.21244 ], [ 142.08763, 73.20544 ], [ 140.038155, 73.31692 ], [ 139.86312, 73.36983 ], [ 140.81171, 73.76506 ], [ 142.06207, 73.85758 ] ] ] ] } },
{ "type": "Feature", "properties": { "id": null, "Zone": "вечные снега и льды" }, "geometry": { "type": "MultiPolygon", "coordinates": [ [ [ [ 146.358485, 75.49682 ], [ 150.73167, 75.08406 ], [ 149.575925, 74.68892 ], [ 147.977465, 74.778355 ], [ 146.11919, 75.17298 ], [ 146.358485, 75.49682 ] ] ] ] } },
{ "type": "Feature", "properties": { "id": null, "Zone": "арктических пустынь" }, "geometry": { "type": "MultiPolygon", "coordinates": [ [ [ [ 178.7253, 71.0988 ], [ 180.0, 71.515714336428289 ], [ 180.0, 70.832199208546726 ], [ 178.903425, 70.78114 ], [ 178.7253, 71.0988 ] ] ] ] } },
{ "type": "Feature", "properties": { "id": null, "Zone": "арктических пустынь" }, "geometry": { "type": "MultiPolygon", "coordinates": [ [ [ [ -179.994058649372846, 67.301779146097829 ], [ -180.0, 68.963636363636354 ], [ -177.55, 68.2 ], [ -174.92825, 67.20589 ], [ -175.01425, 66.58435 ], [ -174.33983, 66.33556 ], [ -174.57182, 67.06219 ], [ -171.85731, 66.91308 ], [ -172.946226925309276, 66.017140922146424 ], [ -174.348721867054394, 65.958212563249575 ], [ -177.000498017412752, 66.535710480438738 ], [ -179.994058649372846, 67.301779146097829 ] ] ] ] } },
{ "type": "Feature", "properties": { "id": null, "Zone": "тундры" }, "geometry": { "type": "MultiPolygon", "coordinates": [ [ [ [ -179.994058649372846, 67.301779146097829 ], [ -177.000498017412752, 66.535710480438738 ], [ -174.348721867054394, 65.958212563249575 ], [ -172.946226925309276, 66.017140922146424 ], [ -171.85731, 66.91308 ], [ -169.89958, 65.97724 ], [ -170.89107, 65.54139 ], [ -172.53025, 65.43791 ], [ -172.555, 64.46079 ], [ -172.95533, 64.25269 ], [ -173.89184, 64.2826 ], [ -174.65392, 64.63125 ], [ -175.98353, 64.92288 ], [ -176.20716, 65.35667 ], [ -177.22266, 65.52024 ], [ -178.35993, 65.39052 ], [ -178.90332, 65.74044 ], [ -178.68611, 66.11211 ], [ -179.88377, 65.87456 ], [ -179.43268, 65.40411 ], [ -180.0, 64.979708702198394 ], [ -180.0, 68.963636363636354 ], [ -179.994058649372846, 67.301779146097829 ] ] ] ] } },
{ "type": "Feature", "properties": { "id": null, "Zone": "арктических пустынь" }, "geometry": { "type": "MultiPolygon", "coordinates": [ [ [ [ -180.0, 71.515714336428275 ], [ -179.871875, 71.55762 ], [ -179.02433, 71.55553 ], [ -177.577945, 71.26948 ], [ -177.663575, 71.13277 ], [ -178.69378, 70.89302 ], [ -180.0, 70.832199208546726 ], [ -180.0, 71.515714336428275 ] ] ] ] } },
{ "type": "Feature", "properties": { "id": null, "Zone": "области высотной поясности" }, "geometry": { "type": "MultiPolygon", "coordinates": [ [ [ [ 111.159137811326616, 0.976478176269481 ], [ 111.474734281415152, 1.042965050954733 ], [ 112.193671871456047, 1.042965050954733 ], [ 112.740689603008903, 1.246143065531506 ], [ 113.334594568694854, 1.464950158152648 ], [ 114.209822939179418, 2.262033138415378 ], [ 115.788359821660507, 4.622023923114831 ], [ 116.288490319080253, 5.606655839909967 ], [ 116.491668333657046, 5.895793783730761 ], [ 116.710475426278165, 5.919237400797313 ], [ 116.929282518899328, 5.856721088619842 ], [ 117.038686065209887, 5.544139527732499 ], [ 117.085573299342997, 5.083081725423664 ], [ 116.937097057921505, 4.637653001159197 ], [ 116.491668333657032, 4.059377113517611 ], [ 115.991537836237285, 2.668389167568925 ], [ 116.022795992326024, 2.465211152992151 ], [ 116.601071879967606, 2.183887748193541 ], [ 116.56981372387888, 1.855677109261829 ], [ 116.132199538636598, 0.88667427051106 ], [ 115.616439963172468, 0.32402746091384 ], [ 115.225713012063295, 0.011445900026494 ], [ 114.303597407445622, -0.004183178017873 ], [ 113.920684995358613, -0.051070412150975 ], [ 113.514328966205056, -0.441797363260156 ], [ 113.217376483362088, -1.043516867968295 ], [ 112.928238539541283, -1.35609842885564 ], [ 112.600027900609575, -1.371727506900008 ], [ 112.435922581143714, -1.231065804500702 ], [ 112.248373644611306, -1.168549492323233 ], [ 112.029566551990172, -1.293582116678171 ], [ 111.959235700790515, -1.6139782165877 ], [ 111.779501303280298, -1.692123606809536 ], [ 111.435661586304221, -1.44205835809966 ], [ 111.216854493683087, -1.004444172857377 ], [ 111.216854493683087, -0.496499136415441 ], [ 111.365330735104578, -0.160473958461545 ], [ 111.810759459369038, 0.06614767318178 ], [ 112.943867617585667, 0.089591290248331 ], [ 113.256449178473019, 0.238067531669819 ], [ 113.389296341850127, 0.527205475490613 ], [ 113.311150951628292, 0.792899802244857 ], [ 112.912609461496928, 0.839787036377958 ], [ 112.318704495810977, 0.839787036377958 ], [ 111.763872225235943, 0.738198029089571 ], [ 111.287185344882744, 0.652238099845551 ], [ 111.005861940084131, 0.69131079495647 ], [ 110.974603783995391, 0.839787036377958 ], [ 111.159137811326616, 0.976478176269481 ] ] ] ] } }
]
}
