{
"type": "FeatureCollection",
"name": "northamerica_2",
"crs": { "type": "name", "properties": { "name": "urn:ogc:def:crs:OGC:1.3:CRS84" } },
"features": [
{ "type": "Feature", "properties": { "id": null, "Zone": "переменно-влажных (в том числе муссонных) лесов" }, "geometry": { "type": "MultiPolygon", "coordinates": [ [ [ [ -97.702945522842242, 24.272343044526735 ], [ -97.776041836319052, 22.93257986092766 ], [ -97.872366706111109, 22.44421173755336 ], [ -97.699043952204192, 21.898689480064263 ], [ -97.388959520236767, 21.411018988525825 ], [ -97.189333462293291, 20.635433254473128 ], [ -96.525575527720321, 19.890930894444068 ], [ -96.292127244841765, 19.320371405509547 ], [ -95.900884975959968, 18.82802419684873 ], [ -94.839063483442715, 18.562717393462208 ], [ -94.425729539756219, 18.144370835843347 ], [ -93.548651292682393, 18.423836981677937 ], [ -92.786113857783505, 18.524838568592259 ], [ -92.037348192090406, 18.704569200103435 ], [ -91.407903408559264, 18.87608327888023 ], [ -90.771869879910867, 19.284120388256781 ], [ -90.533589850613055, 19.867418117751299 ], [ -90.490893565508316, 20.360439581259563 ], [ -90.451475999701245, 20.707521877520435 ], [ -90.278618333684904, 20.999855454995554 ], [ -89.601321173851488, 21.261725775634488 ], [ -88.543866339862859, 21.49367544197662 ], [ -87.658416510757718, 21.458845526611981 ], [ -87.051890224948067, 21.543543199138298 ], [ -86.811982388032959, 21.331514797444754 ], [ -86.845907965832623, 20.849864610268355 ], [ -87.383291185235862, 20.25540477139873 ], [ -87.62105445021075, 19.646553046135921 ], [ -87.436750454441778, 19.472403469312269 ], [ -87.586560431655926, 19.040130113190742 ], [ -87.837191128271513, 18.25981598558343 ], [ -88.090664028663184, 18.516647854074051 ], [ -88.300031094093697, 18.499982204659901 ], [ -88.296336229184817, 18.353272813383271 ], [ -88.106812913754382, 18.348673610909287 ], [ -88.123478563168504, 18.07667470954101 ], [ -88.285354987322805, 17.644142971258034 ], [ -88.197866787452654, 17.489475409408456 ], [ -88.302640753924436, 17.131693630435663 ], [ -88.239517991879907, 17.036066392479555 ], [ -88.355428229510565, 16.530774237529627 ], [ -88.55182451043585, 16.265467434143147 ], [ -88.732433641295941, 16.233634751851355 ], [ -88.930612759135272, 15.887273464415076 ], [ -88.604586147805847, 15.70638011317736 ], [ -88.51836402052686, 15.855389105690975 ], [ -88.225022752622024, 15.727722479713904 ], [ -88.121153123715374, 15.688655096901357 ], [ -87.901812506852423, 15.864458319558196 ], [ -87.615680101252337, 15.878798529519202 ], [ -87.522920905288458, 15.797278957578783 ], [ -87.367762417332131, 15.846940009011291 ], [ -86.903191291028179, 15.756712958229571 ], [ -86.440945604177386, 15.782835394753192 ], [ -86.119233974944336, 15.893448798073962 ], [ -86.001954311857844, 16.005405788634391 ], [ -85.683317430346278, 15.953651841693954 ], [ -85.444003872402561, 15.885749009662447 ], [ -85.182443610357211, 15.909158433490632 ], [ -84.983721889978824, 15.995923163308703 ], [ -84.526979743167146, 15.857223619037427 ], [ -84.368255581382584, 15.835157782448732 ], [ -84.063054572266822, 15.648244126849136 ], [ -83.773976610026125, 15.424071763566872 ], [ -83.410381232420377, 15.270902818253774 ], [ -83.147219000974133, 14.995829169164111 ], [ -83.233234422523935, 14.899866034398102 ], [ -83.284161546547594, 14.676623846897201 ], [ -83.182126430987282, 14.31070302983845 ], [ -83.412499966144452, 13.970077826386557 ], [ -83.519831916014681, 13.567699286345883 ], [ -83.552207200845544, 13.127054348193086 ], [ -83.498515387694269, 12.869292303921227 ], [ -83.473323126951982, 12.419087225794428 ], [ -83.626104499022915, 12.320850328007566 ], [ -83.719613003255063, 11.893124497927728 ], [ -83.650857510090717, 11.62903209070012 ], [ -83.855470343750397, 11.373311265503787 ], [ -83.808935716471552, 11.103043524617275 ], [ -83.655611741861577, 10.938764146361422 ], [ -83.402319708982958, 10.395438137244653 ], [ -83.015676642575173, 9.992982082555557 ], [ -82.546196255203483, 9.566134751824677 ], [ -82.187122565423408, 9.207448635286781 ], [ -82.207586432610967, 8.9955752628901 ], [ -81.808566860669288, 8.950616766796173 ], [ -81.714154018872037, 9.031955471223583 ], [ -81.439287075511544, 8.786234035675719 ], [ -80.947301601876759, 8.858503526235907 ], [ -80.521901211250082, 9.111072089062432 ], [ -79.914599778955989, 9.312765204297619 ], [ -79.573302781884308, 9.611610012241528 ], [ -79.021191779277927, 9.552931423374105 ], [ -79.058450486960368, 9.454565334506526 ], [ -78.500887620747193, 9.420458889193881 ], [ -78.055927700498017, 9.247730414258299 ], [ -77.729513515926413, 8.946844387238869 ], [ -77.353360765273862, 8.67050466555807 ], [ -76.836673957003569, 8.638749497914716 ], [ -76.913034788144628, 8.083102599410262 ], [ -77.431107957656991, 7.638061224798734 ], [ -77.753413865861404, 7.709839789252143 ], [ -77.881571417945253, 7.223771267114785 ], [ -78.214936082660117, 7.512254950384161 ], [ -78.429160732726075, 8.052041123888927 ], [ -78.182095709938636, 8.319182440621773 ], [ -78.435465257465694, 8.387705389840789 ], [ -78.622120530903942, 8.718124497915028 ], [ -79.120307176413746, 8.996092027213024 ], [ -79.55787736684519, 8.932374986197146 ], [ -79.760578172510051, 8.584515082224399 ], [ -80.164481167303336, 8.333315944853595 ], [ -80.382659064439622, 8.298408514840432 ], [ -80.4806892564973, 8.090307522001069 ], [ -80.003689948227162, 7.547524115423372 ], [ -80.276670701808996, 7.419754136581716 ], [ -80.42115800649708, 7.271571966984765 ], [ -80.886400926420805, 7.220541490096537 ], [ -81.059542812814726, 7.817921047390597 ], [ -81.189715745757951, 7.64790558515034 ], [ -81.51951473664468, 7.706610012233909 ], [ -81.721311204744467, 8.108962714058435 ], [ -82.131441209628917, 8.175392767769637 ], [ -82.390934414382571, 8.292362372262289 ], [ -82.82008134635042, 8.290863755725823 ], [ -82.850958014644817, 8.073822740099956 ], [ -82.965783047197363, 8.225027980985985 ], [ -83.508437262694315, 8.446926581247283 ], [ -83.711473965169077, 8.656836249216866 ], [ -83.596313035806645, 8.830443223501419 ], [ -83.632641567707836, 9.051385809765321 ], [ -83.909885626953738, 9.290802720573581 ], [ -84.303401658856359, 9.487354030795714 ], [ -84.647644212568665, 9.615537421095709 ], [ -84.12733247160439, 9.835465761825573 ], [ -83.825076813200155, 10.083747195514793 ], [ -83.85746134802919, 10.245669869659931 ], [ -84.19017859570485, 10.793450018756674 ], [ -84.35593075228104, 10.999225572142905 ], [ -84.673069017256267, 11.082657172078143 ], [ -84.904561307501055, 11.411513123504932 ], [ -84.861381927729028, 11.659794557194143 ], [ -85.459011739916917, 12.419212108293767 ], [ -86.216134968076645, 13.176470271686924 ], [ -85.795136015299278, 13.187265116629934 ], [ -85.244598923205814, 13.230444496401971 ], [ -84.899163885029509, 13.295213566060026 ], [ -84.564523691796225, 13.392367170547109 ], [ -84.240678343505948, 13.565084689635256 ], [ -84.148922161490418, 13.710815096365895 ], [ -84.024781444645825, 13.861942925568021 ], [ -84.252210666623839, 14.312913009205381 ], [ -84.806771995343382, 14.52087350747521 ], [ -85.51257732280466, 14.709928505902333 ], [ -86.84226414507539, 14.949398170576686 ], [ -88.650372502725261, 15.114144938957082 ], [ -88.874605378166819, 15.084887586116109 ], [ -89.107773209560264, 15.025020169947521 ], [ -94.037000129286866, 17.575369585963198 ], [ -94.835818655069545, 17.510600516305143 ], [ -95.353971212333988, 17.359472687103015 ], [ -95.872123769598431, 17.942394314025513 ], [ -96.347096947090833, 18.37418811174588 ], [ -96.714121675153152, 18.870750979124303 ], [ -97.167505162759539, 19.712748884679023 ], [ -97.577709270593886, 20.425208650917632 ], [ -97.944733998656204, 21.029719967726148 ], [ -98.210771383826, 21.333155284132342 ], [ -98.519561214590297, 21.553719448963982 ], [ -98.834652878635552, 21.629341448334834 ], [ -99.115974674972648, 21.51009056769005 ], [ -99.219064708770645, 21.755378113952915 ], [ -99.358858686190288, 22.039037969897514 ], [ -99.029615915428565, 22.103807039555555 ], [ -98.932462310941489, 22.449242077731849 ], [ -98.873090663754994, 23.555713684390305 ], [ -98.959449423299063, 24.181814691084838 ], [ -99.024218492957118, 24.764736318007337 ], [ -99.175346322159257, 25.628323913448074 ], [ -98.894680353641007, 25.520375464017981 ], [ -98.462886555920647, 25.045402286525576 ], [ -97.702945522842242, 24.272343044526735 ] ] ] ] } },
{ "type": "Feature", "properties": { "id": null, "Zone": "области высотной поясности" }, "geometry": { "type": "MultiPolygon", "coordinates": [ [ [ [ -88.806897754398875, 14.439467130018999 ], [ -89.145535041037192, 14.678019110569153 ], [ -89.161338792447992, 14.870625254565377 ], [ -89.107773209560264, 15.025020169947521 ], [ -88.874605378166819, 15.084887586116109 ], [ -88.650372502725261, 15.114144938957082 ], [ -86.84226414507539, 14.949398170576686 ], [ -85.51257732280466, 14.709928505902333 ], [ -84.806771995343382, 14.52087350747521 ], [ -84.252210666623839, 14.312913009205381 ], [ -84.024781444645825, 13.861942925568021 ], [ -84.148922161490418, 13.710815096365895 ], [ -84.240678343505948, 13.565084689635256 ], [ -84.564523691796225, 13.392367170547109 ], [ -84.899163885029509, 13.295213566060026 ], [ -85.244598923205814, 13.230444496401971 ], [ -85.795136015299278, 13.187265116629934 ], [ -86.216134968076645, 13.176470271686924 ], [ -86.939389579258261, 13.413956860433128 ], [ -87.317209152263587, 13.619058914350303 ], [ -87.964899848844141, 14.06164755701368 ], [ -88.277950352191397, 14.277544455873866 ], [ -88.806897754398875, 14.439467130018999 ] ] ] ] } },
{ "type": "Feature", "properties": { "id": null, "Zone": "области высотной поясности" }, "geometry": { "type": "MultiPolygon", "coordinates": [ [ [ [ -99.115974674972648, 21.51009056769005 ], [ -98.834652878635552, 21.629341448334834 ], [ -98.519561214590297, 21.553719448963982 ], [ -98.210771383826, 21.333155284132342 ], [ -97.944733998656204, 21.029719967726148 ], [ -97.577709270593886, 20.425208650917632 ], [ -97.167505162759539, 19.712748884679023 ], [ -96.714121675153152, 18.870750979124303 ], [ -96.347096947090833, 18.37418811174588 ], [ -95.872123769598431, 17.942394314025513 ], [ -95.353971212333988, 17.359472687103015 ], [ -95.677816560624137, 17.116588675885311 ], [ -95.936892839256359, 17.008640226455217 ], [ -96.552199001007892, 17.030229916341238 ], [ -97.059556713329329, 17.127383520828317 ], [ -98.430502021091499, 17.580767008434705 ], [ -100.136087522086953, 18.185278325243221 ], [ -102.575722479207059, 18.962507161139893 ], [ -103.482489454419834, 19.286352509430166 ], [ -104.162564685829423, 19.523839098176371 ], [ -104.529589413891728, 19.739735997036554 ], [ -104.594358483549783, 20.085171035212852 ], [ -104.497204879062707, 20.441400918332157 ], [ -104.38925642963261, 20.64650297224933 ], [ -104.119385306057382, 20.689682352021368 ], [ -103.342156470160717, 20.376631848674101 ], [ -102.672876083694149, 19.977222585782759 ], [ -102.219492596087761, 19.772120531865582 ], [ -101.928031782626505, 19.847684446466648 ], [ -101.787698798367387, 19.988017430725769 ], [ -101.787698798367387, 20.214709174528963 ], [ -101.841673023082436, 20.506169987990212 ], [ -102.446184339890948, 21.542475102519095 ], [ -102.856388447725294, 22.330498783358767 ], [ -103.363746160046759, 22.956599790053303 ], [ -103.860309027425174, 23.248060603514553 ], [ -104.270513135259534, 23.366803897887653 ], [ -104.723896622865908, 23.453162657431726 ], [ -105.036947126213178, 23.539521416975802 ], [ -105.587484218306656, 23.949725524810152 ], [ -106.548225418234466, 24.921261569680979 ], [ -107.606120222649366, 26.130284203298007 ], [ -108.610040802349218, 27.360896526801056 ], [ -109.657140761821111, 28.591508850304109 ], [ -109.74349952136518, 28.947738733423414 ], [ -109.689525296650132, 29.196020167112625 ], [ -109.365679948359855, 29.573839740117947 ], [ -109.138988204556668, 29.843710863693179 ], [ -109.031039755126571, 30.059607762553362 ], [ -109.095808824784626, 30.297094351299567 ], [ -109.462833552846945, 30.761272683848961 ], [ -110.110524249427499, 31.171476791683311 ], [ -110.445164442660783, 31.560091209631643 ], [ -110.499138667375831, 31.88393655792192 ], [ -110.466754132546797, 32.132217991611135 ], [ -110.304831458401665, 32.294140665756274 ], [ -109.95939642022536, 32.380499425300343 ], [ -109.387269638245883, 32.358909735414329 ], [ -108.793553166380377, 32.17539737138317 ], [ -108.24, 31.754853718166373 ], [ -107.854401656338553, 30.901605668108076 ], [ -107.336249099074109, 29.347147996314749 ], [ -106.461866658690397, 27.781895479578406 ], [ -105.965303791311968, 27.037051178510769 ], [ -105.565894528420628, 26.75638520999253 ], [ -104.950588366669095, 26.486514086417301 ], [ -104.130180151000403, 25.946771839266841 ], [ -103.245002865673641, 25.169543003370176 ], [ -102.403004960118921, 23.938930679867124 ], [ -101.647365814108269, 22.837856495680185 ], [ -100.681227191708984, 21.180847796928269 ], [ -100.238638549045604, 20.322657623959039 ], [ -100.173869479387548, 20.274080821715497 ], [ -99.569358162579022, 20.619515859891791 ], [ -99.272499926646276, 21.121476149741717 ], [ -99.115974674972648, 21.51009056769005 ] ] ] ] } },
{ "type": "Feature", "properties": { "id": null, "Zone": "саванн и редколесий" }, "geometry": { "type": "MultiPolygon", "coordinates": [ [ [ [ -110.641018846461634, 27.859876003525528 ], [ -110.423574752774769, 28.213689277298787 ], [ -110.358805683116714, 28.429586176158971 ], [ -110.358805683116714, 28.893764508708365 ], [ -110.542318047147873, 29.422711910915819 ], [ -110.876958240381157, 29.843710863693179 ], [ -111.222393278557448, 30.469811870387712 ], [ -111.416700487531614, 31.031143807424193 ], [ -111.427495332474635, 31.408963380429515 ], [ -111.265572658329489, 31.959500472522986 ], [ -110.671856186463984, 32.369704580357336 ], [ -110.380395373002742, 32.747524153362662 ], [ -110.401985062888755, 33.114548881424973 ], [ -110.682651031407005, 33.557137524088354 ], [ -110.358805683116728, 33.611111748803403 ], [ -109.862242815738298, 33.524752989259326 ], [ -109.06342428995562, 33.114548881424973 ], [ -108.35096452371701, 32.877062292678772 ], [ -107.487376928276277, 32.920241672450807 ], [ -107.411813013675186, 32.240166441041225 ], [ -106.828891386752687, 31.35498915571447 ], [ -105.555099683477607, 30.275504661413549 ], [ -104.777870847580942, 29.498275825516885 ], [ -104.324487359974555, 29.001712958138462 ], [ -103.914283252140194, 28.526739780646054 ], [ -100.913316357983618, 23.90654614503811 ], [ -100.654240079351396, 22.827061650737186 ], [ -100.503112250149258, 22.395267853016815 ], [ -100.276420506346071, 22.190165799099642 ], [ -99.83383186368269, 22.060627659783531 ], [ -99.358858686190288, 22.039037969897514 ], [ -99.219064708770645, 21.755378113952915 ], [ -99.115974674972648, 21.51009056769005 ], [ -99.272499926646276, 21.121476149741717 ], [ -99.569358162579022, 20.619515859891791 ], [ -100.173869479387548, 20.274080821715497 ], [ -100.238638549045604, 20.322657623959039 ], [ -100.681227191708984, 21.180847796928269 ], [ -101.647365814108269, 22.837856495680185 ], [ -102.403004960118921, 23.938930679867124 ], [ -103.245002865673641, 25.169543003370176 ], [ -104.130180151000403, 25.946771839266841 ], [ -104.950588366669095, 26.486514086417301 ], [ -105.565894528420628, 26.75638520999253 ], [ -105.965303791311968, 27.037051178510769 ], [ -106.461866658690397, 27.781895479578406 ], [ -107.336249099074109, 29.347147996314749 ], [ -107.854401656338553, 30.901605668108076 ], [ -108.24, 31.754853718166373 ], [ -108.793553166380377, 32.17539737138317 ], [ -109.387269638245883, 32.358909735414329 ], [ -109.95939642022536, 32.380499425300343 ], [ -110.304831458401665, 32.294140665756274 ], [ -110.466754132546797, 32.132217991611135 ], [ -110.499138667375831, 31.88393655792192 ], [ -110.445164442660783, 31.560091209631643 ], [ -110.253502466475908, 31.337516011481462 ], [ -110.110524249427499, 31.171476791683311 ], [ -109.462833552846945, 30.761272683848961 ], [ -109.095808824784626, 30.297094351299567 ], [ -109.031039755126571, 30.059607762553362 ], [ -109.138988204556668, 29.843710863693179 ], [ -109.365679948359855, 29.573839740117947 ], [ -109.689525296650132, 29.196020167112625 ], [ -109.74349952136518, 28.947738733423414 ], [ -109.657140761821111, 28.591508850304109 ], [ -108.610040802349218, 27.360896526801056 ], [ -107.606120222649366, 26.130284203298007 ], [ -106.548225418234466, 24.921261569680979 ], [ -105.587484218306656, 23.949725524810152 ], [ -105.036947126213178, 23.539521416975802 ], [ -104.723896622865908, 23.453162657431726 ], [ -104.270513135259534, 23.366803897887653 ], [ -103.860309027425174, 23.248060603514553 ], [ -103.363746160046759, 22.956599790053303 ], [ -102.856388447725294, 22.330498783358767 ], [ -102.446184339890948, 21.542475102519095 ], [ -101.841673023082436, 20.506169987990212 ], [ -101.787698798367387, 20.214709174528963 ], [ -101.787698798367387, 19.988017430725769 ], [ -101.928031782626505, 19.847684446466648 ], [ -102.219492596087761, 19.772120531865582 ], [ -102.672876083694149, 19.977222585782759 ], [ -103.342156470160717, 20.376631848674101 ], [ -104.119385306057382, 20.689682352021368 ], [ -104.38925642963261, 20.64650297224933 ], [ -104.497204879062707, 20.441400918332157 ], [ -104.594358483549783, 20.085171035212852 ], [ -104.529589413891728, 19.739735997036554 ], [ -104.162564685829423, 19.523839098176371 ], [ -103.482489454419834, 19.286352509430166 ], [ -102.575722479207059, 18.962507161139893 ], [ -100.136087522086953, 18.185278325243221 ], [ -98.430502021091499, 17.580767008434705 ], [ -97.059556713329329, 17.127383520828317 ], [ -96.552199001007892, 17.030229916341238 ], [ -95.936892839256359, 17.008640226455217 ], [ -95.677816560624137, 17.116588675885311 ], [ -95.353971212333988, 17.359472687103015 ], [ -94.835818655069545, 17.510600516305143 ], [ -94.037000129286866, 17.575369585963198 ], [ -89.107773209560264, 15.025020169947521 ], [ -89.161338792447992, 14.870625254565377 ], [ -89.145535041037192, 14.678019110569153 ], [ -88.806897754398875, 14.439467130018999 ], [ -88.277950352191397, 14.277544455873866 ], [ -87.964899848844141, 14.06164755701368 ], [ -87.317209152263587, 13.619058914350303 ], [ -86.939389579258261, 13.413956860433128 ], [ -86.737478633150957, 13.347657743800877 ], [ -86.216134968076645, 13.176470271686924 ], [ -85.459011739916917, 12.419212108293767 ], [ -84.861381927729028, 11.659794557194143 ], [ -84.904561307501055, 11.411513123504932 ], [ -84.673069017256267, 11.082657172078143 ], [ -84.35593075228104, 10.999225572142905 ], [ -84.19017859570485, 10.793450018756674 ], [ -83.85746134802919, 10.245669869659931 ], [ -83.825076813200155, 10.083747195514793 ], [ -84.12733247160439, 9.835465761825573 ], [ -84.647644212568665, 9.615537421095709 ], [ -84.713350796227772, 9.908051866083852 ], [ -84.975660366541334, 10.086723130733006 ], [ -84.91137488477024, 9.795991522658923 ], [ -85.11092342806532, 9.55703969974131 ], [ -85.339488288092269, 9.83454214114866 ], [ -85.66078650586698, 9.933347479690724 ], [ -85.797444831062847, 10.134885565629034 ], [ -85.791708747078431, 10.439337266476613 ], [ -85.659313727546674, 10.754330959511719 ], [ -85.941725430021762, 10.895278428587801 ], [ -85.712540452807303, 11.088444932494824 ], [ -86.058488328785259, 11.403438625529944 ], [ -86.525849982432959, 11.806876532432597 ], [ -86.745991583996329, 12.143961900272487 ], [ -87.16751624220116, 12.458257961471658 ], [ -87.668493415054712, 12.909909979702633 ], [ -87.557466600275617, 13.064551703336065 ], [ -87.392386237319229, 12.914018256069838 ], [ -87.316654425795491, 12.984685777228975 ], [ -87.489408738947134, 13.297534898323931 ], [ -87.793111131526572, 13.384480495655055 ], [ -87.904112108089521, 13.149016831917137 ], [ -88.48330156121682, 13.163951320849492 ], [ -88.84322791212972, 13.259733588102478 ], [ -89.256742723329296, 13.458532823129303 ], [ -89.812393561547665, 13.520622056527998 ], [ -90.095554572290979, 13.735337632700734 ], [ -90.608624030300845, 13.909771429901951 ], [ -91.232410244496052, 13.927832342987957 ], [ -91.689746670279135, 14.126218166556455 ], [ -92.227750006869826, 14.538828640190928 ], [ -93.35946387406176, 15.615429592343673 ], [ -93.875168830118525, 15.940164292865916 ], [ -94.691656460330137, 16.200975246642884 ], [ -95.250227016973042, 16.128318182840644 ], [ -96.053382127653322, 15.752087917539598 ], [ -96.557434048228288, 15.653515122942792 ], [ -97.263592495496653, 15.917064927631316 ], [ -98.01302995480961, 16.107311713113916 ], [ -98.947675747456515, 16.566043402568766 ], [ -99.697397427147052, 16.706164048728169 ], [ -100.829498867581322, 17.17107107184205 ], [ -101.666088629954459, 17.649026394109626 ], [ -101.918528001700224, 17.916090196193977 ], [ -102.478132086988921, 17.975750637275098 ], [ -103.500989549558085, 18.292294623278849 ], [ -103.917527432046825, 18.748571682200009 ], [ -104.992009650475495, 19.316133938061682 ], [ -105.49303849976144, 19.946767279535436 ], [ -105.731396043707662, 20.434101874264115 ], [ -105.39777299683135, 20.531718654863425 ], [ -105.50066077352443, 20.816895046466129 ], [ -105.270752326257934, 21.076284898355141 ], [ -105.265817226974036, 21.422103583252351 ], [ -105.603160976975403, 21.871145941652571 ], [ -105.693413865973127, 22.269080308516152 ], [ -106.028716396898972, 22.773752346278627 ], [ -106.90998043498837, 23.767774359628902 ], [ -107.915448778091388, 24.54891531015295 ], [ -108.401904873470983, 25.172313951105934 ], [ -109.260198737406654, 25.580609442644061 ], [ -109.444089321717343, 25.82488393808768 ], [ -109.291643846456282, 26.442934068298428 ], [ -109.801457689231825, 26.676175645447927 ], [ -110.391731737085706, 27.16211497650454 ], [ -110.641018846461634, 27.859876003525528 ] ] ] ] } },
{ "type": "Feature", "properties": { "id": null, "Zone": "области высотной поясности" }, "geometry": { "type": "MultiPolygon", "coordinates": [ [ [ [ -110.682651031407005, 33.557137524088354 ], [ -111.759436814472082, 33.543643967909567 ], [ -112.277589371736525, 33.608413037567622 ], [ -112.579845030140788, 33.910668695971879 ], [ -112.817331618886982, 34.428821253236322 ], [ -112.860510998659024, 34.752666601526599 ], [ -112.730972859342913, 35.162870709360952 ], [ -112.385537821166622, 35.465126367765208 ], [ -111.435591466181805, 35.94009954525761 ], [ -110.744721389829223, 36.155996444117797 ], [ -110.118620383134683, 36.56620055195215 ], [ -109.362981237124046, 37.386608767620849 ], [ -108.866418369745645, 38.055889154087438 ], [ -108.218727673165091, 38.768348920326041 ], [ -107.376729767610371, 39.200142718046415 ], [ -106.944935969889997, 39.308091167476505 ], [ -106.944935969889997, 39.567167446108726 ], [ -107.139243178864163, 39.804654034854927 ], [ -108.046010154076939, 39.934192174171038 ], [ -108.596547246170275, 39.923397329227996 ], [ -108.974366819175742, 39.847833414626962 ], [ -109.244237942750829, 39.729090120253829 ], [ -109.557288446098227, 39.416039616906595 ], [ -109.989082243818601, 38.897887059642152 ], [ -110.269748212336836, 38.379734502377715 ], [ -110.528824490969058, 37.861581945113272 ], [ -110.706939432528571, 37.667274736139071 ], [ -110.982207978575445, 37.559326286709009 ], [ -111.198104877435483, 37.510749484465435 ], [ -111.392412086409806, 37.559326286709009 ], [ -111.559732183026298, 37.678069581082077 ], [ -111.608308985269986, 37.861581945113272 ], [ -111.651488365041871, 38.201619560818031 ], [ -111.608308985269986, 38.552452021465861 ], [ -111.435591466181833, 40.625062250523627 ], [ -111.262873947093553, 41.154009652731048 ], [ -111.025387358347487, 41.445470466192333 ], [ -110.118620383134711, 42.136340542544922 ], [ -109.233443097807907, 42.84880030878351 ], [ -109.179468873092759, 43.070094630115179 ], [ -109.211853407921893, 43.474901315478043 ], [ -109.373776082066925, 43.760964706467774 ], [ -109.622057515756239, 43.971464182856465 ], [ -110.107825538191548, 44.149579124416107 ], [ -110.679952320171139, 44.252130151374708 ], [ -111.154925497663456, 44.257527573846197 ], [ -111.608308985269929, 44.208950771602673 ], [ -112.169640922306314, 44.084810054758051 ], [ -112.860510998659009, 43.777156973882299 ], [ -113.680919214327702, 43.561260075022119 ], [ -114.371789290680297, 43.539670385136098 ], [ -114.889941847944741, 43.626029144680174 ], [ -115.3217356456651, 43.885105423312396 ], [ -115.667170683841405, 44.468027050234888 ], [ -115.127428436690934, 45.698639373737969 ], [ -114.868352158058713, 46.497457899520654 ], [ -115.041069677146865, 47.382635184847409 ], [ -115.559222234411308, 47.943967121883887 ], [ -116.595527348940195, 48.310991849946205 ], [ -117.307987115178804, 48.24622278028815 ], [ -117.804549982557234, 47.922377431997873 ], [ -120.352133389107408, 44.230540461488715 ], [ -120.317050143042451, 44.011944851392734 ], [ -120.201005559905269, 43.841926043540383 ], [ -119.977012527337649, 43.725881460402988 ], [ -119.726032382412868, 43.690798214338258 ], [ -119.315828274578521, 43.777156973882327 ], [ -118.991982926288244, 43.841926043540383 ], [ -118.581778818453898, 43.755567283996314 ], [ -118.279523160049635, 43.539670385136127 ], [ -118.279523160049635, 42.999928137985663 ], [ -118.452240679137788, 42.136340542544929 ], [ -118.21475409039158, 41.100035428016042 ], [ -117.56706339381104, 39.675115895538838 ], [ -116.681886108484292, 38.59563140123791 ], [ -115.818298513043544, 37.645685046253099 ], [ -114.522917119882436, 36.890045900242455 ], [ -114.139700124405479, 36.722725803625757 ], [ -113.939995492959952, 36.479841792408109 ], [ -113.880623845773258, 36.226162936247334 ], [ -113.89681611318791, 35.918509855371624 ], [ -114.031751674975382, 35.643241309324836 ], [ -114.199071771592173, 35.486716057651257 ], [ -114.355597023265659, 35.362575340806593 ], [ -114.630865569312533, 35.313998538563112 ], [ -115.149018126576976, 35.378767608221168 ], [ -115.904657272587627, 35.616254196967368 ], [ -116.595527348940209, 35.961689235143666 ], [ -117.113679906204652, 36.782097450812365 ], [ -117.804549982557248, 37.257070628304774 ], [ -118.473830369023815, 37.55932628670903 ], [ -118.927213856630203, 37.991120084429397 ], [ -119.445366413894646, 38.59563140123791 ], [ -119.618083932982799, 38.897887059642173 ], [ -120.071467420589187, 39.588757135994761 ], [ -120.352133389107422, 39.998961243829115 ], [ -120.568030287967602, 40.193268452803274 ], [ -120.827106566599824, 40.236447832575315 ], [ -121.237310674434184, 40.128499383145218 ], [ -121.302079744092225, 39.826243724740962 ], [ -121.323669433978253, 39.32968085736254 ], [ -120.913465326143907, 38.59563140123791 ], [ -120.136236490247242, 37.818402565341245 ], [ -118.689727267883995, 36.220765513775888 ], [ -118.128395330847525, 35.249229468905057 ], [ -117.890908742101317, 34.579949082438482 ], [ -118.452240679137802, 34.536769702666447 ], [ -119.099931375718356, 34.709487221754593 ], [ -119.898749901501034, 35.119691329588946 ], [ -120.373723078993436, 35.918509855371624 ], [ -120.654389047511685, 36.8252768305844 ], [ -121.323669433978253, 37.818402565341245 ], [ -121.588143135081751, 38.055889154087346 ], [ -121.777052921584641, 38.120658223745508 ], [ -121.976757553030083, 38.109863378802395 ], [ -122.51201, 37.783390000000111 ], [ -122.95319, 38.11371 ], [ -122.770178656341486, 38.681990160781986 ], [ -122.834947725999541, 40.193268452803274 ], [ -123.223562143947873, 41.44547046619234 ], [ -123.320715748434765, 42.309058061632996 ], [ -123.309920903491943, 43.215825036845857 ], [ -123.169587919232626, 44.252130151374637 ], [ -122.964485865315652, 45.202076506359546 ], [ -122.273615788963056, 46.281561000660474 ], [ -121.496386953066377, 47.058789836557139 ], [ -121.345259123864096, 47.393430029790345 ], [ -121.215720984548142, 47.749659912909735 ], [ -121.24810551937702, 48.138274330857975 ], [ -121.345259123864253, 48.462119679148344 ], [ -121.66370704968287, 49.066630995956785 ], [ -122.036129200216834, 49.47683510379121 ], [ -123.309920903491928, 50.405191768889999 ], [ -124.540533226994995, 51.009703085698511 ], [ -125.576838341523882, 51.096061845242588 ], [ -125.80892750779833, 51.155433492429019 ], [ -126.019426984187021, 51.28497163174513 ], [ -126.10578574373109, 51.425304616004247 ], [ -126.138170278560366, 51.635804092393045 ], [ -126.246118727990464, 52.305084478859619 ], [ -126.591553766166754, 52.780057656352021 ], [ -129.581725815380338, 55.187308078643063 ], [ -130.40213403104903, 55.737845170736534 ], [ -130.758363914168342, 55.996921449368756 ], [ -131.438439145577917, 56.925278114467545 ], [ -132.64746177919497, 58.350197646944764 ], [ -133.467869994863662, 59.019478033411339 ], [ -134.547354489164576, 59.321733691815595 ], [ -135.842735882325684, 59.36491307158763 ], [ -137.224476035030875, 59.49445121090374 ], [ -138.217601769787706, 59.81829655919401 ], [ -139.145958434886495, 60.336449116458454 ], [ -140.376570758389562, 60.681884154634744 ], [ -141.628772771778614, 60.962550123152987 ], [ -145.666044780464063, 62.64654593426242 ], [ -147.134143692713337, 62.75449438369251 ], [ -148.386345706102389, 62.430649035402233 ], [ -148.882908573480819, 62.21475213654206 ], [ -149.983982757667746, 62.452238725288268 ], [ -150.545314694704246, 62.279521206200116 ], [ -150.782801283450425, 61.847727408479749 ], [ -150.621110806257036, 61.284424953854398 ], [ -151.895839199816834, 60.727197984451266 ], [ -152.578329841095581, 60.061657212964235 ], [ -154.019172126257644, 59.350279446034278 ], [ -153.287511359653166, 58.864727688219773 ], [ -154.23249243875847, 58.14637360293051 ], [ -155.307491421510207, 57.727794501366304 ], [ -156.308334723923053, 57.422774359763594 ], [ -156.556097378546383, 56.979984849670643 ], [ -158.117216559867785, 56.46360809999419 ], [ -158.433321296197136, 55.994153550838519 ], [ -159.603327399717415, 55.56668610292013 ], [ -160.289719611634268, 55.643580634170576 ], [ -161.223047655257773, 55.364734605523495 ], [ -162.23776607974105, 55.024186916720112 ], [ -163.069446581046378, 54.689737046927121 ], [ -164.785569221027174, 54.404173082082139 ], [ -164.942226325520068, 54.572224839895341 ], [ -163.848339606765649, 55.039431464246093 ], [ -162.870001390615954, 55.348043117893212 ], [ -161.804174974596066, 55.894986477270379 ], [ -160.563604702781191, 56.00805451112501 ], [ -160.070559862284483, 56.41805532492873 ], [ -158.684442918919501, 57.016675116597867 ], [ -158.46109737855403, 57.216921291728852 ], [ -157.722770352183915, 57.570000515363063 ], [ -157.55027442119362, 58.328326321030204 ], [ -157.041674974576978, 58.918884589261722 ], [ -156.849504141421619, 59.645579040105865 ], [ -157.022221660509757, 60.250090356914384 ], [ -157.648322667204297, 60.509166635546606 ], [ -158.144885534582727, 60.53075632543262 ], [ -158.749396851391225, 60.185321287256329 ], [ -159.526625687287861, 59.602399660333816 ], [ -160.260675143412499, 59.494451210903719 ], [ -160.822007080448969, 59.580809970447795 ], [ -161.037903979309164, 59.839886249080017 ], [ -160.908365839993053, 60.293269736686405 ], [ -160.541341111930734, 60.638704774862703 ], [ -159.375497858085737, 61.631830509619547 ], [ -158.814165921049266, 62.430649035402226 ], [ -158.555089642417045, 63.056750042096766 ], [ -157.972168015494532, 63.790799498221382 ], [ -156.763145381877507, 64.244182985827777 ], [ -154.884842361793886, 64.546438644232026 ], [ -152.725873373192059, 64.848694302636289 ], [ -150.286238416071967, 65.172539650926566 ], [ -148.580652915076513, 65.539564378988885 ], [ -146.637580825334851, 66.0361272463673 ], [ -144.58656028616312, 66.100896316025356 ], [ -142.060566569498974, 66.122486005911369 ], [ -141.369696493146364, 66.316793214885536 ], [ -141.196978974058226, 66.640638563175813 ], [ -141.304927423488323, 66.856535462036007 ], [ -141.974207809954891, 66.986073601352118 ], [ -143.658203621064331, 67.137201430554242 ], [ -146.184197337728477, 67.029252981124145 ], [ -150.825980663222452, 67.158791120440256 ], [ -152.639514613648004, 67.331508639528394 ], [ -155.489353678602441, 67.374688019300464 ], [ -158.555089642417073, 67.353098329414451 ], [ -160.368623592842624, 67.374688019300464 ], [ -162.203747233154189, 67.56899522827463 ], [ -163.326411107227131, 67.828071506906852 ], [ -164.297947152097976, 68.022378715881018 ], [ -164.438280136357122, 68.281454994513226 ], [ -164.060460563351796, 68.540531273145447 ], [ -160.573725646759868, 69.339349798928154 ], [ -156.385325808872267, 69.684784837104445 ], [ -153.276410465285636, 69.771143596648514 ], [ -144.942790169282432, 68.778017861891655 ], [ -143.474691257033186, 68.734838482119613 ], [ -142.072510348713479, 69.851938178172645 ], [ -140.98598752156073, 69.711998399526351 ], [ -140.985987610376014, 69.711998399526351 ], [ -139.12052, 69.47102 ], [ -137.54636, 68.99002 ], [ -136.50358, 68.89804 ], [ -135.184250340802095, 67.6553539878187 ], [ -132.42077003539174, 66.403151974429633 ], [ -129.139137172716943, 65.453205619444816 ], [ -126.073401208902325, 64.41690050491593 ], [ -124.788814660683997, 63.64506909149069 ], [ -123.61217656189622, 62.732904693806496 ], [ -123.077831737216783, 62.417155479223275 ], [ -122.575871447367348, 61.998855237681866 ], [ -122.21964156424778, 61.577856284904421 ], [ -122.057718890102905, 61.307985161329277 ], [ -122.036129200216635, 61.097485684940516 ], [ -122.063116312574152, 60.946357855738384 ], [ -122.27361578896307, 60.660294464748723 ], [ -122.511102377709037, 60.395820763644906 ], [ -122.619050827139375, 60.098962527712246 ], [ -122.640640517025147, 59.769719756950366 ], [ -122.575871447367348, 59.494451210903733 ], [ -121.841821991242711, 58.760401754779117 ], [ -121.420823038465088, 58.280031154815106 ], [ -121.172541604776143, 57.680917260478196 ], [ -121.086182845232059, 56.774150285265421 ], [ -121.064593155346046, 56.212818348228936 ], [ -120.913465326143651, 55.861985887581064 ], [ -120.438492148651505, 55.413999822446257 ], [ -119.596494243096785, 54.939026644953849 ], [ -118.322702539821705, 54.550412227005516 ], [ -115.883067582701614, 53.643645251792741 ], [ -114.134302701934132, 52.369853548517654 ], [ -113.508201695239592, 51.419907193532836 ], [ -113.054818207633204, 50.124525800371728 ], [ -111.716257434700054, 48.526888748806364 ], [ -110.960618288689403, 47.792839292681734 ], [ -110.032261623590614, 47.468993944391457 ], [ -108.909597749517658, 47.253097045531277 ], [ -108.175548293393007, 46.961636232070035 ], [ -107.970446239475834, 46.659380573665779 ], [ -107.894882324874771, 46.162817706287349 ], [ -107.981241084418855, 45.752613598453003 ], [ -108.008228196776258, 45.498934742292278 ], [ -107.970446239475834, 45.23446104118856 ], [ -107.678985426014492, 44.710911061452592 ], [ -107.257986473237224, 44.241335306431708 ], [ -106.901756590117827, 43.847323466011858 ], [ -106.523937017112601, 43.582849764908147 ], [ -105.260940158780485, 42.74085185935342 ], [ -104.958684500376151, 42.433198778477646 ], [ -104.775172136345077, 42.071571472886852 ], [ -104.602454617256925, 41.143214807788056 ], [ -104.451326788054757, 39.869423104512961 ], [ -104.321788648738632, 39.335078279833994 ], [ -104.041122680220411, 38.725169540553985 ], [ -103.458201053297913, 37.753633495683161 ], [ -103.371842293753815, 37.316442275491276 ], [ -103.458201053297913, 36.89004590024242 ], [ -103.598534037557002, 36.582392819366646 ], [ -103.976353610562342, 36.199175823889831 ], [ -104.472916477940771, 35.616254196967333 ], [ -104.613249462199846, 35.179062976775448 ], [ -104.602454617256882, 34.666307841982523 ], [ -104.521493280184259, 34.423423830764804 ], [ -104.300198958852562, 34.056399102702493 ], [ -103.976353610562313, 33.586823347681609 ], [ -102.83210004660333, 32.507338853380688 ], [ -101.946922761276568, 31.600571878167912 ], [ -101.736423284887877, 31.184970347862038 ], [ -101.623077412986305, 30.715394592841157 ], [ -101.574500610742732, 30.213434302991207 ], [ -101.6624, 29.7793 ], [ -102.497459853370046, 30.024524516488569 ], [ -103.074984057821013, 30.224229147934217 ], [ -103.522970122955925, 30.531882228810002 ], [ -103.863007738660684, 30.828740464742733 ], [ -104.095096904935403, 31.211957460219583 ], [ -104.742787601515957, 32.205083194976432 ], [ -105.336504073381462, 32.852773891556986 ], [ -105.843861785702899, 33.057875945474159 ], [ -106.426783412625397, 33.068670790417166 ], [ -107.487376928276277, 32.920241672450807 ], [ -108.35096452371701, 32.877062292678772 ], [ -109.06342428995562, 33.114548881424973 ], [ -109.862242815738298, 33.524752989259326 ], [ -110.358805683116728, 33.611111748803403 ], [ -110.682651031407005, 33.557137524088354 ] ] ] ] } },
{ "type": "Feature", "properties": { "id": null, "Zone": "жестколистных вечнозеленых лесов и кустарников" }, "geometry": { "type": "MultiPolygon", "coordinates": [ [ [ [ -117.890908742101317, 34.579949082438482 ], [ -117.388948452251171, 34.439616098179215 ], [ -116.870795894986713, 34.104975904945931 ], [ -116.331053647836256, 33.500464588137412 ], [ -115.99135, 32.612390000000119 ], [ -115.802106245628806, 31.730110017483895 ], [ -115.715747486084737, 30.866522422043154 ], [ -115.640183571483661, 30.348369864778711 ], [ -115.518653937626993, 29.556361599235402 ], [ -115.887365282029577, 30.180793768834178 ], [ -116.258350389452914, 30.836464341753583 ], [ -116.721526252084971, 31.635743720012044 ], [ -117.127759999999853, 32.53534 ], [ -117.295937691273934, 33.046224615203869 ], [ -117.944, 33.621236431201396 ], [ -118.410602275897531, 33.740909223124447 ], [ -118.519894822799756, 34.027781577575752 ], [ -119.081, 34.078 ], [ -119.438840642016714, 34.34847717828427 ], [ -120.36778, 34.44711 ], [ -120.62286, 34.60855 ], [ -120.74433, 35.156860000000108 ], [ -121.71457, 36.16153 ], [ -122.54747, 37.551760000000115 ], [ -122.51201, 37.783390000000111 ], [ -121.976757553030083, 38.109863378802395 ], [ -121.777052921584641, 38.120658223745508 ], [ -121.588143135081751, 38.055889154087346 ], [ -121.323669433978253, 37.818402565341245 ], [ -120.654389047511685, 36.8252768305844 ], [ -120.373723078993436, 35.918509855371624 ], [ -119.898749901501034, 35.119691329588946 ], [ -119.099931375718356, 34.709487221754593 ], [ -118.452240679137802, 34.536769702666447 ], [ -117.890908742101317, 34.579949082438482 ] ] ] ] } },
{ "type": "Feature", "properties": { "id": null, "Zone": "области высотной поясности" }, "geometry": { "type": "MultiPolygon", "coordinates": [ [ [ [ -116.870795894986713, 34.104975904945931 ], [ -116.692680953427015, 34.207526931904489 ], [ -116.536155701753387, 34.239911466733517 ], [ -116.293271690535676, 34.191334664489972 ], [ -115.888465005172833, 33.975437765629792 ], [ -115.375709870379893, 33.60301561509597 ], [ -115.149018126576706, 33.262977999391182 ], [ -114.943916072659533, 32.852773891556822 ], [ -114.884544425472981, 32.57210792303858 ], [ -114.927723805245009, 32.269852264634324 ], [ -115.095043901861658, 31.978391451173074 ], [ -115.262363998478293, 31.789481664670411 ], [ -115.462068629923962, 31.643751257939787 ], [ -115.694157796198667, 31.568187343338725 ], [ -115.785913978214239, 31.562789920867218 ], [ -115.802106245628806, 31.730110017483895 ], [ -115.99135, 32.612390000000119 ], [ -116.331053647836256, 33.500464588137412 ], [ -116.870795894986713, 34.104975904945931 ] ] ] ] } },
{ "type": "Feature", "properties": { "id": null, "Zone": "лесостепей и степей" }, "geometry": { "type": "MultiPolygon", "coordinates": [ [ [ [ -116.536155701753387, 34.239911466733517 ], [ -116.870795894986713, 34.104975904945931 ], [ -117.388948452251171, 34.439616098179215 ], [ -117.890908742101317, 34.579949082438482 ], [ -118.128395330847525, 35.249229468905057 ], [ -118.689727267883995, 36.220765513775888 ], [ -120.136236490247242, 37.818402565341245 ], [ -120.913465326143907, 38.59563140123791 ], [ -121.323669433978253, 39.32968085736254 ], [ -121.302079744092225, 39.826243724740962 ], [ -121.237310674434184, 40.128499383145218 ], [ -120.827106566599824, 40.236447832575315 ], [ -120.568030287967602, 40.193268452803274 ], [ -120.352133389107422, 39.998961243829115 ], [ -120.071467420589187, 39.588757135994761 ], [ -119.618083932982799, 38.897887059642173 ], [ -119.445366413894646, 38.59563140123791 ], [ -118.927213856630203, 37.991120084429397 ], [ -118.473830369023815, 37.55932628670903 ], [ -117.804549982557248, 37.257070628304774 ], [ -117.113679906204652, 36.782097450812365 ], [ -116.595527348940209, 35.961689235143666 ], [ -115.904657272587627, 35.616254196967368 ], [ -116.385027872551262, 35.573074817195156 ], [ -116.52536085681038, 35.432741832936038 ], [ -116.579335081525429, 35.16287070936081 ], [ -116.600924771411442, 34.763461446469464 ], [ -116.536155701753387, 34.239911466733517 ] ] ] ] } },
{ "type": "Feature", "properties": { "id": null, "Zone": "области высотной поясности" }, "geometry": { "type": "MultiPolygon", "coordinates": [ [ [ [ -113.718701171627998, 42.157930232430772 ], [ -113.405650668280728, 42.028392093114661 ], [ -113.114189854819486, 41.769315814482439 ], [ -112.790344506529209, 41.261958102161003 ], [ -112.498883693067967, 40.376780816834248 ], [ -112.401730088580877, 39.653526205652632 ], [ -112.42331977846689, 39.113783958502175 ], [ -112.628421832384063, 38.31496543271949 ], [ -112.898292955959306, 37.699659270967963 ], [ -113.211343459306562, 37.408198457506714 ], [ -113.470419737938784, 37.235480938418569 ], [ -113.729496016571005, 37.192301558646534 ], [ -113.956187760374206, 37.365019077734679 ], [ -114.1936743491204, 37.624095356366901 ], [ -114.344802178322539, 38.055889154087268 ], [ -114.344802178322539, 38.530862331579677 ], [ -114.182879504177393, 39.038220043901106 ], [ -114.085725899690317, 39.599551980937591 ], [ -114.042546519918275, 40.020550933714944 ], [ -114.107315589576331, 40.441549886492304 ], [ -114.215264039006428, 40.830164304440636 ], [ -114.312417643493504, 41.035266358357816 ], [ -114.463545472695643, 41.337522016762072 ], [ -114.50672485246767, 41.607393140337301 ], [ -114.474340317638649, 41.823290039197488 ], [ -114.323212488436511, 42.08236631782971 ], [ -114.107315589576331, 42.1903147672598 ], [ -113.718701171627998, 42.157930232430772 ] ] ] ] } },
{ "type": "Feature", "properties": { "id": null, "Zone": "полупустынь и пустынь" }, "geometry": { "type": "MultiPolygon", "coordinates": [ [ [ [ -110.641018846461634, 27.859876003525528 ], [ -111.178918830187854, 27.94124054616907 ], [ -111.759606899851633, 28.467952582303951 ], [ -112.228234626090398, 28.954408677683489 ], [ -112.271823696728688, 29.266844387320077 ], [ -112.809594489373978, 30.021113593052348 ], [ -113.163810594518679, 30.786880804969428 ], [ -113.14866939985717, 31.170965887978923 ], [ -113.871881069781864, 31.567608344035193 ], [ -114.20573666060352, 31.524045111613134 ], [ -114.776451178835032, 31.79953217216115 ], [ -114.936699795372135, 31.393484605427602 ], [ -114.771231859173497, 30.913617255165263 ], [ -114.673899298951767, 30.162681179315996 ], [ -114.330974494262932, 29.750432440707414 ], [ -113.588875088335442, 29.061611436473015 ], [ -113.424053107540544, 28.82617361095123 ], [ -113.27196936730553, 28.754782619739899 ], [ -113.140039435664391, 28.411289374295961 ], [ -112.962298346796501, 28.42519033458251 ], [ -112.761587083774884, 27.780216783147523 ], [ -112.457910529411663, 27.525813706974759 ], [ -112.244951951936798, 27.171726792910761 ], [ -111.616489020619213, 26.662817287700477 ], [ -111.284674648873022, 25.732589830014433 ], [ -110.987819383572401, 25.294606228124564 ], [ -110.710006883571339, 24.826004340101861 ], [ -110.655048997828885, 24.298594672131117 ], [ -110.172856208113444, 24.265547593680424 ], [ -109.77184709352855, 23.811182562754198 ], [ -109.409104377055712, 23.364672349536249 ], [ -109.433392300232924, 23.185587673428699 ], [ -109.854219326601708, 22.818271592698068 ], [ -110.031391974714438, 22.823077500901206 ], [ -110.295070970483664, 23.430973212166691 ], [ -110.949501309028051, 24.000964260345995 ], [ -111.670568407012695, 24.484423122652515 ], [ -112.182035895621482, 24.738412787367167 ], [ -112.148988817170846, 25.470125230404051 ], [ -112.300710822379699, 26.012004299416617 ], [ -112.777296719191554, 26.321959540303169 ], [ -113.464670783321935, 26.768185533143424 ], [ -113.596729906043834, 26.639459540304472 ], [ -113.848936733844255, 26.90006378835244 ], [ -114.465746629680041, 27.142090358991368 ], [ -115.055142178185008, 27.722726752222911 ], [ -114.982252570437424, 27.798200181585116 ], [ -114.570365566854946, 27.741485297144891 ], [ -114.19932878299926, 28.115002549750557 ], [ -114.162018398884641, 28.566111965442303 ], [ -114.931842210736647, 29.27947927501549 ], [ -115.518653937626993, 29.556361599235402 ], [ -115.640183571483661, 30.348369864778711 ], [ -115.715747486084737, 30.866522422043154 ], [ -115.785377392354548, 31.562821484741317 ], [ -115.694157796198667, 31.568187343338725 ], [ -115.462068629923962, 31.643751257939787 ], [ -115.262363998478293, 31.789481664670411 ], [ -115.095043901861658, 31.978391451173074 ], [ -114.927723805245009, 32.269852264634324 ], [ -114.884544425472981, 32.57210792303858 ], [ -114.91255191568365, 32.704506967670859 ], [ -114.943916072659533, 32.852773891556822 ], [ -115.149018126576706, 33.262977999391182 ], [ -115.375709870379893, 33.60301561509597 ], [ -115.888465005172833, 33.975437765629792 ], [ -116.293271690535676, 34.191334664489972 ], [ -116.536155701753387, 34.239911466733517 ], [ -116.600924771411442, 34.763461446469464 ], [ -116.579335081525429, 35.16287070936081 ], [ -116.52536085681038, 35.432741832936038 ], [ -116.385027872551262, 35.573074817195156 ], [ -115.904657272587627, 35.616254196967368 ], [ -115.149018126576976, 35.378767608221168 ], [ -114.630865569312533, 35.313998538563112 ], [ -114.355597023265659, 35.362575340806593 ], [ -114.199071771592173, 35.486716057651257 ], [ -114.031751674975382, 35.643241309324836 ], [ -113.89681611318791, 35.918509855371624 ], [ -113.880623845773258, 36.226162936247334 ], [ -113.939995492959952, 36.479841792408109 ], [ -114.139700124405479, 36.722725803625757 ], [ -114.522917119882436, 36.890045900242455 ], [ -115.818298513043544, 37.645685046253099 ], [ -116.681886108484292, 38.59563140123791 ], [ -117.56706339381104, 39.675115895538838 ], [ -118.21475409039158, 41.100035428016042 ], [ -118.452240679137788, 42.136340542544929 ], [ -118.279523160049635, 42.999928137985663 ], [ -118.279523160049635, 43.539670385136127 ], [ -118.581778818453898, 43.755567283996314 ], [ -118.991982926288244, 43.841926043540383 ], [ -119.315828274578521, 43.777156973882327 ], [ -119.726032382412868, 43.690798214338258 ], [ -119.977012527337649, 43.725881460402988 ], [ -120.201005559905269, 43.841926043540383 ], [ -120.317050143042451, 44.011944851392734 ], [ -120.352133389107408, 44.230540461488715 ], [ -117.804549982557234, 47.922377431997873 ], [ -117.307987115178804, 48.24622278028815 ], [ -116.595527348940195, 48.310991849946205 ], [ -115.559222234411308, 47.943967121883887 ], [ -115.041069677146865, 47.382635184847409 ], [ -114.868352158058713, 46.497457899520654 ], [ -115.127428436690934, 45.698639373737969 ], [ -115.667170683841405, 44.468027050234888 ], [ -115.3217356456651, 43.885105423312396 ], [ -114.889941847944741, 43.626029144680174 ], [ -114.371789290680297, 43.539670385136098 ], [ -113.680919214327702, 43.561260075022119 ], [ -112.860510998659009, 43.777156973882299 ], [ -112.169640922306314, 44.084810054758051 ], [ -111.608308985269929, 44.208950771602673 ], [ -111.154925497663456, 44.257527573846197 ], [ -110.679952320171139, 44.252130151374708 ], [ -110.107825538191548, 44.149579124416107 ], [ -109.622057515756239, 43.971464182856465 ], [ -109.373776082066925, 43.760964706467774 ], [ -109.211853407921893, 43.474901315478043 ], [ -109.179468873092759, 43.070094630115179 ], [ -109.233443097807907, 42.84880030878351 ], [ -110.118620383134711, 42.136340542544922 ], [ -111.025387358347487, 41.445470466192333 ], [ -111.262873947093553, 41.154009652731048 ], [ -111.435591466181833, 40.625062250523627 ], [ -111.608308985269986, 38.552452021465861 ], [ -111.651488365041871, 38.201619560818031 ], [ -111.608308985269986, 37.861581945113272 ], [ -111.559732183026298, 37.678069581082077 ], [ -111.392412086409806, 37.559326286709009 ], [ -111.198104877435483, 37.510749484465435 ], [ -110.982207978575445, 37.559326286709009 ], [ -110.706939432528571, 37.667274736139071 ], [ -110.528824490969058, 37.861581945113272 ], [ -110.269748212336836, 38.379734502377715 ], [ -109.989082243818601, 38.897887059642152 ], [ -109.557288446098227, 39.416039616906595 ], [ -109.244237942750829, 39.729090120253829 ], [ -108.974366819175742, 39.847833414626962 ], [ -108.596547246170275, 39.923397329227996 ], [ -108.046010154076939, 39.934192174171038 ], [ -107.139243178864163, 39.804654034854927 ], [ -106.944935969889997, 39.567167446108726 ], [ -106.944935969889997, 39.308091167476505 ], [ -107.376729767610371, 39.200142718046415 ], [ -108.218727673165091, 38.768348920326041 ], [ -108.866418369745645, 38.055889154087438 ], [ -109.362981237124046, 37.386608767620849 ], [ -110.118620383134683, 36.56620055195215 ], [ -110.744721389829223, 36.155996444117797 ], [ -111.435591466181805, 35.94009954525761 ], [ -112.385537821166622, 35.465126367765208 ], [ -112.730972859342913, 35.162870709360952 ], [ -112.860510998659024, 34.752666601526599 ], [ -112.817331618886982, 34.428821253236322 ], [ -112.579845030140788, 33.910668695971879 ], [ -112.277589371736525, 33.608413037567622 ], [ -111.759436814472082, 33.543643967909567 ], [ -110.682651031407005, 33.557137524088354 ], [ -110.401985062888755, 33.114548881424973 ], [ -110.380395373002742, 32.747524153362662 ], [ -110.671856186463984, 32.369704580357336 ], [ -111.265572658329489, 31.959500472522986 ], [ -111.413888521960502, 31.455226536177566 ], [ -111.427495332474635, 31.408963380429515 ], [ -111.416700487531614, 31.031143807424193 ], [ -111.222393278557448, 30.469811870387712 ], [ -110.876958240381157, 29.843710863693179 ], [ -110.542318047147873, 29.422711910915819 ], [ -110.358805683116714, 28.893764508708365 ], [ -110.358805683116714, 28.429586176158971 ], [ -110.423574752774769, 28.213689277298787 ], [ -110.641018846461634, 27.859876003525528 ] ], [ [ -114.107315589576331, 42.1903147672598 ], [ -114.323212488436511, 42.08236631782971 ], [ -114.474340317638649, 41.823290039197488 ], [ -114.50672485246767, 41.607393140337301 ], [ -114.463545472695643, 41.337522016762072 ], [ -114.312417643493504, 41.035266358357816 ], [ -114.215264039006428, 40.830164304440636 ], [ -114.107315589576331, 40.441549886492304 ], [ -114.042546519918275, 40.020550933714944 ], [ -114.085725899690317, 39.599551980937591 ], [ -114.182879504177393, 39.038220043901106 ], [ -114.344802178322539, 38.530862331579677 ], [ -114.344802178322539, 38.055889154087268 ], [ -114.1936743491204, 37.624095356366901 ], [ -113.956187760374206, 37.365019077734679 ], [ -113.729496016571005, 37.192301558646534 ], [ -113.470419737938784, 37.235480938418569 ], [ -113.211343459306562, 37.408198457506714 ], [ -112.898292955959306, 37.699659270967963 ], [ -112.628421832384063, 38.31496543271949 ], [ -112.42331977846689, 39.113783958502175 ], [ -112.401730088580877, 39.653526205652632 ], [ -112.498883693067967, 40.376780816834248 ], [ -112.790344506529209, 41.261958102161003 ], [ -113.114189854819486, 41.769315814482439 ], [ -113.405650668280728, 42.028392093114661 ], [ -113.718701171627998, 42.157930232430772 ], [ -114.107315589576331, 42.1903147672598 ] ] ] ] } },
{ "type": "Feature", "properties": { "id": null, "Zone": "тайги" }, "geometry": { "type": "MultiPolygon", "coordinates": [ [ [ [ -122.95319, 38.11371 ], [ -123.7272, 38.951660000000118 ], [ -123.86517, 39.76699 ], [ -124.39807, 40.3132 ], [ -124.17886, 41.142020000000116 ], [ -124.2137, 41.999640000000113 ], [ -124.53284, 42.765990000000102 ], [ -124.14214, 43.70838 ], [ -124.020535, 44.615895 ], [ -123.89893, 45.52341 ], [ -124.079635, 46.86475 ], [ -124.39567, 47.72017000000011 ], [ -124.687210083007812, 48.184432983398551 ], [ -124.56610107421875, 48.379714965820369 ], [ -123.12, 48.04 ], [ -122.58736, 47.096 ], [ -122.34, 47.36 ], [ -122.5, 48.18 ], [ -122.84, 49.000000000000114 ], [ -122.97421, 49.002537777777782 ], [ -124.91024, 49.98456 ], [ -125.62461, 50.41656 ], [ -127.43561, 50.83061 ], [ -127.99276, 51.71583 ], [ -127.85032, 52.32961 ], [ -129.12979, 52.75538 ], [ -129.30523, 53.56159 ], [ -130.51497, 54.28757 ], [ -130.536108952736839, 54.802754476799237 ], [ -130.536110189467308, 54.802753404349403 ], [ -131.085818237972148, 55.178906155002039 ], [ -131.967211467142306, 55.497775580459006 ], [ -132.250010742859502, 56.3699962428974 ], [ -133.539181084356414, 57.178887437562139 ], [ -134.078062920296077, 58.12306753196691 ], [ -135.038211032279094, 58.187714748763938 ], [ -136.628062309954714, 58.212209377670433 ], [ -137.800006279685988, 58.499995429103762 ], [ -139.86778704141301, 59.537761542389148 ], [ -140.825273817132995, 59.727517401765056 ], [ -142.574443535564455, 60.084446519604967 ], [ -143.958880994879905, 59.999180406323376 ], [ -145.925556816827878, 60.45860972761426 ], [ -147.114373949146653, 60.884656073644635 ], [ -148.224306200127614, 60.672989406977138 ], [ -148.018065558850822, 59.978328965893638 ], [ -148.570822516860858, 59.914172675203304 ], [ -149.727857835875852, 59.705658270905531 ], [ -150.608243374616421, 59.368211168039466 ], [ -151.716392788683294, 59.155821031319931 ], [ -151.859433153267219, 59.744984035879554 ], [ -151.409719001247169, 60.72580272077937 ], [ -150.346941494732505, 61.033587551509868 ], [ -150.621110806257036, 61.284424953854398 ], [ -150.782801283450425, 61.847727408479749 ], [ -150.545314694704246, 62.279521206200116 ], [ -149.983982757667746, 62.452238725288268 ], [ -148.882908573480819, 62.21475213654206 ], [ -148.386345706102389, 62.430649035402233 ], [ -147.134143692713337, 62.75449438369251 ], [ -145.666044780464063, 62.64654593426242 ], [ -141.628772771778614, 60.962550123152987 ], [ -140.997302763406623, 60.821013741966155 ], [ -140.376570758389562, 60.681884154634744 ], [ -139.145958434886495, 60.336449116458454 ], [ -138.217601769787706, 59.81829655919401 ], [ -137.224476035030875, 59.49445121090374 ], [ -136.538467449408188, 59.430137906001612 ], [ -135.842735882325684, 59.36491307158763 ], [ -135.01346615764885, 59.337270747431738 ], [ -134.547354489164576, 59.321733691815595 ], [ -133.467869994863662, 59.019478033411339 ], [ -132.64746177919497, 58.350197646944764 ], [ -131.438439145577917, 56.925278114467545 ], [ -130.960058280951131, 56.272250267516689 ], [ -130.758363914168342, 55.996921449368756 ], [ -130.40213403104903, 55.737845170736534 ], [ -129.987694828506932, 55.459734653241185 ], [ -129.581725815380338, 55.187308078643063 ], [ -126.591553766166754, 52.780057656352021 ], [ -126.246118727990464, 52.305084478859619 ], [ -126.138170278560366, 51.635804092393045 ], [ -126.10578574373109, 51.425304616004247 ], [ -126.019426984187021, 51.28497163174513 ], [ -125.80892750779833, 51.155433492429019 ], [ -125.576838341523882, 51.096061845242588 ], [ -124.540533226994995, 51.009703085698511 ], [ -123.309920903491928, 50.405191768889999 ], [ -122.036129200216834, 49.47683510379121 ], [ -121.66370704968287, 49.066630995956785 ], [ -121.628606792884284, 49.000000000000114 ], [ -121.345259123864253, 48.462119679148344 ], [ -121.24810551937702, 48.138274330857975 ], [ -121.215720984548142, 47.749659912909735 ], [ -121.345259123864096, 47.393430029790345 ], [ -121.496386953066377, 47.058789836557139 ], [ -122.273615788963056, 46.281561000660474 ], [ -122.964485865315652, 45.202076506359546 ], [ -123.169587919232626, 44.252130151374637 ], [ -123.309920903491943, 43.215825036845857 ], [ -123.320715748434765, 42.309058061632996 ], [ -123.223562143947873, 41.44547046619234 ], [ -122.834947725999541, 40.193268452803274 ], [ -122.770178656341486, 38.681990160781986 ], [ -122.95319, 38.11371 ] ] ] ] } },
{ "type": "Feature", "properties": { "id": null, "Zone": "тайги" }, "geometry": { "type": "MultiPolygon", "coordinates": [ [ [ [ -131.749989584003345, 54.120004380909222 ], [ -132.049480347350993, 52.984621487024469 ], [ -131.179042521826602, 52.180432847698285 ], [ -131.57782954982298, 52.182370713909279 ], [ -132.180428426778519, 52.639707139692405 ], [ -132.549992432313843, 53.100014960332146 ], [ -133.054611178755522, 53.411468817755406 ], [ -133.239664482792705, 53.851080227262344 ], [ -133.180004041711697, 54.169975490935315 ], [ -132.710007884431263, 54.040009315423561 ], [ -131.749989584003345, 54.120004380909222 ] ] ] ] } },
{ "type": "Feature", "properties": { "id": null, "Zone": "тайги" }, "geometry": { "type": "MultiPolygon", "coordinates": [ [ [ [ -128.358413656255465, 50.770648098343713 ], [ -126.695000977212345, 50.400903225295394 ], [ -125.755006673823203, 50.295018215529353 ], [ -125.415001587558805, 49.95000051533259 ], [ -124.920768189119343, 49.475274970083376 ], [ -123.922508708321061, 49.062483628935809 ], [ -123.510001587551187, 48.510010891303409 ], [ -124.012890788399545, 48.370846259141388 ], [ -125.655012777338385, 48.825004584338501 ], [ -125.954994466792755, 49.179995835967588 ], [ -126.850004435871853, 49.530000311880428 ], [ -127.029993449544435, 49.81499583597008 ], [ -128.059336304366212, 49.994959011426602 ], [ -128.444584107102145, 50.539137681676095 ], [ -128.358413656255465, 50.770648098343713 ] ] ] ] } },
{ "type": "Feature", "properties": { "id": null, "Zone": "области высотной поясности" }, "geometry": { "type": "MultiPolygon", "coordinates": [ [ [ [ -153.22872941792113, 57.968968410872478 ], [ -152.564790615835136, 57.901427313866996 ], [ -152.141147223906387, 57.591058661521998 ], [ -153.006314053336922, 57.115842190165928 ], [ -154.0050902984581, 56.734676825581076 ], [ -154.516402757770038, 56.992748928446687 ], [ -154.670992804971178, 57.461195787172528 ], [ -153.762779507441508, 57.81657461204373 ], [ -153.22872941792113, 57.968968410872478 ] ] ] ] } },
{ "type": "Feature", "properties": { "id": null, "Zone": "области высотной поясности" }, "geometry": { "type": "MultiPolygon", "coordinates": [ [ [ [ -55.577666308580277, 49.444450568962061 ], [ -56.138998245616769, 48.678016578008396 ], [ -56.2901260748189, 48.203043400515995 ], [ -56.250798712780586, 47.632545070987376 ], [ -57.325229254777078, 47.572807115257973 ], [ -59.266015184146823, 47.603347886742469 ], [ -59.419494188053676, 47.899453843774886 ], [ -58.796586473207441, 48.251525376979423 ], [ -59.23162451845657, 48.523188381537807 ], [ -58.391804979065199, 49.125580552764177 ], [ -57.35868974468606, 50.718274034215867 ], [ -56.738650071832026, 51.287438259478549 ], [ -55.870976935435323, 51.632094224649208 ], [ -55.406974249886588, 51.588272610065701 ], [ -55.600218268442056, 51.317074693397942 ], [ -56.134035814017089, 50.687009792679277 ], [ -56.795881720595276, 49.812308661490889 ], [ -56.143105027884332, 50.150117499382858 ], [ -55.471492275602998, 49.935815334668462 ], [ -55.822401089080962, 49.58712860777905 ], [ -55.577666308580277, 49.444450568962061 ] ] ] ] } },
{ "type": "Feature", "properties": { "id": null, "Zone": "тайги" }, "geometry": { "type": "MultiPolygon", "coordinates": [ [ [ [ -55.577666308580277, 49.444450568962061 ], [ -54.935142584845636, 49.313010972686797 ], [ -54.473775397343786, 49.556691189159125 ], [ -53.476549445191367, 49.249138902374042 ], [ -53.786013759971254, 48.516780503933624 ], [ -53.086133999226263, 48.687803656603577 ], [ -52.958648240762216, 48.157164211614472 ], [ -52.648098720904208, 47.535548407575519 ], [ -53.069158291218386, 46.655498765644921 ], [ -53.521456264853001, 46.618291734394766 ], [ -54.178935512902513, 46.807065741556983 ], [ -53.961868659060499, 47.62520701760193 ], [ -54.240482143762137, 47.752279364607645 ], [ -55.400773078011568, 46.884993801453135 ], [ -55.997480841685828, 46.919720363953275 ], [ -55.291219041552793, 47.389562486350989 ], [ -56.250798712780586, 47.632545070987376 ], [ -56.2901260748189, 48.203043400515995 ], [ -56.138998245616769, 48.678016578008396 ], [ -55.577666308580277, 49.444450568962061 ] ] ] ] } },
{ "type": "Feature", "properties": { "id": null, "Zone": "полупустынь и пустынь" }, "geometry": { "type": "MultiPolygon", "coordinates": [ [ [ [ -101.6624, 29.7793 ], [ -101.293834642224382, 29.052988471617574 ], [ -101.110322278193223, 28.470066844695076 ], [ -101.091431299543359, 27.986997533495579 ], [ -100.486919982734833, 27.382486216687063 ], [ -99.850024131097285, 26.777974899878547 ], [ -99.526178782807023, 26.572872845961374 ], [ -99.25630765923178, 26.097899668468965 ], [ -99.175346322159257, 25.628323913448074 ], [ -99.024218492957118, 24.764736318007337 ], [ -98.873090663754994, 23.555713684390305 ], [ -98.932462310941489, 22.449242077731849 ], [ -99.029615915428565, 22.103807039555555 ], [ -99.358858686190288, 22.039037969897514 ], [ -99.83383186368269, 22.060627659783531 ], [ -100.276420506346071, 22.190165799099642 ], [ -100.503112250149258, 22.395267853016815 ], [ -100.654240079351396, 22.827061650737186 ], [ -100.913316357983618, 23.90654614503811 ], [ -103.914283252140194, 28.526739780646054 ], [ -104.324487359974555, 29.001712958138462 ], [ -104.777870847580942, 29.498275825516885 ], [ -105.555099683477607, 30.275504661413549 ], [ -106.828891386752687, 31.35498915571447 ], [ -107.092071209314071, 31.754632589974342 ], [ -107.411813013675186, 32.240166441041225 ], [ -107.487376928276277, 32.920241672450807 ], [ -106.426783412625397, 33.068670790417166 ], [ -105.843861785702899, 33.057875945474159 ], [ -105.336504073381462, 32.852773891556986 ], [ -104.742787601515957, 32.205083194976432 ], [ -104.095096904935403, 31.211957460219583 ], [ -103.863007738660684, 30.828740464742733 ], [ -103.522970122955925, 30.531882228810002 ], [ -103.074984057821013, 30.224229147934217 ], [ -102.497459853370046, 30.024524516488569 ], [ -101.6624, 29.7793 ] ] ] ] } },
{ "type": "Feature", "properties": { "id": null, "Zone": "области высотной поясности" }, "geometry": { "type": "MultiPolygon", "coordinates": [ ] } },
{ "type": "Feature", "properties": { "id": null, "Zone": "области высотной поясности" }, "geometry": { "type": "MultiPolygon", "coordinates": [ [ [ [ -75.472565538546249, 40.352492415712462 ], [ -76.546652610375631, 39.488904820271742 ], [ -76.940664450795467, 39.094892979851906 ], [ -77.458817008059924, 38.603727534944973 ], [ -78.322404603500672, 37.481063660872017 ], [ -80.135938553926223, 35.840247229534612 ], [ -81.604037466175484, 34.264199867855268 ], [ -82.618752890818342, 33.68127824093277 ], [ -83.482340486259091, 33.616509171274714 ], [ -83.827775524435381, 33.746047310590825 ], [ -83.91413428397945, 34.091482348767116 ], [ -83.547109555917146, 34.97665963409387 ], [ -82.186959093097983, 36.509527616001179 ], [ -77.998559255210409, 40.719517143774773 ], [ -77.156561349655689, 41.410387220127369 ], [ -76.336153133986983, 41.66946349875959 ], [ -75.040771740825875, 41.734232568417646 ], [ -74.220363525157182, 41.799001638075701 ], [ -73.853338797094864, 41.626284118987549 ], [ -74.069235695955044, 41.194490321267182 ], [ -74.479439803789404, 40.719517143774773 ], [ -75.472565538546249, 40.352492415712462 ] ] ] ] } },
{ "type": "Feature", "properties": { "id": null, "Zone": "переменно-влажных (в том числе муссонных) лесов" }, "geometry": { "type": "MultiPolygon", "coordinates": [ [ [ [ -94.69, 29.480000000000132 ], [ -94.816927676418729, 30.059607762553153 ], [ -95.173157559538026, 30.664119079361669 ], [ -95.183952404481033, 31.160681946740091 ], [ -95.065209110107929, 32.024269542180818 ], [ -95.054414265164922, 33.082164346595718 ], [ -95.183952404481019, 33.702867930818762 ], [ -95.383657035926689, 33.918764829678949 ], [ -95.944988972963174, 34.145456573482143 ], [ -96.279629166196457, 34.382943162228344 ], [ -96.414564727984072, 34.555660681316489 ], [ -96.463141530227617, 34.814736959948711 ], [ -96.409167305512568, 35.014441591394387 ], [ -96.214860096538402, 35.122390040824477 ], [ -95.772271453875035, 35.143979730710498 ], [ -94.757556029232163, 35.338286939684664 ], [ -92.490638591200224, 35.748491047519011 ], [ -90.407233517199444, 36.439361123871599 ], [ -89.327749022898516, 37.076256975509139 ], [ -88.777211930805052, 37.356922944027382 ], [ -88.075547009509449, 37.367717788970388 ], [ -86.046116160223789, 37.211192537296746 ], [ -85.182528564783041, 37.081654397980635 ], [ -84.405299728886376, 37.297551296840815 ], [ -83.714429652533795, 37.491858505814982 ], [ -81.93328023693725, 37.62679406760261 ], [ -81.078351330763994, 37.541301176985286 ], [ -82.186959093097983, 36.509527616001179 ], [ -83.547109555917146, 34.97665963409387 ], [ -83.91413428397945, 34.091482348767116 ], [ -83.827775524435381, 33.746047310590825 ], [ -83.482340486259091, 33.616509171274714 ], [ -82.618752890818342, 33.68127824093277 ], [ -81.604037466175484, 34.264199867855268 ], [ -80.135938553926223, 35.840247229534612 ], [ -78.322404603500672, 37.481063660872017 ], [ -77.458817008059924, 38.603727534944973 ], [ -76.940664450795467, 39.094892979851906 ], [ -76.546652610375631, 39.488904820271742 ], [ -75.920551603681091, 39.747981098903949 ], [ -75.035374318354343, 39.823545013505019 ], [ -74.17838, 39.70926 ], [ -74.90604, 38.93954 ], [ -74.98041, 39.1964 ], [ -75.20002, 39.248450000000105 ], [ -75.52805, 39.4985 ], [ -75.32, 38.96 ], [ -75.071834764789855, 38.782032230179254 ], [ -75.05673, 38.40412 ], [ -75.37747, 38.01551 ], [ -75.94023, 37.21689 ], [ -76.03127, 37.2566 ], [ -75.722049999999854, 37.937050000000113 ], [ -76.23287, 38.319215 ], [ -76.35, 39.15 ], [ -76.542725, 38.717615 ], [ -76.32933, 38.08326 ], [ -76.989997931613516, 38.239991766913363 ], [ -76.30162, 37.917945 ], [ -76.25874, 36.9664 ], [ -75.9718, 36.89726 ], [ -75.868039999999894, 36.55125 ], [ -75.72749, 35.550740000000133 ], [ -76.36318, 34.808540000000107 ], [ -77.397635, 34.51201 ], [ -78.05496, 33.92547 ], [ -78.554349999999886, 33.861330000000123 ], [ -79.06067, 33.49395 ], [ -79.20357, 33.15839 ], [ -80.301325, 32.509355 ], [ -80.86498, 32.0333 ], [ -81.33629, 31.44049 ], [ -81.49042, 30.7299900000001 ], [ -81.31371, 30.03552 ], [ -80.98, 29.180000000000121 ], [ -80.535585, 28.47213 ], [ -80.529999999999859, 28.04 ], [ -80.056539284977589, 26.880000000000109 ], [ -80.088015, 26.205765 ], [ -80.13156, 25.816775 ], [ -80.38103, 25.20616 ], [ -80.68, 25.08 ], [ -81.17213, 25.201260000000104 ], [ -81.33, 25.64 ], [ -81.709999999999866, 25.87 ], [ -82.24, 26.730000000000132 ], [ -82.70515, 27.49504 ], [ -82.85526, 27.88624 ], [ -82.65, 28.550000000000125 ], [ -82.93, 29.1 ], [ -83.70959, 29.93656 ], [ -84.1, 30.09 ], [ -85.10882, 29.63615 ], [ -85.28784, 29.68612000000013 ], [ -85.7731, 30.15261 ], [ -86.4, 30.4 ], [ -87.53036, 30.27433 ], [ -88.41782, 30.3849 ], [ -89.18049, 30.31598 ], [ -89.593831178419805, 30.159994004836847 ], [ -89.413735, 29.89419 ], [ -89.43, 29.48864 ], [ -89.21767, 29.29108 ], [ -89.40823, 29.15961 ], [ -89.77928, 29.307140000000118 ], [ -90.15463, 29.11743 ], [ -90.880225, 29.148535 ], [ -91.626785, 29.677000000000135 ], [ -92.49906, 29.5523 ], [ -93.22637, 29.78375 ], [ -93.84842, 29.71363 ], [ -94.69, 29.480000000000132 ] ] ] ] } },
{ "type": "Feature", "properties": { "id": null, "Zone": "переменно-влажных (в том числе муссонных) лесов" }, "geometry": { "type": "MultiPolygon", "coordinates": [ [ [ [ -76.323656175425995, 19.95289093676206 ], [ -76.125653657598278, 20.306465356544347 ], [ -75.671060350228061, 20.735091254148003 ], [ -74.933896043584497, 20.693905137611385 ], [ -74.17802486845126, 20.284627793859741 ], [ -74.296648118777256, 20.050378526280682 ], [ -74.961594611292938, 19.923435370355691 ], [ -75.634680141894592, 19.873774318923196 ], [ -76.323656175425995, 19.95289093676206 ] ] ] ] } },
{ "type": "Feature", "properties": { "id": null, "Zone": "саванн и редколесий" }, "geometry": { "type": "MultiPolygon", "coordinates": [ [ [ [ -76.323656175425995, 19.95289093676206 ], [ -77.755480923153073, 19.855480861891877 ], [ -77.085108405246743, 20.413353786698792 ], [ -77.492654588516615, 20.673105373613893 ], [ -78.137292243141587, 20.739948838783434 ], [ -78.482826707661189, 21.028613389565852 ], [ -78.719866502584011, 21.598113511638434 ], [ -79.284999966127941, 21.559175319906501 ], [ -80.217475348618649, 21.827324327069036 ], [ -80.517534552721415, 22.03707896574176 ], [ -81.820943366203181, 22.192056586185071 ], [ -82.16999182811864, 22.387109279870753 ], [ -81.795001797192668, 22.636964830001958 ], [ -82.775897996740852, 22.688150336187064 ], [ -83.494458787759356, 22.168517971276131 ], [ -83.908800421875625, 22.154565334557333 ], [ -84.052150845053262, 21.910575059491254 ], [ -84.54703019889638, 21.801227728761646 ], [ -84.974911058273108, 21.89602814380109 ], [ -84.447062140627764, 22.204949856041907 ], [ -84.230357021811784, 22.565754706303764 ], [ -83.778239915690193, 22.788118394455694 ], [ -83.26754757356575, 22.983041897060644 ], [ -82.510436164057509, 23.078746649665188 ], [ -82.268151211257063, 23.188610744717707 ], [ -81.404457160146833, 23.117271429938782 ], [ -80.618768683581195, 23.105980129483001 ], [ -79.67952368846025, 22.76530324959883 ], [ -79.281485968732085, 22.399201565027056 ], [ -78.347434455056487, 22.512166246017088 ], [ -77.993295864560281, 22.277193508385935 ], [ -77.146422492161051, 21.657851467367834 ], [ -76.523824835908556, 21.206819566324373 ], [ -76.19462012399319, 21.220565497314013 ], [ -75.59822241891267, 21.016624457274133 ], [ -75.671060350228061, 20.735091254148003 ], [ -76.125653657598278, 20.306465356544347 ], [ -76.323656175425995, 19.95289093676206 ] ] ] ] } },
{ "type": "Feature", "properties": { "id": null, "Zone": "саванн и редколесий" }, "geometry": { "type": "MultiPolygon", "coordinates": [ [ [ [ -77.206341315403478, 17.701116237859821 ], [ -77.766022915340614, 17.861597398342241 ], [ -78.33771928578561, 18.225967922432233 ], [ -78.217726610003879, 18.454532782459196 ], [ -77.797364671525628, 18.524218451404778 ], [ -77.569600796199211, 18.490525417550487 ], [ -76.896618618462128, 18.400866807524082 ], [ -76.365359056285541, 18.160700588447597 ], [ -76.199658576141644, 17.886867173732966 ], [ -76.9025614081757, 17.868237819891746 ], [ -77.206341315403478, 17.701116237859821 ] ] ] ] } },
{ "type": "Feature", "properties": { "id": null, "Zone": "переменно-влажных (в том числе муссонных) лесов" }, "geometry": { "type": "MultiPolygon", "coordinates": [ [ [ [ -71.712361416292964, 19.714455878167357 ], [ -71.587304450146632, 19.8849105900821 ], [ -70.806706102161741, 19.880285549391985 ], [ -70.214364997016133, 19.622885240146161 ], [ -69.950815192327582, 19.647999986240009 ], [ -69.769250047470081, 19.293267116772441 ], [ -69.222125820579876, 19.313214219637103 ], [ -69.254346076113848, 19.015196234609874 ], [ -68.809411994080833, 18.979074408437853 ], [ -68.317943284768972, 18.612197577381693 ], [ -68.689315965434517, 18.205142320218613 ], [ -69.164945848248919, 18.422648423735112 ], [ -69.623987596297638, 18.38071299893025 ], [ -69.952933926051543, 18.428306993071061 ], [ -70.133232998317894, 18.245915025296895 ], [ -70.517137213814223, 18.184290879788833 ], [ -70.669298468697633, 18.426885891183034 ], [ -70.999950120717187, 18.283328762276213 ], [ -71.400209927033899, 17.598564357976599 ], [ -71.657661912712015, 17.757572740138698 ], [ -71.708304816358051, 18.044997056546094 ], [ -72.372476162389347, 18.21496084235406 ], [ -72.844411180294884, 18.145611070218365 ], [ -73.454554816365032, 18.2179063989947 ], [ -73.922433234335656, 18.030992743395004 ], [ -74.458033616824778, 18.342549953682706 ], [ -74.369925299767132, 18.664907538319412 ], [ -73.449542202432724, 18.526052964751145 ], [ -72.694937099890637, 18.445799465401862 ], [ -72.334881557897006, 18.668421535715254 ], [ -72.791649542924887, 19.101625067618031 ], [ -72.784104783810278, 19.483591416903408 ], [ -73.415022345661754, 19.639550889560283 ], [ -73.189790615517623, 19.915683905511912 ], [ -72.579672817663621, 19.871500555902358 ], [ -71.712361416292964, 19.714455878167357 ] ] ] ] } },
{ "type": "Feature", "properties": { "id": null, "Zone": "переменно-влажных (в том числе муссонных) лесов" }, "geometry": { "type": "MultiPolygon", "coordinates": [ [ [ [ -67.10067908391774, 18.520601101144351 ], [ -66.282434455008215, 18.514761664295364 ], [ -65.7713028632093, 18.426679185453878 ], [ -65.591003790942949, 18.228034979723915 ], [ -65.847163865813769, 17.975905666571862 ], [ -66.599934455009489, 17.981822618069273 ], [ -67.184162360285271, 17.946553453030077 ], [ -67.242427537694354, 18.374460150622937 ], [ -67.10067908391774, 18.520601101144351 ] ] ] ] } },
{ "type": "Feature", "properties": { "id": null, "Zone": "смешанных и широколиственных лесов" }, "geometry": { "type": "MultiPolygon", "coordinates": [ [ [ [ -86.850332108477929, 41.615489274044542 ], [ -87.740906816276251, 41.502143402142913 ], [ -88.971519139779303, 41.469758867313885 ], [ -89.640799526245843, 41.480553712256913 ], [ -90.207528885753831, 41.631681541459045 ], [ -91.672619354888141, 42.031526695261093 ], [ -93.645687000102271, 42.862293864962098 ], [ -93.883173588848479, 43.153754678423347 ], [ -96.499823648060314, 46.795712655624406 ], [ -97.482909639881328, 48.459396641783037 ], [ -97.936641636106444, 49.5433119660985 ], [ -98.006804357077996, 50.63458222392876 ], [ -98.211906410995169, 51.152734781193203 ], [ -97.245767788595714, 51.460387862068941 ], [ -96.079924534750731, 51.589926001385052 ], [ -94.525466862957401, 51.503567241840976 ], [ -93.057367950708141, 51.071773444120609 ], [ -91.956293766521199, 50.510441507084131 ], [ -91.394961829484728, 50.25136522845191 ], [ -90.3154773351838, 50.121827089135799 ], [ -89.635402103774226, 50.078647709363771 ], [ -88.663866058903395, 50.121827089135806 ], [ -87.627560944374522, 50.035468329591737 ], [ -86.386153775928449, 49.733212671187474 ], [ -85.090772382767327, 49.085521974606934 ], [ -84.227184787326593, 48.394651898254338 ], [ -83.406776571657886, 47.919678720761937 ], [ -82.564778666103166, 47.70378182190175 ], [ -81.355756032486141, 47.768550891559805 ], [ -79.32632518320041, 48.265113758938227 ], [ -77.750277821521081, 48.351472518482304 ], [ -75.828795421665433, 48.200344689280172 ], [ -73.669826433063591, 47.768550891559805 ], [ -72.136958451156289, 47.034501435435175 ], [ -71.10458, 46.82171 ], [ -70.25522, 46.98606 ], [ -69.114401867113713, 47.023706590492168 ], [ -67.462790590833308, 46.829399381518002 ], [ -66.51284423584849, 46.581117947828794 ], [ -65.681641175236777, 46.224888064709489 ], [ -65.293026757288445, 45.987401475963281 ], [ -65.260642222459424, 45.803889111932129 ], [ -65.465744276376597, 45.663556127673004 ], [ -65.88674322915395, 45.544812833299908 ], [ -67.13741, 45.13753 ], [ -66.96466, 44.809700000000134 ], [ -68.03252, 44.3252 ], [ -69.06, 43.98 ], [ -70.11617, 43.684050000000127 ], [ -70.645475633411024, 43.090238348964021 ], [ -70.81489, 42.8653 ], [ -70.825, 42.335 ], [ -70.495, 41.805 ], [ -70.08, 41.78 ], [ -70.185, 42.145 ], [ -69.88497, 41.92283 ], [ -69.96503, 41.63717000000014 ], [ -70.64, 41.475 ], [ -71.12039, 41.494450000000143 ], [ -71.86, 41.32 ], [ -72.295, 41.27 ], [ -72.87643, 41.22065 ], [ -73.71, 40.931102351654488 ], [ -72.24126, 41.119480000000124 ], [ -71.944999999999879, 40.93 ], [ -73.345, 40.63 ], [ -73.982, 40.628 ], [ -73.952325, 40.75075 ], [ -74.25671, 40.47351 ], [ -73.96244, 40.42763 ], [ -74.17838, 39.70926 ], [ -75.035374318354343, 39.823545013505019 ], [ -75.920551603681091, 39.747981098903949 ], [ -76.546652610375631, 39.488904820271742 ], [ -75.472565538546249, 40.352492415712462 ], [ -74.479439803789404, 40.719517143774773 ], [ -74.069235695955044, 41.194490321267182 ], [ -73.853338797094864, 41.626284118987549 ], [ -74.220363525157182, 41.799001638075701 ], [ -75.040771740825875, 41.734232568417646 ], [ -76.336153133986983, 41.66946349875959 ], [ -77.156561349655689, 41.410387220127369 ], [ -77.998559255210409, 40.719517143774773 ], [ -80.006400414610113, 38.538958465286917 ], [ -81.069692641496516, 37.540435308058541 ], [ -81.93328023693725, 37.62679406760261 ], [ -83.714429652533795, 37.491858505814982 ], [ -84.405299728886376, 37.297551296840815 ], [ -85.182528564783041, 37.081654397980635 ], [ -86.046116160223789, 37.211192537296746 ], [ -88.075547009509449, 37.367717788970388 ], [ -88.194290303882553, 37.767127051861735 ], [ -88.075547009509449, 38.12335693498104 ], [ -87.546599607302014, 38.630714647302469 ], [ -86.121680074824795, 39.796557901147459 ], [ -85.635463071781913, 40.76800912243985 ], [ -85.660670404905531, 41.19653378554132 ], [ -85.997539357980187, 41.566912471801004 ], [ -86.531884182659141, 41.728835145946135 ], [ -86.850332108477929, 41.615489274044542 ] ] ] ] } },
{ "type": "Feature", "properties": { "id": null, "Zone": "тайги" }, "geometry": { "type": "MultiPolygon", "coordinates": [ [ [ [ -64.17322, 49.95718 ], [ -62.85829, 49.70641 ], [ -61.835585, 49.28855 ], [ -61.806305, 49.10506 ], [ -62.29318, 49.08717 ], [ -63.58926, 49.40069 ], [ -64.51912, 49.87304 ], [ -64.17322, 49.95718 ] ] ] ] } },
{ "type": "Feature", "properties": { "id": null, "Zone": "тайги" }, "geometry": { "type": "MultiPolygon", "coordinates": [ [ [ [ -123.077831737216783, 62.417155479223275 ], [ -122.753986388926506, 62.794975052228601 ], [ -122.376166815921181, 62.902923501658691 ], [ -121.285887476677246, 62.892128656715684 ], [ -119.796198874541986, 62.805769897171608 ], [ -118.403663876893788, 62.676231757855497 ], [ -115.76972171079953, 62.373976099451255 ], [ -113.740290861513799, 62.266027650021165 ], [ -112.444909468352705, 62.09331013093302 ], [ -111.88357753131622, 61.661516333212646 ], [ -111.538142493139929, 61.100184396176168 ], [ -111.646090942570012, 60.193417420963392 ], [ -111.754039392000109, 59.286650445750624 ], [ -111.494963113367888, 58.833266958144236 ], [ -110.868862106673348, 58.74690819860016 ], [ -109.918915751688544, 58.85485664803025 ], [ -109.055328156247811, 59.092343236776451 ], [ -107.824715832744758, 59.675264863698949 ], [ -106.853179787873927, 59.869572072673115 ], [ -105.536208704826805, 59.69685455358497 ], [ -103.442008785883019, 59.027574167118395 ], [ -101.650064525343481, 58.509421609853959 ], [ -99.16725018845132, 58.056038122247571 ], [ -96.641256471787159, 57.667423704299239 ], [ -95.583361667372259, 56.954963938060629 ], [ -93.813007096718749, 55.918658823531743 ], [ -92.107421595723309, 55.119840297749086 ], [ -90.74727113290416, 54.623277430370663 ], [ -89.06327532179472, 54.450559911282511 ], [ -87.703124858975556, 54.277842392194366 ], [ -86.515691915244545, 53.975586733790109 ], [ -85.24190021196948, 53.2847166574375 ], [ -84.140826027782538, 52.788153790059077 ], [ -82.521599286331167, 52.356359992338703 ], [ -81.40075, 52.15788 ], [ -79.91289, 51.20842 ], [ -79.14301, 51.53393 ], [ -77.253714954142851, 51.554842755320351 ], [ -75.267463484629161, 51.64120151486442 ], [ -73.605057363405734, 51.338945856460164 ], [ -72.158548141042502, 51.123048957599977 ], [ -70.021168842326674, 51.360535546346192 ], [ -68.963274037911759, 51.749149964294524 ], [ -67.60312357509261, 52.569558179963224 ], [ -66.113434972957336, 53.217248876543778 ], [ -64.86123295956827, 53.476325155175999 ], [ -63.868107224811411, 53.174069496771743 ], [ -62.032983584499853, 52.008226242926746 ], [ -61.428472267691333, 51.490073685662303 ], [ -60.737602191338752, 51.230997407030081 ], [ -60.305808393618378, 51.403714926118226 ], [ -59.528579557721713, 51.684380894636469 ], [ -58.837709481369131, 51.878688103610635 ], [ -58.006506420757418, 51.749149964294524 ], [ -57.401995103948906, 51.490073685662303 ], [ -57.12691, 51.41972 ], [ -58.77482, 51.0643 ], [ -60.03309, 50.24277 ], [ -61.72366, 50.08046 ], [ -63.86251, 50.29099 ], [ -65.36331, 50.2982 ], [ -66.39905, 50.22897 ], [ -67.23631, 49.51156 ], [ -68.51114, 49.06836 ], [ -69.95362, 47.74488 ], [ -71.10458, 46.82171 ], [ -72.136958451156289, 47.034501435435175 ], [ -73.669826433063591, 47.768550891559805 ], [ -75.828795421665433, 48.200344689280172 ], [ -77.750277821521081, 48.351472518482304 ], [ -79.32632518320041, 48.265113758938227 ], [ -81.355756032486141, 47.768550891559805 ], [ -82.564778666103166, 47.70378182190175 ], [ -83.406776571657886, 47.919678720761937 ], [ -84.227184787326593, 48.394651898254338 ], [ -85.090772382767327, 49.085521974606934 ], [ -86.386153775928449, 49.733212671187474 ], [ -87.627560944374522, 50.035468329591737 ], [ -88.663866058903395, 50.121827089135806 ], [ -89.635402103774226, 50.078647709363771 ], [ -90.3154773351838, 50.121827089135799 ], [ -91.394961829484728, 50.25136522845191 ], [ -91.956293766521199, 50.510441507084131 ], [ -93.057367950708141, 51.071773444120609 ], [ -94.525466862957401, 51.503567241840976 ], [ -96.079924534750731, 51.589926001385052 ], [ -97.245767788595714, 51.460387862068941 ], [ -98.211906410995169, 51.152734781193203 ], [ -98.417008464912342, 51.454990439597466 ], [ -98.87039195251873, 51.595323423856584 ], [ -99.464108424384236, 51.735656408115702 ], [ -99.885107377161603, 51.714066718229688 ], [ -100.824258887203399, 51.573733733970585 ], [ -101.579898033214036, 51.875989392374841 ], [ -102.000896985991403, 52.318578035038222 ], [ -102.270768109566632, 53.171370785535949 ], [ -102.432690783711763, 54.002573846147655 ], [ -102.63779283762895, 54.25085527983687 ], [ -103.026407255577283, 54.326419194437932 ], [ -103.825225781359961, 54.315624349494925 ], [ -104.980274190261895, 54.12131714052078 ], [ -106.3836040328531, 53.883830551774579 ], [ -107.398319457495973, 53.905420241660593 ], [ -108.564162711340984, 54.099727450634752 ], [ -110.107825538191307, 54.596290318013175 ], [ -111.467976001010456, 54.887751131474424 ], [ -112.353153286337218, 54.909340821360438 ], [ -113.346279021094063, 54.682649077557244 ], [ -114.652455259198177, 54.186086210178821 ], [ -115.883067582701614, 53.643645251792741 ], [ -118.322702539821705, 54.550412227005516 ], [ -119.596494243096785, 54.939026644953849 ], [ -120.438492148651505, 55.413999822446257 ], [ -120.913465326143651, 55.861985887581064 ], [ -121.064593155346046, 56.212818348228936 ], [ -121.086182845232059, 56.774150285265421 ], [ -121.172541604776143, 57.680917260478196 ], [ -121.420823038465088, 58.280031154815106 ], [ -121.841821991242711, 58.760401754779117 ], [ -122.575871447367348, 59.494451210903733 ], [ -122.640640517025147, 59.769719756950366 ], [ -122.619050827139375, 60.098962527712246 ], [ -122.511102377709037, 60.395820763644906 ], [ -122.27361578896307, 60.660294464748723 ], [ -122.063116312574152, 60.946357855738384 ], [ -122.036129200216635, 61.097485684940516 ], [ -122.057718890102905, 61.307985161329277 ], [ -122.21964156424778, 61.577856284904421 ], [ -122.575871447367348, 61.998855237681866 ], [ -123.077831737216783, 62.417155479223275 ] ] ] ] } },
{ "type": "Feature", "properties": { "id": null, "Zone": "тундры и лесотундры" }, "geometry": { "type": "MultiPolygon", "coordinates": [ [ [ [ -159.542817954701974, 67.371989308064542 ], [ -158.555089642417073, 67.353098329414451 ], [ -155.489353678602441, 67.374688019300464 ], [ -152.639514613648004, 67.331508639528394 ], [ -150.825980663222452, 67.158791120440256 ], [ -146.184197337728477, 67.029252981124145 ], [ -143.658203621064331, 67.137201430554242 ], [ -141.974207809954891, 66.986073601352118 ], [ -141.304927423488323, 66.856535462036007 ], [ -141.196978974058226, 66.640638563175813 ], [ -141.369696493146364, 66.316793214885536 ], [ -142.060566569498974, 66.122486005911369 ], [ -144.58656028616312, 66.100896316025356 ], [ -146.637580825334851, 66.0361272463673 ], [ -148.580652915076513, 65.539564378988885 ], [ -150.286238416071967, 65.172539650926566 ], [ -152.725873373192059, 64.848694302636289 ], [ -154.884842361793886, 64.546438644232026 ], [ -156.763145381877507, 64.244182985827777 ], [ -157.972168015494532, 63.790799498221382 ], [ -158.555089642417045, 63.056750042096766 ], [ -158.814165921049266, 62.430649035402226 ], [ -159.375497858085737, 61.631830509619547 ], [ -160.541341111930734, 60.638704774862703 ], [ -160.908365839993053, 60.293269736686405 ], [ -161.037903979309164, 59.839886249080017 ], [ -160.822007080448969, 59.580809970447795 ], [ -160.260675143412499, 59.494451210903719 ], [ -159.526625687287861, 59.602399660333816 ], [ -158.749396851391225, 60.185321287256329 ], [ -158.144885534582727, 60.53075632543262 ], [ -157.648322667204297, 60.509166635546606 ], [ -157.022221660509757, 60.250090356914384 ], [ -156.849504141421619, 59.645579040105865 ], [ -157.041674974576978, 58.918884589261722 ], [ -158.194731208305541, 58.615802313869779 ], [ -158.517217984023034, 58.787781480537319 ], [ -159.058606126928794, 58.424186102931628 ], [ -159.711667040017375, 58.931390285876319 ], [ -159.981288825500172, 58.572549140041644 ], [ -160.355271165996498, 59.071123358793614 ], [ -161.355003425115086, 58.670837714260756 ], [ -161.968893602526322, 58.671664537177378 ], [ -162.054986538724648, 59.26692536074745 ], [ -161.874170702135388, 59.633621324290573 ], [ -162.51805904849212, 59.989723619213862 ], [ -163.818341437820209, 59.798055731843363 ], [ -164.662217577146521, 60.267484442782632 ], [ -165.3463877024748, 60.507495632562382 ], [ -165.350831875651892, 61.073895168697504 ], [ -166.121379157556021, 61.500019029376233 ], [ -165.734451870770584, 62.074996853271784 ], [ -164.919178636717902, 62.63307648380794 ], [ -164.562507901039339, 63.146378485763023 ], [ -163.753332485997078, 63.219448961023772 ], [ -163.067224494457861, 63.059458726648018 ], [ -162.260555386381753, 63.541935736741152 ], [ -161.534449836248626, 63.455816962326764 ], [ -160.772506680321101, 63.766108100023246 ], [ -160.958335130842613, 64.222798570402745 ], [ -161.518068407212184, 64.40278758407527 ], [ -160.777777676414814, 64.788603827566419 ], [ -161.391926235987654, 64.777235012462313 ], [ -162.453050096668903, 64.559444688568192 ], [ -162.757786017894148, 64.338605455168761 ], [ -163.54639421288428, 64.559160468190498 ], [ -164.960829841145141, 64.446945095468834 ], [ -166.425288255864473, 64.686672064870663 ], [ -166.845004238939111, 65.088895575614515 ], [ -168.110560065767146, 65.669997056736747 ], [ -166.70527116602193, 66.088317776139377 ], [ -164.474709642575476, 66.576660061297503 ], [ -163.652511766595637, 66.576660061297503 ], [ -163.788601651036231, 66.077207343196676 ], [ -161.677774421210131, 66.116119696712417 ], [ -162.489714525380037, 66.735565090595117 ], [ -163.719716966791168, 67.116394558370075 ], [ -164.430991380856511, 67.616338202577765 ], [ -165.390286831706732, 68.042772121850248 ], [ -166.764440680996046, 68.358876858179656 ], [ -166.204707404626674, 68.883030910916148 ], [ -164.430810513343459, 68.915535386827742 ], [ -163.168613654614489, 69.371114813912868 ], [ -162.930566169261994, 69.858061835399269 ], [ -161.908897264635556, 70.333329983187639 ], [ -160.93479651593367, 70.447689927849581 ], [ -159.039175788387126, 70.891642157668912 ], [ -158.119722866833939, 70.824721177851018 ], [ -156.580824551398081, 71.35776357694175 ], [ -155.067790290324268, 71.147776394323671 ], [ -154.344165208941206, 70.696408596470178 ], [ -153.900006273392592, 70.889988511835668 ], [ -152.210006069935275, 70.829992173944845 ], [ -152.270002407826127, 70.600006212029825 ], [ -150.73999243874448, 70.430016588005685 ], [ -149.720003018167489, 70.530010484490447 ], [ -147.613361579357047, 70.214034939241799 ], [ -145.689989800225334, 70.120009670686727 ], [ -144.920010959076393, 69.989991767040465 ], [ -143.589446180425227, 70.152514146598321 ], [ -142.072510348713479, 69.851938178172645 ], [ -143.474691257033186, 68.734838482119613 ], [ -144.942790169282432, 68.778017861891655 ], [ -153.276410465285636, 69.771143596648514 ], [ -156.385325808872267, 69.684784837104445 ], [ -160.573725646759868, 69.339349798928154 ], [ -164.060460563351796, 68.540531273145447 ], [ -164.438280136357122, 68.281454994513226 ], [ -164.297947152097976, 68.022378715881018 ], [ -163.326411107227131, 67.828071506906852 ], [ -162.203747233154189, 67.56899522827463 ], [ -160.368623592842624, 67.374688019300464 ], [ -159.55047142805816, 67.36494811257684 ], [ -159.542817954701974, 67.371989308064542 ] ] ] ] } },
{ "type": "Feature", "properties": { "id": null, "Zone": "тундры и лесотундры" }, "geometry": { "type": "MultiPolygon", "coordinates": [ [ [ [ -121.53788, 74.44893 ], [ -119.882557634085998, 73.902870498585187 ], [ -118.608765930810904, 73.427897321092772 ], [ -117.723588645484142, 72.942129298657377 ], [ -119.22, 72.52 ], [ -120.46, 71.82 ], [ -120.46, 71.383601793087564 ], [ -123.09219, 70.90164 ], [ -123.62, 71.34 ], [ -125.928948737473377, 71.868688463011381 ], [ -125.5, 72.292260811795018 ], [ -124.80729, 73.02256 ], [ -123.94, 73.680000000000121 ], [ -124.91775, 74.292750000000126 ], [ -121.53788, 74.44893 ] ] ] ] } },
{ "type": "Feature", "properties": { "id": null, "Zone": "тундры и лесотундры" }, "geometry": { "type": "MultiPolygon", "coordinates": [ [ [ [ -117.86642, 72.70594 ], [ -114.938518650187731, 72.121721082988657 ], [ -112.49888369306764, 71.754696354926338 ], [ -110.404683774123882, 71.258133487547923 ], [ -108.677508583242414, 70.804749999941535 ], [ -106.021976727262143, 70.30818713256312 ], [ -102.73116, 69.50402 ], [ -102.09329, 69.119620000000111 ], [ -102.43024, 68.75282 ], [ -104.24, 68.91 ], [ -105.96, 69.180000000000121 ], [ -107.12254, 69.11922 ], [ -109.0, 68.78 ], [ -111.534148875200174, 68.630059156817936 ], [ -113.3132, 68.53554 ], [ -113.854959999999892, 69.00744 ], [ -115.22, 69.28 ], [ -116.10794, 69.16821 ], [ -117.34, 69.96 ], [ -116.67473, 70.06655 ], [ -115.13112, 70.2373 ], [ -113.72141, 70.19237 ], [ -112.4161, 70.36638 ], [ -114.35, 70.6 ], [ -116.48684, 70.52045 ], [ -117.9048, 70.540560000000141 ], [ -118.43238, 70.9092 ], [ -116.11311, 71.30918 ], [ -117.65568, 71.2952 ], [ -119.40199, 71.55859 ], [ -118.56267, 72.30785 ], [ -117.86642, 72.70594 ] ] ] ] } },
{ "type": "Feature", "properties": { "id": null, "Zone": "арктических пустынь" }, "geometry": { "type": "MultiPolygon", "coordinates": [ [ [ [ -87.03143, 65.21297 ], [ -94.685, 68.06383 ], [ -94.23282, 69.06903 ], [ -95.30408, 69.68571 ], [ -96.47131, 70.08976 ], [ -96.39115, 71.19482 ], [ -95.2088, 71.92053 ], [ -93.88997, 71.76015 ], [ -92.87818, 71.31869 ], [ -91.51964, 70.19129 ], [ -92.40692, 69.69997 ], [ -90.5471, 69.49766 ], [ -90.55151, 68.47499 ], [ -89.21515, 69.25873 ], [ -88.01966, 68.61508 ], [ -88.31749, 67.87338 ], [ -87.35017, 67.19872 ], [ -86.30607, 67.92146 ], [ -85.57664, 68.78456 ], [ -85.52197, 69.88211 ], [ -84.10081, 69.80539 ], [ -82.62258, 69.65826 ], [ -81.28043, 69.16202 ], [ -81.2202, 68.66567 ], [ -81.96436, 68.13253 ], [ -81.25928, 67.59716 ], [ -81.38653, 67.11078 ], [ -83.34456, 66.41154 ], [ -84.73542, 66.2573 ], [ -85.76943, 66.55833 ], [ -86.0676, 66.05625 ], [ -87.03143, 65.21297 ] ] ] ] } },
{ "type": "Feature", "properties": { "id": null, "Zone": "тундры и лесотундры" }, "geometry": { "type": "MultiPolygon", "coordinates": [ [ [ [ -90.89769, 57.28468 ], [ -89.03953, 56.85172 ], [ -88.03978, 56.47162 ], [ -87.32421, 55.99914 ], [ -86.07121, 55.72383 ], [ -85.01181, 55.3026 ], [ -83.36055, 55.24489 ], [ -82.27285, 55.14832 ], [ -82.4362, 54.28227 ], [ -82.12502, 53.27703 ], [ -81.40075, 52.15788 ], [ -82.521599286331167, 52.356359992338703 ], [ -84.140826027782538, 52.788153790059077 ], [ -85.24190021196948, 53.2847166574375 ], [ -86.515691915244545, 53.975586733790109 ], [ -87.703124858975556, 54.277842392194366 ], [ -89.06327532179472, 54.450559911282511 ], [ -90.74727113290416, 54.623277430370663 ], [ -92.107421595723309, 55.119840297749086 ], [ -93.813007096718749, 55.918658823531743 ], [ -95.583361667372259, 56.954963938060629 ], [ -96.641256471787159, 57.667423704299239 ], [ -99.16725018845132, 58.056038122247571 ], [ -101.650064525343481, 58.509421609853959 ], [ -103.442008785883019, 59.027574167118395 ], [ -105.536208704826805, 59.69685455358497 ], [ -106.853179787873927, 59.869572072673115 ], [ -107.824715832744758, 59.675264863698949 ], [ -109.055328156247811, 59.092343236776451 ], [ -109.918915751688544, 58.85485664803025 ], [ -110.868862106673348, 58.74690819860016 ], [ -111.494963113367888, 58.833266958144236 ], [ -111.754039392000109, 59.286650445750624 ], [ -111.646090942570012, 60.193417420963392 ], [ -111.538142493139929, 61.100184396176168 ], [ -111.88357753131622, 61.661516333212646 ], [ -112.444909468352705, 62.09331013093302 ], [ -113.740290861513799, 62.266027650021165 ], [ -115.76972171079953, 62.373976099451255 ], [ -118.403663876893788, 62.676231757855497 ], [ -119.796198874541986, 62.805769897171608 ], [ -121.285887476677246, 62.892128656715684 ], [ -122.376166815921181, 62.902923501658691 ], [ -122.753986388926506, 62.794975052228601 ], [ -123.077831737216783, 62.417155479223275 ], [ -123.61217656189622, 62.732904693806496 ], [ -124.788814660683997, 63.64506909149069 ], [ -126.073401208902325, 64.41690050491593 ], [ -129.139137172716943, 65.453205619444816 ], [ -132.42077003539174, 66.403151974429633 ], [ -135.184250340802095, 67.6553539878187 ], [ -136.50358, 68.89804 ], [ -135.62576, 69.31512 ], [ -134.41464, 69.62743 ], [ -132.92925, 69.50534 ], [ -131.43136, 69.94451 ], [ -129.79471, 70.19369 ], [ -129.10773, 69.77927 ], [ -128.36156, 70.01286 ], [ -128.13817, 70.48384 ], [ -127.44712, 70.37721 ], [ -125.75632, 69.48058 ], [ -124.42483, 70.1584 ], [ -124.28968, 69.39969 ], [ -123.06108, 69.56372 ], [ -122.6835, 69.85553 ], [ -121.47226, 69.79778 ], [ -119.94288, 69.37786 ], [ -117.60268, 69.01128 ], [ -116.22643, 68.84151 ], [ -115.2469, 68.90591 ], [ -113.89794, 68.3989 ], [ -115.30489, 67.90261 ], [ -113.49727, 67.68815 ], [ -110.798, 67.80612 ], [ -109.94619, 67.98104 ], [ -108.8802, 67.38144 ], [ -107.79239, 67.88736 ], [ -108.81299, 68.31164 ], [ -108.16721, 68.65392 ], [ -106.95, 68.7 ], [ -106.15, 68.8 ], [ -105.34282, 68.56122 ], [ -104.33791, 68.018 ], [ -103.22115, 68.09775 ], [ -101.45433, 67.64689 ], [ -99.90195, 67.80566 ], [ -98.4432, 67.78165 ], [ -98.5586, 68.40394 ], [ -97.66948, 68.57864 ], [ -96.11991, 68.23939 ], [ -96.12588, 67.29338 ], [ -95.48943, 68.0907 ], [ -94.685, 68.06383 ], [ -87.03143, 65.21297 ], [ -87.32324, 64.77563 ], [ -88.48296, 64.09897 ], [ -89.91444, 64.03273 ], [ -90.70398, 63.61017 ], [ -90.77004, 62.96021 ], [ -91.93342, 62.83508 ], [ -93.15698, 62.02469 ], [ -94.24153, 60.89865 ], [ -94.62931, 60.11021 ], [ -94.6846, 58.94882 ], [ -93.21502, 58.78212 ], [ -92.76462, 57.84571 ], [ -92.29703, 57.08709 ], [ -90.89769, 57.28468 ] ] ] ] } },
{ "type": "Feature", "properties": { "id": null, "Zone": "тундры и лесотундры" }, "geometry": { "type": "MultiPolygon", "coordinates": [ [ [ [ -171.731656867539442, 63.782515367275934 ], [ -171.114433560245288, 63.592191067144952 ], [ -170.491112433940714, 63.694975490973505 ], [ -169.682505459653612, 63.431115627691192 ], [ -168.68943946030069, 63.297506212000556 ], [ -168.771940884454665, 63.188598130945437 ], [ -169.529439867205099, 62.976931464277918 ], [ -170.290556200215946, 63.194437567794424 ], [ -170.671385667990933, 63.375821845138901 ], [ -171.553063117538727, 63.317789211675105 ], [ -171.791110602891223, 63.405845852300459 ], [ -171.731656867539442, 63.782515367275934 ] ] ] ] } },
{ "type": "Feature", "properties": { "id": null, "Zone": "тундры и лесотундры" }, "geometry": { "type": "MultiPolygon", "coordinates": [ [ [ [ -166.467792121424623, 60.384169826897754 ], [ -165.674429694663644, 60.293606879306253 ], [ -165.579164191733582, 59.909986884187532 ], [ -166.192770148767266, 59.75444082298899 ], [ -166.848337368821973, 59.941406155020985 ], [ -167.455277066090076, 60.213069159579362 ], [ -166.467792121424623, 60.384169826897754 ] ] ] ] } },
{ "type": "Feature", "properties": { "id": null, "Zone": "тундры и лесотундры" }, "geometry": { "type": "MultiPolygon", "coordinates": [ [ [ [ -72.651167161739423, 67.284575507263909 ], [ -69.065825064870097, 66.206146054219673 ], [ -68.141287400979195, 65.689789130304391 ], [ -67.089646165623421, 65.108455105236956 ], [ -65.732080451099762, 64.648405666758563 ], [ -65.320167609301251, 64.382737128346051 ], [ -64.669406297449683, 63.392926744227495 ], [ -65.01380388045888, 62.674185085695981 ], [ -66.275044725190483, 62.945098781986118 ], [ -68.783186204692697, 63.745670071051833 ], [ -67.369680752213085, 62.883965562584841 ], [ -66.328297288667258, 62.280074774822012 ], [ -66.165568203380147, 61.930897121825822 ], [ -68.877366502544646, 62.330149237712824 ], [ -71.023437059193853, 62.910708116295879 ], [ -72.235378587519023, 63.397836005295218 ], [ -71.886278449171272, 63.679989325608872 ], [ -73.378306240518384, 64.193963121183842 ], [ -74.834418911422631, 64.679075629323805 ], [ -74.818502570276735, 64.389093329517934 ], [ -77.709979824520076, 64.229542344816778 ], [ -78.555948859354203, 64.572906399180127 ], [ -77.897281053361979, 65.309192206474748 ], [ -76.018274298797166, 65.326968899183143 ], [ -73.959795294882682, 65.454764716240945 ], [ -74.29388342964964, 65.81177134872938 ], [ -73.94491248238262, 66.310578111426665 ], [ -72.651167161739423, 67.284575507263909 ] ] ] ] } },
{ "type": "Feature", "properties": { "id": null, "Zone": "арктических пустынь" }, "geometry": { "type": "MultiPolygon", "coordinates": [ [ [ [ -76.81166, 68.14856 ], [ -75.89521, 68.28721 ], [ -75.1145, 68.01036 ], [ -75.10333, 67.58202 ], [ -75.21597, 67.44425 ], [ -75.86588, 67.14886 ], [ -76.98687, 67.09873 ], [ -77.2364, 67.58809 ], [ -76.81166, 68.14856 ] ] ] ] } },
{ "type": "Feature", "properties": { "id": null, "Zone": "вечные снега и льды" }, "geometry": { "type": "MultiPolygon", "coordinates": [ [ [ [ -78.064437866210938, 73.651931762695312 ], [ -76.34, 73.102684989953048 ], [ -76.25140380859375, 72.826385498046875 ], [ -77.314437866210938, 72.855545043945312 ], [ -78.391670227050781, 72.876655578613281 ], [ -79.486251831054702, 72.742202758789062 ], [ -79.775833129882812, 72.802902221679702 ], [ -80.876098632812514, 73.333183288574219 ], [ -80.833885192871108, 73.693183898925781 ], [ -80.353057861328125, 73.759719848632812 ], [ -78.064437866210938, 73.651931762695312 ] ] ] ] } },
{ "type": "Feature", "properties": { "id": null, "Zone": "арктических пустынь" }, "geometry": { "type": "MultiPolygon", "coordinates": [ [ [ [ -121.53788, 74.44893 ], [ -120.10978, 74.24135 ], [ -117.55564, 74.18577 ], [ -116.58442, 73.89607 ], [ -115.51081, 73.47519 ], [ -116.76794, 73.22292 ], [ -117.731775410473205, 72.946622035541623 ], [ -117.723588645484142, 72.942129298657377 ], [ -117.731775410473205, 72.946622035541623 ], [ -118.608765930810904, 73.427897321092772 ], [ -119.882557634085998, 73.902870498585187 ], [ -121.53788, 74.44893 ] ] ] ] } },
{ "type": "Feature", "properties": { "id": null, "Zone": "арктических пустынь" }, "geometry": { "type": "MultiPolygon", "coordinates": [ [ [ [ -117.86642, 72.70594 ], [ -115.18909, 73.314590000000123 ], [ -114.16717, 73.12145 ], [ -114.66634, 72.65277 ], [ -112.44102, 72.955400000000111 ], [ -111.05039, 72.4504 ], [ -109.92035, 72.96113 ], [ -109.00654, 72.63335 ], [ -108.18835, 71.65089 ], [ -107.68599, 72.06548 ], [ -108.39639, 73.08953 ], [ -107.51645, 73.23598 ], [ -106.52259, 73.07601 ], [ -105.40246, 72.67259 ], [ -104.77484, 71.698400000000106 ], [ -104.464759999999899, 70.99297 ], [ -102.78537, 70.49776 ], [ -100.98078, 70.02432 ], [ -101.08929, 69.584470000000124 ], [ -102.73116, 69.50402 ], [ -106.021976727262143, 70.30818713256312 ], [ -108.677508583242414, 70.804749999941535 ], [ -110.404683774123882, 71.258133487547923 ], [ -112.49888369306764, 71.754696354926338 ], [ -114.938518650187731, 72.121721082988657 ], [ -117.86642, 72.70594 ] ] ] ] } },
{ "type": "Feature", "properties": { "id": null, "Zone": "арктических пустынь" }, "geometry": { "type": "MultiPolygon", "coordinates": [ [ [ [ -105.26, 73.64 ], [ -104.5, 73.42 ], [ -105.38, 72.76 ], [ -106.94, 73.46 ], [ -106.6, 73.6 ], [ -105.26, 73.64 ] ] ] ] } },
{ "type": "Feature", "properties": { "id": null, "Zone": "арктических пустынь" }, "geometry": { "type": "MultiPolygon", "coordinates": [ [ [ [ -116.198586595507379, 77.645286770326194 ], [ -116.335813361458449, 76.876961575010611 ], [ -117.106050584768823, 76.530031846819114 ], [ -118.04041215703819, 76.481171780087138 ], [ -119.899317586885715, 76.053213406062 ], [ -121.499995077126485, 75.900018622532755 ], [ -122.854924486159021, 76.116542873835684 ], [ -122.854925293603259, 76.116542873835684 ], [ -121.157535360328239, 76.864507554828279 ], [ -119.103938971821094, 77.512219957174622 ], [ -117.570130784965997, 77.498318996888102 ], [ -116.198586595507379, 77.645286770326194 ] ] ] ] } },
{ "type": "Feature", "properties": { "id": null, "Zone": "арктических пустынь" }, "geometry": { "type": "MultiPolygon", "coordinates": [ [ [ [ -116.34602, 76.19903 ], [ -115.40487, 76.47887 ], [ -112.59056, 76.14134 ], [ -110.81422, 75.54919 ], [ -109.0671, 75.47321 ], [ -110.49726, 76.42982 ], [ -109.5811, 76.79417 ], [ -108.54859, 76.67832 ], [ -108.21141, 76.20168 ], [ -107.81943, 75.84552 ], [ -106.92893, 76.01282 ], [ -105.881, 75.9694 ], [ -105.70498, 75.47951 ], [ -106.31347, 75.00527 ], [ -109.7, 74.85 ], [ -112.22307, 74.41696 ], [ -113.74381, 74.39427 ], [ -113.87135, 74.72029 ], [ -111.79421, 75.1625 ], [ -116.31221, 75.04343 ], [ -117.7104, 75.2222 ], [ -116.34602, 76.19903 ] ] ] ] } },
{ "type": "Feature", "properties": { "id": null, "Zone": "арктических пустынь" }, "geometry": { "type": "MultiPolygon", "coordinates": [ [ [ [ -112.724586758253906, 78.051050116681964 ], [ -111.264443325630879, 78.152956041161545 ], [ -109.854451870547109, 77.996324774884883 ], [ -110.186938035913016, 77.697014879050343 ], [ -112.051191169058498, 77.4092288276169 ], [ -113.534278937619121, 77.732206529441115 ], [ -112.724586758253906, 78.051050116681964 ] ] ] ] } },
{ "type": "Feature", "properties": { "id": null, "Zone": "арктических пустынь" }, "geometry": { "type": "MultiPolygon", "coordinates": [ [ [ [ -111.500010342233395, 78.849993598130496 ], [ -109.6631457182026, 78.601972561345647 ], [ -110.881314256618921, 78.406919867659965 ], [ -112.542091437615156, 78.407901719873493 ], [ -112.525890876091637, 78.550554511215225 ], [ -111.500010342233395, 78.849993598130496 ] ] ] ] } },
{ "type": "Feature", "properties": { "id": null, "Zone": "арктических пустынь" }, "geometry": { "type": "MultiPolygon", "coordinates": [ [ [ [ -99.98349, 76.64634 ], [ -98.57699, 76.58859 ], [ -98.5, 76.72 ], [ -97.735585, 76.25656 ], [ -97.704415, 75.74344 ], [ -98.16, 75.0 ], [ -99.80874, 74.89744 ], [ -100.88366, 75.05736 ], [ -100.86292, 75.64075 ], [ -102.50209, 75.5638 ], [ -102.56552, 76.3366 ], [ -101.48973, 76.30537 ], [ -99.98349, 76.64634 ] ] ] ] } },
{ "type": "Feature", "properties": { "id": null, "Zone": "арктических пустынь" }, "geometry": { "type": "MultiPolygon", "coordinates": [ [ [ [ -100.35642, 73.84389 ], [ -99.16387, 73.63339 ], [ -97.38, 73.76 ], [ -97.12, 73.47 ], [ -98.05359, 72.99052 ], [ -96.54, 72.56 ], [ -96.72, 71.66 ], [ -98.35966, 71.27285 ], [ -99.32286, 71.35639 ], [ -100.01482, 71.73827 ], [ -102.5, 72.51 ], [ -102.48, 72.83 ], [ -100.43836, 72.70588 ], [ -101.54, 73.36 ], [ -100.35642, 73.84389 ] ] ] ] } },
{ "type": "Feature", "properties": { "id": null, "Zone": "арктических пустынь" }, "geometry": { "type": "MultiPolygon", "coordinates": [ [ [ [ -98.218261203800552, 70.143540358321772 ], [ -96.557401203800552, 69.680030358321773 ], [ -96.257401203800555, 69.490030358321775 ], [ -95.647681203800545, 69.107690358321776 ], [ -96.269521203800551, 68.757040358321774 ], [ -97.617401203800554, 69.060030358321768 ], [ -98.431801203800546, 68.950700358321768 ], [ -99.797401203800547, 69.400030358321771 ], [ -98.917401203800551, 69.710030358321774 ], [ -98.218261203800552, 70.143540358321772 ] ] ] ] } },
{ "type": "Feature", "properties": { "id": null, "Zone": "арктических пустынь" }, "geometry": { "type": "MultiPolygon", "coordinates": [ [ [ [ -100.8251580472688, 78.800461737778718 ], [ -100.060191820052196, 78.324754340315891 ], [ -99.670939093813644, 77.907544664207435 ], [ -101.303940192453013, 78.018984890444855 ], [ -102.949808722733025, 78.343228664860234 ], [ -105.176132778731514, 78.380332343245797 ], [ -104.210429450277132, 78.677420152491763 ], [ -105.419580451258525, 78.918335679836488 ], [ -105.492289191493199, 79.301593939929163 ], [ -103.529282396237946, 79.165349026191635 ], [ -100.8251580472688, 78.800461737778718 ] ] ] ] } },
{ "type": "Feature", "properties": { "id": null, "Zone": "арктических пустынь" }, "geometry": { "type": "MultiPolygon", "coordinates": [ [ [ [ -94.503657599652371, 74.134906724739224 ], [ -92.420012173211731, 74.100025132942207 ], [ -90.509792853542635, 73.856732489712059 ], [ -92.003965216829869, 72.966244208458519 ], [ -93.196295539100262, 72.771992499473342 ], [ -94.269046597047264, 72.024596259235992 ], [ -95.409855516322665, 72.061880805134578 ], [ -96.033745083382442, 72.940276801231832 ], [ -96.018267991911017, 73.437429918095816 ], [ -95.495793423224043, 73.862416897264168 ], [ -94.503657599652371, 74.134906724739224 ] ] ] ] } },
{ "type": "Feature", "properties": { "id": null, "Zone": "арктических пустынь" }, "geometry": { "type": "MultiPolygon", "coordinates": [ [ [ [ -94.85081987178917, 75.647217515760886 ], [ -93.977746548217965, 75.296489569795952 ], [ -93.612755906940464, 74.97999726022438 ], [ -94.156908738973911, 74.592346503386878 ], [ -95.608680589565637, 74.666863918751758 ], [ -96.820932176484547, 74.927623196096576 ], [ -96.28858740922982, 75.377828274223376 ], [ -94.85081987178917, 75.647217515760886 ] ] ] ] } },
{ "type": "Feature", "properties": { "id": null, "Zone": "тундры и лесотундры" }, "geometry": { "type": "MultiPolygon", "coordinates": [ [ [ [ -81.642013719392594, 64.45513580998697 ], [ -81.553440314444316, 63.979609280037138 ], [ -80.817361212878865, 64.057485663500998 ], [ -80.103451300766636, 63.725981350348619 ], [ -80.991019863595724, 63.41124603947496 ], [ -82.547178107417039, 63.651722317145207 ], [ -83.108797573565113, 64.101875718839707 ], [ -84.100416632813875, 63.569711819098004 ], [ -85.523404710619047, 63.052379055424055 ], [ -85.866768764982396, 63.637252916103492 ], [ -87.221983201836778, 63.54123810490519 ], [ -86.35275977247133, 64.035833238370699 ], [ -86.224886440765104, 64.822916978608234 ], [ -86.116282652353178, 65.142853827333226 ], [ -85.090772382767312, 64.943149195887557 ], [ -83.201674517740699, 64.500560553224176 ], [ -81.642013719392594, 64.45513580998697 ] ] ] ] } },
{ "type": "Feature", "properties": { "id": null, "Zone": "арктических пустынь" }, "geometry": { "type": "MultiPolygon", "coordinates": [ [ [ [ -86.116282652353178, 65.142853827333226 ], [ -86.106463804327376, 65.140941735875572 ], [ -85.883847825854858, 65.738778388117098 ], [ -85.161307949549894, 65.657284654392797 ], [ -84.975763719405919, 65.217518215588981 ], [ -84.464012010419495, 65.37177236598022 ], [ -83.882626308919768, 65.109617824963536 ], [ -82.787576870438826, 64.766693020274673 ], [ -81.642013719392594, 64.45513580998697 ], [ -83.201674517740699, 64.500560553224176 ], [ -85.090772382767312, 64.943149195887557 ], [ -86.116282652353178, 65.142853827333226 ] ] ] ] } },
{ "type": "Feature", "properties": { "id": null, "Zone": "тундры и лесотундры" }, "geometry": { "type": "MultiPolygon", "coordinates": [ [ [ [ -83.25048, 62.91409 ], [ -81.87699, 62.90458 ], [ -81.89825, 62.7108 ], [ -83.06857, 62.15922 ], [ -83.77462, 62.18231 ], [ -83.99367, 62.4528 ], [ -83.25048, 62.91409 ] ] ] ] } },
{ "type": "Feature", "properties": { "id": null, "Zone": "тундры и лесотундры" }, "geometry": { "type": "MultiPolygon", "coordinates": [ [ [ [ -79.92939, 62.3856 ], [ -79.52002, 62.36371 ], [ -79.26582, 62.158675 ], [ -79.65752, 61.63308 ], [ -80.09956, 61.7181 ], [ -80.36215, 62.01649 ], [ -80.315395, 62.085565 ], [ -79.92939, 62.3856 ] ] ] ] } },
{ "type": "Feature", "properties": { "id": null, "Zone": "арктических пустынь" }, "geometry": { "type": "MultiPolygon", "coordinates": [ [ [ [ -98.631984422585532, 78.871930243638374 ], [ -97.337231411512661, 78.831984361476756 ], [ -96.754398769908761, 78.765812689927017 ], [ -95.559277920294605, 78.418314520980331 ], [ -95.830294969449341, 78.056941229963243 ], [ -97.309842902397989, 77.850597235821809 ], [ -98.124289313534035, 78.08285696075761 ], [ -98.552867804746683, 78.458105373845072 ], [ -98.631984422585532, 78.871930243638374 ] ] ] ] } },
{ "type": "Feature", "properties": { "id": null, "Zone": "арктических пустынь" }, "geometry": { "type": "MultiPolygon", "coordinates": [ [ [ [ -96.436304490936138, 77.83462921824362 ], [ -94.422577277386409, 77.820004787905006 ], [ -93.720656297565895, 77.634331366680314 ], [ -93.840003017943985, 77.519997260234547 ], [ -94.295608283245286, 77.491342678528682 ], [ -96.169654100310069, 77.555111395976851 ], [ -96.436304490936138, 77.83462921824362 ] ] ] ] } },
{ "type": "Feature", "properties": { "id": null, "Zone": "арктических пустынь" }, "geometry": { "type": "MultiPolygon", "coordinates": [ [ [ [ -96.74512285031237, 77.161388658345075 ], [ -94.684085862999439, 77.097878323058367 ], [ -93.573921068073133, 76.776295884906048 ], [ -91.6050231595366, 76.778517971494594 ], [ -90.741845872749295, 76.449597479956807 ], [ -90.969661424508018, 76.074013170059473 ], [ -89.822237921899259, 75.847773749485654 ], [ -89.187082892599847, 75.610165513807615 ], [ -87.838276333349654, 75.566188869927245 ], [ -86.379192267588635, 75.482421373182106 ], [ -84.789625210290581, 75.699204006646525 ], [ -82.753444586910064, 75.784315090631239 ], [ -81.12853084992436, 75.713983466281988 ], [ -80.057510952459154, 75.336848863415909 ], [ -79.833932868148366, 74.923127346487163 ], [ -80.457770758775865, 74.657303778777774 ], [ -81.948842536125568, 74.442459011524321 ], [ -83.228893602211429, 74.564027818490942 ], [ -86.097452358733321, 74.410032050261165 ], [ -88.150350307960281, 74.392307033985034 ], [ -89.764722052758401, 74.515555325001159 ], [ -92.422440965529461, 74.837757880340988 ], [ -92.768285488642817, 75.386819973442144 ], [ -92.889905972041745, 75.882655341282671 ], [ -93.893824022175991, 76.319243679500559 ], [ -95.962457445035795, 76.441380927222397 ], [ -97.121378953829506, 76.751077785947601 ], [ -96.74512285031237, 77.161388658345075 ] ] ] ] } },
{ "type": "Feature", "properties": { "id": null, "Zone": "области высотной поясности" }, "geometry": { "type": "MultiPolygon", "coordinates": [ [ [ [ -81.188435935869435, 73.201205577289656 ], [ -80.600087653307682, 72.716543687624167 ], [ -80.748941616524434, 72.061906643350724 ], [ -78.770638597310779, 72.352173163534175 ], [ -77.528983500189312, 71.614363370667277 ], [ -73.448532111731822, 70.275802597734128 ], [ -70.771410565865537, 69.153138723661172 ], [ -67.532957082962781, 67.080528494603399 ], [ -66.496651968433895, 66.756683146313122 ], [ -65.136501505614731, 66.562375937338956 ], [ -64.791066467438441, 66.648734696883025 ], [ -64.834245847210468, 67.123707874375441 ], [ -64.985373676412593, 67.490732602437745 ], [ -64.862314419195243, 67.847538560651586 ], [ -63.424934454996794, 66.928473212340592 ], [ -61.851981370680605, 66.862120673277829 ], [ -62.16317684594226, 66.160251369889622 ], [ -63.918444383384184, 64.998668524832894 ], [ -65.148860236253682, 65.426032619886669 ], [ -66.721219041598516, 66.388041083432185 ], [ -68.015016038674005, 66.262725735124391 ], [ -72.023612579254603, 68.678165546168756 ], [ -74.312119707172556, 69.498573761837463 ], [ -76.168833037370149, 70.318981977506155 ], [ -78.576083459661206, 70.783160310055592 ], [ -79.288543225899815, 70.783160310055592 ], [ -80.59471946400393, 70.92349329431471 ], [ -81.134461711154387, 71.193364417889939 ], [ -81.350358610014581, 71.333697402149056 ], [ -81.479896749330692, 71.776286044812437 ], [ -81.469101904387671, 72.240464377361832 ], [ -81.188435935869435, 73.201205577289656 ] ] ] ] } },
{ "type": "Feature", "properties": { "id": null, "Zone": "переменно-влажных (в том числе муссонных) лесов" }, "geometry": { "type": "MultiPolygon", "coordinates": [ [ [ [ -78.19087, 25.2103 ], [ -77.89, 25.17 ], [ -77.54, 24.34 ], [ -77.53466, 23.75975 ], [ -77.78, 23.71 ], [ -78.03405, 24.28615 ], [ -78.40848, 24.57564 ], [ -78.19087, 25.2103 ] ] ] ] } },
{ "type": "Feature", "properties": { "id": null, "Zone": "переменно-влажных (в том числе муссонных) лесов" }, "geometry": { "type": "MultiPolygon", "coordinates": [ [ [ [ -78.98, 26.79 ], [ -78.51, 26.87 ], [ -77.85, 26.84 ], [ -77.82, 26.58 ], [ -78.91, 26.42 ], [ -78.98, 26.79 ] ] ] ] } },
{ "type": "Feature", "properties": { "id": null, "Zone": "переменно-влажных (в том числе муссонных) лесов" }, "geometry": { "type": "MultiPolygon", "coordinates": [ [ [ [ -77.79, 27.04 ], [ -77.0, 26.59 ], [ -77.17255, 25.87918 ], [ -77.35641, 26.00735 ], [ -77.34, 26.53 ], [ -77.78802, 26.92516 ], [ -77.79, 27.04 ] ] ] ] } },
{ "type": "Feature", "properties": { "id": null, "Zone": "вечные снега и льды" }, "geometry": { "type": "MultiPolygon", "coordinates": [ [ [ [ -78.770638597310779, 72.352173163534175 ], [ -77.824623989559598, 72.749616604290978 ], [ -75.605844692675731, 72.243678493937395 ], [ -74.228616095665004, 71.767144273557889 ], [ -74.099140794557712, 71.330840155717581 ], [ -72.242225714797684, 71.556924546994523 ], [ -71.200015428335178, 70.920012518997183 ], [ -68.786054246684898, 70.52502370877427 ], [ -67.914970465756937, 70.12194753689765 ], [ -66.969033372654195, 69.186087348091817 ], [ -68.805122850200604, 68.720198472764437 ], [ -66.449866095633894, 68.067163397892031 ], [ -64.862314419195243, 67.847538560651586 ], [ -64.985373676412593, 67.490732602437745 ], [ -64.834245847210468, 67.123707874375441 ], [ -64.791066467438441, 66.648734696883025 ], [ -65.136501505614731, 66.562375937338956 ], [ -66.496651968433895, 66.756683146313122 ], [ -67.532957082962781, 67.080528494603399 ], [ -70.771410565865537, 69.153138723661172 ], [ -73.448532111731822, 70.275802597734128 ], [ -77.528983500189312, 71.614363370667277 ], [ -78.770638597310779, 72.352173163534175 ] ] ] ] } },
{ "type": "Feature", "properties": { "id": null, "Zone": "арктических пустынь" }, "geometry": { "type": "MultiPolygon", "coordinates": [ [ [ [ -85.826151089200977, 73.803815823045184 ], [ -86.562178514334121, 73.157447007938444 ], [ -85.774371304044536, 72.534125881633869 ], [ -84.850112474288224, 73.340278225387081 ], [ -82.315590176101011, 73.750950832810602 ], [ -81.188435935869435, 73.201205577289656 ], [ -81.469101904387671, 72.240464377361832 ], [ -81.479896749330692, 71.776286044812437 ], [ -81.350358610014581, 71.333697402149056 ], [ -81.134461711154387, 71.193364417889939 ], [ -80.59471946400393, 70.92349329431471 ], [ -79.288543225899815, 70.783160310055592 ], [ -78.576083459661206, 70.783160310055592 ], [ -76.168833037370149, 70.318981977506155 ], [ -74.312119707172556, 69.498573761837463 ], [ -72.023612579254603, 68.678165546168756 ], [ -68.015016038674005, 66.262725735124391 ], [ -68.141287400979195, 65.689789130304391 ], [ -69.065825064870097, 66.206146054219673 ], [ -72.651167161739423, 67.284575507263909 ], [ -72.926059943316048, 67.726925767682346 ], [ -73.311617804645721, 68.069437160912869 ], [ -74.843307257776843, 68.554627183701271 ], [ -76.869100918266724, 68.894735622830254 ], [ -76.228649054657382, 69.147769273547411 ], [ -77.287369961237147, 69.769540106883213 ], [ -78.168633999326602, 69.826487535268868 ], [ -78.957242194316734, 70.16688019477543 ], [ -79.492455003563663, 69.871807766388841 ], [ -81.30547095409176, 69.74318512641436 ], [ -84.944706183598512, 69.966634019644417 ], [ -87.060003424817893, 70.260001125765385 ], [ -88.681713223001481, 70.410741278760796 ], [ -89.513419562523026, 70.762037665480946 ], [ -88.467721116880824, 71.218185533321318 ], [ -89.88815121128755, 71.222552191849971 ], [ -90.205160285182046, 72.235074367960792 ], [ -89.436576707705001, 73.12946421985238 ], [ -88.408241543312869, 73.537888902471209 ], [ -85.826151089200977, 73.803815823045184 ] ] ] ] } },
{ "type": "Feature", "properties": { "id": null, "Zone": "тундры и лесотундры" }, "geometry": { "type": "MultiPolygon", "coordinates": [ [ [ [ -54.71819, 72.58625 ], [ -51.390945227808587, 71.635369384456197 ], [ -50.230509386054493, 70.406672610834221 ], [ -50.298770317922383, 69.212106303146186 ], [ -50.674205443195767, 66.993626017439823 ], [ -50.196378920120551, 64.741015265799533 ], [ -49.172464942102238, 63.102752900970216 ], [ -47.431811179471097, 61.771664729546409 ], [ -43.3784, 60.09772 ], [ -44.7875, 60.03676 ], [ -46.26364, 60.85328 ], [ -48.26294, 60.85843 ], [ -49.23308, 61.40681 ], [ -49.90039, 62.38336 ], [ -51.63325, 63.62691 ], [ -52.14014, 64.27842 ], [ -52.27659, 65.1767 ], [ -53.66166, 66.09957 ], [ -53.30161, 66.8365 ], [ -53.96911, 67.18899 ], [ -52.9804, 68.35759 ], [ -51.47536, 68.72958 ], [ -51.08041, 69.14781 ], [ -50.87122, 69.9291 ], [ -52.013585, 69.574925 ], [ -52.55792, 69.42616 ], [ -53.45629, 69.283625 ], [ -54.68336, 69.61003 ], [ -54.75001, 70.28932 ], [ -54.35884, 70.821315 ], [ -53.431315, 70.835755 ], [ -51.39014, 70.56978 ], [ -53.10937, 71.20485 ], [ -54.00422, 71.54719 ], [ -55.0, 71.406536967272572 ], [ -55.83468, 71.65444 ], [ -54.71819, 72.58625 ] ] ] ] } },
{ "type": "Feature", "properties": { "id": null, "Zone": "вечные снега и льды" }, "geometry": { "type": "MultiPolygon", "coordinates": [ [ [ [ -59.445735188219345, 81.05537798222467 ], [ -57.568559561852446, 81.294291243762274 ], [ -53.54116458164706, 80.406899129479726 ], [ -50.742466375063657, 80.406899129479726 ], [ -47.261158849801383, 80.611681925083388 ], [ -43.984634120142765, 79.929072606404517 ], [ -41.629631970700693, 80.078393394865685 ], [ -41.254196845427252, 80.270377265743946 ], [ -40.912892186087873, 80.89752457728035 ], [ -40.366804731144711, 81.362552175630157 ], [ -39.274629821258564, 81.767851458595914 ], [ -38.045933047636524, 81.976900562441145 ], [ -36.151692188302697, 82.279808447605078 ], [ -34.769408317977906, 82.249944289912705 ], [ -34.018538067431201, 81.972634254199576 ], [ -33.335928748752259, 81.226030311894377 ], [ -31.83418824765873, 80.270377265743946 ], [ -25.758965311416716, 79.792550742668737 ], [ -23.096788968569086, 79.656028878932958 ], [ -22.499505814725122, 79.310457911351932 ], [ -22.414179649890201, 78.632114900914644 ], [ -22.960267104833306, 77.744722786632096 ], [ -24.666790401530506, 75.423851103123923 ], [ -26.578096493831367, 73.034718487747838 ], [ -29.786360291622096, 71.055151463579094 ], [ -32.516797566337608, 69.826454689957117 ], [ -36.74897534214665, 68.597757916335127 ], [ -40.725174623451181, 66.921098777330343 ], [ -41.663762436634578, 66.208625300959056 ], [ -43.882242722340926, 63.375796628441726 ], [ -44.667243438821636, 62.147099854819743 ], [ -45.281591825632688, 61.716202722403906 ], [ -45.998331610245444, 61.601012399876645 ], [ -46.629745230023474, 61.630876557569046 ], [ -47.431811179471097, 61.771664729546409 ], [ -49.172464942102238, 63.102752900970216 ], [ -50.196378920120551, 64.741015265799533 ], [ -50.674205443195767, 66.993626017439823 ], [ -50.298770317922383, 69.212106303146186 ], [ -50.230509386054493, 70.406672610834221 ], [ -51.390945227808587, 71.635369384456197 ], [ -51.937032682751685, 73.614936408624899 ], [ -53.780077843184657, 75.253198773454201 ], [ -57.39790723218271, 76.9597220701514 ], [ -60.810953825577101, 77.505809525094506 ], [ -62.210302928868884, 77.518608449819851 ], [ -63.063564577217406, 77.642331388830286 ], [ -63.40486923655692, 77.842847876192323 ], [ -63.507260634358758, 78.28654393333359 ], [ -63.336608304688951, 78.939289094320145 ], [ -63.029434111283543, 79.634697337724376 ], [ -62.585738054142183, 80.031464004206356 ], [ -61.527693610190006, 80.624480849808748 ], [ -59.445735188219345, 81.05537798222467 ] ] ] ] } },
{ "type": "Feature", "properties": { "id": null, "Zone": "вечные снега и льды" }, "geometry": { "type": "MultiPolygon", "coordinates": [ [ [ [ -94.73542, 81.20646 ], [ -92.449895746343131, 80.97005181738983 ], [ -91.152938040853257, 80.45809482838068 ], [ -90.538589654042269, 80.372768663545813 ], [ -89.258697181519366, 80.16798586794215 ], [ -88.593153095807466, 80.048529237173355 ], [ -87.876413311194639, 79.843746441569692 ], [ -87.552173884822167, 79.638963645966015 ], [ -87.620434816690064, 79.297658986626587 ], [ -87.910543777128581, 79.075810958055953 ], [ -89.03535, 78.28723 ], [ -90.80436, 78.21533 ], [ -92.87669, 78.34333 ], [ -93.95116, 78.75099 ], [ -93.93574, 79.11373 ], [ -93.14524, 79.3801 ], [ -94.974, 79.37248 ], [ -96.07614, 79.70502 ], [ -96.70972, 80.15777 ], [ -96.01644, 80.60233 ], [ -95.32345, 80.90729 ], [ -94.29843, 80.97727 ], [ -94.73542, 81.20646 ] ] ] ] } },
{ "type": "Feature", "properties": { "id": null, "Zone": "арктических пустынь" }, "geometry": { "type": "MultiPolygon", "coordinates": [ [ [ [ -94.73542, 81.20646 ], [ -92.40984, 81.25739 ], [ -91.13289, 80.72345 ], [ -89.45, 80.509322033898314 ], [ -87.81, 80.32 ], [ -87.02, 79.66 ], [ -85.81435, 79.3369 ], [ -87.18756, 79.0393 ], [ -89.03535, 78.28723 ], [ -87.910543777128581, 79.075810958055953 ], [ -87.620434816690064, 79.297658986626587 ], [ -87.552173884822167, 79.638963645966015 ], [ -87.876413311194639, 79.843746441569692 ], [ -88.593153095807466, 80.048529237173355 ], [ -89.258697181519366, 80.16798586794215 ], [ -90.538589654042269, 80.372768663545813 ], [ -91.152938040853257, 80.45809482838068 ], [ -92.449895746343131, 80.97005181738983 ], [ -94.73542, 81.20646 ] ] ] ] } },
{ "type": "Feature", "properties": { "id": null, "Zone": "вечные снега и льды" }, "geometry": { "type": "MultiPolygon", "coordinates": [ [ [ [ -84.446301484833313, 82.24994428991269 ], [ -83.610105069451691, 82.062226727276013 ], [ -83.30293087604619, 81.908639630573262 ], [ -83.110947005167759, 81.733720992661787 ], [ -83.046952381541601, 81.503340347607676 ], [ -83.059751306266833, 81.336954326179693 ], [ -83.149343779343454, 81.208965078927406 ], [ -83.28159933483748, 81.110839989367392 ], [ -83.533311521100302, 81.021247516290771 ], [ -83.86608356395628, 80.931655043214178 ], [ -84.173257757361768, 80.867660419587963 ], [ -86.084563849662629, 80.78233425475311 ], [ -86.698912236473603, 80.799399487720123 ], [ -86.861031949659832, 80.816464720687094 ], [ -86.971955963945163, 80.901790885521919 ], [ -87.065814745263495, 81.012714899807264 ], [ -87.091412594713958, 81.166301996510029 ], [ -87.070081053505248, 81.319889093212765 ], [ -87.04021689581306, 81.44787834046501 ], [ -87.001820121637351, 81.588666512442572 ], [ -86.9463581144947, 81.678258985519179 ], [ -86.852499333176354, 81.759318842112293 ], [ -86.775705784824979, 81.797715616287988 ], [ -86.255216179332336, 81.976900562441145 ], [ -85.623802559554377, 82.198748591011835 ], [ -84.975323706809448, 82.301139988813617 ], [ -84.446301484833313, 82.24994428991269 ] ] ] ] } },
{ "type": "Feature", "properties": { "id": null, "Zone": "вечные снега и льды" }, "geometry": { "type": "MultiPolygon", "coordinates": [ [ [ [ -75.964880700248258, 82.437661852549397 ], [ -73.678139482674013, 82.267009522879675 ], [ -73.063791095863067, 82.26274321463805 ], [ -71.562050594769488, 82.471792318483338 ], [ -68.29832478983613, 82.813096977822894 ], [ -67.705307944233837, 82.813096977822781 ], [ -67.462128374454508, 82.766167587163693 ], [ -67.359736976652684, 82.693640347054071 ], [ -67.308541277751758, 82.557118483318305 ], [ -67.334139127202221, 82.360868304198135 ], [ -67.376802209619655, 82.254210598154543 ], [ -67.500525148630174, 82.198748591011793 ], [ -69.275309377195256, 81.755052533870511 ], [ -71.08422407169428, 81.20896507892742 ], [ -72.432377476085094, 80.897524577280294 ], [ -73.029660629929083, 80.833529953654036 ], [ -76.476837689257422, 80.833529953654036 ], [ -79.207274963972935, 80.833529953654036 ], [ -81.0503201244059, 81.106573681125582 ], [ -81.545211880448065, 81.243095544861376 ], [ -81.647603278249903, 81.375351100355388 ], [ -81.681733744183845, 81.550269738266877 ], [ -81.690266360667337, 81.750786225628772 ], [ -81.630538045282947, 81.925704863540233 ], [ -81.468418332096704, 82.139020275627374 ], [ -81.220972454075593, 82.198748591011807 ], [ -80.435971737594912, 82.301139988813617 ], [ -78.422274247492226, 82.403531386615455 ], [ -75.964880700248258, 82.437661852549397 ] ], [ [ -81.468418332096704, 82.139020275627374 ], [ -81.630538045282947, 81.925704863540233 ], [ -81.690266360667337, 81.750786225628772 ], [ -81.681733744183845, 81.550269738266877 ], [ -81.647603278249903, 81.375351100355388 ], [ -81.545211880448065, 81.243095544861376 ], [ -81.0503201244059, 81.106573681125582 ], [ -79.207274963972935, 80.833529953654036 ], [ -76.476837689257422, 80.833529953654036 ], [ -73.029660629929083, 80.833529953654036 ], [ -72.432377476085094, 80.897524577280294 ], [ -71.08422407169428, 81.20896507892742 ], [ -69.275309377195256, 81.755052533870511 ], [ -67.500525148630174, 82.198748591011793 ], [ -67.376802209619655, 82.254210598154543 ], [ -67.334139127202221, 82.360868304198135 ], [ -67.308541277751758, 82.557118483318305 ], [ -67.359736976652684, 82.693640347054071 ], [ -67.462128374454508, 82.766167587163693 ], [ -67.705307944233837, 82.813096977822781 ], [ -68.29832478983613, 82.813096977822894 ], [ -71.562050594769488, 82.471792318483338 ], [ -73.063791095863067, 82.26274321463805 ], [ -73.678139482674013, 82.267009522879675 ], [ -75.964880700248258, 82.437661852549397 ], [ -78.422274247492226, 82.403531386615455 ], [ -80.435971737594912, 82.301139988813617 ], [ -81.468418332096704, 82.139020275627374 ] ] ] ] } },
{ "type": "Feature", "properties": { "id": null, "Zone": "вечные снега и льды" }, "geometry": { "type": "MultiPolygon", "coordinates": [ [ [ [ -77.705534462879399, 79.946137839371488 ], [ -77.551947366176634, 79.536572248164191 ], [ -77.5092842837592, 79.254995904209153 ], [ -77.654338763978473, 78.973419560254086 ], [ -77.876186792549106, 78.794234614100915 ], [ -79.804558117816953, 77.983636048169714 ], [ -80.517031594188055, 77.753255403115716 ], [ -81.203907221108651, 77.625266155863301 ], [ -81.57507603814031, 77.599668306412966 ], [ -81.895049156271014, 77.625266155863329 ], [ -82.210755966160008, 77.676461854764312 ], [ -82.475267077148061, 77.830048951467006 ], [ -82.671517256268231, 78.01776651410367 ], [ -82.756843421103099, 78.222549309707404 ], [ -82.756843421103099, 78.418799488827531 ], [ -82.603256324400348, 78.71744106574954 ], [ -82.330212596928789, 78.9904847932211 ], [ -81.869451306820551, 79.348854685527471 ], [ -81.404423708470588, 79.613365796515637 ], [ -79.906949515618777, 80.031464004206356 ], [ -78.865970304633493, 80.321572964644872 ], [ -78.200426218921564, 80.261844649260496 ], [ -77.918849874966526, 80.142388018491701 ], [ -77.705534462879399, 79.946137839371488 ] ] ] ] } },
{ "type": "Feature", "properties": { "id": null, "Zone": "вечные снега и льды" }, "geometry": { "type": "MultiPolygon", "coordinates": [ [ [ [ -85.487280695818612, 77.283961496523858 ], [ -85.209970660105341, 77.228499489381292 ], [ -85.009454172743403, 77.147439632788092 ], [ -84.885731233732869, 77.066379776195049 ], [ -84.838801843073682, 76.94265683718443 ], [ -84.855867076040667, 76.857330672349647 ], [ -84.907062774941565, 76.772004507514708 ], [ -85.009454172743418, 76.678145726196433 ], [ -85.175840194171386, 76.622683719053782 ], [ -85.342226215599368, 76.584286944878087 ], [ -85.521411161752553, 76.584286944878016 ], [ -86.289346645266292, 76.66961310971287 ], [ -87.057282128780031, 76.772004507514708 ], [ -87.159673526581884, 76.818933898173967 ], [ -87.215135533724535, 76.899993754767081 ], [ -87.240733383174998, 76.99811884432718 ], [ -87.227934458449752, 77.096243933887166 ], [ -87.172472451307115, 77.241298414106524 ], [ -87.057282128780031, 77.335157195424785 ], [ -86.856765641418136, 77.416217052017984 ], [ -86.647716537572705, 77.437548593226609 ], [ -85.487280695818612, 77.283961496523858 ] ] ] ] } },
{ "type": "Feature", "properties": { "id": null, "Zone": "вечные снега и льды" }, "geometry": { "type": "MultiPolygon", "coordinates": [ [ [ [ -80.521297902429779, 76.925591604217459 ], [ -80.2866509491339, 76.840265439382591 ], [ -80.197058476057308, 76.703743575646811 ], [ -80.235455250232988, 76.584286944878002 ], [ -80.350645572760058, 76.498960780043149 ], [ -80.623689300231604, 76.422167231691787 ], [ -81.016189658471959, 76.447765081142236 ], [ -81.647603278249932, 76.567221711911046 ], [ -82.517930159565495, 76.686678342679841 ], [ -83.149343779343454, 76.831732822899113 ], [ -83.362659191430609, 76.917058987733981 ], [ -83.439452739781984, 77.062113467953225 ], [ -83.354126574947117, 77.198635331689019 ], [ -83.115213313409512, 77.232765797622946 ], [ -81.954777471655419, 77.164504865755063 ], [ -80.521297902429779, 76.925591604217459 ] ] ] ] } },
{ "type": "Feature", "properties": { "id": null, "Zone": "арктических пустынь" }, "geometry": { "type": "MultiPolygon", "coordinates": [ [ [ [ -91.58702, 81.89429 ], [ -90.1, 82.085 ], [ -88.93227, 82.11751 ], [ -86.97024, 82.27961 ], [ -85.5, 82.652273458057024 ], [ -84.260005, 82.6 ], [ -83.18, 82.32 ], [ -82.42, 82.86 ], [ -81.1, 83.02 ], [ -79.30664, 83.13056 ], [ -76.25, 83.172058823529412 ], [ -75.71878, 83.06404 ], [ -72.83153, 83.23324 ], [ -70.665765, 83.169780758382842 ], [ -68.5, 83.106321516765718 ], [ -65.82735, 83.02801 ], [ -63.68, 82.9 ], [ -61.85, 82.6286 ], [ -61.89388, 82.36165 ], [ -64.334, 81.92775 ], [ -66.75342, 81.72527 ], [ -67.65755, 81.50141 ], [ -65.48031, 81.50657 ], [ -67.84, 80.9 ], [ -69.4697, 80.61683 ], [ -71.18, 79.8 ], [ -73.2428, 79.63415 ], [ -73.88, 79.430162204802059 ], [ -76.90773, 79.32309 ], [ -75.52924, 79.19766 ], [ -76.22046, 79.01907 ], [ -75.39345, 78.52581 ], [ -76.34354, 78.18296 ], [ -77.88851, 77.89991 ], [ -78.36269, 77.50859 ], [ -79.75951, 77.20968 ], [ -79.61965, 76.98336 ], [ -77.91089, 77.022045 ], [ -77.88911, 76.777955 ], [ -80.56125, 76.17812 ], [ -83.17439, 76.45403 ], [ -86.11184, 76.29901 ], [ -87.6, 76.42 ], [ -89.49068, 76.47239 ], [ -89.6161, 76.95213 ], [ -87.76739, 77.17833 ], [ -88.26, 77.9 ], [ -87.65, 77.970222222222233 ], [ -84.97634, 77.53873 ], [ -86.34, 78.18 ], [ -87.96192, 78.37181 ], [ -87.15198, 78.75867 ], [ -85.37868, 78.9969 ], [ -85.09495, 79.34543 ], [ -86.50734, 79.73624 ], [ -86.93179, 80.25145 ], [ -84.19844, 80.20836 ], [ -83.40869565217389, 80.1 ], [ -81.84823, 80.46442 ], [ -84.1, 80.58 ], [ -87.59895, 80.51627 ], [ -89.36663, 80.85569 ], [ -90.2, 81.26 ], [ -91.36786, 81.5531 ], [ -91.58702, 81.89429 ] ], [ [ -84.975323706809448, 82.301139988813617 ], [ -85.623802559554377, 82.198748591011835 ], [ -86.255216179332336, 81.976900562441145 ], [ -86.775705784824979, 81.797715616287988 ], [ -86.852499333176354, 81.759318842112293 ], [ -86.9463581144947, 81.678258985519179 ], [ -87.001820121637351, 81.588666512442572 ], [ -87.04021689581306, 81.44787834046501 ], [ -87.070081053505248, 81.319889093212765 ], [ -87.091412594713958, 81.166301996510029 ], [ -87.065814745263495, 81.012714899807264 ], [ -86.971955963945163, 80.901790885521919 ], [ -86.861031949659832, 80.816464720687094 ], [ -86.698912236473603, 80.799399487720123 ], [ -86.084563849662629, 80.78233425475311 ], [ -84.173257757361768, 80.867660419587963 ], [ -83.86608356395628, 80.931655043214178 ], [ -83.533311521100302, 81.021247516290771 ], [ -83.28159933483748, 81.110839989367392 ], [ -83.149343779343454, 81.208965078927406 ], [ -83.059751306266833, 81.336954326179693 ], [ -83.046952381541601, 81.503340347607676 ], [ -83.110947005167759, 81.733720992661787 ], [ -83.30293087604619, 81.908639630573262 ], [ -83.610105069451691, 82.062226727276013 ], [ -84.446301484833313, 82.24994428991269 ], [ -84.975323706809448, 82.301139988813617 ] ], [ [ -81.404423708470588, 79.613365796515637 ], [ -81.869451306820551, 79.348854685527471 ], [ -82.330212596928789, 78.9904847932211 ], [ -82.603256324400348, 78.71744106574954 ], [ -82.756843421103099, 78.418799488827531 ], [ -82.756843421103099, 78.222549309707404 ], [ -82.671517256268231, 78.01776651410367 ], [ -82.475267077148061, 77.830048951467006 ], [ -82.210755966160008, 77.676461854764312 ], [ -81.895049156271014, 77.625266155863329 ], [ -81.57507603814031, 77.599668306412966 ], [ -81.203907221108651, 77.625266155863301 ], [ -80.517031594188055, 77.753255403115716 ], [ -79.804558117816953, 77.983636048169714 ], [ -77.876186792549106, 78.794234614100915 ], [ -77.654338763978473, 78.973419560254086 ], [ -77.5092842837592, 79.254995904209153 ], [ -77.551947366176634, 79.536572248164191 ], [ -77.705534462879399, 79.946137839371488 ], [ -77.918849874966526, 80.142388018491701 ], [ -78.200426218921564, 80.261844649260496 ], [ -78.865970304633493, 80.321572964644872 ], [ -79.906949515618777, 80.031464004206356 ], [ -81.404423708470588, 79.613365796515637 ] ], [ [ -83.354126574947117, 77.198635331689019 ], [ -83.439452739781984, 77.062113467953225 ], [ -83.362659191430609, 76.917058987733981 ], [ -83.149343779343454, 76.831732822899113 ], [ -82.517930159565495, 76.686678342679841 ], [ -81.647603278249932, 76.567221711911046 ], [ -81.016189658471959, 76.447765081142236 ], [ -80.623689300231604, 76.422167231691787 ], [ -80.350645572760058, 76.498960780043149 ], [ -80.235455250232988, 76.584286944878002 ], [ -80.197058476057308, 76.703743575646811 ], [ -80.2866509491339, 76.840265439382591 ], [ -80.521297902429779, 76.925591604217459 ], [ -81.954777471655419, 77.164504865755063 ], [ -83.115213313409512, 77.232765797622946 ], [ -83.354126574947117, 77.198635331689019 ] ], [ [ -86.647716537572705, 77.437548593226609 ], [ -86.856765641418136, 77.416217052017984 ], [ -87.057282128780031, 77.335157195424785 ], [ -87.172472451307115, 77.241298414106524 ], [ -87.227934458449752, 77.096243933887166 ], [ -87.240733383174998, 76.99811884432718 ], [ -87.215135533724535, 76.899993754767081 ], [ -87.159673526581884, 76.818933898173967 ], [ -87.057282128780031, 76.772004507514708 ], [ -86.289346645266292, 76.66961310971287 ], [ -85.521411161752553, 76.584286944878016 ], [ -85.342226215599368, 76.584286944878087 ], [ -85.175840194171386, 76.622683719053782 ], [ -85.009454172743418, 76.678145726196433 ], [ -84.907062774941565, 76.772004507514708 ], [ -84.855867076040667, 76.857330672349647 ], [ -84.838801843073682, 76.94265683718443 ], [ -84.885731233732869, 77.066379776195049 ], [ -85.009454172743403, 77.147439632788092 ], [ -85.209970660105341, 77.228499489381292 ], [ -85.487280695818612, 77.283961496523858 ], [ -86.647716537572705, 77.437548593226609 ] ], [ [ -81.468418332096704, 82.139020275627374 ], [ -81.630538045282947, 81.925704863540233 ], [ -81.690266360667337, 81.750786225628772 ], [ -81.681733744183845, 81.550269738266877 ], [ -81.647603278249903, 81.375351100355388 ], [ -81.545211880448065, 81.243095544861376 ], [ -81.0503201244059, 81.106573681125582 ], [ -79.207274963972935, 80.833529953654036 ], [ -76.476837689257422, 80.833529953654036 ], [ -73.029660629929083, 80.833529953654036 ], [ -72.432377476085094, 80.897524577280294 ], [ -71.08422407169428, 81.20896507892742 ], [ -69.275309377195256, 81.755052533870511 ], [ -67.500525148630174, 82.198748591011793 ], [ -67.376802209619655, 82.254210598154543 ], [ -67.334139127202221, 82.360868304198135 ], [ -67.308541277751758, 82.557118483318305 ], [ -67.359736976652684, 82.693640347054071 ], [ -67.462128374454508, 82.766167587163693 ], [ -67.705307944233837, 82.813096977822781 ], [ -68.29832478983613, 82.813096977822894 ], [ -71.562050594769488, 82.471792318483338 ], [ -73.063791095863067, 82.26274321463805 ], [ -73.678139482674013, 82.267009522879675 ], [ -75.964880700248258, 82.437661852549397 ], [ -78.422274247492226, 82.403531386615455 ], [ -80.435971737594912, 82.301139988813617 ], [ -81.468418332096704, 82.139020275627374 ] ] ] ] } },
{ "type": "Feature", "properties": { "id": null, "Zone": "вечные снега и льды" }, "geometry": { "type": "MultiPolygon", "coordinates": [ [ [ [ -81.468418332096704, 82.139020275627374 ], [ -80.435971737594912, 82.301139988813617 ], [ -78.422274247492226, 82.403531386615455 ], [ -75.964880700248258, 82.437661852549397 ], [ -73.678139482674013, 82.267009522879675 ], [ -73.063791095863067, 82.26274321463805 ], [ -71.562050594769488, 82.471792318483338 ], [ -68.29832478983613, 82.813096977822894 ], [ -67.705307944233837, 82.813096977822781 ], [ -67.462128374454508, 82.766167587163693 ], [ -67.359736976652684, 82.693640347054071 ], [ -67.308541277751758, 82.557118483318305 ], [ -67.334139127202221, 82.360868304198135 ], [ -67.376802209619655, 82.254210598154543 ], [ -67.500525148630174, 82.198748591011793 ], [ -69.275309377195256, 81.755052533870511 ], [ -71.08422407169428, 81.20896507892742 ], [ -72.432377476085094, 80.897524577280294 ], [ -73.029660629929083, 80.833529953654036 ], [ -76.476837689257422, 80.833529953654036 ], [ -79.207274963972935, 80.833529953654036 ], [ -81.0503201244059, 81.106573681125582 ], [ -81.545211880448065, 81.243095544861376 ], [ -81.647603278249903, 81.375351100355388 ], [ -81.681733744183845, 81.550269738266877 ], [ -81.690266360667337, 81.750786225628772 ], [ -81.630538045282947, 81.925704863540233 ], [ -81.468418332096704, 82.139020275627374 ] ] ] ] } },
{ "type": "Feature", "properties": { "id": null, "Zone": "арктических пустынь" }, "geometry": { "type": "MultiPolygon", "coordinates": [ [ [ [ -62.65116, 81.77042 ], [ -60.28249, 82.03363 ], [ -57.20744, 82.19074 ], [ -54.13442, 82.19962 ], [ -53.04328, 81.88833 ], [ -50.39061, 82.43883 ], [ -48.00386, 82.06481 ], [ -46.59984, 81.985945 ], [ -44.523, 81.6607 ], [ -46.9007, 82.19979 ], [ -46.76379, 82.62796 ], [ -43.40644, 83.22516 ], [ -39.89753, 83.18018 ], [ -38.62214, 83.54905 ], [ -35.08787, 83.64513 ], [ -27.10046, 83.51966 ], [ -20.84539, 82.72669 ], [ -22.69182, 82.34165 ], [ -26.51753, 82.29765 ], [ -31.9, 82.2 ], [ -31.39646, 82.02154 ], [ -27.85666, 82.13178 ], [ -24.84448, 81.78697 ], [ -22.90328, 82.09317 ], [ -22.07175, 81.73449 ], [ -23.16961, 81.15271 ], [ -20.62363, 81.52462 ], [ -15.76818, 81.91245 ], [ -12.77018, 81.71885 ], [ -12.20855, 81.29154 ], [ -16.28533, 80.58004 ], [ -16.85, 80.35 ], [ -20.04624, 80.17708 ], [ -17.73035, 80.12912 ], [ -18.9, 79.4 ], [ -19.70499, 78.75128 ], [ -19.67353, 77.63859 ], [ -18.47285, 76.98565 ], [ -20.03503, 76.94434 ], [ -21.67944, 76.62795 ], [ -19.83407, 76.09808 ], [ -19.59896, 75.24838 ], [ -20.66818, 75.15585 ], [ -19.37281, 74.29561 ], [ -21.59422, 74.22382 ], [ -20.43454, 73.81713 ], [ -20.76234, 73.46436 ], [ -22.17221, 73.30955 ], [ -23.56593, 73.30663 ], [ -22.31311, 72.62928 ], [ -22.29954, 72.18409 ], [ -24.27834, 72.59788 ], [ -24.79296, 72.3302 ], [ -23.44296, 72.08016 ], [ -22.13281, 71.46898 ], [ -21.75356, 70.66369 ], [ -23.53603, 70.471 ], [ -24.30702, 70.85649 ], [ -25.54341, 71.43094 ], [ -25.20135, 70.75226 ], [ -26.36276, 70.22646 ], [ -23.72742, 70.18401 ], [ -22.34902, 70.12946 ], [ -25.02927, 69.2588 ], [ -27.74737, 68.47046 ], [ -30.67371, 68.12503 ], [ -31.77665, 68.12078 ], [ -32.81105, 67.73547 ], [ -34.20196, 66.67974 ], [ -36.35284, 65.9789 ], [ -37.04378, 65.93768 ], [ -38.37505, 65.69213 ], [ -39.81222, 65.45848 ], [ -40.66899, 64.83997 ], [ -40.68281, 64.13902 ], [ -41.1887, 63.48246 ], [ -42.81938, 62.68233 ], [ -42.41666, 61.90093 ], [ -42.86619, 61.07404 ], [ -43.3784, 60.09772 ], [ -47.431811179471097, 61.771664729546409 ], [ -46.629745230023474, 61.630876557569046 ], [ -45.998331610245444, 61.601012399876645 ], [ -45.281591825632688, 61.716202722403906 ], [ -44.667243438821636, 62.147099854819743 ], [ -43.882242722340926, 63.375796628441726 ], [ -41.663762436634578, 66.208625300959056 ], [ -40.725174623451181, 66.921098777330343 ], [ -36.74897534214665, 68.597757916335127 ], [ -32.516797566337608, 69.826454689957117 ], [ -29.786360291622096, 71.055151463579094 ], [ -26.578096493831367, 73.034718487747838 ], [ -24.666790401530506, 75.423851103123923 ], [ -22.960267104833306, 77.744722786632096 ], [ -22.414179649890201, 78.632114900914644 ], [ -22.499505814725122, 79.310457911351932 ], [ -23.096788968569086, 79.656028878932958 ], [ -25.758965311416716, 79.792550742668737 ], [ -31.83418824765873, 80.270377265743946 ], [ -33.335928748752259, 81.226030311894377 ], [ -34.018538067431201, 81.972634254199576 ], [ -34.769408317977906, 82.249944289912705 ], [ -36.151692188302697, 82.279808447605078 ], [ -38.045933047636524, 81.976900562441145 ], [ -39.274629821258564, 81.767851458595914 ], [ -40.366804731144711, 81.362552175630157 ], [ -40.912892186087873, 80.89752457728035 ], [ -41.254196845427252, 80.270377265743946 ], [ -41.629631970700693, 80.078393394865685 ], [ -43.984634120142765, 79.929072606404517 ], [ -47.261158849801383, 80.611681925083388 ], [ -50.742466375063657, 80.406899129479726 ], [ -53.54116458164706, 80.406899129479726 ], [ -57.568559561852446, 81.294291243762274 ], [ -59.445735188219345, 81.05537798222467 ], [ -61.527693610190006, 80.624480849808748 ], [ -62.585738054142183, 80.031464004206356 ], [ -63.029434111283543, 79.634697337724376 ], [ -63.336608304688951, 78.939289094320145 ], [ -63.507260634358758, 78.28654393333359 ], [ -63.40486923655692, 77.842847876192323 ], [ -63.063564577217406, 77.642331388830286 ], [ -62.210302928868884, 77.518608449819851 ], [ -60.810953825577101, 77.505809525094506 ], [ -57.39790723218271, 76.9597220701514 ], [ -53.780077843184657, 75.253198773454201 ], [ -51.937032682751685, 73.614936408624899 ], [ -51.390945227808587, 71.635369384456197 ], [ -54.71819, 72.58625 ], [ -55.32634, 72.95861 ], [ -56.12003, 73.64977 ], [ -57.32363, 74.71026 ], [ -58.59679, 75.09861 ], [ -58.58516, 75.51727 ], [ -61.26861, 76.10238 ], [ -63.39165, 76.1752 ], [ -66.06427, 76.13486 ], [ -68.50438, 76.06141 ], [ -69.66485, 76.37975 ], [ -71.40257, 77.00857 ], [ -68.77671, 77.32312 ], [ -66.76397, 77.37595 ], [ -71.04293, 77.63595 ], [ -73.297, 78.04419 ], [ -73.15938, 78.43271 ], [ -69.37345, 78.91388 ], [ -65.7107, 79.39436 ], [ -65.3239, 79.75814 ], [ -68.02298, 80.11721 ], [ -67.15129, 80.51582 ], [ -63.68925, 81.21396 ], [ -62.23444, 81.3211 ], [ -62.65116, 81.77042 ] ] ] ] } },
{ "type": "Feature", "properties": { "id": null, "Zone": "тундры и лесотундры" }, "geometry": { "type": "MultiPolygon", "coordinates": [ [ [ [ -65.24517, 59.87071 ], [ -64.58352, 60.33558 ], [ -63.80475, 59.4426 ], [ -62.50236, 58.16708 ], [ -61.39655, 56.96745 ], [ -61.79866, 56.33945 ], [ -60.46853, 55.77548 ], [ -59.56962, 55.20407 ], [ -57.97508, 54.94549 ], [ -57.3332, 54.6265 ], [ -56.93689, 53.78032 ], [ -56.15811, 53.64749 ], [ -55.75632, 53.27036 ], [ -55.68338, 52.14664 ], [ -56.052639486072721, 51.95425201821174 ], [ -56.053448478257394, 51.954951687128215 ], [ -56.40916, 51.7707 ], [ -57.12691, 51.41972 ], [ -57.401995103948906, 51.490073685662303 ], [ -58.006506420757418, 51.749149964294524 ], [ -58.837709481369131, 51.878688103610635 ], [ -59.528579557721713, 51.684380894636469 ], [ -60.305808393618378, 51.403714926118226 ], [ -60.737602191338752, 51.230997407030081 ], [ -61.428472267691333, 51.490073685662303 ], [ -62.032983584499853, 52.008226242926746 ], [ -63.868107224811411, 53.174069496771743 ], [ -64.86123295956827, 53.476325155175999 ], [ -66.113434972957336, 53.217248876543778 ], [ -67.60312357509261, 52.569558179963224 ], [ -68.963274037911759, 51.749149964294524 ], [ -70.021168842326674, 51.360535546346192 ], [ -72.158548141042502, 51.123048957599977 ], [ -73.605057363405734, 51.338945856460164 ], [ -75.267463484629161, 51.64120151486442 ], [ -77.253714954142851, 51.554842755320351 ], [ -79.14301, 51.53393 ], [ -78.60191, 52.56208 ], [ -79.12421, 54.14145 ], [ -79.82958, 54.66772 ], [ -78.22874, 55.13645 ], [ -77.0956, 55.83741 ], [ -76.54137, 56.53423 ], [ -76.62319, 57.20263 ], [ -77.30226, 58.05209 ], [ -78.51688, 58.80458 ], [ -77.33676, 59.85261 ], [ -77.77272, 60.75788 ], [ -78.10687, 62.31964 ], [ -77.41067, 62.55053 ], [ -75.69621, 62.2784 ], [ -74.6682, 62.18111 ], [ -73.83988, 62.4438 ], [ -72.90853, 62.10507 ], [ -71.67708, 61.52535 ], [ -71.37369, 61.13717 ], [ -69.59042, 61.06141 ], [ -69.62033, 60.22125 ], [ -69.2879, 58.95736 ], [ -68.37455, 58.80106 ], [ -67.64976, 58.21206 ], [ -66.20178, 58.76731 ], [ -65.832769004439072, 59.192195552499406 ], [ -65.24517, 59.87071 ] ] ] ] } },
{ "type": "Feature", "properties": { "id": null, "Zone": "лесостепей и степей" }, "geometry": { "type": "MultiPolygon", "coordinates": [ [ [ [ -96.352494369561853, 28.410695197508552 ], [ -96.59404, 28.30748 ], [ -97.139999999999873, 27.83 ], [ -97.37, 27.38 ], [ -97.38, 26.69 ], [ -97.33, 26.21 ], [ -97.139999999999873, 25.87 ], [ -97.140008307670712, 25.869997463478398 ], [ -97.528072475966553, 24.9921440699203 ], [ -97.702945522842242, 24.272343044526735 ], [ -98.462886555920647, 25.045402286525576 ], [ -98.894680353641007, 25.520375464017981 ], [ -99.175346322159257, 25.628323913448074 ], [ -99.25630765923178, 26.097899668468965 ], [ -99.526178782807023, 26.572872845961374 ], [ -99.850024131097285, 26.777974899878547 ], [ -100.486919982734833, 27.382486216687063 ], [ -101.091431299543359, 27.986997533495579 ], [ -101.110322278193223, 28.470066844695076 ], [ -101.293834642224382, 29.052988471617574 ], [ -101.6624, 29.7793 ], [ -101.574500610742732, 30.213434302991207 ], [ -101.623077412986305, 30.715394592841157 ], [ -101.736423284887877, 31.184970347862038 ], [ -101.946922761276568, 31.600571878167912 ], [ -102.83210004660333, 32.507338853380688 ], [ -103.976353610562313, 33.586823347681609 ], [ -104.300198958852562, 34.056399102702493 ], [ -104.521493280184259, 34.423423830764804 ], [ -104.602454617256882, 34.666307841982523 ], [ -104.613249462199846, 35.179062976775448 ], [ -104.472916477940771, 35.616254196967333 ], [ -103.976353610562342, 36.199175823889831 ], [ -103.598534037557002, 36.582392819366646 ], [ -103.458201053297913, 36.89004590024242 ], [ -103.371842293753815, 37.316442275491276 ], [ -103.458201053297913, 37.753633495683161 ], [ -104.041122680220411, 38.725169540553985 ], [ -104.321788648738632, 39.335078279833994 ], [ -104.451326788054757, 39.869423104512961 ], [ -104.602454617256925, 41.143214807788056 ], [ -104.775172136345077, 42.071571472886852 ], [ -104.958684500376151, 42.433198778477646 ], [ -105.260940158780485, 42.74085185935342 ], [ -106.523937017112601, 43.582849764908147 ], [ -106.901756590117827, 43.847323466011858 ], [ -107.257986473237224, 44.241335306431708 ], [ -107.678985426014492, 44.710911061452592 ], [ -107.970446239475834, 45.23446104118856 ], [ -108.008228196776258, 45.498934742292278 ], [ -107.981241084418855, 45.752613598453003 ], [ -107.894882324874771, 46.162817706287349 ], [ -107.970446239475834, 46.659380573665779 ], [ -108.175548293393007, 46.961636232070035 ], [ -108.909597749517658, 47.253097045531277 ], [ -110.032261623590614, 47.468993944391457 ], [ -110.960618288689403, 47.792839292681734 ], [ -111.716257434700054, 48.526888748806364 ], [ -112.112647942456888, 49.0 ], [ -113.054818207633204, 50.124525800371728 ], [ -113.508201695239592, 51.419907193532836 ], [ -114.134302701934132, 52.369853548517654 ], [ -115.883067582701614, 53.643645251792741 ], [ -114.652455259198177, 54.186086210178821 ], [ -113.346279021094063, 54.682649077557244 ], [ -112.353153286337218, 54.909340821360438 ], [ -111.467976001010456, 54.887751131474424 ], [ -110.107825538191307, 54.596290318013175 ], [ -108.564162711340984, 54.099727450634752 ], [ -107.398319457495973, 53.905420241660593 ], [ -106.3836040328531, 53.883830551774579 ], [ -104.980274190261895, 54.12131714052078 ], [ -103.825225781359961, 54.315624349494925 ], [ -103.026407255577283, 54.326419194437932 ], [ -102.63779283762895, 54.25085527983687 ], [ -102.432690783711763, 54.002573846147655 ], [ -102.270768109566632, 53.171370785535949 ], [ -102.000896985991403, 52.318578035038222 ], [ -101.579898033214036, 51.875989392374841 ], [ -100.824258887203399, 51.573733733970585 ], [ -99.885107377161603, 51.714066718229688 ], [ -99.464108424384236, 51.735656408115702 ], [ -98.87039195251873, 51.595323423856584 ], [ -98.417008464912342, 51.454990439597466 ], [ -98.211906410995169, 51.152734781193203 ], [ -98.006804357077996, 50.63458222392876 ], [ -97.936641636106444, 49.5433119660985 ], [ -97.482909639881328, 48.459396641783037 ], [ -96.499823648060314, 46.795712655624406 ], [ -93.883173588848479, 43.153754678423347 ], [ -93.645687000102271, 42.862293864962098 ], [ -91.672619354888141, 42.031526695261093 ], [ -90.207528885753831, 41.631681541459045 ], [ -89.640799526245843, 41.480553712256913 ], [ -88.971519139779303, 41.469758867313885 ], [ -87.740906816276251, 41.502143402142913 ], [ -86.850332108477929, 41.615489274044542 ], [ -86.531884182659141, 41.728835145946135 ], [ -85.997539357980187, 41.566912471801004 ], [ -85.660670404905531, 41.19653378554132 ], [ -85.635463071781913, 40.76800912243985 ], [ -86.121680074824795, 39.796557901147459 ], [ -87.546599607302014, 38.630714647302469 ], [ -88.075547009509449, 38.12335693498104 ], [ -88.194290303882553, 37.767127051861735 ], [ -88.075547009509449, 37.367717788970388 ], [ -88.777211930805052, 37.356922944027382 ], [ -89.327749022898516, 37.076256975509139 ], [ -90.407233517199444, 36.439361123871599 ], [ -92.490638591200224, 35.748491047519011 ], [ -94.757556029232163, 35.338286939684664 ], [ -95.772271453875035, 35.143979730710498 ], [ -96.214860096538402, 35.122390040824477 ], [ -96.409167305512568, 35.014441591394387 ], [ -96.463141530227617, 34.814736959948711 ], [ -96.414564727984072, 34.555660681316489 ], [ -96.279629166196457, 34.382943162228344 ], [ -95.944988972963174, 34.145456573482143 ], [ -95.383657035926689, 33.918764829678949 ], [ -95.183952404481019, 33.702867930818762 ], [ -95.054414265164922, 33.082164346595718 ], [ -95.065209110107929, 32.024269542180818 ], [ -95.183952404481033, 31.160681946740091 ], [ -95.173157559538026, 30.664119079361669 ], [ -94.816927676418729, 30.059607762553153 ], [ -94.69, 29.480000000000132 ], [ -95.60026, 28.73863 ], [ -96.353494994713017, 28.411840098844298 ], [ -96.352494369561853, 28.410695197508552 ] ] ] ] } },
{ "type": "Feature", "properties": { "id": null, "Zone": "тайги" }, "geometry": { "type": "MultiPolygon", "coordinates": [ [ [ [ -70.25522, 46.98606 ], [ -68.65, 48.3 ], [ -66.55243, 49.1331 ], [ -65.05626, 49.23278 ], [ -64.17099, 48.74248 ], [ -65.11545, 48.07085 ], [ -64.79854, 46.99297 ], [ -64.47219, 46.23849 ], [ -63.17329, 45.73902 ], [ -61.52072, 45.88377 ], [ -60.51815, 47.00793 ], [ -60.4486, 46.28264 ], [ -59.80287, 45.9204 ], [ -61.03988, 45.26525 ], [ -63.25471, 44.67014 ], [ -64.24656, 44.26553 ], [ -65.36406, 43.54523 ], [ -66.1234, 43.61867 ], [ -66.16173, 44.46512 ], [ -64.42549, 45.29204 ], [ -66.02605, 45.25931 ], [ -67.13741, 45.13753 ], [ -65.88674322915395, 45.544812833299908 ], [ -65.465744276376597, 45.663556127673004 ], [ -65.260642222459424, 45.803889111932129 ], [ -65.293026757288445, 45.987401475963281 ], [ -65.681641175236777, 46.224888064709489 ], [ -66.51284423584849, 46.581117947828794 ], [ -67.462790590833308, 46.829399381518002 ], [ -67.790588039798465, 46.867963787278605 ], [ -69.114401867113713, 47.023706590492168 ], [ -70.25522, 46.98606 ] ] ] ] } },
{ "type": "Feature", "properties": { "id": null, "Zone": "тайги" }, "geometry": { "type": "MultiPolygon", "coordinates": [ [ [ [ -64.01486, 47.03601 ], [ -63.6645, 46.55001 ], [ -62.9393, 46.41587 ], [ -62.01208, 46.44314 ], [ -62.50391, 46.03339 ], [ -62.87433, 45.96818 ], [ -64.1428, 46.39265 ], [ -64.39261, 46.72747 ], [ -64.01486, 47.03601 ] ] ] ] } }
]
}
